COMMUNITY,RATING,DATE_RISK,COMMID,COMMTYPE,FPZONE,FMZONE,LGA,ALCOUNCIL,POPULATION,MUNSPROV,MUNSTYPE,FUELREDUC,FIREBREAK,FIREPLAN,LATITUDE,LONGITUDE
10 Mile,Low,2020-06-30,1022,Family Outstation,No,Barkly,Barkly Regional Council,Central Land Council,12.0,Far Northern Contractors Pty Ltd  ( T & J Contractors ),Private Enterprise,Yes,Yes,No,-20.40628,134.75934
10 Mile Outstation,Low,2020-06-30,1004,Family Outstation,No,Alice Springs,Central Desert Regional Council,Central Land Council,2.0,Central Desert Regional Council,Local Government Association,Yes,Yes,No,-22.466667,132.37658
16 Mile Camp,Low,2020-06-30,783,Family Outstation,Yes,Alice Springs,MacDonnell Regional Council,Central Land Council,20.0,Ingkerreke Outstations Resource Services Aboriginal Corporation,Aboriginal Corporation,Yes,Yes,Yes,-23.45764,133.83248
20 Mile,High,2020-06-30,24993,Family Outstation,No,Savanna,Roper Gulf Regional Council,Northern Land Council,,Not Funded In FY19/20,Not Funded In FY19/20,No,No,No,-16.08535,136.54826
4 Mile Camp,Moderate,2020-06-30,1006,Family Outstation,No,ERA,Tiwi Islands Regional Council,Tiwi Land Council,8.0,Tiwi Islands Regional Council,Local Government Association,Yes,Yes,No,-11.77798,130.59548
5 Mile Bore,Low,2020-06-30,759,Family Outstation,No,Alice Springs,MacDonnell Regional Council,Central Land Council,27.0,MacDonnell Regional Council,Local Government Association,Yes,Yes,No,-23.23265,131.98296
Acacia Larrakia,Moderate,2020-06-30,279,Family Outstation,Yes,Vernon Arafura,Litchfield Council,Northern Land Council,34.0,Yilli Rreung Housing Aboriginal Corporation,Aboriginal Corporation,Yes,Yes,No,-12.8142,131.1715
Adbanae,High,2020-06-30,979,Family Outstation,No,Arnhem,West Arnhem Regional Council,Northern Land Council,,Not Funded In FY19/20,Not Funded In FY19/20,No,No,No,-11.24167,131.97531
Adelaide Bore,Low,2020-06-30,1,Family Outstation,No,Alice Springs,Central Desert Regional Council,Central Land Council,15.0,Central Desert Regional Council,Local Government Association,Yes,Yes,No,-22.21485,133.93607
Adjamarragu,Moderate,2020-06-30,895,Family Outstation,No,Arnhem,West Arnhem Regional Council,Northern Land Council,,Not Funded In FY19/20,Not Funded In FY19/20,No,No,No,-11.15182,132.47559
Akarnenehe Well,Moderate,2020-06-30,787,Family Outstation,No,Alice Springs,Central Desert Regional Council,Central Land Council,,Not Funded In FY19/20,Not Funded In FY19/20,No,No,No,-23.05992,136.19361
Akngwertnarre,Low,2020-06-30,3,Town Camp,No,ERA,Alice Springs Town Council,Central Land Council,44.0,Ingkerreke Outstations Resource Services Aboriginal Corporation,Aboriginal Corporation,Yes,Yes,Yes,-23.6928,133.8612
Akwalirrumanja,Moderate,2020-06-30,959,Family Outstation,No,Arnhem,East Arnhem Regional Council,Anindilyakwa Land Council,13.0,GEBIE Civil and Construction Pty Ltd,Private Enterprise,Yes,Yes,No,-13.86346,136.77866
Alamirra,Low,2020-06-30,280,Family Outstation,No,Arnhem,West Arnhem Regional Council,Northern Land Council,2.0,Demed Aboriginal Corporation,Aboriginal Corporation,Yes,Yes,No,-11.06745,132.52835
Alatyeye,Moderate,2020-06-30,693,Family Outstation,No,Alice Springs,Central Desert Regional Council,Central Land Council,7.0,Central Desert Regional Council,Local Government Association,Yes,Yes,No,-23.09733,134.21897
Alharrgan,Low,2020-06-30,441,Family Outstation,No,Arnhem,Roper Gulf Regional Council,Northern Land Council,9.0,Numbulwar Homelands Council Association Inc,Aboriginal Corporation,Yes,Yes,No,-13.67507,136.05261
Ali Curung,Moderate,2020-06-30,202,Major,No,Alice Springs,Barkly Regional Council,Central Land Council,580.0,Barkly Regional Council,Local Government Association,Yes,Yes,No,-21.003334,134.40694
Alice Well,Moderate,2020-06-30,852,Family Outstation,No,Alice Springs,MacDonnell Regional Council,Central Land Council,2.0,MacDonnell Regional Council,Local Government Association,Yes,Yes,No,-24.88123,134.22962
Alkipi,Moderate,2020-06-30,4,Family Outstation,No,Alice Springs,MacDonnell Regional Council,Central Land Council,,Not Funded In FY19/20,Not Funded In FY19/20,No,No,No,-23.27356,131.82924
Alkngarriintja,Low,2020-06-30,769,Family Outstation,No,Alice Springs,MacDonnell Regional Council,Central Land Council,10.0,Tjuwanpa Outstation Resource Centre Aboriginal Corporation,Aboriginal Corporation,Yes,Yes,No,-23.95602,132.46233
Alkuptija,Low,2020-06-30,714,Family Outstation,No,Alice Springs,MacDonnell Regional Council,Central Land Council,24.0,Ingkerreke Outstations Resource Services Aboriginal Corporation,Aboriginal Corporation,Yes,Yes,Yes,-23.06533,133.69436
Alpara,Moderate,2020-06-30,7,Family Outstation,No,Alice Springs,MacDonnell Regional Council,Central Land Council,,Not Funded In FY19/20,Not Funded In FY19/20,No,No,No,-25.91526,131.21242
Alpurrurulam,High,2020-06-30,203,Major,No,Barkly,Barkly Regional Council,Central Land Council,494.0,Barkly Regional Council,Local Government Association,Yes,Yes,No,-20.984167,137.84749
Alyarpere,Moderate,2020-06-30,24991,Family Outstation,No,Alice Springs,MacDonnell Regional Council,Central Land Council,,Not Funded In FY19/20,Not Funded In FY19/20,No,Yes,No,-23.707758,134.493324
Alyingberrma,Moderate,2020-06-30,442,Family Outstation,No,Arnhem,East Arnhem Regional Council,Anindilyakwa Land Council,,Not Funded In FY19/20,Not Funded In FY19/20,No,No,No,-13.80934,136.81691
Alyuen,Low,2020-06-30,2,Family Outstation,No,Alice Springs,Central Desert Regional Council,Central Land Council,10.0,Central Desert Regional Council,Local Government Association,Yes,Yes,No,-22.66949,133.35147
Amanbidji,High,2020-06-30,622,Major,No,Savanna,Victoria-Daly Regional Council,Northern Land Council,83.0,Ngaliwurru-Wuli Association,Aboriginal Corporation,Yes,Yes,No,-16.428055,129.6189
Amanburnunga,High,2020-06-30,445,Family Outstation,No,Arnhem,East Arnhem Regional Council,Anindilyakwa Land Council,,Not Funded In FY19/20,Not Funded In FY19/20,No,No,No,-13.92641,136.69486
Amangal Indigenous Village,Moderate,2020-06-30,427,Town Camp,Yes,ERA,Coomalie Community Council,Northern Land Council,32.0,Yilli Rreung Housing Aboriginal Corporation,Aboriginal Corporation,Yes,Yes,No,-13.2445,131.1041
Amatjatpalk,Moderate,2020-06-30,282,Family Outstation,No,Arnhem,West Arnhem Regional Council,Northern Land Council,,Not Funded In FY19/20,Not Funded In FY19/20,No,Yes,No,-11.59488,133.45508
Amengernterneah,High,2020-06-30,104,Family Outstation,No,Alice Springs,Barkly Regional Council,Central Land Council,,Not Funded In FY19/20,Not Funded In FY19/20,No,No,No,-21.89767,134.84166
Amirraba,High,2020-06-30,446,Family Outstation,No,Arnhem,East Arnhem Regional Council,Anindilyakwa Land Council,,Not Funded In FY19/20,Not Funded In FY19/20,No,No,No,-13.90868,136.85787
Amoonguna,Moderate,2020-06-30,9,Major,No,ERA,MacDonnell Regional Council,Central Land Council,281.0,MacDonnell Regional Council,Local Government Association,Yes,Yes,Yes,-23.766319,133.935986
Ampilatwatja,High,2020-06-30,10,Major,No,Alice Springs,Barkly Regional Council,Central Land Council,491.0,Barkly Regional Council,Local Government Association,Yes,Yes,No,-21.65664,135.22509
Amputjuta,Moderate,2020-06-30,11,Family Outstation,No,Alice Springs,MacDonnell Regional Council,Central Land Council,,Not Funded In FY19/20,Not Funded In FY19/20,No,No,No,-24.92956,129.12287
Amundurngua,Low,2020-06-30,761,Family Outstation,No,Alice Springs,MacDonnell Regional Council,Central Land Council,8.0,MacDonnell Regional Council,Local Government Association,Yes,Yes,No,-23.27143,131.42343
Andanangki,Low,2020-06-30,449,Family Outstation,No,Arnhem,Roper Gulf Regional Council,Northern Land Council,12.0,Numbulwar Homelands Council Association Inc,Aboriginal Corporation,Yes,Yes,No,-13.60962,135.76503
Angas Downs,Moderate,2020-06-30,13,Family Outstation,No,Alice Springs,MacDonnell Regional Council,Central Land Council,,Not Funded In FY19/20,Not Funded In FY19/20,No,No,No,-25.03447,132.27377
Angatyepe,Low,2020-06-30,916,Family Outstation,Yes,Alice Springs,MacDonnell Regional Council,Central Land Council,16.0,Ingkerreke Outstations Resource Services Aboriginal Corporation,Aboriginal Corporation,Yes,Yes,Yes,-23.745,133.7275
Angkerle Arrenge (A),Low,2020-06-30,917,Family Outstation,Yes,Alice Springs,MacDonnell Regional Council,Central Land Council,10.0,Ingkerreke Outstations Resource Services Aboriginal Corporation,Aboriginal Corporation,Yes,Yes,Yes,-23.74599,133.48008
Angkerle Arrenge (B),Low,2020-06-30,918,Family Outstation,Yes,Alice Springs,MacDonnell Regional Council,Central Land Council,4.0,Ingkerreke Outstations Resource Services Aboriginal Corporation,Aboriginal Corporation,Yes,Yes,Yes,-23.73894,133.47969
Angula,Moderate,2020-06-30,12,Family Outstation,No,Alice Springs,Central Desert Regional Council,Central Land Council,14.0,Central Desert Regional Council,Local Government Association,Yes,Yes,No,-22.55781,134.21675
Angurugu,High,2020-06-30,451,Major,No,Arnhem,East Arnhem Regional Council,Anindilyakwa Land Council,1005.0,East Arnhem Regional Council,Local Government Association,Yes,Yes,No,-13.982236,136.460569
Angwura,Moderate,2020-06-30,960,Family Outstation,No,Arnhem,East Arnhem Regional Council,Anindilyakwa Land Council,8.0,GEBIE Civil and Construction Pty Ltd,Private Enterprise,Yes,Yes,No,-13.91942,136.72609
Ankabadbirri,Moderate,2020-06-30,285,Family Outstation,No,Arnhem,West Arnhem Regional Council,Northern Land Council,12.0,Bawinanga Aboriginal Corporation,Aboriginal Corporation,Yes,Yes,No,-12.25695,134.41973
Ankerrapw,High,2020-06-30,170,Family Outstation,No,Alice Springs,Barkly Regional Council,Central Land Council,,Not Funded In FY19/20,Not Funded In FY19/20,No,No,No,-22.23004,134.56306
Ankweleyelengkwe,Moderate,2020-06-30,823,Family Outstation,No,Alice Springs,Central Desert Regional Council,Central Land Council,,Not Funded In FY19/20,Not Funded In FY19/20,No,No,No,-21.59675,133.75517
Annerre,High,2020-06-30,1021,Family Outstation,No,Alice Springs,Barkly Regional Council,Central Land Council,,Not Funded In FY19/20,Not Funded In FY19/20,No,No,No,-21.261694,134.00116
Anningie,Moderate,2020-06-30,14,Family Outstation,No,Alice Springs,Central Desert Regional Council,Central Land Council,,Not Funded In FY19/20,Not Funded In FY19/20,No,No,No,-21.83473,133.14445
Antere,High,2020-06-30,788,Family Outstation,No,Alice Springs,MacDonnell Regional Council,Central Land Council,,Not Funded In FY19/20,Not Funded In FY19/20,No,No,No,-25.66309,134.40934
Anthelk Ewlpaye,Low,2020-06-30,16,Town Camp,No,ERA,Alice Springs Town Council,Central Land Council,68.0,Ingkerreke Outstations Resource Services Aboriginal Corporation,Aboriginal Corporation,Yes,Yes,Yes,-23.689792,133.879319
Anthepe,Low,2020-06-30,17,Town Camp,No,ERA,Alice Springs Town Council,Central Land Council,60.0,Ingkerreke Outstations Resource Services Aboriginal Corporation,Aboriginal Corporation,Yes,Yes,Yes,-23.7575,133.8655
Aper Alwerrknge,Moderate,2020-06-30,19,Town Camp,No,ERA,Alice Springs Town Council,Central Land Council,19.0,Tangentyere Council Aboriginal Corporation,Aboriginal Corporation,Yes,Yes,No,-23.668347,133.870847
Ararlagu,Moderate,2020-06-30,335,Family Outstation,No,Arnhem,West Arnhem Regional Council,Northern Land Council,,Not Funded In FY19/20,Not Funded In FY19/20,No,No,No,-11.52722,133.39848
Araru Point,Moderate,2020-06-30,288,Family Outstation,No,Arnhem,West Arnhem Regional Council,Northern Land Council,8.0,Demed Aboriginal Corporation,Aboriginal Corporation,Yes,Yes,No,-11.19364,131.87783
Arawerr,Moderate,2020-06-30,147,Minor,No,Alice Springs,Barkly Regional Council,Central Land Council,76.0,Urapuntja Aboriginal Corporation,Aboriginal Corporation,Yes,Yes,No,-22.01371,134.84618
Areyonga,Moderate,2020-06-30,20,Major,No,Alice Springs,MacDonnell Regional Council,Central Land Council,229.0,MacDonnell Regional Council,Local Government Association,Yes,Yes,Yes,-24.073612,132.27083
Arkanta,Moderate,2020-06-30,1023,Family Outstation,No,Alice Springs,MacDonnell Regional Council,Central Land Council,8.0,Ngurratjuta Pmara Ntjarra Aboriginal Corporation,Aboriginal Corporation,Yes,Yes,No,-24.52148,132.81995
Arlparra,Moderate,2020-06-30,168,Family Outstation,No,Alice Springs,Barkly Regional Council,Central Land Council,,Urapuntja Aboriginal Corporation,Aboriginal Corporation,Yes,Yes,No,-22.08779,134.77476
Armorran,Low,2020-06-30,968,Family Outstation,No,Arnhem,West Arnhem Regional Council,Northern Land Council,10.0,Demed Aboriginal Corporation,Aboriginal Corporation,Yes,Yes,No,-11.75575,133.38142
Armstrongs,Low,2020-06-30,79,Family Outstation,No,Alice Springs,MacDonnell Regional Council,Central Land Council,8.0,Tjuwanpa Outstation Resource Centre Aboriginal Corporation,Aboriginal Corporation,Yes,Yes,No,-23.87918,132.68001
Arrawajin,Moderate,2020-06-30,735,Family Outstation,No,Barkly,Barkly Regional Council,Central Land Council,,Not Funded In FY19/20,Not Funded In FY19/20,No,No,No,-20.51825,134.97551
Arrgamurrmur,Moderate,2020-06-30,893,Family Outstation,No,Arnhem,West Arnhem Regional Council,Northern Land Council,,Not Funded In FY19/20,Not Funded In FY19/20,No,No,No,-11.17399,132.61015
Arrillhjere,Low,2020-06-30,919,Family Outstation,Yes,Alice Springs,MacDonnell Regional Council,Central Land Council,3.0,Ingkerreke Outstations Resource Services Aboriginal Corporation,Aboriginal Corporation,Yes,Yes,Yes,-23.77981,133.62608
Arrkapa,Low,2020-06-30,21,Family Outstation,No,Alice Springs,MacDonnell Regional Council,Central Land Council,8.0,Tjuwanpa Outstation Resource Centre Aboriginal Corporation,Aboriginal Corporation,Yes,Yes,No,-23.98248,132.82937
Arrunge,Moderate,2020-06-30,910,Family Outstation,No,Alice Springs,Central Desert Regional Council,Central Land Council,8.0,Not Funded In FY19/20,Not Funded In FY19/20,No,No,No,-22.49935,132.28147
Artekerr,Moderate,2020-06-30,22,Family Outstation,No,Alice Springs,Barkly Regional Council,Central Land Council,23.0,Urapuntja Aboriginal Corporation,Aboriginal Corporation,Yes,Yes,No,-22.29022,134.54312
Artekerre,Low,2020-06-30,712,Family Outstation,No,Alice Springs,MacDonnell Regional Council,Central Land Council,24.0,Ingkerreke Outstations Resource Services Aboriginal Corporation,Aboriginal Corporation,Yes,Yes,Yes,-23.257387,133.766604
Atheley,Moderate,2020-06-30,729,Family Outstation,No,Alice Springs,Barkly Regional Council,Central Land Council,,Urapuntja Aboriginal Corporation,Aboriginal Corporation,Yes,Yes,No,-21.91757,134.86766
Atitjere,Moderate,2020-06-30,42,Major,No,Alice Springs,Central Desert Regional Council,Central Land Council,263.0,Central Deset Regional Council,Local Government Association,Yes,Yes,Yes,-22.9843,134.9341
Atji Creek,Low,2020-06-30,1015,Family Outstation,No,Alice Springs,MacDonnell Regional Council,Central Land Council,8.0,MacDonnell Regional Council,Local Government Association,Yes,Yes,No,-23.399445,131.98389
Atnarara,Moderate,2020-06-30,146,Family Outstation,No,Alice Springs,Barkly Regional Council,Central Land Council,,Urapuntja Aboriginal Corporation,Aboriginal Corporation,Yes,Yes,No,-22.02622,134.78721
Atnarpa,Moderate,2020-06-30,24995,Family Outstation,No,Alice Springs,MacDonnell Regional Council,Central Land Council,,Not Funded In FY19/20,Not Funded In FY19/20,No,Yes,No,-23.52358,134.78911
Atneltyey,Moderate,2020-06-30,27,Family Outstation,No,Alice Springs,Barkly Regional Council,Central Land Council,,Urapuntja Aboriginal Corporation,Aboriginal Corporation,Yes,Yes,No,-22.03683,134.61166
Atnwengerrpe,Moderate,2020-06-30,23,Family Outstation,No,Alice Springs,Barkly Regional Council,Central Land Council,60.0,Far Northern Contractors Pty Ltd  ( T & J Contractors ),Private Enterprise,Yes,Yes,No,-21.86956,134.99411
Awumbunyji,Moderate,2020-06-30,754,Family Outstation,No,Arnhem,Roper Gulf Regional Council,Northern Land Council,,Not Funded In FY19/20,Not Funded In FY19/20,No,No,No,-14.44723,135.43529
Babungi,Low,2020-06-30,1011,Family Outstation,No,Savanna,Roper Gulf Regional Council,Northern Land Council,5.0,Mabunji Aboriginal Resource Indigenous Corporation,Aboriginal Corporation,Yes,Yes,No,-15.74444,136.97858
Badawarrka,Moderate,2020-06-30,577,Family Outstation,No,Savanna,Roper Gulf Regional Council,Northern Land Council,7.0,Roper Gulf Regional Council,Local Government Association,Yes,Yes,No,-14.69603,134.44378
Baghetti,Low,2020-06-30,811,Family Outstation,No,Arnhem,Roper Gulf Regional Council,Northern Land Council,5.0,Roper Gulf Regional Council,Local Government Association,Yes,Yes,No,-13.75874,134.46372
Bagot,Moderate,2020-06-30,290,Town Camp,No,ERA,Darwin City Council,Northern Land Council,193.0,Yilli Rreung Housing Aboriginal Corporation,Aboriginal Corporation,Yes,Yes,No,-12.416125,130.855153
Bajaminyi,High,2020-06-30,209,Family Outstation,No,Barkly,Barkly Regional Council,Northern Land Council,,Not Funded In FY19/20,Not Funded In FY19/20,No,No,No,-17.77489,137.71243
Balma,Low,2020-06-30,456,Family Outstation,No,Arnhem,East Arnhem Regional Council,Northern Land Council,15.0,Laynhupuy Homelands Aboriginal Corporation,Aboriginal Corporation,Yes,Yes,No,-13.24939,135.84857
Bamboo Springs,High,2020-06-30,578,Family Outstation,No,Savanna,Victoria-Daly Regional Council,Central Land Council,,Not Funded In FY19/20,Not Funded In FY19/20,No,No,No,-16.95993,129.08393
Banatjarl,Moderate,2020-06-30,946,Family Outstation,No,Savanna,Roper Gulf Regional Council,Northern Land Council,,Not Funded In FY19/20,Not Funded In FY19/20,No,No,No,-14.47668,132.651402
Baniyala,Moderate,2020-06-30,458,Minor,No,Arnhem,East Arnhem Regional Council,Northern Land Council,130.0,Laynhupuy Homelands Aboriginal Corporation,Aboriginal Corporation,Yes,Yes,No,-13.2004,136.2261
Banthula,Low,2020-06-30,457,Family Outstation,No,Arnhem,East Arnhem Regional Council,Northern Land Council,31.0,Marthakal Homelands & Resource Centre Aboriginal Corporation,Aboriginal Corporation,Yes,Yes,No,-11.83585,135.87365
Bardalumba,Low,2020-06-30,865,Family Outstation,No,Arnhem,East Arnhem Regional Council,Anindilyakwa Land Council,12.0,GEBIE Civil and Construction Pty Ltd,Private Enterprise,Yes,Yes,No,-13.82445,136.4489
Barnamarrakkakanora,High,2020-06-30,10634,Family Outstation,No,Arnhem,West Arnhem Regional Council,Northern Land Council,,Not Funded In FY19/20,Not Funded In FY19/20,No,No,No,-12.1319,134.375
Barrak Barrak,High,2020-06-30,699,Family Outstation,No,Savanna,Victoria-Daly Regional Council,Northern Land Council,,Not Funded In FY19/20,Not Funded In FY19/20,No,No,No,-15.8716,130.35876
Barrapunta,Low,2020-06-30,579,Family Outstation,No,Arnhem,Roper Gulf Regional Council,Northern Land Council,12.0,Roper Gulf Regional Council,Local Government Association,Yes,Yes,No,-13.15658,134.85057
Barraratjpi,Low,2020-06-30,938,Family Outstation,No,Arnhem,East Arnhem Regional Council,Northern Land Council,8.0,Laynhupuy Homelands Aboriginal Corporation,Aboriginal Corporation,Yes,Yes,No,-13.21858,136.39138
Barridjowkeng,Low,2020-06-30,792,Family Outstation,No,Arnhem,West Arnhem Regional Council,Northern Land Council,7.0,Bawinanga Aboriginal Corporation,Aboriginal Corporation,Yes,Yes,No,-12.348625,134.17529
Barrkira,Moderate,2020-06-30,888,Family Outstation,No,Arnhem,East Arnhem Regional Council,Northern Land Council,5.0,Laynhupuy Homelands Aboriginal Corporation,Aboriginal Corporation,Yes,Yes,No,-12.0086,136.4649
Barunga,Moderate,2020-06-30,580,Major,No,Savanna,Roper Gulf Regional Council,Northern Land Council,427.0,Roper Gulf Regional Council,Local Government Association,Yes,Yes,No,-14.523625,132.866681
Bauhinia Downs,Moderate,2020-06-30,212,Family Outstation,No,Savanna,Roper Gulf Regional Council,Northern Land Council,14.0,Mabunji Aboriginal Resource Indigenous Corporation,Aboriginal Corporation,Yes,Yes,No,-16.21512,135.46968
Bawaka,High,2020-06-30,462,Family Outstation,No,Arnhem,East Arnhem Regional Council,Northern Land Council,2.0,Not Funded In FY19/20,Not Funded In FY19/20,No,No,No,-12.53365,136.76402
Bayagida,Moderate,2020-06-30,494,Family Outstation,No,Arnhem,East Arnhem Regional Council,Northern Land Council,,Not Funded In FY19/20,Not Funded In FY19/20,No,No,No,-12.04269,134.92821
Baygurrtji,Moderate,2020-06-30,463,Family Outstation,No,Arnhem,East Arnhem Regional Council,Northern Land Council,,Not Funded In FY19/20,Not Funded In FY19/20,No,No,No,-13.15787,135.86654
Beer St Bore,High,2020-06-30,844,Family Outstation,No,Alice Springs,MacDonnell Regional Council,Central Land Council,,Not Funded In FY19/20,Not Funded In FY19/20,No,No,No,-25.58297,134.52565
Belyuen,High,2020-06-30,294,Major,Yes,Vernon Arafura,Belyuen Community Council,Northern Land Council,193.0,Belyuen Community Council,Local Government Association,Yes,Yes,No,-12.5386,130.6999
Berraja,High,2020-06-30,295,Family Outstation,No,Arnhem,West Arnhem Regional Council,Northern Land Council,,Not Funded In FY19/20,Not Funded In FY19/20,No,No,No,-12.07195,134.50486
Beswick,Moderate,2020-06-30,581,Major,No,Savanna,Roper Gulf Regional Council,Northern Land Council,624.0,Roper Gulf Regional Council,Local Government Association,Yes,Yes,No,-14.5548,133.1142
Binjari,Moderate,2020-06-30,582,Minor,Yes,Savanna,Katherine Town Council,Northern Land Council,223.0,Katherine Town Council,Local Government Association,Yes,Yes,No,-14.5502,132.1815
Birany Birany,Moderate,2020-06-30,464,Minor,No,Arnhem,East Arnhem Regional Council,Northern Land Council,12.0,Marngarr Resource Centre Aboriginal Corporation,Aboriginal Corporation,Yes,Yes,No,-12.81703,136.47669
Bishops Bore,High,2020-06-30,810,Family Outstation,No,Savanna,Roper Gulf Regional Council,Northern Land Council,,Not Funded In FY19/20,Not Funded In FY19/20,No,No,No,-14.61452,133.07053
Black Rock Landing,Moderate,2020-06-30,24899,Family Outstation,No,Savanna,Roper Gulf Regional Council,Northern Land Council,4.0,Mabunji Aboriginal Resource Indigenous Corporation,Aboriginal Corporation,Yes,Yes,No,-15.920617,136.510417
Blacktank Bore,Low,2020-06-30,784,Family Outstation,Yes,Alice Springs,MacDonnell Regional Council,Central Land Council,18.0,Far Northern Contractors Pty Ltd  ( T & J Contractors ),Private Enterprise,Yes,Yes,No,-23.32352,134.02049
Blackwater,Low,2020-06-30,25,Family Outstation,No,Alice Springs,MacDonnell Regional Council,Central Land Council,21.0,MacDonnell Regional Council,Local Government Association,Yes,Yes,No,-23.26181,131.89688
Bloodwood Bore,High,2020-06-30,843,Family Outstation,No,Alice Springs,MacDonnell Regional Council,Central Land Council,,Not Funded In FY19/20,Not Funded In FY19/20,No,No,No,-25.76764,134.2883
Blue Bush,Low,2020-06-30,829,Family Outstation,No,Barkly,Barkly Regional Council,Central Land Council,4.0,Far Northern Contractors Pty Ltd  ( T & J Contractors ),Private Enterprise,Yes,Yes,No,-19.02411,133.73583
Bobs Yard,High,2020-06-30,698,Family Outstation,No,Savanna,Victoria-Daly Regional Council,Northern Land Council,,Not Funded In FY19/20,Not Funded In FY19/20,No,No,No,-16.00945,130.61125
Bodia,Low,2020-06-30,465,Family Outstation,No,Arnhem,East Arnhem Regional Council,Northern Land Council,55.0,Milingimbi & Outstations Progress Resource Association Inc,Aboriginal Corporation,Yes,Yes,No,-12.07688,134.89628
Bolkdjam,Low,2020-06-30,298,Family Outstation,No,Arnhem,West Arnhem Regional Council,Northern Land Council,30.0,Bawinanga Aboriginal Corporation,Aboriginal Corporation,Yes,Yes,No,-12.41151,134.41998
Boomerang Lagoon,High,2020-06-30,583,Family Outstation,No,Arnhem,Roper Gulf Regional Council,Northern Land Council,10.0,Not Funded In FY19/20,Not Funded In FY19/20,No,No,No,-14.45061,135.03925
Borogomarra,Moderate,2020-06-30,481,Family Outstation,No,Arnhem,East Arnhem Regional Council,Northern Land Council,,Not Funded In FY19/20,Not Funded In FY19/20,No,No,No,-12.24159,134.97834
Brumby Plains,Moderate,2020-06-30,24904,Family Outstation,No,Savanna,Victoria-Daly Regional Council,Central Land Council,6.0,Ngaliwurru-Wuli Association,Aboriginal Corporation,Yes,Yes,No,-16.9602,129.108889
Bubble Bubble,High,2020-06-30,585,Family Outstation,No,Savanna,Victoria-Daly Regional Council,Northern Land Council,,Not Funded In FY19/20,Not Funded In FY19/20,No,No,No,-15.81036,129.31022
Bucket Springs,High,2020-06-30,700,Family Outstation,No,Savanna,Victoria-Daly Regional Council,Northern Land Council,,Not Funded In FY19/20,Not Funded In FY19/20,No,No,No,-15.740005,129.16465
Budjanga,Moderate,2020-06-30,986,Family Outstation,No,Savanna,Roper Gulf Regional Council,Northern Land Council,5.0,Power Projects (NT) Pty Ltd,Private Enterprise,Yes,Yes,No,-16.17945,136.76818
Buffalo Farm,Low,2020-06-30,1027,Family Outstation,No,Arnhem,West Arnhem Regional Council,Northern Land Council,4.0,Warnbi Aboriginal Corporatio - Kakadu,Aboriginal Corporation,Yes,Yes,No,-12.81369,132.59382
Bujan,Low,2020-06-30,257,Family Outstation,No,Savanna,Roper Gulf Regional Council,Northern Land Council,5.0,Power Projects (NT) Pty Ltd,Private Enterprise,Yes,Yes,No,-16.26901,136.87915
Bukudal,Low,2020-06-30,466,Family Outstation,No,Arnhem,East Arnhem Regional Council,Northern Land Council,15.0,Laynhupuy Homelands Aboriginal Corporation,Aboriginal Corporation,Yes,Yes,No,-12.966471,136.613529
Bularring,High,2020-06-30,467,Family Outstation,No,Arnhem,East Arnhem Regional Council,Northern Land Council,,Not Funded In FY19/20,Not Funded In FY19/20,No,No,No,-12.04636,135.70342
Bulgul,Moderate,2020-06-30,300,Family Outstation,Yes,Vernon Arafura,Un-Incorporate (Cox-Daly),Northern Land Council,19.0,Yilli Rreung Housing Aboriginal Corporation,Aboriginal Corporation,Yes,Yes,No,-13.08387,130.12203
Bulla,High,2020-06-30,586,Minor,No,Savanna,Victoria-Daly Regional Council,Northern Land Council,105.0,Ngaliwurru-Wuli Association,Aboriginal Corporation,Yes,Yes,No,-15.764915,130.039364
Bulman,High,2020-06-30,587,Major,No,Arnhem,Roper Gulf Regional Council,Northern Land Council,329.0,Roper Gulf Regional Council,Local Government Association,Yes,Yes,No,-13.665292,134.333347
Buluhkaduru,Low,2020-06-30,302,Family Outstation,No,Arnhem,West Arnhem Regional Council,Northern Land Council,35.0,Bawinanga Aboriginal Corporation,Aboriginal Corporation,Yes,Yes,No,-12.432472,134.42307
Bundatharri,Moderate,2020-06-30,468,Family Outstation,No,Arnhem,East Arnhem Regional Council,Northern Land Council,,Not Funded In FY19/20,Not Funded In FY19/20,No,No,No,-12.23568,134.84672
Bunhanura,Low,2020-06-30,949,Family Outstation,No,Arnhem,East Arnhem Regional Council,Northern Land Council,10.0,Laynhupuy Homelands Aboriginal Corporation,Aboriginal Corporation,Yes,Yes,No,-12.37449,135.72221
Buni-Inwunbuluk,Moderate,2020-06-30,976,Family Outstation,No,Arnhem,West Arnhem Regional Council,Northern Land Council,5.0,Demed Aboriginal Corporation,Aboriginal Corporation,Yes,Yes,No,-11.40613,132.82554
Burrum,Moderate,2020-06-30,470,Family Outstation,No,Arnhem,East Arnhem Regional Council,Northern Land Council,,Not Funded In FY19/20,Not Funded In FY19/20,No,No,No,-12.3094,135.9605
Burrumburru,High,2020-06-30,686,Family Outstation,No,Barkly,Barkly Regional Council,Northern Land Council,,Not Funded In FY19/20,Not Funded In FY19/20,No,No,No,-17.74229,137.78155
Burt Creek,Low,2020-06-30,713,Family Outstation,No,Alice Springs,MacDonnell Regional Council,Central Land Council,24.0,Ingkerreke Outstations Resource Services Aboriginal Corporation,Aboriginal Corporation,Yes,Yes,Yes,-23.196524,133.747591
Burta Wurta,High,2020-06-30,944,Family Outstation,No,Savanna,Victoria-Daly Regional Council,Central Land Council,,Not Funded In FY19/20,Not Funded In FY19/20,No,No,No,-17.535972,130.475916
Burudu,Moderate,2020-06-30,1019,Family Outstation,No,Barkly,Barkly Regional Council,Northern Land Council,4.0,North Barkly Aboriginal Corporation/ Far Northern Contractors Pty Ltd,Aboriginal Corporation,Yes,Yes,No,-19.59874,136.92545
Bushcamp,Low,2020-06-30,24994,Family Outstation,Yes,Barkly,Barkly Regional Council,Central Land Council,,Not Funded In FY19/20,Not Funded In FY19/20,No,Yes,No,-19.717111,134.15408
Buymarr,Low,2020-06-30,803,Family Outstation,No,Arnhem,East Arnhem Regional Council,Northern Land Council,8.0,Laynhupuy Homelands Aboriginal Corporation,Aboriginal Corporation,Yes,Yes,No,-12.69827,136.63653
Camel Camp,Moderate,2020-06-30,728,Family Outstation,No,Alice Springs,Barkly Regional Council,Central Land Council,,Urapuntja Aboriginal Corporation,Aboriginal Corporation,Yes,Yes,No,-22.27181,134.55242
Camels Hump,Moderate,2020-06-30,768,Family Outstation,No,Alice Springs,MacDonnell Regional Council,Central Land Council,,Not Funded In FY19/20,Not Funded In FY19/20,No,No,No,-23.75175,131.59435
Cannon Hill,Moderate,2020-06-30,304,Family Outstation,No,Arnhem,West Arnhem Regional Council,Northern Land Council,12.0,Warnbi Aboriginal Corporatio - Kakadu,Aboriginal Corporation,Yes,Yes,No,-12.35758,132.94593
Canteen Creek,Moderate,2020-06-30,219,Major,No,Barkly,Barkly Regional Council,Central Land Council,216.0,Canteen Creek Owairtilla Aboriginal Corporation,Aboriginal Corporation,Yes,Yes,No,-20.645082,135.58678
Cattle Creek,High,2020-06-30,11623,Family Outstation,No,Savanna,Victoria-Daly Regional Council,Central Land Council,,Not Funded In FY19/20,Not Funded In FY19/20,No,No,No,-17.59747,131.545211
Charlotte Waters,High,2020-06-30,846,Family Outstation,No,Alice Springs,MacDonnell Regional Council,Central Land Council,,Not Funded In FY19/20,Not Funded In FY19/20,No,No,No,-25.91424,134.89274
Chilla Well,Moderate,2020-06-30,757,Family Outstation,No,Alice Springs,Central Desert Regional Council,Central Land Council,,Not Funded In FY19/20,Not Funded In FY19/20,No,No,No,-21.52777,130.97067
Chuluk,High,2020-06-30,779,Family Outstation,No,Vernon Arafura,Victoria-Daly Regional Council,Northern Land Council,,Not Funded In FY19/20,Not Funded In FY19/20,No,No,No,-13.665,130.26778
Conder Point,Moderate,2020-06-30,1012,Family Outstation,No,Arnhem,Tiwi Islands Regional Council,Tiwi Land Council,2.0,Not Funded In FY19/20,Not Funded In FY19/20,No,Yes,No,-11.65088,131.32757
Connells Lagoon,High,2020-06-30,901,Family Outstation,No,Barkly,Barkly Regional Council,Northern Land Council,6.0,Not Funded In FY19/20,Not Funded In FY19/20,No,No,No,-18.89143,136.54802
Corella Creek,Moderate,2020-06-30,220,Family Outstation,No,Barkly,Barkly Regional Council,Northern Land Council,56.0,North Barkly Aboriginal Corporation/ Far Northern Contractors Pty Ltd,Aboriginal Corporation,Yes,Yes,No,-18.36685,135.85671
Corkwood Bore,Low,2020-06-30,1009,Family Outstation,No,Alice Springs,MacDonnell Regional Council,Central Land Council,27.0,Ingkerreke Outstations Resource Services Aboriginal Corporation,Aboriginal Corporation,Yes,Yes,Yes,-23.31225,133.86792
Costello,Low,2020-06-30,590,Family Outstation,No,Arnhem,Roper Gulf Regional Council,Northern Land Council,5.0,Roper Gulf Regional Council,Local Government Association,Yes,Yes,No,-14.56453,134.88289
Cow Lagoon,Moderate,2020-06-30,972,Family Outstation,No,Savanna,Roper Gulf Regional Council,Northern Land Council,5.0,Mabunji Aboriginal Resource Indigenous Corporation,Aboriginal Corporation,Yes,Yes,No,-16.20751,135.94962
Crabhole,Moderate,2020-06-30,24901,Family Outstation,No,Savanna,Roper Gulf Regional Council,Northern Land Council,2.0,Power Projects (NT) Pty Ltd,Private Enterprise,Yes,Yes,No,-16.21525,137.09915
Daguragu,High,2020-06-30,591,Major,No,Savanna,Victoria-Daly Regional Council,Central Land Council,284.0,Victoria Daly Regional Council,Local Government Association,Yes,Yes,No,-17.40059,130.80491
Daliwuy Bay,High,2020-06-30,956,Family Outstation,No,Arnhem,East Arnhem Regional Council,Northern Land Council,,Not Funded In FY19/20,Not Funded In FY19/20,No,No,No,-12.340847,136.918347
Damdam,High,2020-06-30,307,Family Outstation,No,Arnhem,West Arnhem Regional Council,Northern Land Council,,Not Funded In FY19/20,Not Funded In FY19/20,No,No,No,-12.16556,134.64529
Darrandarra,High,2020-06-30,1003,Family Outstation,Yes,Vernon Arafura,Litchfield Council,Northern Land Council,,Not Funded In FY19/20,Not Funded In FY19/20,No,No,No,-12.74098,130.95462
Darrangmurmanja,High,2020-06-30,472,Family Outstation,No,Arnhem,East Arnhem Regional Council,Anindilyakwa Land Council,,Not Funded In FY19/20,Not Funded In FY19/20,No,No,No,-13.72486,136.59277
Deleye,Moderate,2020-06-30,775,Family Outstation,No,Vernon Arafura,West Daly Regional Council,Northern Land Council,4.0,West Daly Regional Council,Local Government Association,Yes,Yes,No,-13.76535,129.97667
Dhalinybuy,Moderate,2020-06-30,473,Minor,No,Arnhem,East Arnhem Regional Council,Northern Land Council,80.0,Laynhupuy Homelands Aboriginal Corporation,Aboriginal Corporation,Yes,Yes,No,-12.4125,136.3878
Dhambala,Moderate,2020-06-30,896,Family Outstation,No,Arnhem,East Arnhem Regional Council,Northern Land Council,16.0,Dinybulu Regional Services,Aboriginal Corporation,Yes,No,No,-12.0526,135.5609
Dhamiyaka,High,2020-06-30,475,Family Outstation,No,Arnhem,East Arnhem Regional Council,Northern Land Council,,Not Funded In FY19/20,Not Funded In FY19/20,No,No,No,-12.656403,135.855569
Dhaniya,Moderate,2020-06-30,955,Family Outstation,No,Arnhem,East Arnhem Regional Council,Northern Land Council,4.0,Marngarr Resource Centre Aboriginal Corporation,Aboriginal Corporation,Yes,Yes,No,-12.55007,136.73791
Dharawa,Moderate,2020-06-30,805,Family Outstation,No,Arnhem,East Arnhem Regional Council,Northern Land Council,,Not Funded In FY19/20,Not Funded In FY19/20,No,No,No,-11.84938,135.84693
Dharrni,Moderate,2020-06-30,476,Family Outstation,No,Arnhem,Roper Gulf Regional Council,Northern Land Council,,Not Funded In FY19/20,Not Funded In FY19/20,No,No,No,-13.74983,136.02005
Dhayirri,Low,2020-06-30,806,Family Outstation,No,Arnhem,East Arnhem Regional Council,Northern Land Council,14.0,Marthakal Homelands & Resource Centre Aboriginal Corporation,Aboriginal Corporation,Yes,Yes,No,-11.9612,135.6187
Dhipirrinjura,Moderate,2020-06-30,477,Family Outstation,No,Arnhem,East Arnhem Regional Council,Northern Land Council,45.0,Milingimbi & Outstations Progress Resource Association Inc,Aboriginal Corporation,Yes,Yes,No,-12.24806,135.09757
Dholtji,Moderate,2020-06-30,478,Family Outstation,No,Arnhem,East Arnhem Regional Council,Northern Land Council,,Not Funded In FY19/20,Not Funded In FY19/20,No,No,No,-11.94835,136.46161
Dhudupu,Low,2020-06-30,664,Family Outstation,No,Arnhem,East Arnhem Regional Council,Northern Land Council,9.0,Marthakal Homelands & Resource Centre Aboriginal Corporation,Aboriginal Corporation,Yes,Yes,No,-12.0033,135.5692
Dhulmulmiya,High,2020-06-30,954,Family Outstation,No,Arnhem,East Arnhem Regional Council,Northern Land Council,,Not Funded In FY19/20,Not Funded In FY19/20,No,No,No,-12.52781,136.72533
Dhupuwamirri,Moderate,2020-06-30,479,Family Outstation,No,Arnhem,East Arnhem Regional Council,Northern Land Council,10.0,Laynhupuy Homelands Aboriginal Corporation,Aboriginal Corporation,Yes,Yes,No,-12.66796,135.39218
Dhuruputjpi,Low,2020-06-30,554,Family Outstation,No,Arnhem,East Arnhem Regional Council,Northern Land Council,8.0,Laynhupuy Homelands Aboriginal Corporation,Aboriginal Corporation,Yes,Yes,No,-13.05478,136.17661
Dillinya,High,2020-06-30,819,Family Outstation,No,Savanna,Victoria-Daly Regional Council,Northern Land Council,,Not Funded In FY19/20,Not Funded In FY19/20,No,No,No,-15.85698,132.04505
Ditchi,High,2020-06-30,310,Family Outstation,No,Vernon Arafura,Victoria-Daly Regional Council,Northern Land Council,,Not Funded In FY19/20,Not Funded In FY19/20,No,No,No,-14.30373,129.40855
Djarrakpi,Low,2020-06-30,482,Family Outstation,No,Arnhem,East Arnhem Regional Council,Northern Land Council,6.0,Laynhupuy Homelands Aboriginal Corporation,Aboriginal Corporation,Yes,Yes,No,-13.29691,136.35162
Djarrung,Moderate,2020-06-30,670,Family Outstation,No,Savanna,Victoria-Daly Regional Council,Northern Land Council,3.0,Power Projects (NT) Pty Ltd,Private Enterprise,Yes,Yes,No,-14.81311,131.53759
Djinkarr,Moderate,2020-06-30,965,Family Outstation,No,Arnhem,West Arnhem Regional Council,Northern Land Council,4.0,Bawinanga Aboriginal Corporation,Aboriginal Corporation,Yes,Yes,No,-12.21287,134.29626
Djirrbiyak,Moderate,2020-06-30,981,Family Outstation,No,Arnhem,West Arnhem Regional Council,Northern Land Council,30.0,Warnbi Aboriginal Corporatio - Kakadu,Aboriginal Corporation,Yes,Yes,No,-12.72945,132.763625
Djurranalpi,Low,2020-06-30,484,Family Outstation,No,Arnhem,East Arnhem Regional Council,Northern Land Council,1.0,Marthakal Homelands & Resource Centre Aboriginal Corporation,Aboriginal Corporation,Yes,Yes,No,-11.84684,135.87292
Dons Bore,Low,2020-06-30,46,Family Outstation,No,Alice Springs,Central Desert Regional Council,Central Land Council,4.0,Yapa-Kurlangu Ngurrara Aboriginal Corporation,Aboriginal Corporation,Yes,Yes,No,-22.26233,131.92027
Donydji,Low,2020-06-30,485,Family Outstation,No,Arnhem,East Arnhem Regional Council,Northern Land Council,25.0,Laynhupuy Homelands Aboriginal Corporation,Aboriginal Corporation,Yes,Yes,No,-12.89045,135.47028
Doojum,High,2020-06-30,942,Family Outstation,No,Savanna,Victoria-Daly Regional Council,Northern Land Council,,Not Funded In FY19/20,Not Funded In FY19/20,No,No,No,-15.72519,129.15921
Doolgarina,High,2020-06-30,812,Family Outstation,No,Savanna,Roper Gulf Regional Council,Northern Land Council,,Not Funded In FY19/20,Not Funded In FY19/20,No,No,No,-16.229168,136.76611
Double D,Moderate,2020-06-30,24897,Family Outstation,No,Alice Springs,Barkly Regional Council,Central Land Council,2.0,Far Northern Contractors Pty Ltd  ( T & J Contractors ),Private Enterprise,Yes,Yes,No,-21.231767,134.946844
Duck Ponds,Moderate,2020-06-30,631,Family Outstation,No,Alice Springs,Central Desert Regional Council,Central Land Council,,Not Funded In FY19/20,Not Funded In FY19/20,No,No,No,-18.77377,131.27766
Eagle Valley,Moderate,2020-06-30,879,Family Outstation,No,Alice Springs,MacDonnell Regional Council,Central Land Council,,Not Funded In FY19/20,Not Funded In FY19/20,No,No,No,-24.92999,129.09845
Eight Mile,Low,2020-06-30,34,Family Outstation,No,Alice Springs,MacDonnell Regional Council,Central Land Council,6.0,Tjuwanpa Outstation Resource Centre Aboriginal Corporation,Aboriginal Corporation,Yes,Yes,No,-23.88699,132.68279
Elitjia,Low,2020-06-30,920,Family Outstation,Yes,Alice Springs,MacDonnell Regional Council,Central Land Council,12.0,Ngurratjuta Pmara Ntjarra Aboriginal Corporation,Aboriginal Corporation,Yes,Yes,No,-23.77677,133.61583
Elliott North Camp,Moderate,2020-06-30,225,Town Camp,No,Barkly,Barkly Regional Council,Northern Land Council,197.0,Power Projects (NT) Pty Ltd,Private Enterprise,Yes,Yes,No,-17.54989,133.53597
Elliott South Camp,Moderate,2020-06-30,224,Town Camp,No,ERA,Barkly Regional Council,Northern Land Council,56.0,Power Projects (NT) Pty Ltd,Private Enterprise,Yes,Yes,No,-17.56218,133.55746
Emu Point,High,2020-06-30,882,Family Outstation,No,Vernon Arafura,Victoria-Daly Regional Council,Northern Land Council,130.0,Yantjarrwu Outstation Resource Centre Aboriginal Corporation,Aboriginal Corporation,Yes,Yes,No,-14.17021,130.32777
Engawala,Moderate,2020-06-30,33,Minor,No,Alice Springs,Central Desert Regional Council,Central Land Council,181.0,Central Desert Regional Council,Local Government Association,Yes,Yes,Yes,-22.80257,134.45547
Ewyenper Atwatye,Moderate,2020-06-30,35,Town Camp,No,ERA,Alice Springs Town Council,Central Land Council,113.0,Tangentyere Council Aboriginal Corporation,Aboriginal Corporation,Yes,Yes,No,-23.708097,133.899736
Finke,Moderate,2020-06-30,36,Major,No,Alice Springs,MacDonnell Regional Council,Central Land Council,226.0,MacDonnell Regional Council,Local Government Association,Yes,Yes,Yes,-25.5821,134.5779
Fitzroy Station,Moderate,2020-06-30,950,Family Outstation,No,Savanna,Victoria-Daly Regional Council,Northern Land Council,10.0,Ngaliwurru-Wuli Association,Aboriginal Corporation,Yes,Yes,No,-15.56298,130.93431
Five Mile,Low,2020-06-30,57,Family Outstation,No,Alice Springs,MacDonnell Regional Council,Central Land Council,5.0,Tjuwanpa Outstation Resource Centre Aboriginal Corporation,Aboriginal Corporation,Yes,Yes,No,-23.91848,132.84834
Flicks Hole,High,2020-06-30,685,Family Outstation,No,Savanna,Roper Gulf Regional Council,Northern Land Council,,Not Funded In FY19/20,Not Funded In FY19/20,No,No,No,-15.61606,134.09331
Fossil Head,Moderate,2020-06-30,911,Family Outstation,No,Vernon Arafura,West Daly Regional Council,Northern Land Council,8.0,West Daly Regional Council,Local Government Association,Yes,Yes,No,-14.53778,129.52127
Foxalls Well,Low,2020-06-30,909,Family Outstation,No,Alice Springs,Central Desert Regional Council,Central Land Council,10.0,Central Desert Regional Council,Local Government Association,Yes,Yes,No,-23.07383,134.82355
Galaru,Moderate,2020-06-30,496,Family Outstation,No,Arnhem,East Arnhem Regional Council,Northern Land Council,,Not Funded In FY19/20,Not Funded In FY19/20,No,No,No,-12.16601,136.75732
Galawarra,Low,2020-06-30,807,Family Outstation,No,Arnhem,East Arnhem Regional Council,Northern Land Council,12.0,Marthakal Homelands & Resource Centre Aboriginal Corporation,Aboriginal Corporation,Yes,Yes,No,-12.0444,135.59373
Galawdjapin,Low,2020-06-30,489,Family Outstation,No,Arnhem,East Arnhem Regional Council,Northern Land Council,8.0,Dinybulu Regional Services,Aboriginal Corporation,Yes,Yes,No,-12.28695,134.81751
Galiwinku,Moderate,2020-06-30,492,Major,No,Arnhem,East Arnhem Regional Council,Northern Land Council,2453.0,East Arnhem Regional Council,Local Government Association,Yes,Yes,No,-12.0235,135.5664
Galupa,High,2020-06-30,495,Family Outstation,No,Arnhem,East Arnhem Regional Council,Northern Land Council,,Not Funded In FY19/20,Not Funded In FY19/20,No,No,No,-12.1925,136.6892
Gamardi,Moderate,2020-06-30,315,Family Outstation,No,Arnhem,West Arnhem Regional Council,Northern Land Council,24.0,Bawinanga Aboriginal Corporation,Aboriginal Corporation,Yes,Yes,No,-12.27398,134.68321
Gamargawan,Low,2020-06-30,316,Family Outstation,No,Arnhem,West Arnhem Regional Council,Northern Land Council,12.0,Demed Aboriginal Corporation,Aboriginal Corporation,Yes,Yes,No,-12.64914,134.07646
Gan Gan,Moderate,2020-06-30,498,Minor,No,Arnhem,East Arnhem Regional Council,Northern Land Council,90.0,Laynhupuy Homelands Aboriginal Corporation,Aboriginal Corporation,Yes,Yes,No,-13.04605,135.94354
Ganiyarrang,Moderate,2020-06-30,1024,Family Outstation,No,Arnhem,Roper Gulf Regional Council,Northern Land Council,,Not Funded In FY19/20,Not Funded In FY19/20,No,No,No,-14.474999,135.02131
Ganpura,Low,2020-06-30,499,Family Outstation,No,Arnhem,East Arnhem Regional Council,Northern Land Council,5.0,Marthakal Homelands & Resource Centre Aboriginal Corporation,Aboriginal Corporation,Yes,Yes,No,-11.885225,135.812353
Gapuwiyak,High,2020-06-30,500,Major,No,Arnhem,East Arnhem Regional Council,Northern Land Council,1085.0,East Arnhem Regional Council,Local Government Association,Yes,Yes,No,-12.50322,135.80587
Garanydjirr,Low,2020-06-30,963,Family Outstation,No,Arnhem,East Arnhem Regional Council,Northern Land Council,1.0,Dinybulu Regional Services,Aboriginal Corporation,Yes,Yes,No,-12.28204,135.02095
Garawa 1,Moderate,2020-06-30,229,Town Camp,No,ERA,Roper Gulf Regional Council,Northern Land Council,110.0,Mabunji Aboriginal Resource Indigenous Corporation,Aboriginal Corporation,Yes,Yes,No,-16.068792,136.321292
Garawa 2,Moderate,2020-06-30,992,Town Camp,No,ERA,Roper Gulf Regional Council,Northern Land Council,56.0,Mabunji Aboriginal Resource Indigenous Corporation,Aboriginal Corporation,Yes,Yes,No,-16.073903,136.318903
Garrinjinny,Moderate,2020-06-30,993,Family Outstation,No,Savanna,Roper Gulf Regional Council,Northern Land Council,8.0,Mabunji Aboriginal Resource Indigenous Corporation,Aboriginal Corporation,Yes,Yes,No,-16.67496,135.64751
Garriyak,High,2020-06-30,504,Family Outstation,No,Arnhem,East Arnhem Regional Council,Northern Land Council,,Not Funded In FY19/20,Not Funded In FY19/20,No,No,No,-12.14861,135.56284
Garrthalala,Low,2020-06-30,505,Family Outstation,No,Arnhem,East Arnhem Regional Council,Northern Land Council,50.0,Laynhupuy Homelands Aboriginal Corporation,Aboriginal Corporation,Yes,Yes,No,-12.76305,136.56918
Gatji,Moderate,2020-06-30,507,Family Outstation,No,Arnhem,East Arnhem Regional Council,Northern Land Council,,Not Funded In FY19/20,Not Funded In FY19/20,No,No,No,-12.27306,134.82029
Gawa,Low,2020-06-30,508,Family Outstation,No,Arnhem,East Arnhem Regional Council,Northern Land Council,57.0,Marthakal Homelands & Resource Centre Aboriginal Corporation,Aboriginal Corporation,Yes,Yes,No,-11.76032,135.90485
Gikal,Low,2020-06-30,509,Family Outstation,No,Arnhem,East Arnhem Regional Council,Northern Land Council,9.0,Marthakal Homelands & Resource Centre Aboriginal Corporation,Aboriginal Corporation,Yes,Yes,No,-12.05218,136.32037
Gilbert Springs,Moderate,2020-06-30,38,Family Outstation,No,Alice Springs,MacDonnell Regional Council,Central Land Council,,Not Funded In FY19/20,Not Funded In FY19/20,No,No,No,-23.97177,132.48073
Gilirri,High,2020-06-30,490,Family Outstation,No,Arnhem,East Arnhem Regional Council,Northern Land Council,,Not Funded In FY19/20,Not Funded In FY19/20,No,No,No,-12.33029,134.81695
Gilwi,Moderate,2020-06-30,597,Family Outstation,No,Savanna,Victoria-Daly Regional Council,Northern Land Council,36.0,Ngaliwurru-Wuli Association,Aboriginal Corporation,Yes,Yes,No,-15.78711,130.53275
Gimbat,High,2020-06-30,945,Family Outstation,No,Arnhem,Roper Gulf Regional Council,Northern Land Council,,Not Funded In FY19/20,Not Funded In FY19/20,No,No,No,-13.57854,132.60772
Gitan,Moderate,2020-06-30,510,Family Outstation,No,Arnhem,East Arnhem Regional Council,Northern Land Council,,Not Funded In FY19/20,Not Funded In FY19/20,No,No,No,-11.91169,135.78183
Gochan Jiny Jirra,Moderate,2020-06-30,319,Minor,No,Arnhem,West Arnhem Regional Council,Northern Land Council,38.0,Bawinanga Aboriginal Corporation,Aboriginal Corporation,Yes,Yes,No,-12.19925,134.45751
Gonguruwuy,Moderate,2020-06-30,669,Family Outstation,No,Arnhem,East Arnhem Regional Council,Northern Land Council,,Not Funded In FY19/20,Not Funded In FY19/20,No,No,No,-12.06638,136.15085
Goolminyini,Moderate,2020-06-30,723,Family Outstation,No,Savanna,Roper Gulf Regional Council,Northern Land Council,40.0,Mabunji Aboriginal Resource Indigenous Corporation,Aboriginal Corporation,Yes,Yes,No,-16.15829,136.09751
Gorpulyul,Moderate,2020-06-30,596,Family Outstation,No,Arnhem,Roper Gulf Regional Council,Northern Land Council,,Not Funded In FY19/20,Not Funded In FY19/20,No,No,No,-13.34621,134.14587
Gorrong-Gorrong,Moderate,2020-06-30,321,Family Outstation,No,Arnhem,West Arnhem Regional Council,Northern Land Council,,Bawinanga Aboriginal Corporation,Aboriginal Corporation,Yes,Yes,No,-12.12294,134.49532
Green Valley,Low,2020-06-30,44,Family Outstation,No,Alice Springs,MacDonnell Regional Council,Central Land Council,7.0,MacDonnell Regional Council,Local Government Association,Yes,Yes,No,-23.15051,131.73817
Gudjekbin,High,2020-06-30,740,Family Outstation,No,Arnhem,West Arnhem Regional Council,Northern Land Council,,Not Funded In FY19/20,Not Funded In FY19/20,No,No,No,-12.250972,133.80109
Gul Gul,High,2020-06-30,741,Family Outstation,No,Arnhem,West Arnhem Regional Council,Northern Land Council,,Not Funded In FY19/20,Not Funded In FY19/20,No,No,No,-11.13042,132.33842
Gulardi,Moderate,2020-06-30,24905,Family Outstation,No,Savanna,Victoria-Daly Regional Council,Northern Land Council,23.0,Ngaliwurru-Wuli Association,Aboriginal Corporation,Yes,Yes,No,-15.713256,130.483989
Gulmarri,Low,2020-06-30,512,Family Outstation,No,Arnhem,East Arnhem Regional Council,Northern Land Council,9.0,Marthakal Homelands & Resource Centre Aboriginal Corporation,Aboriginal Corporation,Yes,Yes,No,-11.91701,135.82229
Gulngarring,High,2020-06-30,867,Family Outstation,Yes,Vernon Arafura,Coomalie Community Council,Northern Land Council,,Not Funded In FY19/20,Not Funded In FY19/20,No,No,No,-13.13876,131.09811
Gulunguru,High,2020-06-30,204,Family Outstation,No,Barkly,Barkly Regional Council,Northern Land Council,2.0,Not Funded In FY19/20,Not Funded In FY19/20,No,No,No,-19.35439,136.03855
Gumarrirnbang,Low,2020-06-30,328,Family Outstation,No,Arnhem,West Arnhem Regional Council,Northern Land Council,10.0,Demed Aboriginal Corporation,Aboriginal Corporation,Yes,Yes,No,-12.32945,133.99695
Gumeragi,Moderate,2020-06-30,308,Family Outstation,No,Arnhem,West Arnhem Regional Council,Northern Land Council,2.0,Demed Aboriginal Corporation,Aboriginal Corporation,Yes,Yes,No,-11.1688,132.1647
Gumuluji,High,2020-06-30,691,Family Outstation,No,Barkly,Barkly Regional Council,Northern Land Council,,Not Funded In FY19/20,Not Funded In FY19/20,No,No,No,-17.93534,137.48038
Gumuruguru,High,2020-06-30,497,Family Outstation,No,Arnhem,East Arnhem Regional Council,Northern Land Council,,Not Funded In FY19/20,Not Funded In FY19/20,No,No,No,-12.06001,134.76306
Gunbalanya,High,2020-06-30,329,Major,No,Arnhem,West Arnhem Regional Council,Northern Land Council,1312.0,West Arnhem Regional Council,Local Government Association,Yes,Yes,No,-12.324,133.056
Gunyangara,Moderate,2020-06-30,514,Minor,No,Arnhem,East Arnhem Regional Council,Northern Land Council,282.0,East Arnhem Regional Council,Local Government Association,Yes,Yes,No,-12.215417,136.70569
Gupanga,Moderate,2020-06-30,330,Family Outstation,No,Arnhem,West Arnhem Regional Council,Northern Land Council,,Not Funded In FY19/20,Not Funded In FY19/20,No,No,No,-12.0752,134.5843
Gurkawuy,Low,2020-06-30,516,Family Outstation,No,Arnhem,East Arnhem Regional Council,Northern Land Council,15.0,Laynhupuy Homelands Aboriginal Corporation,Aboriginal Corporation,Yes,Yes,No,-12.97616,136.50362
Gurrgurr,High,2020-06-30,331,Family Outstation,No,Arnhem,West Arnhem Regional Council,Northern Land Council,,Not Funded In FY19/20,Not Funded In FY19/20,No,No,No,-12.20644,134.00904
Gurrumuru,Moderate,2020-06-30,517,Minor,No,Arnhem,East Arnhem Regional Council,Northern Land Council,10.0,Laynhupuy Homelands Aboriginal Corporation,Aboriginal Corporation,Yes,Yes,No,-12.592236,136.231681
Gutjangan,Low,2020-06-30,804,Family Outstation,No,Arnhem,East Arnhem Regional Council,Northern Land Council,25.0,Laynhupuy Homelands Aboriginal Corporation,Aboriginal Corporation,Yes,Yes,No,-12.0839,136.80857
Haasts Bluff,Moderate,2020-06-30,41,Major,No,Alice Springs,MacDonnell Regional Council,Central Land Council,162.0,MacDonnell Regional Council,Local Government Association,Yes,Yes,Yes,-23.44733,131.88129
Halfway Camp,High,2020-06-30,845,Family Outstation,No,Alice Springs,MacDonnell Regional Council,Central Land Council,,Not Funded In FY19/20,Not Funded In FY19/20,No,No,No,-25.69492,134.36263
Hatches Creek,Low,2020-06-30,903,Family Outstation,No,Barkly,Barkly Regional Council,Central Land Council,4.0,Canteen Creek Owairtilla Aboriginal Corporation,Aboriginal Corporation,Yes,Yes,No,-20.84606,135.21349
Hawk Dreaming,Moderate,2020-06-30,1028,Family Outstation,No,Arnhem,West Arnhem Regional Council,Northern Land Council,2.0,Warnbi Aboriginal Corporatio - Kakadu,Aboriginal Corporation,Yes,Yes,No,-12.37053,132.93914
Hermannsburg,Moderate,2020-06-30,43,Major,No,Alice Springs,MacDonnell Regional Council,Central Land Council,711.0,MacDonnell Regional Council,Local Government Association,Yes,Yes,Yes,-23.9427,132.7787
Hingstons Place,Low,2020-06-30,973,Family Outstation,No,ERA,Barkly Regional Council,Central Land Council,5.0,Far Northern Contractors Pty Ltd  ( T & J Contractors ),Private Enterprise,Yes,Yes,No,-19.61773,134.19703
Hodgson River Station,Moderate,2020-06-30,600,Minor,No,Savanna,Roper Gulf Regional Council,Northern Land Council,,Alawa Aboriginal Corporation,Aboriginal Corporation,Yes,Yes,No,-15.47477,134.09553
Hoppys Camp,Low,2020-06-30,675,Town Camp,No,ERA,Alice Springs Town Council,Central Land Council,60.0,Ingkerreke Outstations Resource Services Aboriginal Corporation,Aboriginal Corporation,Yes,Yes,Yes,-23.684046,133.876575
Humpty Doo,Moderate,2020-06-30,334,Family Outstation,Yes,Vernon Arafura,Litchfield Council,Northern Land Council,7.0,Yilli Rreung Housing Aboriginal Corporation,Aboriginal Corporation,Yes,Yes,No,-12.63105,131.26078
Hunters Camp,Moderate,2020-06-30,800,Family Outstation,No,Arnhem,West Arnhem Regional Council,Northern Land Council,4.0,Warnbi Aboriginal Corporatio - Kakadu,Aboriginal Corporation,Yes,Yes,No,-12.65001,132.8291
Ijarra,High,2020-06-30,813,Family Outstation,No,Savanna,Roper Gulf Regional Council,Northern Land Council,,Not Funded In FY19/20,Not Funded In FY19/20,No,No,No,-16.2152,136.00501
Ileparratye,Low,2020-06-30,1005,Family Outstation,No,Alice Springs,Central Desert Regional Council,Central Land Council,10.0,Central Desert Regional Council,Local Government Association,Yes,Yes,No,-22.02145,133.42931
Iljitjarri,Moderate,2020-06-30,24990,Family Outstation,No,Alice Springs,MacDonnell Regional Council,Central Land Council,,Not Funded In FY19/20,Not Funded In FY19/20,No,Yes,No,-24.53401,132.49215
Ilkarralalama,Moderate,2020-06-30,45,Family Outstation,No,Alice Springs,MacDonnell Regional Council,Central Land Council,,Not Funded In FY19/20,Not Funded In FY19/20,No,No,No,-23.96461,132.46504
Illeuwurru,High,2020-06-30,737,Family Outstation,No,Alice Springs,Barkly Regional Council,Central Land Council,,Not Funded In FY19/20,Not Funded In FY19/20,No,No,No,-21.60913,134.39411
Ilperle,Low,2020-06-30,709,Family Outstation,No,Alice Springs,Central Desert Regional Council,Central Land Council,3.0,Arramwelke Aboriginal Corporation,Aboriginal Corporation,Yes,Yes,No,-22.92737,135.71575
Ilperle-Tyathe,Low,2020-06-30,48,Town Camp,No,ERA,Alice Springs Town Council,Central Land Council,40.0,Ingkerreke Outstations Resource Services Aboriginal Corporation,Aboriginal Corporation,Yes,Yes,Yes,-23.6656,133.8611
Ilpeye Ilpeye Estate,Low,2020-06-30,676,Town Camp,No,ERA,Alice Springs Town Council,Central Land Council,60.0,Ingkerreke Outstations Resource Services Aboriginal Corporation,Aboriginal Corporation,Yes,Yes,Yes,-23.699931,133.906986
Ilpili,Moderate,2020-06-30,49,Family Outstation,No,Alice Springs,MacDonnell Regional Council,Central Land Council,,Not Funded In FY19/20,Not Funded In FY19/20,No,No,No,-23.32393,130.36045
Ilpurla,Moderate,2020-06-30,1018,Family Outstation,No,Alice Springs,MacDonnell Regional Council,Central Land Council,10.0,Ilpurla Aboriginal Corporation,Aboriginal Corporation,Yes,Yes,No,-24.31521,132.71446
Iluwurru,High,2020-06-30,904,Family Outstation,No,Barkly,Barkly Regional Council,Northern Land Council,,Not Funded In FY19/20,Not Funded In FY19/20,No,No,No,-19.03222,136.65003
Ilyiperenye,Low,2020-06-30,50,Town Camp,No,ERA,Alice Springs Town Council,Central Land Council,40.0,Ingkerreke Outstations Resource Services Aboriginal Corporation,Aboriginal Corporation,Yes,Yes,Yes,-23.743819,133.870792
Imangara,Moderate,2020-06-30,250,Minor,No,Alice Springs,Barkly Regional Council,Central Land Council,81.0,Barkly Regional Council,Local Government Association,Yes,Yes,No,-21.04961,134.68117
Imanpa,Moderate,2020-06-30,51,Major,No,Alice Springs,MacDonnell Regional Council,Central Land Council,177.0,MacDonnell Regional Council,Local Government Association,Yes,Yes,Yes,-25.13051,132.56999
Impadna,High,2020-06-30,20926,Family Outstation,No,Alice Springs,MacDonnell Regional Council,Central Land Council,,Not Funded In FY19/20,Not Funded In FY19/20,No,No,No,-25.15452,133.56947
Imperrenth,High,2020-06-30,961,Family Outstation,No,Alice Springs,Barkly Regional Council,Central Land Council,,Not Funded In FY19/20,Not Funded In FY19/20,No,No,No,-21.21086,134.96858
Importna,Low,2020-06-30,52,Family Outstation,No,Alice Springs,MacDonnell Regional Council,Central Land Council,3.0,Tjuwanpa Outstation Resource Centre Aboriginal Corporation,Aboriginal Corporation,Yes,Yes,No,-23.94048,132.74341
Inarlenge,Low,2020-06-30,90,Town Camp,No,ERA,Alice Springs Town Council,Central Land Council,64.0,Ingkerreke Outstations Resource Services Aboriginal Corporation,Aboriginal Corporation,Yes,Yes,Yes,-23.728819,133.858958
Inbina Atwatye,Low,2020-06-30,932,Family Outstation,Yes,Alice Springs,MacDonnell Regional Council,Central Land Council,8.0,Ingkerreke Outstations Resource Services Aboriginal Corporation,Aboriginal Corporation,Yes,Yes,Yes,-23.74118,133.71324
Indaringinya,High,2020-06-30,15,Family Outstation,No,Alice Springs,Barkly Regional Council,Central Land Council,23.0,Not Funded In FY19/20,Not Funded In FY19/20,No,No,No,-21.67707,134.71992
Ininti,High,2020-06-30,54,Family Outstation,No,Alice Springs,MacDonnell Regional Council,Central Land Council,,Not Funded In FY19/20,Not Funded In FY19/20,No,No,No,-23.16827,129.15249
Injilatparri,High,2020-06-30,336,Family Outstation,No,Arnhem,West Arnhem Regional Council,Northern Land Council,,Not Funded In FY19/20,Not Funded In FY19/20,No,No,No,-11.611125,133.413625
Injirramurri,Moderate,2020-06-30,55,Family Outstation,No,Alice Springs,Central Desert Regional Council,Central Land Council,,Not Funded In FY19/20,Not Funded In FY19/20,No,No,No,-22.46523,131.12911
Injulkama,High,2020-06-30,8,Family Outstation,No,Alice Springs,MacDonnell Regional Council,Central Land Council,,Not Funded In FY19/20,Not Funded In FY19/20,No,No,No,-23.07626,133.10673
Inkawenyerre,Moderate,2020-06-30,726,Family Outstation,No,Alice Springs,Barkly Regional Council,Central Land Council,,Urapuntja Aboriginal Corporation,Aboriginal Corporation,Yes,Yes,No,-21.82016,134.84707
Inkwelaye,Moderate,2020-06-30,82,Family Outstation,No,Alice Springs,Barkly Regional Council,Central Land Council,,Urapuntja Aboriginal Corporation,Aboriginal Corporation,Yes,Yes,No,-22.07951,134.83153
Intjartnama,Low,2020-06-30,56,Family Outstation,No,Alice Springs,MacDonnell Regional Council,Central Land Council,10.0,Ngurratjuta Pmara Ntjarra Aboriginal Corporation,Aboriginal Corporation,Yes,Yes,No,-24.06292,132.92056
Inyilingi,Moderate,2020-06-30,59,Family Outstation,No,Alice Springs,MacDonnell Regional Council,Central Land Council,,Not Funded In FY19/20,Not Funded In FY19/20,No,No,No,-23.24973,131.42488
Ipalala,Low,2020-06-30,771,Family Outstation,No,Alice Springs,MacDonnell Regional Council,Central Land Council,6.0,Tjuwanpa Outstation Resource Centre Aboriginal Corporation,Aboriginal Corporation,Yes,Yes,No,-23.92556,132.67808
Ipolera,Low,2020-06-30,60,Family Outstation,No,Alice Springs,MacDonnell Regional Council,Central Land Council,,Tjuwanpa Outstation Resource Centre Aboriginal Corporation,Aboriginal Corporation,Yes,Yes,No,-23.98862,132.37407
Irgul Point,Low,2020-06-30,978,Family Outstation,No,Arnhem,West Arnhem Regional Council,Northern Land Council,4.0,Demed Aboriginal Corporation,Aboriginal Corporation,Yes,Yes,No,-11.34201,132.52876
Irklancha Atwacha,High,2020-06-30,1025,Town Camp,No,ERA,Alice Springs Town Council,Central Land Council,,Not Funded In FY19/20,Not Funded In FY19/20,No,No,No,-23.6941,133.9052
Iron Stone,High,2020-06-30,826,Family Outstation,Yes,Vernon Arafura,Un-Incorporate (Cox-Daly),Northern Land Council,,Not Funded In FY19/20,Not Funded In FY19/20,No,No,No,-12.89499,130.43571
Irrerlirre,Low,2020-06-30,703,Family Outstation,No,Alice Springs,Central Desert Regional Council,Central Land Council,20.0,Central Desert Regional Council,Local Government Association,Yes,Yes,No,-22.8462,135.1345
Irriltyere (A),Low,2020-06-30,921,Family Outstation,Yes,Alice Springs,MacDonnell Regional Council,Central Land Council,8.0,Ingkerreke Outstations Resource Services Aboriginal Corporation,Aboriginal Corporation,Yes,Yes,Yes,-23.75129,133.69467
Irriltyere (B),Low,2020-06-30,922,Family Outstation,Yes,Alice Springs,MacDonnell Regional Council,Central Land Council,8.0,Ingkerreke Outstations Resource Services Aboriginal Corporation,Aboriginal Corporation,Yes,Yes,Yes,-23.76105,133.68564
Irrmarne,High,2020-06-30,853,Family Outstation,No,Alice Springs,Barkly Regional Council,Central Land Council,,Not Funded In FY19/20,Not Funded In FY19/20,No,No,No,-21.65405,136.39475
Irrowa,Moderate,2020-06-30,24989,Family Outstation,No,Alice Springs,MacDonnell Regional Council,Central Land Council,,Ingkerreke Outstations Resource Services Aboriginal Corporation,Aboriginal Corporation,No,Yes,No,-24.62515,132.33103
Irrultja,Moderate,2020-06-30,63,Minor,No,Alice Springs,Barkly Regional Council,Central Land Council,45.0,Far Northern Contractors Pty Ltd  ( T & J Contractors ),Private Enterprise,Yes,Yes,No,-21.97997,135.11128
Itchy Koo Park,Low,2020-06-30,935,Family Outstation,Yes,Alice Springs,MacDonnell Regional Council,Central Land Council,30.0,Ingkerreke Outstations Resource Services Aboriginal Corporation,Aboriginal Corporation,Yes,Yes,Yes,-23.766666,133.65816
Iteyepintye,Low,2020-06-30,923,Family Outstation,Yes,Alice Springs,MacDonnell Regional Council,Central Land Council,24.0,Ingkerreke Outstations Resource Services Aboriginal Corporation,Aboriginal Corporation,Yes,Yes,Yes,-23.76466,133.59994
Itperlyenge,Low,2020-06-30,924,Family Outstation,Yes,Alice Springs,MacDonnell Regional Council,Central Land Council,15.0,Ingkerreke Outstations Resource Services Aboriginal Corporation,Aboriginal Corporation,Yes,Yes,Yes,-23.76361,133.61103
Itwiyethwenge,Moderate,2020-06-30,64,Town Camp,No,ERA,Alice Springs Town Council,Central Land Council,4.0,Tangentyere Council Aboriginal Corporation,Aboriginal Corporation,Yes,Yes,No,-23.663625,133.871681
Iwupataka,Low,2020-06-30,65,Minor,Yes,Alice Springs,MacDonnell Regional Council,Central Land Council,,MacDonnell Regional Council,Local Government Association,Yes,Yes,Yes,-23.79061,133.50327
Iylentye,Moderate,2020-06-30,727,Family Outstation,No,Alice Springs,Barkly Regional Council,Central Land Council,,Urapuntja Aboriginal Corporation,Aboriginal Corporation,Yes,Yes,No,-21.98676,134.72667
Jangirulu,High,2020-06-30,704,Family Outstation,No,Barkly,Barkly Regional Council,Northern Land Council,,Not Funded In FY19/20,Not Funded In FY19/20,No,No,No,-18.12561,133.61111
Jarra Jarra,Moderate,2020-06-30,234,Family Outstation,No,Barkly,Barkly Regional Council,Central Land Council,,Not Funded In FY19/20,Not Funded In FY19/20,No,No,No,-20.84765,133.22064
Jarramagorndarra,High,2020-06-30,966,Family Outstation,No,Arnhem,West Arnhem Regional Council,Northern Land Council,,Not Funded In FY19/20,Not Funded In FY19/20,No,No,No,-12.29072,134.65311
Jemelke,Moderate,2020-06-30,824,Family Outstation,No,Alice Springs,Barkly Regional Council,Central Land Council,12.0,Thangkenharenge Aboriginal Corporation,Aboriginal Corporation,Yes,Yes,No,-21.533888,133.87473
Ji-Balbal,Moderate,2020-06-30,338,Family Outstation,No,Arnhem,West Arnhem Regional Council,Northern Land Council,24.0,Bawinanga Aboriginal Corporation,Aboriginal Corporation,Yes,Yes,No,-12.29755,134.61989
Ji-Bena,Moderate,2020-06-30,311,Family Outstation,No,Arnhem,West Arnhem Regional Council,Northern Land Council,28.0,Bawinanga Aboriginal Corporation,Aboriginal Corporation,Yes,Yes,No,-12.14418,134.5264
Ji-Malawa,Moderate,2020-06-30,793,Family Outstation,No,Arnhem,West Arnhem Regional Council,Northern Land Council,20.0,Bawinanga Aboriginal Corporation,Aboriginal Corporation,Yes,Yes,No,-12.12168,134.67334
Ji-Marda,Moderate,2020-06-30,340,Family Outstation,No,Arnhem,West Arnhem Regional Council,Northern Land Council,58.0,Bawinanga Aboriginal Corporation,Aboriginal Corporation,Yes,Yes,No,-12.056125,134.615014
Jilkminggan,High,2020-06-30,593,Minor,No,Savanna,Roper Gulf Regional Council,Northern Land Council,354.0,Roper Gulf Regional Council,Local Government Association,Yes,Yes,No,-14.953055,133.3
Jilundarina,High,2020-06-30,261,Family Outstation,No,Barkly,Barkly Regional Council,Northern Land Council,,Not Funded In FY19/20,Not Funded In FY19/20,No,No,No,-17.60557,137.57665
Jimilaya,Moderate,2020-06-30,989,Family Outstation,No,Savanna,Roper Gulf Regional Council,Northern Land Council,,Not Funded In FY19/20,Not Funded In FY19/20,No,No,No,-15.60885,136.67467
Jingaloo,High,2020-06-30,235,Family Outstation,No,Barkly,Barkly Regional Council,Northern Land Council,,Not Funded In FY19/20,Not Funded In FY19/20,No,No,No,-17.11311,133.61433
Jiwaranpa,Moderate,2020-06-30,646,Family Outstation,No,Alice Springs,Central Desert Regional Council,Central Land Council,,Not Funded In FY19/20,Not Funded In FY19/20,No,No,No,-19.55541,129.92674
Jodetluk,Low,2020-06-30,598,Family Outstation,Yes,Savanna,Roper Gulf Regional Council,Northern Land Council,40.0,Roper Gulf Regional Council,Local Government Association,Yes,Yes,No,-14.360001,132.43333
Jomet (Urpalarwn),High,2020-06-30,710,Family Outstation,No,Savanna,Roper Gulf Regional Council,Northern Land Council,,Not Funded In FY19/20,Not Funded In FY19/20,No,No,No,-15.42069,133.11146
Jowar,High,2020-06-30,602,Family Outstation,No,Savanna,Roper Gulf Regional Council,Northern Land Council,,Not Funded In FY19/20,Not Funded In FY19/20,No,No,No,-14.72747,134.42881
Jungarrayi Warrnu,Moderate,2020-06-30,695,Family Outstation,No,Alice Springs,Central Desert Regional Council,Central Land Council,,Not Funded In FY19/20,Not Funded In FY19/20,No,No,No,-22.68594,131.43088
Junkaji,Low,2020-06-30,734,Family Outstation,No,Barkly,Barkly Regional Council,Central Land Council,2.0,Far Northern Contractors Pty Ltd  ( T & J Contractors ),Private Enterprise,Yes,Yes,No,-20.44656,134.14149
Kabalyarra,Moderate,2020-06-30,794,Family Outstation,No,Arnhem,West Arnhem Regional Council,Northern Land Council,1.0,Bawinanga Aboriginal Corporation,Aboriginal Corporation,Yes,Yes,No,-12.069458,134.212792
Kabulwarnamyo,Low,2020-06-30,1007,Family Outstation,No,Arnhem,West Arnhem Regional Council,Northern Land Council,,Wardekken Land Management Ltd,Aboriginal Corporation,Yes,Yes,No,-12.76486,133.84472
Kakodbabuldi,Low,2020-06-30,326,Family Outstation,No,Arnhem,West Arnhem Regional Council,Northern Land Council,4.0,Bawinanga Aboriginal Corporation,Aboriginal Corporation,Yes,Yes,No,-12.407792,134.157792
Kalinjarri,Moderate,2020-06-30,736,Family Outstation,No,Barkly,Barkly Regional Council,Central Land Council,,Not Funded In FY19/20,Not Funded In FY19/20,No,No,No,-20.39752,134.36571
Kalkarindji,High,2020-06-30,603,Major,No,Savanna,Victoria-Daly Regional Council,Central Land Council,392.0,Victoria Daly Regional Council,Local Government Association,Yes,Yes,No,-17.44675,130.83212
Kalpitapta,Moderate,2020-06-30,947,Family Outstation,No,Barkly,Barkly Regional Council,Central Land Council,44.0,Not Funded In FY19/20,Not Funded In FY19/20,No,No,No,-20.89936,135.35397
Kaltukatjara,Moderate,2020-06-30,66,Major,No,Alice Springs,MacDonnell Regional Council,Central Land Council,463.0,MacDonnell Regional Council,Local Government Association,Yes,Yes,Yes,-24.876112,129.07916
Kalumbulani,High,2020-06-30,941,Family Outstation,No,Savanna,Victoria-Daly Regional Council,Northern Land Council,,Not Funded In FY19/20,Not Funded In FY19/20,No,No,No,-16.877195,131.21949
Kalumpurlpa,Moderate,2020-06-30,236,Family Outstation,No,Barkly,Barkly Regional Council,Central Land Council,2.0,Not Funded In FY19/20,Not Funded In FY19/20,No,No,No,-19.00387,133.91809
Kangaroo Island,Moderate,2020-06-30,237,Family Outstation,No,Savanna,Roper Gulf Regional Council,Northern Land Council,5.0,Mabunji Aboriginal Resource Indigenous Corporation,Aboriginal Corporation,Yes,Yes,No,-15.88848,136.53951
Kapalga,Low,2020-06-30,980,Family Outstation,No,Arnhem,West Arnhem Regional Council,Northern Land Council,12.0,Warnbi Aboriginal Corporatio - Kakadu,Aboriginal Corporation,Yes,Yes,No,-12.698764,132.371125
Kaporilya,Low,2020-06-30,67,Family Outstation,No,Alice Springs,MacDonnell Regional Council,Central Land Council,10.0,Tjuwanpa Outstation Resource Centre Aboriginal Corporation,Aboriginal Corporation,Yes,Yes,No,-23.939736,132.720292
Kargaru,Low,2020-06-30,238,Town Camp,No,ERA,Barkly Regional Council,Central Land Council,49.0,Barkly Regional Council,Local Government Association,Yes,Yes,No,-19.658611,134.19806
Karnte,Moderate,2020-06-30,69,Town Camp,No,ERA,Alice Springs Town Council,Central Land Council,36.0,Tangentyere Council Aboriginal Corporation,Aboriginal Corporation,Yes,Yes,No,-23.764375,133.864736
Karrinyarra,Low,2020-06-30,116,Family Outstation,No,Alice Springs,Central Desert Regional Council,Central Land Council,8.0,Yapa-Kurlangu Ngurrara Aboriginal Corporation,Aboriginal Corporation,Yes,Yes,No,-22.66329,131.87876
Katjutari,Low,2020-06-30,870,Family Outstation,No,Alice Springs,MacDonnell Regional Council,Central Land Council,6.0,Tjuwanpa Outstation Resource Centre Aboriginal Corporation,Aboriginal Corporation,Yes,Yes,No,-23.740847,132.004736
Kelerrk,Moderate,2020-06-30,883,Family Outstation,No,Vernon Arafura,Victoria-Daly Regional Council,Northern Land Council,2.0,Yantjarrwu Outstation Resource Centre Aboriginal Corporation,Aboriginal Corporation,Yes,Yes,No,-13.95783,130.32647
Kewulyi,Moderate,2020-06-30,1017,Family Outstation,No,Savanna,Roper Gulf Regional Council,Northern Land Council,25.0,Roper Gulf Regional Council,Local Government Association,Yes,Yes,No,-14.92699,134.00927
Kiana,Moderate,2020-06-30,722,Family Outstation,No,Barkly,Roper Gulf Regional Council,Northern Land Council,18.0,Mabunji Aboriginal Resource Indigenous Corporation,Aboriginal Corporation,Yes,Yes,No,-17.242361,136.18411
Kintore,Moderate,2020-06-30,72,Major,No,Alice Springs,MacDonnell Regional Council,Central Land Council,482.0,MacDonnell Regional Council,Local Government Association,Yes,Yes,Yes,-23.27591,129.38725
Knuckey Lagoon Indigenous Village,Moderate,2020-06-30,344,Town Camp,No,ERA,Litchfield Council,Northern Land Council,54.0,Yilli Rreung Housing Aboriginal Corporation,Aboriginal Corporation,Yes,Yes,No,-12.436542,130.937486
Kolorbidahdah,Low,2020-06-30,345,Family Outstation,No,Arnhem,West Arnhem Regional Council,Northern Land Council,25.0,Bawinanga Aboriginal Corporation,Aboriginal Corporation,Yes,Yes,No,-12.61309,134.32539
Kubuyirr,High,2020-06-30,912,Family Outstation,No,Vernon Arafura,Victoria-Daly Regional Council,Northern Land Council,,Not Funded In FY19/20,Not Funded In FY19/20,No,No,No,-14.12168,129.78499
Kudantiga,High,2020-06-30,936,Family Outstation,No,Vernon Arafura,Victoria-Daly Regional Council,Northern Land Council,,Not Funded In FY19/20,Not Funded In FY19/20,No,No,No,-14.429181,129.429181
Kulaluk,Moderate,2020-06-30,347,Town Camp,No,ERA,Darwin City Council,Northern Land Council,,QP Plumbing and Building Pty Tls,Private Enterprise,Yes,Yes,No,-12.392792,130.848903
Kulang,Moderate,2020-06-30,747,Family Outstation,No,Alice Springs,MacDonnell Regional Council,Central Land Council,,Not Funded In FY19/20,Not Funded In FY19/20,No,No,No,-24.71557,129.00638
Kulpitharra,Low,2020-06-30,76,Family Outstation,No,Alice Springs,MacDonnell Regional Council,Central Land Council,4.0,Tjuwanpa Outstation Resource Centre Aboriginal Corporation,Aboriginal Corporation,Yes,Yes,No,-23.739736,132.002792
Kultchill,High,2020-06-30,351,Family Outstation,No,Vernon Arafura,Victoria-Daly Regional Council,Northern Land Council,,Not Funded In FY19/20,Not Funded In FY19/20,No,No,No,-14.42586,129.57391
Kulumpurlpa,High,2020-06-30,14247,Family Outstation,No,Barkly,Barkly Regional Council,Northern Land Council,,Not Funded In FY19/20,Not Funded In FY19/20,No,No,No,-19.0053,134.9161
Kumunu,High,2020-06-30,1000,Family Outstation,No,Barkly,Barkly Regional Council,Central Land Council,1.0,Not Funded In FY19/20,Not Funded In FY19/20,No,No,No,-18.764181,133.639458
Kumurrulu,Low,2020-06-30,967,Family Outstation,No,Arnhem,West Arnhem Regional Council,Northern Land Council,12.0,Bawinanga Aboriginal Corporation,Aboriginal Corporation,Yes,Yes,No,-12.27171,134.07048
Kunapula,Moderate,2020-06-30,77,Family Outstation,No,Alice Springs,MacDonnell Regional Council,Central Land Council,,Not Funded In FY19/20,Not Funded In FY19/20,No,No,No,-25.15697,129.23411
Kunayungku,Moderate,2020-06-30,239,Family Outstation,No,Barkly,Barkly Regional Council,Central Land Council,,Not Funded In FY19/20,Not Funded In FY19/20,No,Yes,No,-19.74209,133.72464
Kungarrewarl,Moderate,2020-06-30,391,Family Outstation,No,Arnhem,West Arnhem Regional Council,Northern Land Council,4.0,Demed Aboriginal Corporation,Aboriginal Corporation,Yes,Yes,No,-12.34346,133.05617
Kungkayunti,Moderate,2020-06-30,78,Family Outstation,No,Alice Springs,MacDonnell Regional Council,Central Land Council,,Not Funded In FY19/20,Not Funded In FY19/20,No,No,No,-23.62647,131.24371
Kunoth,Low,2020-06-30,1029,Town Camp,No,ERA,Alice Springs Town Council,Central Land Council,16.0,Ingkerreke Outstations Resource Services Aboriginal Corporation,Aboriginal Corporation,Yes,Yes,Yes,-23.69054,133.880258
Kurinelli,Moderate,2020-06-30,14262,Family Outstation,No,Barkly,Barkly Regional Council,Central Land Council,,Not Funded In FY19/20,Not Funded In FY19/20,No,No,No,-20.6114,135.04
Kurippi,Low,2020-06-30,110,Family Outstation,No,Alice Springs,Central Desert Regional Council,Central Land Council,5.0,Yapa-Kurlangu Ngurrara Aboriginal Corporation,Aboriginal Corporation,Yes,Yes,No,-22.14211,132.05316
Kurkutjara,Moderate,2020-06-30,81,Family Outstation,No,Alice Springs,MacDonnell Regional Council,Central Land Council,,Not Funded In FY19/20,Not Funded In FY19/20,No,No,No,-25.94178,129.41115
Kurntapurra,Moderate,2020-06-30,905,Family Outstation,No,Barkly,Barkly Regional Council,Northern Land Council,14.0,Manungurra Aboriginal Corporation,Aboriginal Corporation,Yes,Yes,No,-19.39177,135.39788
Kurraya,Low,2020-06-30,822,Family Outstation,Yes,Barkly,Barkly Regional Council,Central Land Council,1.0,Far Northern Contractors Pty Ltd  ( T & J Contractors ),Private Enterprise,Yes,Yes,No,-19.76559,134.47545
Kurrurldul,Low,2020-06-30,753,Family Outstation,No,Arnhem,West Arnhem Regional Council,Northern Land Council,4.0,Bawinanga Aboriginal Corporation,Aboriginal Corporation,Yes,Yes,No,-12.48806,134.24012
Kuwuma,Moderate,2020-06-30,776,Family Outstation,No,Vernon Arafura,Victoria-Daly Regional Council,Northern Land Council,1.0,Yantjarrwu Outstation Resource Centre Aboriginal Corporation,Aboriginal Corporation,Yes,Yes,No,-13.59805,130.36991
Kuy,Moderate,2020-06-30,718,Family Outstation,No,Vernon Arafura,West Daly Regional Council,Northern Land Council,1.0,West Daly Regional Council,Local Government Association,Yes,Yes,No,-14.03546,129.59784
Kwala,Low,2020-06-30,83,Family Outstation,No,Alice Springs,MacDonnell Regional Council,Central Land Council,6.0,Tjuwanpa Outstation Resource Centre Aboriginal Corporation,Aboriginal Corporation,Yes,Yes,No,-23.927236,132.889736
Kwale Kwale,Low,2020-06-30,925,Family Outstation,Yes,Alice Springs,MacDonnell Regional Council,Central Land Council,20.0,Ingkerreke Outstations Resource Services Aboriginal Corporation,Aboriginal Corporation,Yes,Yes,Yes,-23.76972,133.57451
Kwombom,High,2020-06-30,777,Family Outstation,No,Vernon Arafura,Victoria-Daly Regional Council,Northern Land Council,,Not Funded In FY19/20,Not Funded In FY19/20,No,No,No,-13.95523,130.29075
Kybrook Farm,Moderate,2020-06-30,608,Minor,Yes,Vernon Arafura,Victoria-Daly Regional Council,Northern Land Council,72.0,Power Projects (NT) Pty Ltd,Private Enterprise,Yes,Yes,No,-13.86316,131.82196
Labrapuntja,Low,2020-06-30,85,Family Outstation,No,Alice Springs,MacDonnell Regional Council,Central Land Council,10.0,Tjuwanpa Outstation Resource Centre Aboriginal Corporation,Aboriginal Corporation,Yes,Yes,No,-23.91184,132.93926
Lajamanu,Moderate,2020-06-30,609,Major,No,Savanna,Central Desert Regional Council,Central Land Council,703.0,Central Desert Regional Council,Local Government Association,Yes,Yes,Yes,-18.335835,130.63834
Lake Katherine,Moderate,2020-06-30,833,Family Outstation,No,Arnhem,Roper Gulf Regional Council,Northern Land Council,,Not Funded In FY19/20,Not Funded In FY19/20,No,No,No,-14.27374,135.06805
Langarra,Low,2020-06-30,519,Family Outstation,No,Arnhem,East Arnhem Regional Council,Northern Land Council,45.0,Milingimbi & Outstations Progress Resource Association Inc,Aboriginal Corporation,Yes,Yes,No,-12.099181,135.361681
Laramba,Moderate,2020-06-30,86,Major,No,Alice Springs,Central Desert Regional Council,Central Land Council,281.0,Central Deset Regional Council,Local Government Association,Yes,Yes,Yes,-22.532972,132.75603
Larapinta Valley,Moderate,2020-06-30,87,Town Camp,No,ERA,Alice Springs Town Council,Central Land Council,90.0,Tangentyere Council Aboriginal Corporation,Aboriginal Corporation,Yes,Yes,No,-23.711042,133.851403
Larrpayanji,High,2020-06-30,696,Family Outstation,No,Savanna,Roper Gulf Regional Council,Northern Land Council,,Not Funded In FY19/20,Not Funded In FY19/20,No,No,No,-14.78334,134.68017
Leichardt,Moderate,2020-06-30,1008,Family Outstation,No,Vernon Arafura,Victoria-Daly Regional Council,Northern Land Council,1.0,Yantjarrwu Outstation Resource Centre Aboriginal Corporation,Aboriginal Corporation,Yes,Yes,No,-13.84806,130.27907
Lija Mukumparla,High,2020-06-30,820,Family Outstation,No,Barkly,Barkly Regional Council,Northern Land Council,,Not Funded In FY19/20,Not Funded In FY19/20,No,No,No,-17.33208,135.08074
Likkaparta,Low,2020-06-30,721,Minor,No,Barkly,Barkly Regional Council,Central Land Council,8.0,North Barkly Aboriginal Corporation/ Far Northern Contractors Pty Ltd,Aboriginal Corporation,Yes,Yes,No,-19.34336,134.53799
Liku,High,2020-06-30,610,Family Outstation,No,Savanna,Victoria-Daly Regional Council,Central Land Council,,Not Funded In FY19/20,Not Funded In FY19/20,No,No,No,-17.91141,130.50429
Lilla,Moderate,2020-06-30,88,Family Outstation,No,Alice Springs,MacDonnell Regional Council,Central Land Council,16.0,Ngurratjuta Pmara Ntjarra Aboriginal Corporation,Aboriginal Corporation,Yes,Yes,No,-24.29728,131.60327
Liltjera,Low,2020-06-30,93,Family Outstation,No,Alice Springs,MacDonnell Regional Council,Central Land Council,8.0,Tjuwanpa Outstation Resource Centre Aboriginal Corporation,Aboriginal Corporation,Yes,Yes,No,-23.9364,132.63779
Lily Hole,High,2020-06-30,24996,Family Outstation,No,Barkly,Barkly Regional Council,Northern Land Council,,Not Funded In FY19/20,Not Funded In FY19/20,No,Yes,No,-17.247366,133.749567
Lingara,Moderate,2020-06-30,613,Family Outstation,No,Savanna,Victoria-Daly Regional Council,Northern Land Council,52.0,Victoria Daly Regional Council,Local Government Association,Yes,Yes,No,-16.486944,130.64333
Little Well,Low,2020-06-30,91,Family Outstation,No,Alice Springs,MacDonnell Regional Council,Central Land Council,4.0,Ingkerreke Outstations Resource Services Aboriginal Corporation,Aboriginal Corporation,Yes,Yes,Yes,-24.13547,135.33314
Lizard Bore,Low,2020-06-30,856,Family Outstation,No,Alice Springs,MacDonnell Regional Council,Central Land Council,4.0,MacDonnell Regional Council,Local Government Association,Yes,Yes,No,-23.30034,131.13465
Ltira,Low,2020-06-30,92,Family Outstation,No,Alice Springs,MacDonnell Regional Council,Central Land Council,15.0,Tjuwanpa Outstation Resource Centre Aboriginal Corporation,Aboriginal Corporation,Yes,Yes,No,-24.05709,132.90182
Lul-tju,Low,2020-06-30,614,Family Outstation,No,Alice Springs,Central Desert Regional Council,Central Land Council,2.0,Central Desert Regional Council,Local Government Association,Yes,Yes,No,-18.37671,130.59313
Luntharra,Moderate,2020-06-30,871,Family Outstation,No,Alice Springs,MacDonnell Regional Council,Central Land Council,3.0,Tjuwanpa Outstation Resource Centre Aboriginal Corporation,Aboriginal Corporation,Yes,Yes,No,-23.73543,132.04497
Lyilyalanama,Low,2020-06-30,94,Family Outstation,No,Alice Springs,MacDonnell Regional Council,Central Land Council,2.0,Tjuwanpa Outstation Resource Centre Aboriginal Corporation,Aboriginal Corporation,Yes,Yes,No,-23.947236,132.744736
Mala,Moderate,2020-06-30,28,Family Outstation,No,Alice Springs,Central Desert Regional Council,Central Land Council,,Not Funded In FY19/20,Not Funded In FY19/20,No,No,No,-21.69494,130.85331
Malgawa,Moderate,2020-06-30,376,Family Outstation,No,Arnhem,West Arnhem Regional Council,Northern Land Council,17.0,Demed Aboriginal Corporation,Aboriginal Corporation,Yes,Yes,No,-12.83887,133.91826
Malkala,Moderate,2020-06-30,522,Family Outstation,No,Arnhem,East Arnhem Regional Council,Anindilyakwa Land Council,70.0,GEBIE Civil and Construction Pty Ltd,Private Enterprise,Yes,Yes,No,-13.891403,136.442236
Mallarrami,Moderate,2020-06-30,851,Family Outstation,No,Arnhem,East Arnhem Regional Council,Northern Land Council,,Not Funded In FY19/20,Not Funded In FY19/20,No,No,No,-11.77541,136.53563
Malnjangarnak,Low,2020-06-30,523,Family Outstation,No,Arnhem,West Arnhem Regional Council,Northern Land Council,1.0,Bawinanga Aboriginal Corporation,Aboriginal Corporation,Yes,Yes,No,-12.660569,134.773347
Mamadawerre,Moderate,2020-06-30,355,Family Outstation,No,Arnhem,West Arnhem Regional Council,Northern Land Council,30.0,Demed Aboriginal Corporation,Aboriginal Corporation,Yes,Yes,No,-12.25629,133.65782
Mamadi,High,2020-06-30,694,Family Outstation,No,Savanna,Victoria-Daly Regional Council,Central Land Council,,Not Funded In FY19/20,Not Funded In FY19/20,No,No,No,-17.84951,129.63515
Manaburdurma,Moderate,2020-06-30,687,Town Camp,No,ERA,West Arnhem Regional Council,Northern Land Council,45.0,Warnbi Aboriginal Corporatio - Kakadu,Aboriginal Corporation,Yes,Yes,No,-12.66638,132.84319
Manangoora,Moderate,2020-06-30,816,Family Outstation,No,Savanna,Roper Gulf Regional Council,Northern Land Council,2.0,Power Projects (NT) Pty Ltd,Private Enterprise,Yes,Yes,No,-16.0515,136.86085
Mandedjkadjang,Moderate,2020-06-30,897,Family Outstation,No,Arnhem,West Arnhem Regional Council,Northern Land Council,12.0,Bawinanga Aboriginal Corporation,Aboriginal Corporation,Yes,Yes,No,-12.26454,134.03056
Mandilbarreng,Low,2020-06-30,359,Family Outstation,No,Arnhem,West Arnhem Regional Council,Northern Land Council,4.0,Demed Aboriginal Corporation,Aboriginal Corporation,Yes,Yes,No,-12.27402,133.58456
Mangardubu,High,2020-06-30,361,Family Outstation,No,Arnhem,West Arnhem Regional Council,Northern Land Council,,Not Funded In FY19/20,Not Funded In FY19/20,No,No,No,-12.0937,133.1864
Maningrida,High,2020-06-30,362,Major,No,Arnhem,West Arnhem Regional Council,Northern Land Council,2712.0,West Arnhem Regional Council,Local Government Association,Yes,Yes,No,-12.050847,134.223625
Mankorlod,Low,2020-06-30,360,Family Outstation,No,Arnhem,West Arnhem Regional Council,Northern Land Council,6.0,Bawinanga Aboriginal Corporation,Aboriginal Corporation,Yes,Yes,No,-12.56501,134.27067
Manmoyi,Moderate,2020-06-30,363,Minor,No,Arnhem,West Arnhem Regional Council,Northern Land Council,40.0,Demed Aboriginal Corporation,Aboriginal Corporation,Yes,Yes,No,-12.54064,134.110013
Mantapayika,Moderate,2020-06-30,97,Family Outstation,No,Alice Springs,MacDonnell Regional Council,Central Land Council,,Not Funded In FY19/20,Not Funded In FY19/20,No,No,No,-25.47458,130.22561
Manyallaluk,High,2020-06-30,595,Minor,No,Savanna,Roper Gulf Regional Council,Northern Land Council,108.0,Roper Gulf Regional Council,Local Government Association,Yes,Yes,No,-14.26649,132.82797
Maperte,Moderate,2020-06-30,902,Family Outstation,No,Alice Springs,Central Desert Regional Council,Central Land Council,,Not Funded In FY19/20,Not Funded In FY19/20,No,No,No,-22.541588,136.38103
Mapuru,Moderate,2020-06-30,524,Minor,No,Arnhem,East Arnhem Regional Council,Northern Land Council,43.0,Marthakal Homelands & Resource Centre Aboriginal Corporation,Aboriginal Corporation,Yes,Yes,No,-12.25318,135.43779
Mara,Moderate,2020-06-30,222,Town Camp,No,Savanna,Roper Gulf Regional Council,Northern Land Council,170.0,Mabunji Aboriginal Resource Indigenous Corporation,Aboriginal Corporation,Yes,Yes,No,-16.050847,136.304736
Maria Lagoon,High,2020-06-30,618,Family Outstation,No,Savanna,Roper Gulf Regional Council,Northern Land Council,,Not Funded In FY19/20,Not Funded In FY19/20,No,No,No,-15.29989,135.44463
Mariah,Moderate,2020-06-30,828,Family Outstation,No,Arnhem,West Arnhem Regional Council,Northern Land Council,,Not Funded In FY19/20,Not Funded In FY19/20,No,No,No,-11.22968,132.38022
Mariniri,High,2020-06-30,994,Family Outstation,No,Savanna,Roper Gulf Regional Council,Northern Land Council,,Not Funded In FY19/20,Not Funded In FY19/20,No,No,No,-16.670014,136.901403
Marla Marla,Low,2020-06-30,223,Town Camp,No,ERA,Barkly Regional Council,Central Land Council,25.0,Barkly Regional Council,Local Government Association,Yes,Yes,No,-19.655,134.179
Marlinja,Moderate,2020-06-30,252,Minor,No,Barkly,Barkly Regional Council,Northern Land Council,80.0,Power Projects (NT) Pty Ltd,Private Enterprise,Yes,Yes,No,-17.37111,133.40305
Marlwon,Moderate,2020-06-30,325,Family Outstation,No,Arnhem,West Arnhem Regional Council,Northern Land Council,4.0,Demed Aboriginal Corporation,Aboriginal Corporation,Yes,Yes,No,-12.13453,133.86307
Marralum,Moderate,2020-06-30,619,Family Outstation,No,Savanna,Victoria-Daly Regional Council,Northern Land Council,15.0,Ngaliwurru-Wuli Association,Aboriginal Corporation,Yes,Yes,No,-15.39109,129.25026
Marramarrani,Moderate,2020-06-30,894,Family Outstation,No,Arnhem,West Arnhem Regional Council,Northern Land Council,,Not Funded In FY19/20,Not Funded In FY19/20,No,No,No,-11.30261,132.55341
Marraya,Moderate,2020-06-30,527,Family Outstation,No,Arnhem,Roper Gulf Regional Council,Northern Land Council,,Not Funded In FY19/20,Not Funded In FY19/20,No,No,No,-13.83939,135.80099
Marrkalawa,Moderate,2020-06-30,899,Family Outstation,No,Arnhem,Roper Gulf Regional Council,Northern Land Council,6.0,Numbulwar Homelands Council Association Inc,Aboriginal Corporation,Yes,Yes,No,-13.57423,135.7131
Marrkolidjban,Low,2020-06-30,368,Family Outstation,No,Arnhem,West Arnhem Regional Council,Northern Land Council,15.0,Bawinanga Aboriginal Corporation,Aboriginal Corporation,Yes,Yes,No,-12.237514,134.064458
Martjanba,Moderate,2020-06-30,528,Family Outstation,No,Arnhem,East Arnhem Regional Council,Northern Land Council,,Not Funded In FY19/20,Not Funded In FY19/20,No,No,No,-11.17006,136.70702
Matamata,Low,2020-06-30,529,Family Outstation,No,Arnhem,East Arnhem Regional Council,Northern Land Council,21.0,Marthakal Homelands & Resource Centre Aboriginal Corporation,Aboriginal Corporation,Yes,Yes,No,-12.07676,136.27125
Mataranka Town Camp,High,2020-06-30,620,Town Camp,No,ERA,Roper Gulf Regional Council,Northern Land Council,,Not Funded In FY19/20,Not Funded In FY19/20,No,No,No,-14.926181,133.067375
Mawulyumanja,Moderate,2020-06-30,530,Family Outstation,No,Arnhem,East Arnhem Regional Council,Anindilyakwa Land Council,10.0,GEBIE Civil and Construction Pty Ltd,Private Enterprise,Yes,Yes,No,-13.84278,136.72335
Mbalkanaka,Low,2020-06-30,101,Family Outstation,No,Alice Springs,MacDonnell Regional Council,Central Land Council,2.0,Tjuwanpa Outstation Resource Centre Aboriginal Corporation,Aboriginal Corporation,Yes,Yes,No,-23.95349,132.87547
Mbunghara,Moderate,2020-06-30,102,Family Outstation,No,Alice Springs,MacDonnell Regional Council,Central Land Council,25.0,MacDonnell Regional Council,Local Government Association,Yes,Yes,No,-23.29071,132.35891
Mcdonalds Yard,Moderate,2020-06-30,847,Family Outstation,No,Savanna,Victoria-Daly Regional Council,Central Land Council,,Not Funded In FY19/20,Not Funded In FY19/20,No,Yes,No,-17.78239,130.59211
Menngen,Moderate,2020-06-30,951,Family Outstation,No,Savanna,Victoria-Daly Regional Council,Northern Land Council,30.0,Ngaliwurru-Wuli Association,Aboriginal Corporation,Yes,Yes,No,-15.356958,131.273069
Merral Ntarrakala,Low,2020-06-30,872,Family Outstation,No,Alice Springs,MacDonnell Regional Council,Central Land Council,6.0,Tjuwanpa Outstation Resource Centre Aboriginal Corporation,Aboriginal Corporation,Yes,Yes,No,-23.91418,132.82865
Merrepen,Moderate,2020-06-30,717,Family Outstation,No,Vernon Arafura,West Daly Regional Council,Northern Land Council,50.0,West Daly Regional Council,Local Government Association,Yes,Yes,No,-14.22128,129.96735
Mewirnbi,High,2020-06-30,372,Family Outstation,No,Arnhem,West Arnhem Regional Council,Northern Land Council,15.0,Not Funded In FY19/20,Not Funded In FY19/20,No,No,No,-12.12529,134.76806
Miali Brumby,High,2020-06-30,621,Town Camp,No,ERA,Katherine Town Council,Northern Land Council,192.0,Kalano Community Association Inc,Aboriginal Corporation,Yes,Yes,No,-14.455833,132.2589
Mikginj Valley,Moderate,2020-06-30,373,Family Outstation,No,Arnhem,West Arnhem Regional Council,Northern Land Council,6.0,Demed Aboriginal Corporation,Aboriginal Corporation,Yes,Yes,No,-12.47966,133.07465
Milibunthurra,Moderate,2020-06-30,987,Family Outstation,No,Savanna,Roper Gulf Regional Council,Northern Land Council,3.0,Mabunji Aboriginal Resource Indigenous Corporation,Aboriginal Corporation,Yes,Yes,No,-15.96231,136.42333
Milikapiti,Moderate,2020-06-30,374,Major,No,Arnhem,Tiwi Islands Regional Council,Tiwi Land Council,471.0,Tiwi Islands Regional Council,Local Government Association,Yes,Yes,No,-11.421667,130.67418
Milingimbi,Moderate,2020-06-30,531,Major,No,Arnhem,East Arnhem Regional Council,Northern Land Council,1439.0,East Arnhem Regional Council,Local Government Association,Yes,Yes,No,-12.1036,134.9201
Milmilngkan,Moderate,2020-06-30,830,Family Outstation,No,Arnhem,West Arnhem Regional Council,Northern Land Council,8.0,Bawinanga Aboriginal Corporation,Aboriginal Corporation,Yes,Yes,No,-12.52316,134.24731
Milyakburra,Moderate,2020-06-30,532,Major,No,Arnhem,East Arnhem Regional Council,Anindilyakwa Land Council,161.0,East Arnhem Regional Council,Local Government Association,Yes,Yes,No,-13.78389,136.19583
Mimina,Moderate,2020-06-30,724,Family Outstation,No,Savanna,Roper Gulf Regional Council,Northern Land Council,5.0,Power Projects (NT) Pty Ltd,Private Enterprise,Yes,Yes,No,-16.80211,136.83428
Minjilang,Moderate,2020-06-30,375,Major,No,Arnhem,West Arnhem Regional Council,Northern Land Council,290.0,West Arnhem Regional Council,Local Government Association,Yes,Yes,No,-11.1507,132.5786
Minmarama Park,Moderate,2020-06-30,825,Town Camp,No,ERA,Darwin City Council,Northern Land Council,,QP Plumbing and Building Pty Tls,Private Enterprise,Yes,Yes,No,-12.411181,130.849181
Minyerri,High,2020-06-30,624,Major,No,Savanna,Roper Gulf Regional Council,Northern Land Council,726.0,Roper Gulf Regional Council,Local Government Association,Yes,Yes,No,-15.2216,134.0821
Mirridi,Moderate,2020-06-30,745,Family Outstation,No,Alice Springs,Central Desert Regional Council,Central Land Council,,Not Funded In FY19/20,Not Funded In FY19/20,No,No,No,-19.01873,130.77884
Mirrnatja,Low,2020-06-30,535,Family Outstation,No,Arnhem,East Arnhem Regional Council,Northern Land Council,5.0,Laynhupuy Homelands Aboriginal Corporation,Aboriginal Corporation,Yes,Yes,No,-12.657792,135.193069
Mistake Creek,Moderate,2020-06-30,626,Family Outstation,No,Savanna,Victoria-Daly Regional Council,Central Land Council,4.0,Ngaliwurru-Wuli Association,Aboriginal Corporation,Yes,Yes,No,-17.10927,129.04319
Miwul,Moderate,2020-06-30,536,Family Outstation,No,Arnhem,Roper Gulf Regional Council,Northern Land Council,,Not Funded In FY19/20,Not Funded In FY19/20,No,No,No,-14.03209,135.91266
Mobarn,High,2020-06-30,827,Family Outstation,No,Arnhem,Roper Gulf Regional Council,Northern Land Council,,Not Funded In FY19/20,Not Funded In FY19/20,No,No,No,-13.57939,134.35499
Mole Hill,Moderate,2020-06-30,627,Family Outstation,No,Savanna,Roper Gulf Regional Council,Northern Land Council,2.0,Roper Gulf Regional Council,Local Government Association,Yes,Yes,No,-14.87499,133.83303
Momob,Moderate,2020-06-30,628,Family Outstation,No,Arnhem,Roper Gulf Regional Council,Northern Land Council,,Not Funded In FY19/20,Not Funded In FY19/20,No,No,No,-13.35693,134.26915
Moolooloo,Moderate,2020-06-30,15203,Family Outstation,No,Savanna,Victoria-Daly Regional Council,Northern Land Council,,Not Funded In FY19/20,Not Funded In FY19/20,Yes,Yes,No,-16.335589,131.515047
Mooloowa,Low,2020-06-30,990,Family Outstation,No,Savanna,Roper Gulf Regional Council,Northern Land Council,5.0,Mabunji Aboriginal Resource Indigenous Corporation,Aboriginal Corporation,Yes,Yes,No,-15.62411,137.00053
Mooronga,Low,2020-06-30,501,Family Outstation,No,Arnhem,East Arnhem Regional Council,Northern Land Council,30.0,Milingimbi & Outstations Progress Resource Association Inc,Aboriginal Corporation,Yes,Yes,No,-11.92119,135.0749
Morris Gap,Moderate,2020-06-30,105,Family Outstation,No,Alice Springs,MacDonnell Regional Council,Central Land Council,,Not Funded In FY19/20,Not Funded In FY19/20,No,No,No,-24.11251,131.43922
Motnas,Low,2020-06-30,106,Family Outstation,No,Alice Springs,MacDonnell Regional Council,Central Land Council,6.0,Tjuwanpa Outstation Resource Centre Aboriginal Corporation,Aboriginal Corporation,Yes,Yes,No,-23.949736,132.769458
Mount Barkly,Moderate,2020-06-30,109,Family Outstation,No,Alice Springs,Central Desert Regional Council,Central Land Council,,Not Funded In FY19/20,Not Funded In FY19/20,No,No,No,-21.61391,132.44114
Mount Catt,Moderate,2020-06-30,629,Family Outstation,No,Arnhem,Roper Gulf Regional Council,Northern Land Council,10.0,Roper Gulf Regional Council,Local Government Association,Yes,Yes,No,-13.80018,134.43241
Mount Jean,Moderate,2020-06-30,957,Family Outstation,No,Arnhem,Roper Gulf Regional Council,Northern Land Council,,Not Funded In FY19/20,Not Funded In FY19/20,No,No,No,-13.53259,134.17191
Mount Liebig,Moderate,2020-06-30,112,Major,No,Alice Springs,MacDonnell Regional Council,Central Land Council,199.0,MacDonnell Regional Council,Local Government Association,Yes,Yes,Yes,-23.26605,131.27319
Mount Nancy,Moderate,2020-06-30,113,Town Camp,No,ERA,Alice Springs Town Council,Central Land Council,24.0,Tangentyere Council Aboriginal Corporation,Aboriginal Corporation,Yes,Yes,No,-23.667514,133.870014
Mount Peachy,Moderate,2020-06-30,790,Family Outstation,No,Alice Springs,MacDonnell Regional Council,Central Land Council,10.0,MacDonnell Regional Council,Local Government Association,Yes,Yes,No,-24.39416,133.87181
Mount Twellar,Low,2020-06-30,875,Family Outstation,Yes,Alice Springs,MacDonnell Regional Council,Central Land Council,20.0,Ingkerreke Outstations Resource Services Aboriginal Corporation,Aboriginal Corporation,Yes,Yes,Yes,-23.54198,133.62279
Mpwetyerre,Moderate,2020-06-30,108,Town Camp,No,ERA,Alice Springs Town Council,Central Land Council,13.0,Tangentyere Council Aboriginal Corporation,Aboriginal Corporation,Yes,Yes,No,-23.716792,133.874125
Mt Eaglebeak,Low,2020-06-30,855,Family Outstation,No,Alice Springs,Central Desert Regional Council,Central Land Council,30.0,Central Desert Regional Council,Local Government Association,Yes,Yes,No,-22.9564,135.19891
Mt Maiyo,High,2020-06-30,702,Family Outstation,No,Savanna,Victoria-Daly Regional Council,Central Land Council,,Not Funded In FY19/20,Not Funded In FY19/20,No,No,No,-17.69491,129.39755
Mu-Gurta,Moderate,2020-06-30,964,Family Outstation,No,Arnhem,West Arnhem Regional Council,Northern Land Council,4.0,Bawinanga Aboriginal Corporation,Aboriginal Corporation,Yes,Yes,No,-12.25897,134.50814
Muckaty,Moderate,2020-06-30,1001,Family Outstation,No,Barkly,Barkly Regional Council,Northern Land Council,2.0,Far Northern Contractors Pty Ltd  ( T & J Contractors ),Private Enterprise,Yes,Yes,No,-18.639319,133.895903
Mudginberri,Low,2020-06-30,380,Family Outstation,No,Arnhem,West Arnhem Regional Council,Northern Land Council,60.0,Warnbi Aboriginal Corporatio - Kakadu,Aboriginal Corporation,Yes,Yes,No,-12.59772,132.87334
Mudhamul,Moderate,2020-06-30,808,Family Outstation,No,Arnhem,East Arnhem Regional Council,Northern Land Council,,Not Funded In FY19/20,Not Funded In FY19/20,No,No,No,-12.16089,136.17208
Mulga Bore,Low,2020-06-30,118,Family Outstation,No,Alice Springs,Central Desert Regional Council,Central Land Council,60.0,Central Desert Regional Council,Local Government Association,Yes,Yes,No,-22.45139,134.20944
Mulggan,Moderate,2020-06-30,971,Town Camp,No,ERA,Roper Gulf Regional Council,Northern Land Council,150.0,Roper Gulf Regional Council,Local Government Association,Yes,Yes,No,-14.920042,133.073903
Mulgurram,Moderate,2020-06-30,538,Family Outstation,No,Arnhem,East Arnhem Regional Council,Northern Land Council,3.0,Dinybulu Regional Services,Aboriginal Corporation,Yes,Yes,No,-12.401958,134.960847
Mulingi,Moderate,2020-06-30,884,Family Outstation,No,Vernon Arafura,West Daly Regional Council,Northern Land Council,8.0,West Daly Regional Council,Local Government Association,Yes,Yes,No,-13.92666,129.95077
Mumeka,Moderate,2020-06-30,382,Family Outstation,No,Arnhem,West Arnhem Regional Council,Northern Land Council,15.0,Not Funded In FY19/20,Not Funded In FY19/20,No,No,No,-12.36306,134.13579
Mumpumampu,Moderate,2020-06-30,630,Family Outstation,No,Arnhem,Roper Gulf Regional Council,Northern Land Council,,Not Funded In FY19/20,Not Funded In FY19/20,No,No,No,-14.384181,135.328347
Mumukala,Moderate,2020-06-30,801,Family Outstation,No,Arnhem,West Arnhem Regional Council,Northern Land Council,9.0,Warnbi Aboriginal Corporatio - Kakadu,Aboriginal Corporation,Yes,Yes,No,-12.61137,132.66648
Mungalawurru,Low,2020-06-30,248,Family Outstation,No,Barkly,Barkly Regional Council,Central Land Council,10.0,North Barkly Aboriginal Corporation/ Far Northern Contractors Pty Ltd,Aboriginal Corporation,Yes,Yes,No,-19.38253,133.59552
Mungkarta,Moderate,2020-06-30,244,Minor,No,Barkly,Barkly Regional Council,Central Land Council,65.0,Far Northern Contractors Pty Ltd  ( T & J Contractors ),Private Enterprise,Yes,Yes,No,-20.33702,134.19843
Mungurrupa,Moderate,2020-06-30,647,Family Outstation,No,Alice Springs,Central Desert Regional Council,Central Land Council,,Not Funded In FY19/20,Not Funded In FY19/20,No,No,No,-20.58481,129.73313
Munji-Marla,Low,2020-06-30,215,Town Camp,No,ERA,Barkly Regional Council,Central Land Council,7.0,Barkly Regional Council,Local Government Association,Yes,Yes,No,-19.647653,134.182792
Munyalini,Moderate,2020-06-30,249,Family Outstation,No,Savanna,Roper Gulf Regional Council,Northern Land Council,50.0,Mabunji Aboriginal Resource Indigenous Corporation,Aboriginal Corporation,Yes,Yes,No,-16.09259,136.18938
Murgenella Plains,High,2020-06-30,977,Family Outstation,No,Arnhem,West Arnhem Regional Council,Northern Land Council,,Not Funded In FY19/20,Not Funded In FY19/20,No,No,No,-11.71041,132.91239
Murranji,High,2020-06-30,858,Family Outstation,No,Savanna,Barkly Regional Council,Northern Land Council,,Not Funded In FY19/20,Not Funded In FY19/20,No,No,No,-16.83598,132.8107
Murtulki,Moderate,2020-06-30,688,Family Outstation,No,Barkly,Barkly Regional Council,Central Land Council,,Not Funded In FY19/20,Not Funded In FY19/20,No,No,No,-19.91784,134.38936
Murun Murula,High,2020-06-30,689,Family Outstation,No,Barkly,Barkly Regional Council,Northern Land Council,,Not Funded In FY19/20,Not Funded In FY19/20,No,No,No,-18.49908,137.51754
Muruning,Moderate,2020-06-30,648,Family Outstation,No,Savanna,Victoria-Daly Regional Council,Northern Land Council,23.0,Ngaliwurru-Wuli Association,Aboriginal Corporation,Yes,Yes,No,-15.67527,130.48457
Mutitjulu,Moderate,2020-06-30,120,Major,No,Alice Springs,MacDonnell Regional Council,Central Land Council,380.0,Mutitjulu Community Aboriginal Corporation,Aboriginal Corporation,Yes,Yes,No,-25.3523,131.0667
Muyin,High,2020-06-30,764,Family Outstation,No,Alice Springs,MacDonnell Regional Council,Central Land Council,,Not Funded In FY19/20,Not Funded In FY19/20,No,No,No,-23.15972,129.00489
Myatt,Moderate,2020-06-30,678,Family Outstation,No,Savanna,Victoria-Daly Regional Council,Northern Land Council,63.0,Ngaliwurru-Wuli Association,Aboriginal Corporation,Yes,Yes,No,-15.70656,130.483347
Nabarlek,High,2020-06-30,395,Family Outstation,No,Arnhem,West Arnhem Regional Council,Northern Land Council,,Not Funded In FY19/20,Not Funded In FY19/20,No,No,No,-12.30829,133.29216
Nabbarla Kunindabba,Moderate,2020-06-30,887,Family Outstation,No,Arnhem,West Arnhem Regional Council,Northern Land Council,,Not Funded In FY19/20,Not Funded In FY19/20,No,No,No,-12.06125,134.40225
Nadilmuk,Low,2020-06-30,886,Family Outstation,No,Arnhem,West Arnhem Regional Council,Northern Land Council,5.0,Bawinanga Aboriginal Corporation,Aboriginal Corporation,Yes,Yes,No,-11.99384,134.29454
Nadirri,High,2020-06-30,396,Family Outstation,No,Vernon Arafura,Victoria-Daly Regional Council,Northern Land Council,,Not Funded In FY19/20,Not Funded In FY19/20,No,No,No,-13.95376,129.76657
Naliyindi,High,2020-06-30,541,Family Outstation,No,Arnhem,East Arnhem Regional Council,Northern Land Council,,Not Funded In FY19/20,Not Funded In FY19/20,No,No,No,-12.541958,135.178625
Nama,Moderate,2020-06-30,1026,Family Outstation,No,Vernon Arafura,West Daly Regional Council,Northern Land Council,40.0,West Daly Regional Council,Local Government Association,Yes,Yes,No,-14.22945,129.85879
Namerinni,High,2020-06-30,906,Family Outstation,No,Barkly,Barkly Regional Council,Northern Land Council,,Not Funded In FY19/20,Not Funded In FY19/20,No,No,No,-18.56818,133.71549
Namugardabu,High,2020-06-30,389,Family Outstation,No,Arnhem,West Arnhem Regional Council,Northern Land Council,,Not Funded In FY19/20,Not Funded In FY19/20,No,No,No,-12.157791,134.02473
Nangak,Moderate,2020-06-30,392,Family Outstation,No,Arnhem,West Arnhem Regional Council,Northern Land Council,15.0,Bawinanga Aboriginal Corporation,Aboriginal Corporation,Yes,Yes,No,-12.21148,134.28387
Nangu,High,2020-06-30,393,Family Outstation,No,Vernon Arafura,Victoria-Daly Regional Council,Northern Land Council,,Not Funded In FY19/20,Not Funded In FY19/20,No,No,No,-14.37314,129.37335
Nanyingburra,Moderate,2020-06-30,543,Family Outstation,No,Arnhem,East Arnhem Regional Council,Northern Land Council,,Not Funded In FY19/20,Not Funded In FY19/20,No,No,No,-11.76057,135.87365
Napagunpa,Moderate,2020-06-30,974,Family Outstation,No,Barkly,Barkly Regional Council,Central Land Council,,Not Funded In FY19/20,Not Funded In FY19/20,No,No,No,-19.10426,133.61851
Natjitnama,Moderate,2020-06-30,873,Family Outstation,No,Alice Springs,MacDonnell Regional Council,Central Land Council,,Not Funded In FY19/20,Not Funded In FY19/20,No,No,No,-24.021125,132.981125
Nauiyu,High,2020-06-30,397,Major,Yes,Vernon Arafura,Victoria-Daly Regional Council,Northern Land Council,444.0,Victoria Daly Regional Council,Local Government Association,Yes,Yes,No,-13.750542,130.688931
Ndjudda,Moderate,2020-06-30,341,Family Outstation,No,Arnhem,West Arnhem Regional Council,Northern Land Council,,Not Funded In FY19/20,Not Funded In FY19/20,No,No,No,-11.98809,134.247725
Nemarluk,Moderate,2020-06-30,716,Family Outstation,No,Vernon Arafura,West Daly Regional Council,Northern Land Council,23.0,West Daly Regional Council,Local Government Association,Yes,Yes,No,-14.24122,130.00325
New Bore,Moderate,2020-06-30,121,Family Outstation,No,Alice Springs,MacDonnell Regional Council,Central Land Council,4.0,Not Funded In FY19/20,Not Funded In FY19/20,No,No,No,-23.22172,131.32769
New Ilparpa,Low,2020-06-30,47,Town Camp,No,ERA,Alice Springs Town Council,Central Land Council,52.0,Ingkerreke Outstations Resource Services Aboriginal Corporation,Aboriginal Corporation,Yes,Yes,Yes,-23.765764,133.870681
Ngadumiyerrka,Low,2020-06-30,545,Family Outstation,No,Arnhem,East Arnhem Regional Council,Anindilyakwa Land Council,19.0,GEBIE Civil and Construction Pty Ltd,Private Enterprise,Yes,Yes,No,-13.820014,136.456403
Ngalpa Ngalpa,Low,2020-06-30,246,Town Camp,No,ERA,Barkly Regional Council,Central Land Council,67.0,Barkly Regional Council,Local Government Association,Yes,Yes,No,-19.635292,134.193625
Ngangalala,Moderate,2020-06-30,542,Minor,No,Arnhem,East Arnhem Regional Council,Northern Land Council,64.0,Dinybulu Regional Services,Aboriginal Corporation,Yes,Yes,No,-12.298347,134.992236
Ngangurr,Moderate,2020-06-30,16207,Family Outstation,No,Alice Springs,MacDonnell Regional Council,Central Land Council,,Not Funded In FY19/20,Not Funded In FY19/20,No,No,No,-25.2236,129.9158
Ngankiritja,Low,2020-06-30,765,Family Outstation,No,Alice Springs,MacDonnell Regional Council,Central Land Council,8.0,MacDonnell Regional Council,Local Government Association,Yes,Yes,No,-23.46459,131.87969
Nganmarriyanga,High,2020-06-30,404,Major,No,Vernon Arafura,Victoria-Daly Regional Council,Northern Land Council,458.0,Victoria Daly Regional Council,Local Government Association,Yes,Yes,No,-14.351111,129.87889
Ngappamilarnu,Moderate,2020-06-30,731,Family Outstation,No,Barkly,Barkly Regional Council,Central Land Council,,Not Funded In FY19/20,Not Funded In FY19/20,No,No,No,-19.86188,133.27846
Ngardinitchi,High,2020-06-30,430,Family Outstation,No,Vernon Arafura,Victoria-Daly Regional Council,Northern Land Council,,Not Funded In FY19/20,Not Funded In FY19/20,No,No,No,-14.19288,129.48431
Ngarilikirlangu,Moderate,2020-06-30,23746,Family Outstation,No,Alice Springs,Central Desert Regional Council,Central Land Council,,Not Funded In FY19/20,Not Funded In FY19/20,No,No,No,-22.12594,131.77302
Ngarinthi,High,2020-06-30,913,Family Outstation,No,Vernon Arafura,Victoria-Daly Regional Council,Northern Land Council,,Not Funded In FY19/20,Not Funded In FY19/20,No,No,No,-14.46204,129.42257
Ngarlu Ngarlu,High,2020-06-30,969,Family Outstation,No,Arnhem,West Arnhem Regional Council,Northern Land Council,,Not Funded In FY19/20,Not Funded In FY19/20,No,No,No,-11.86629,133.40906
Ngarnka,Moderate,2020-06-30,869,Family Outstation,No,Alice Springs,Central Desert Regional Council,Central Land Council,,Not Funded In FY19/20,Not Funded In FY19/20,No,No,No,-20.17566,129.90876
Ngayawilli,Low,2020-06-30,544,Family Outstation,No,Arnhem,East Arnhem Regional Council,Northern Land Council,6.0,Marthakal Homelands & Resource Centre Aboriginal Corporation,Aboriginal Corporation,Yes,Yes,No,-11.9943,135.5745
Ngilipitji,High,2020-06-30,546,Family Outstation,No,Arnhem,Roper Gulf Regional Council,Northern Land Council,,Not Funded In FY19/20,Not Funded In FY19/20,No,No,No,-13.54468,135.52562
Ngipin,Moderate,2020-06-30,802,Family Outstation,No,Arnhem,West Arnhem Regional Council,Northern Land Council,,Not Funded In FY19/20,Not Funded In FY19/20,No,No,No,-11.60003,133.45832
Ngkwarlerlanem,High,2020-06-30,126,Family Outstation,No,Alice Springs,Barkly Regional Council,Central Land Council,,Not Funded In FY19/20,Not Funded In FY19/20,No,No,No,-21.72741,134.79113
Ngukurr,Moderate,2020-06-30,633,Major,No,Arnhem,Roper Gulf Regional Council,Northern Land Council,1350.0,Roper Gulf Regional Council,Local Government Association,Yes,Yes,No,-14.7317,134.7321
Nguman,High,2020-06-30,125,Family Outstation,No,Alice Springs,MacDonnell Regional Council,Central Land Council,,Not Funded In FY19/20,Not Funded In FY19/20,No,No,No,-23.54219,129.75694
Ngunarra,High,2020-06-30,16214,Family Outstation,No,Barkly,Barkly Regional Council,Northern Land Council,,Not Funded In FY19/20,Not Funded In FY19/20,No,No,No,-18.6408,135.9522
Ngunga,Low,2020-06-30,24900,Family Outstation,No,Alice Springs,MacDonnell Regional Council,Central Land Council,3.0,MacDonnell Regional Council,Local Government Association,Yes,Yes,No,-23.264842,131.254497
Ngunthak,High,2020-06-30,915,Family Outstation,No,Vernon Arafura,Victoria-Daly Regional Council,Northern Land Council,,Not Funded In FY19/20,Not Funded In FY19/20,No,No,No,-14.40445,129.36183
Ngurrara,Moderate,2020-06-30,907,Family Outstation,No,Barkly,Barkly Regional Council,Northern Land Council,8.0,Manungurra Aboriginal Corporation,Aboriginal Corporation,Yes,Yes,No,-19.42135,135.40553
Ngurrutiji,Moderate,2020-06-30,16217,Family Outstation,No,Barkly,Barkly Regional Council,Central Land Council,,Not Funded In FY19/20,Not Funded In FY19/20,No,No,No,-20.1167,134.5167
Ngutjul,High,2020-06-30,763,Family Outstation,No,Alice Springs,MacDonnell Regional Council,Central Land Council,,Not Funded In FY19/20,Not Funded In FY19/20,No,No,No,-23.29677,129.46752
Nguyarramini,Low,2020-06-30,839,Family Outstation,No,Barkly,Barkly Regional Council,Central Land Council,20.0,Far Northern Contractors Pty Ltd  ( T & J Contractors ),Private Enterprise,Yes,Yes,No,-20.08713,134.38577
Nikawu,Moderate,2020-06-30,547,Family Outstation,No,Arnhem,East Arnhem Regional Council,Northern Land Council,,Not Funded In FY19/20,Not Funded In FY19/20,No,No,No,-12.089619,135.545453
North Island,Moderate,2020-06-30,814,Family Outstation,No,Savanna,Roper Gulf Regional Council,Northern Land Council,,Not Funded In FY19/20,Not Funded In FY19/20,No,No,No,-15.56294,136.84527
Ntakarra,Low,2020-06-30,770,Family Outstation,No,Alice Springs,MacDonnell Regional Council,Central Land Council,10.0,Tjuwanpa Outstation Resource Centre Aboriginal Corporation,Aboriginal Corporation,Yes,Yes,No,-23.895014,132.680014
Nturiya,Moderate,2020-06-30,127,Major,No,Alice Springs,Central Desert Regional Council,Central Land Council,110.0,Central Deset Regional Council,Local Government Association,Yes,Yes,Yes,-22.12379,133.26529
Nudjabarra,High,2020-06-30,251,Family Outstation,No,Barkly,Barkly Regional Council,Northern Land Council,,Not Funded In FY19/20,Not Funded In FY19/20,No,No,No,-17.97998,137.96944
Nulawan,Low,2020-06-30,632,Family Outstation,No,Arnhem,Roper Gulf Regional Council,Northern Land Council,10.0,Roper Gulf Regional Council,Local Government Association,Yes,Yes,No,-14.78729,134.93128
Numbulwar,Moderate,2020-06-30,549,Major,No,Arnhem,Roper Gulf Regional Council,Northern Land Council,850.0,Roper Gulf Regional Council,Local Government Association,Yes,Yes,No,-14.2791,135.7406
Nummerloori,High,2020-06-30,635,Family Outstation,No,Arnhem,Roper Gulf Regional Council,Northern Land Council,,Not Funded In FY19/20,Not Funded In FY19/20,No,No,No,-14.59159,134.97727
Nuradidgee,Moderate,2020-06-30,253,Family Outstation,No,Barkly,Barkly Regional Council,Central Land Council,,Not Funded In FY19/20,Not Funded In FY19/20,No,No,No,-20.11437,134.50849
Nyewente,Moderate,2020-06-30,129,Town Camp,No,ERA,Alice Springs Town Council,Central Land Council,104.0,Ingkerreke Outstations Resource Services Aboriginal Corporation,Aboriginal Corporation,Yes,Yes,Yes,-23.687792,133.862847
Nyirripi,Moderate,2020-06-30,128,Major,No,Alice Springs,Central Desert Regional Council,Central Land Council,277.0,Central Desert Regional Council,Local Government Association,Yes,Yes,Yes,-22.6505,130.5532
Oak Valley,Moderate,2020-06-30,789,Family Outstation,No,Alice Springs,MacDonnell Regional Council,Central Land Council,10.0,MacDonnell Regional Council,Local Government Association,Yes,Yes,No,-24.38498,133.93218
Old Mission,Moderate,2020-06-30,914,Family Outstation,No,Vernon Arafura,West Daly Regional Council,Northern Land Council,7.0,West Daly Regional Council,Local Government Association,Yes,Yes,No,-14.129181,129.498069
Old Station,Low,2020-06-30,100,Family Outstation,No,Alice Springs,MacDonnell Regional Council,Central Land Council,8.0,Tjuwanpa Outstation Resource Centre Aboriginal Corporation,Aboriginal Corporation,Yes,Yes,No,-24.01911,132.86345
Oondaloo,Moderate,2020-06-30,878,Family Outstation,No,Alice Springs,MacDonnell Regional Council,Central Land Council,,Not Funded In FY19/20,Not Funded In FY19/20,No,No,No,-24.88715,129.06454
Orrtipa-Thurra,Moderate,2020-06-30,26,Minor,No,Alice Springs,Central Desert Regional Council,Central Land Council,60.0,Arramwelke Aboriginal Corporation,Aboriginal Corporation,Yes,Yes,No,-22.784582,136.16829
Pakulki,Low,2020-06-30,975,Family Outstation,No,Barkly,Barkly Regional Council,Central Land Council,2.0,North Barkly Aboriginal Corporation/ Far Northern Contractors Pty Ltd,Aboriginal Corporation,Yes,Yes,No,-19.50438,134.41846
Palm Paddock,Low,2020-06-30,773,Family Outstation,No,Alice Springs,MacDonnell Regional Council,Central Land Council,6.0,Tjuwanpa Outstation Resource Centre Aboriginal Corporation,Aboriginal Corporation,Yes,Yes,No,-24.08534,132.68126
Palmerston Indigenous Village,Moderate,2020-06-30,403,Town Camp,No,ERA,Palmerston City Council,Northern Land Council,62.0,Yilli Rreung Housing Aboriginal Corporation,Aboriginal Corporation,Yes,Yes,No,-12.488097,131.011681
Pandayal,Moderate,2020-06-30,369,Family Outstation,Yes,Vernon Arafura,Un-Incorporate (Cox-Daly),Northern Land Council,5.0,Yilli Rreung Housing Aboriginal Corporation,Aboriginal Corporation,Yes,Yes,No,-13.07478,130.55589
Pantharrpilenhe,Low,2020-06-30,997,Family Outstation,No,Alice Springs,Central Desert Regional Council,Central Land Council,5.0,Ingkerreke Outstations Resource Services Aboriginal Corporation,Aboriginal Corporation,Yes,Yes,Yes,-23.37058,134.78921
Pantyinteme,Moderate,2020-06-30,854,Family Outstation,No,Alice Springs,MacDonnell Regional Council,Central Land Council,10.0,Ngurratjuta Pmara Ntjarra Aboriginal Corporation,Aboriginal Corporation,Yes,Yes,No,-24.45011,133.11207
Papunya,Moderate,2020-06-30,131,Major,No,Alice Springs,MacDonnell Regional Council,Central Land Council,475.0,MacDonnell Regional Council,Local Government Association,Yes,Yes,Yes,-23.203056,131.9111
Paradise Farm,Low,2020-06-30,281,Family Outstation,No,Arnhem,West Arnhem Regional Council,Northern Land Council,12.0,Warnbi Aboriginal Corporatio - Kakadu,Aboriginal Corporation,Yes,Yes,No,-12.939097,132.532708
Parnta,Moderate,2020-06-30,638,Family Outstation,No,Alice Springs,Central Desert Regional Council,Central Land Council,,Not Funded In FY19/20,Not Funded In FY19/20,No,No,No,-18.68438,130.65104
Parrulyu,Moderate,2020-06-30,40,Family Outstation,No,Alice Springs,Central Desert Regional Council,Central Land Council,,Not Funded In FY19/20,Not Funded In FY19/20,No,No,No,-20.45276,130.90912
Paru,Low,2020-06-30,407,Family Outstation,No,ERA,Tiwi Islands Regional Council,Tiwi Land Council,5.0,Tiwi Islands Regional Council,Local Government Association,Yes,Yes,No,-11.74982,130.64642
Patonga (Airstrip),Moderate,2020-06-30,409,Family Outstation,No,Arnhem,West Arnhem Regional Council,Northern Land Council,12.0,Warnbi Aboriginal Corporatio - Kakadu,Aboriginal Corporation,Yes,No,No,-12.94826,132.56901
Patonga (Homestead),Low,2020-06-30,900,Family Outstation,No,Arnhem,West Arnhem Regional Council,Northern Land Council,12.0,Warnbi Aboriginal Corporatio - Kakadu,Aboriginal Corporation,Yes,Yes,No,-12.95803,132.58047
Payeperrentye (B),Low,2020-06-30,926,Family Outstation,Yes,Alice Springs,MacDonnell Regional Council,Central Land Council,4.0,Ingkerreke Outstations Resource Services Aboriginal Corporation,Aboriginal Corporation,Yes,Yes,Yes,-23.77074,133.55621
Penyeme,Moderate,2020-06-30,1014,Family Outstation,No,Alice Springs,Central Desert Regional Council,Central Land Council,2.0,Not Funded In FY19/20,Not Funded In FY19/20,No,No,No,-22.787249,135.67273
Peppimenarti,High,2020-06-30,410,Major,No,Vernon Arafura,Victoria-Daly Regional Council,Northern Land Council,209.0,Victoria Daly Regional Council,Local Government Association,Yes,No,No,-14.1503,130.0763
Perrederr,Moderate,2020-06-30,406,Family Outstation,No,Vernon Arafura,West Daly Regional Council,Northern Land Council,6.0,West Daly Regional Council,Local Government Association,Yes,Yes,No,-14.01963,129.82661
Pertarratenge,Moderate,2020-06-30,859,Family Outstation,No,Alice Springs,MacDonnell Regional Council,Central Land Council,15.0,Ngurratjuta Pmara Ntjarra Aboriginal Corporation,Aboriginal Corporation,Yes,Yes,No,-24.41326,133.31956
Perte Therre,Low,2020-06-30,927,Family Outstation,Yes,Alice Springs,MacDonnell Regional Council,Central Land Council,15.0,Ingkerreke Outstations Resource Services Aboriginal Corporation,Aboriginal Corporation,Yes,Yes,Yes,-23.75818,133.64573
Petyale,Low,2020-06-30,860,Family Outstation,No,Alice Springs,Central Desert Regional Council,Central Land Council,16.0,Central Desert Regional Council,Local Government Association,Yes,Yes,No,-21.99972,133.43363
Phillipson Bore,Low,2020-06-30,133,Family Outstation,No,Alice Springs,MacDonnell Regional Council,Central Land Council,2.0,MacDonnell Regional Council,Local Government Association,Yes,Yes,No,-24.09593,134.43038
Picininny Bore,Moderate,2020-06-30,604,Family Outstation,No,Alice Springs,Central Desert Regional Council,Central Land Council,,Not Funded In FY19/20,Not Funded In FY19/20,No,No,No,-19.82711,129.78279
Pickertaramoor,Moderate,2020-06-30,744,Minor,No,Arnhem,Tiwi Islands Regional Council,Tiwi Land Council,,Tiwi Islands Regional Council,Local Government Association,Yes,Yes,No,-11.766666,130.9
Pigeon Hole,High,2020-06-30,639,Minor,No,Savanna,Victoria-Daly Regional Council,Northern Land Council,141.0,Victoria Daly Regional Council,Local Government Association,Yes,Yes,No,-16.81412,131.22037
Pine Creek Compound,Moderate,2020-06-30,640,Town Camp,Yes,ERA,Victoria-Daly Regional Council,Northern Land Council,20.0,Power Projects (NT) Pty Ltd,Private Enterprise,Yes,Yes,No,-13.81601,131.83106
Pine Hill,Moderate,2020-06-30,134,Family Outstation,No,Alice Springs,Central Desert Regional Council,Central Land Council,,Not Funded In FY19/20,Not Funded In FY19/20,No,No,No,-22.37949,133.05366
Pingala,Moderate,2020-06-30,255,Family Outstation,No,Barkly,Barkly Regional Council,Central Land Council,,Not Funded In FY19/20,Not Funded In FY19/20,No,No,No,-19.093204,133.882691
Pinja,Moderate,2020-06-30,752,Family Outstation,No,Alice Springs,Central Desert Regional Council,Central Land Council,,Not Funded In FY19/20,Not Funded In FY19/20,No,No,No,-18.80958,130.37095
Pinpirnga,High,2020-06-30,136,Family Outstation,No,Alice Springs,MacDonnell Regional Council,Central Land Council,,Not Funded In FY19/20,Not Funded In FY19/20,No,No,No,-23.16275,129.46322
Pirlangimpi,Moderate,2020-06-30,411,Major,No,Arnhem,Tiwi Islands Regional Council,Tiwi Land Council,436.0,Tiwi Islands Regional Council,Local Government Association,Yes,Yes,No,-11.4059,130.4172
Pmara Jutunta,Moderate,2020-06-30,138,Major,No,Alice Springs,Central Desert Regional Council,Central Land Council,207.0,Central Desert Regional Council,Local Government Association,Yes,Yes,Yes,-22.20878,133.43073
Policemans Hole,High,2020-06-30,701,Family Outstation,No,Savanna,Victoria-Daly Regional Council,Northern Land Council,,Not Funded In FY19/20,Not Funded In FY19/20,No,No,No,-15.77853,129.106541
Pulardi,Low,2020-06-30,139,Family Outstation,No,Alice Springs,Central Desert Regional Council,Central Land Council,10.0,Central Desert Regional Council,Local Government Association,Yes,Yes,No,-22.56332,132.37978
Pungalindum,Moderate,2020-06-30,730,Family Outstation,No,Alice Springs,Barkly Regional Council,Central Land Council,,Urapuntja Aboriginal Corporation,Aboriginal Corporation,Yes,Yes,No,-22.07061,134.68879
Punjarriji,Moderate,2020-06-30,840,Family Outstation,No,Barkly,Barkly Regional Council,Central Land Council,,Not Funded In FY19/20,Not Funded In FY19/20,No,No,No,-20.31062,134.50807
Punritjanta,Moderate,2020-06-30,140,Family Outstation,No,Alice Springs,MacDonnell Regional Council,Central Land Council,,Not Funded In FY19/20,Not Funded In FY19/20,No,No,No,-24.67392,129.29393
Purrukuwurru,High,2020-06-30,732,Family Outstation,No,Barkly,Barkly Regional Council,Central Land Council,,Not Funded In FY19/20,Not Funded In FY19/20,No,No,No,-19.94562,135.69629
Puta Puta,Moderate,2020-06-30,141,Family Outstation,No,Alice Springs,MacDonnell Regional Council,Central Land Council,,Not Funded In FY19/20,Not Funded In FY19/20,No,No,No,-25.07345,129.64045
Putjamirra,Low,2020-06-30,1020,Family Outstation,No,Arnhem,Tiwi Islands Regional Council,Tiwi Land Council,3.0,Tiwi Islands Regional Council,Local Government Association,Yes,Yes,No,-11.22457,130.36849
Putulu,Low,2020-06-30,117,Family Outstation,No,Alice Springs,Central Desert Regional Council,Central Land Council,4.0,Yapa-Kurlangu Ngurrara Aboriginal Corporation,Aboriginal Corporation,Yes,Yes,No,-21.34382,131.36997
Puyurru,Moderate,2020-06-30,142,Family Outstation,No,Alice Springs,Central Desert Regional Council,Central Land Council,,Not Funded In FY19/20,Not Funded In FY19/20,No,No,No,-21.33117,130.81753
Pwerte Marnte Marnte,Moderate,2020-06-30,940,Family Outstation,No,Alice Springs,MacDonnell Regional Council,Central Land Council,10.0,MacDonnell Regional Council,Local Government Association,Yes,Yes,No,-24.37338,133.71982
Pwertentye,High,2020-06-30,791,Family Outstation,No,Alice Springs,MacDonnell Regional Council,Central Land Council,,Not Funded In FY19/20,Not Funded In FY19/20,No,No,No,-23.37291,134.79239
Railway Dam,Moderate,2020-06-30,412,Town Camp,No,ERA,Darwin City Council,Northern Land Council,11.0,Yilli Rreung Housing Aboriginal Corporation,Aboriginal Corporation,Yes,Yes,No,-12.454042,130.843903
Ramingining,Moderate,2020-06-30,550,Major,No,Arnhem,East Arnhem Regional Council,Northern Land Council,1025.0,East Arnhem Regional Council,Local Government Association,Yes,Yes,No,-12.32779,134.93001
Rarangantjuta,Moderate,2020-06-30,874,Family Outstation,No,Alice Springs,MacDonnell Regional Council,Central Land Council,,Not Funded In FY19/20,Not Funded In FY19/20,No,No,No,-23.98488,133.14814
Raymangirr,Low,2020-06-30,552,Family Outstation,No,Arnhem,East Arnhem Regional Council,Northern Land Council,10.0,Laynhupuy Homelands Aboriginal Corporation,Aboriginal Corporation,Yes,Yes,No,-12.340305,136.00253
Red Lily,Moderate,2020-06-30,799,Family Outstation,No,Arnhem,West Arnhem Regional Council,Northern Land Council,4.0,Warnbi Aboriginal Corporatio - Kakadu,Aboriginal Corporation,Yes,Yes,No,-12.86449,132.56967
Red Sandhill,Low,2020-06-30,5,Family Outstation,No,Alice Springs,MacDonnell Regional Council,Central Land Council,10.0,Tjuwanpa Outstation Resource Centre Aboriginal Corporation,Aboriginal Corporation,Yes,Yes,No,-24.009736,132.852792
Redcliff,Moderate,2020-06-30,414,Family Outstation,No,Vernon Arafura,Victoria-Daly Regional Council,Northern Land Council,,Not Funded In FY19/20,Not Funded In FY19/20,No,Yes,No,-14.01484,129.708125
Rittarangu,High,2020-06-30,641,Minor,No,Savanna,Roper Gulf Regional Council,Northern Land Council,160.0,Roper Gulf Regional Council,Local Government Association,Yes,Yes,No,-14.71011,134.56526
Robinson River,Moderate,2020-06-30,258,Major,No,Savanna,Roper Gulf Regional Council,Northern Land Council,261.0,Power Projects (NT) Pty Ltd,Private Enterprise,Yes,Yes,No,-16.759736,136.980569
Rockhole,Moderate,2020-06-30,642,Minor,Yes,Savanna,Katherine Town Council,Northern Land Council,170.0,Kalano Community Association Inc,Aboriginal Corporation,Yes,Yes,No,-14.51935,132.18633
Rodna,Moderate,2020-06-30,144,Family Outstation,No,Alice Springs,MacDonnell Regional Council,Central Land Council,,Not Funded In FY19/20,Not Funded In FY19/20,No,No,No,-23.76213,132.67042
Rorruwuy,Moderate,2020-06-30,469,Minor,No,Arnhem,East Arnhem Regional Council,Northern Land Council,35.0,Marthakal Homelands & Resource Centre Aboriginal Corporation,Aboriginal Corporation,Yes,Yes,No,-12.20292,136.29564
Rurrangala,Low,2020-06-30,480,Family Outstation,No,Arnhem,East Arnhem Regional Council,Northern Land Council,15.0,Laynhupuy Homelands Aboriginal Corporation,Aboriginal Corporation,Yes,Yes,No,-12.90425,136.25382
Rutjingka,Low,2020-06-30,861,Family Outstation,No,Alice Springs,MacDonnell Regional Council,Central Land Council,4.0,Tjuwanpa Outstation Resource Centre Aboriginal Corporation,Aboriginal Corporation,Yes,Yes,No,-23.91581,132.81527
Sabina,High,2020-06-30,837,Family Outstation,No,Vernon Arafura,Victoria-Daly Regional Council,Northern Land Council,,Not Funded In FY19/20,Not Funded In FY19/20,No,No,No,-13.8603,129.93195
Sandridge,Moderate,2020-06-30,988,Family Outstation,No,Savanna,Roper Gulf Regional Council,Northern Land Council,7.0,Mabunji Aboriginal Resource Indigenous Corporation,Aboriginal Corporation,Yes,No,No,-16.04184,136.34854
Sandy Bay,Moderate,2020-06-30,892,Family Outstation,No,Arnhem,West Arnhem Regional Council,Northern Land Council,4.0,Demed Aboriginal Corporation,Aboriginal Corporation,Yes,Yes,No,-11.20719,132.58027
Sandy Bore,Low,2020-06-30,24898,Family Outstation,No,Alice Springs,MacDonnell Regional Council,Central Land Council,6.0,Ingkerreke Outstations Resource Services Aboriginal Corporation,Aboriginal Corporation,Yes,Yes,Yes,-24.5575,132.524333
Santa Teresa,Moderate,2020-06-30,145,Major,No,Alice Springs,MacDonnell Regional Council,Central Land Council,682.0,MacDonnell Regional Council,Local Government Association,Yes,Yes,Yes,-24.1307,134.3733
Scott Point,High,2020-06-30,958,Family Outstation,No,Arnhem,East Arnhem Regional Council,Anindilyakwa Land Council,,Not Funded In FY19/20,Not Funded In FY19/20,No,No,No,-13.75212,136.84751
Snake Lagoon,Moderate,2020-06-30,24902,Family Outstation,No,Savanna,Roper Gulf Regional Council,Northern Land Council,6.0,Power Projects (NT) Pty Ltd,Private Enterprise,Yes,Yes,No,-16.203217,136.913033
Snake Well,Low,2020-06-30,948,Family Outstation,No,Alice Springs,MacDonnell Regional Council,Central Land Council,12.0,Ingkerreke Outstations Resource Services Aboriginal Corporation,Aboriginal Corporation,Yes,Yes,Yes,-23.159458,133.915292
South West Island,Low,2020-06-30,262,Family Outstation,No,Savanna,Roper Gulf Regional Council,Northern Land Council,10.0,Mabunji Aboriginal Resource Indigenous Corporation,Aboriginal Corporation,Yes,Yes,No,-15.68902,136.68821
Spotted Tiger,Low,2020-06-30,953,Family Outstation,No,Alice Springs,Central Desert Regional Council,Central Land Council,9.0,Central Desert Regional Council,Local Government Association,Yes,Yes,No,-23.04308,134.91761
Spring Peak,Moderate,2020-06-30,419,Family Outstation,No,Arnhem,West Arnhem Regional Council,Northern Land Council,8.0,Warnbi Aboriginal Corporatio - Kakadu,Aboriginal Corporation,Yes,Yes,No,-12.96266,132.45424
Sugar Creek,Moderate,2020-06-30,18,Family Outstation,No,Alice Springs,MacDonnell Regional Council,Central Land Council,,Not Funded In FY19/20,Not Funded In FY19/20,No,No,No,-23.949736,132.573625
Takapimiliyi,Low,2020-06-30,1013,Family Outstation,No,Arnhem,Tiwi Islands Regional Council,Tiwi Land Council,3.0,Tiwi Islands Regional Council,Local Government Association,Yes,Yes,No,-11.81528,130.80161
Tara,High,2020-06-30,264,Minor,No,Alice Springs,Barkly Regional Council,Central Land Council,105.0,Thangkenharenge Aboriginal Corporation,Aboriginal Corporation,Yes,Yes,No,-21.50658,133.99669
Taracumbi,Moderate,2020-06-30,424,Family Outstation,No,Arnhem,Tiwi Islands Regional Council,Tiwi Land Council,,Not Funded In FY19/20,Not Funded In FY19/20,No,No,No,-11.60806,130.71131
Tarawara,Moderate,2020-06-30,767,Family Outstation,No,Alice Springs,MacDonnell Regional Council,Central Land Council,,Not Funded In FY19/20,Not Funded In FY19/20,No,No,No,-23.54726,131.41338
Tigers Camp,High,2020-06-30,306,Family Outstation,No,Arnhem,West Arnhem Regional Council,Northern Land Council,,Not Funded In FY19/20,Not Funded In FY19/20,No,No,No,-11.47407,132.77662
Timor Springs,High,2020-06-30,891,Family Outstation,No,Arnhem,West Arnhem Regional Council,Northern Land Council,,Not Funded In FY19/20,Not Funded In FY19/20,No,No,No,-11.09665,132.57399
Tinkarli,Low,2020-06-30,681,Town Camp,No,ERA,Barkly Regional Council,Central Land Council,66.0,Barkly Regional Council,Local Government Association,Yes,Yes,No,-19.637236,134.202514
Tinki,High,2020-06-30,62,Family Outstation,No,Alice Springs,MacDonnell Regional Council,Central Land Council,,Not Funded In FY19/20,Not Funded In FY19/20,No,No,No,-23.27331,129.55768
Titjikala,Moderate,2020-06-30,148,Major,No,Alice Springs,MacDonnell Regional Council,Central Land Council,267.0,MacDonnell Regional Council,Local Government Association,Yes,Yes,Yes,-24.67389,134.07584
Tjamangkurra,Low,2020-06-30,149,Family Outstation,No,Alice Springs,MacDonnell Regional Council,Central Land Council,5.0,Tjuwanpa Outstation Resource Centre Aboriginal Corporation,Aboriginal Corporation,Yes,Yes,No,-23.968903,132.805292
Tjauwata,Moderate,2020-06-30,880,Family Outstation,No,Alice Springs,MacDonnell Regional Council,Central Land Council,,Not Funded In FY19/20,Not Funded In FY19/20,No,No,No,-24.91526,129.12181
Tjintirtjintirpa,Low,2020-06-30,762,Family Outstation,No,Alice Springs,MacDonnell Regional Council,Central Land Council,6.0,MacDonnell Regional Council,Local Government Association,Yes,Yes,No,-23.28522,131.27059
Tjoungouri,High,2020-06-30,267,Family Outstation,No,Savanna,Roper Gulf Regional Council,Northern Land Council,,Not Funded In FY19/20,Not Funded In FY19/20,No,No,No,-16.17126,136.04365
Tjulpungu,Moderate,2020-06-30,151,Family Outstation,No,Alice Springs,Central Desert Regional Council,Central Land Council,,Not Funded In FY19/20,Not Funded In FY19/20,No,No,No,-21.83419,131.41348
Tjunti,Moderate,2020-06-30,152,Family Outstation,No,Alice Springs,MacDonnell Regional Council,Central Land Council,,Not Funded In FY19/20,Not Funded In FY19/20,No,No,No,-25.01763,129.40113
Tjuntinanta,Moderate,2020-06-30,153,Family Outstation,No,Alice Springs,MacDonnell Regional Council,Central Land Council,,Not Funded In FY19/20,Not Funded In FY19/20,No,No,No,-24.85187,129.23084
Tnawurta,Low,2020-06-30,154,Family Outstation,No,Alice Springs,MacDonnell Regional Council,Central Land Council,2.0,Tjuwanpa Outstation Resource Centre Aboriginal Corporation,Aboriginal Corporation,Yes,Yes,No,-23.998903,132.838347
Tnerte,Low,2020-06-30,928,Family Outstation,Yes,Alice Springs,MacDonnell Regional Council,Central Land Council,16.0,Ingkerreke Outstations Resource Services Aboriginal Corporation,Aboriginal Corporation,Yes,Yes,Yes,-23.74715,133.72011
Tnyimipurta,Low,2020-06-30,155,Family Outstation,No,Alice Springs,MacDonnell Regional Council,Central Land Council,8.0,Tjuwanpa Outstation Resource Centre Aboriginal Corporation,Aboriginal Corporation,Yes,Yes,No,-23.887792,132.671125
Tommyhawk Swamp,Moderate,2020-06-30,970,Family Outstation,No,Alice Springs,Barkly Regional Council,Central Land Council,,Urapuntja Aboriginal Corporation,Aboriginal Corporation,Yes,Yes,No,-22.194306,134.592739
Town Bore,Moderate,2020-06-30,30,Family Outstation,No,Alice Springs,MacDonnell Regional Council,Central Land Council,7.0,MacDonnell Regional Council,Local Government Association,Yes,Yes,No,-23.35473,132.06416
Tree Point,High,2020-06-30,423,Family Outstation,Yes,Vernon Arafura,Litchfield Council,Northern Land Council,,Not Funded In FY19/20,Not Funded In FY19/20,No,No,No,-12.30839,131.01819
Turkey Lagoon,High,2020-06-30,649,Family Outstation,No,Arnhem,Roper Gulf Regional Council,Northern Land Council,,Not Funded In FY19/20,Not Funded In FY19/20,No,No,No,-14.52938,134.75093
Turners Camp,Low,2020-06-30,785,Family Outstation,No,Alice Springs,MacDonnell Regional Council,Central Land Council,18.0,Ingkerreke Outstations Resource Services Aboriginal Corporation,Aboriginal Corporation,Yes,Yes,Yes,-23.30514,134.06937
Twetye (A),Low,2020-06-30,929,Family Outstation,Yes,Alice Springs,MacDonnell Regional Council,Central Land Council,15.0,Ingkerreke Outstations Resource Services Aboriginal Corporation,Aboriginal Corporation,Yes,Yes,Yes,-23.74034,133.70539
Twetye (B),Low,2020-06-30,930,Family Outstation,Yes,Alice Springs,MacDonnell Regional Council,Central Land Council,20.0,Ingkerreke Outstations Resource Services Aboriginal Corporation,Aboriginal Corporation,Yes,Yes,Yes,-23.74292,133.69633
Tywenpe (A),Low,2020-06-30,931,Family Outstation,Yes,Alice Springs,MacDonnell Regional Council,Central Land Council,15.0,Ingkerreke Outstations Resource Services Aboriginal Corporation,Aboriginal Corporation,Yes,Yes,Yes,-23.72634,133.72928
Tywenpe (C),Low,2020-06-30,933,Family Outstation,Yes,Alice Springs,MacDonnell Regional Council,Central Land Council,25.0,Ingkerreke Outstations Resource Services Aboriginal Corporation,Aboriginal Corporation,Yes,Yes,Yes,-23.74426,133.68787
Tywenpe (D),Low,2020-06-30,934,Family Outstation,Yes,Alice Springs,MacDonnell Regional Council,Central Land Council,6.0,Ingkerreke Outstations Resource Services Aboriginal Corporation,Aboriginal Corporation,Yes,Yes,Yes,-23.7648,133.67226
Uguie,Moderate,2020-06-30,991,Family Outstation,No,Savanna,Roper Gulf Regional Council,Northern Land Council,,Not Funded In FY19/20,Not Funded In FY19/20,No,No,No,-15.83006,137.04142
Ukaka,Low,2020-06-30,159,Family Outstation,No,Alice Springs,MacDonnell Regional Council,Central Land Council,15.0,Ingkerreke Outstations Resource Services Aboriginal Corporation,Aboriginal Corporation,Yes,Yes,Yes,-24.59261,132.37395
Ukatjupu,Moderate,2020-06-30,160,Family Outstation,No,Alice Springs,MacDonnell Regional Council,Central Land Council,,Not Funded In FY19/20,Not Funded In FY19/20,No,No,No,-25.90949,129.10549
Ulambara,Low,2020-06-30,760,Family Outstation,No,Alice Springs,MacDonnell Regional Council,Central Land Council,11.0,MacDonnell Regional Council,Local Government Association,Yes,Yes,No,-23.27715,131.92748
Ulbulla,High,2020-06-30,705,Family Outstation,No,Alice Springs,MacDonnell Regional Council,Central Land Council,,Not Funded In FY19/20,Not Funded In FY19/20,No,No,No,-25.68357,133.19644
Ulpanyali,Moderate,2020-06-30,162,Family Outstation,No,Alice Springs,MacDonnell Regional Council,Central Land Council,15.0,Ngurratjuta Pmara Ntjarra Aboriginal Corporation,Aboriginal Corporation,Yes,Yes,No,-24.23091,131.50075
Ulpunda,Low,2020-06-30,772,Family Outstation,No,Alice Springs,MacDonnell Regional Council,Central Land Council,15.0,Tjuwanpa Outstation Resource Centre Aboriginal Corporation,Aboriginal Corporation,Yes,Yes,No,-23.9546,132.766
Uluperte,Moderate,2020-06-30,1016,Family Outstation,No,Alice Springs,Central Desert Regional Council,Central Land Council,,Not Funded In FY19/20,Not Funded In FY19/20,No,No,No,-23.76408,135.69544
Umbakumba,High,2020-06-30,555,Major,No,Arnhem,East Arnhem Regional Council,Anindilyakwa Land Council,591.0,East Arnhem Regional Council,Local Government Association,Yes,Yes,No,-13.859736,136.811125
Uminyuluk,Moderate,2020-06-30,962,Family Outstation,No,Vernon Arafura,West Daly Regional Council,Northern Land Council,7.0,West Daly Regional Council,Local Government Association,Yes,Yes,No,-13.83073,130.05311
Un-Marr,High,2020-06-30,662,Family Outstation,No,Vernon Arafura,Victoria-Daly Regional Council,Northern Land Council,,Not Funded In FY19/20,Not Funded In FY19/20,No,No,No,-14.06441,129.90879
Undoolya Bore,Low,2020-06-30,711,Family Outstation,Yes,Alice Springs,MacDonnell Regional Council,Central Land Council,20.0,Ingkerreke Outstations Resource Services Aboriginal Corporation,Aboriginal Corporation,Yes,Yes,Yes,-23.74762,134.11762
Undurana 1C,Low,2020-06-30,166,Family Outstation,No,Alice Springs,MacDonnell Regional Council,Central Land Council,5.0,Tjuwanpa Outstation Resource Centre Aboriginal Corporation,Aboriginal Corporation,Yes,Yes,No,-23.75723,132.12722
Undurana 2A,Moderate,2020-06-30,985,Family Outstation,No,Alice Springs,MacDonnell Regional Council,Central Land Council,1.0,Tjuwanpa Outstation Resource Centre Aboriginal Corporation,Aboriginal Corporation,Yes,Yes,No,-23.759181,132.105292
Urlampe,Moderate,2020-06-30,156,Family Outstation,No,Alice Springs,Central Desert Regional Council,Central Land Council,20.0,Arramwelke Aboriginal Corporation,Aboriginal Corporation,Yes,Yes,No,-22.49317,137.74252
Urrermerne,Moderate,2020-06-30,24992,Family Outstation,Yes,Alice Springs,MacDonnell Regional Council,Central Land Council,,Not Funded In FY19/20,Not Funded In FY19/20,No,No,No,-23.9629,134.069133
Utily,Low,2020-06-30,24,Family Outstation,No,Alice Springs,MacDonnell Regional Council,Central Land Council,12.0,MacDonnell Regional Council,Local Government Association,Yes,Yes,No,-23.48877,131.87319
Village Camp,Low,2020-06-30,271,Town Camp,No,ERA,Barkly Regional Council,Central Land Council,58.0,Barkly Regional Council,Local Government Association,Yes,Yes,No,-19.656,134.1842
Wada Wadalla,High,2020-06-30,815,Family Outstation,No,Savanna,Roper Gulf Regional Council,Northern Land Council,,Not Funded In FY19/20,Not Funded In FY19/20,No,No,No,-15.92948,136.42886
Wada Warra,Moderate,2020-06-30,214,Family Outstation,No,Savanna,Roper Gulf Regional Council,Northern Land Council,12.0,Mabunji Aboriginal Resource Indigenous Corporation,Aboriginal Corporation,Yes,Yes,No,-15.74902,136.25224
Wadeye,High,2020-06-30,426,Major,No,Vernon Arafura,West Daly Regional Council,Northern Land Council,2679.0,West Daly Regional Council,Local Government Association,Yes,Yes,No,-14.2404,129.5205
Waidaboonar,High,2020-06-30,381,Family Outstation,No,Arnhem,West Arnhem Regional Council,Northern Land Council,,Not Funded In FY19/20,Not Funded In FY19/20,No,No,No,-11.93822,132.78225
Wakurlpu,Low,2020-06-30,908,Family Outstation,No,Barkly,Barkly Regional Council,Central Land Council,7.0,North Barkly Aboriginal Corporation/ Far Northern Contractors Pty Ltd,Aboriginal Corporation,Yes,Yes,No,-20.63229,134.21688
Walangurrminy,Moderate,2020-06-30,983,Family Outstation,Yes,Vernon Arafura,Un-Incorporate (Cox-Daly),Northern Land Council,13.0,Yilli Rreung Housing Aboriginal Corporation,Aboriginal Corporation,Yes,Yes,No,-12.97482,130.77614
Waldnarr,Low,2020-06-30,556,Family Outstation,No,Arnhem,Roper Gulf Regional Council,Northern Land Council,8.0,Numbulwar Homelands Council Association Inc,Aboriginal Corporation,Yes,Yes,No,-13.76563,135.80531
Walka,Moderate,2020-06-30,291,Family Outstation,No,Arnhem,West Arnhem Regional Council,Northern Land Council,,Not Funded In FY19/20,Not Funded In FY19/20,No,No,No,-11.17957,132.58843
Walkabout Bore,Moderate,2020-06-30,720,Family Outstation,No,Alice Springs,MacDonnell Regional Council,Central Land Council,26.0,MacDonnell Regional Council,Local Government Association,Yes,Yes,No,-24.38261,133.81687
Walkalba,Moderate,2020-06-30,750,Family Outstation,No,Alice Springs,Central Desert Regional Council,Central Land Council,,Not Funded In FY19/20,Not Funded In FY19/20,No,No,No,-22.16249,131.81991
Wallace Rockhole,Moderate,2020-06-30,174,Major,No,Alice Springs,MacDonnell Regional Council,Central Land Council,120.0,MacDonnell Regional Council,Local Government Association,Yes,Yes,Yes,-24.1245,133.0863
Wallaces Lagoon,Moderate,2020-06-30,24903,Family Outstation,No,Savanna,Roper Gulf Regional Council,Northern Land Council,2.0,Power Projects (NT) Pty Ltd,Private Enterprise,Yes,Yes,No,-16.122667,136.6356
Walpiri,Moderate,2020-06-30,606,Town Camp,No,ERA,Katherine Town Council,Northern Land Council,60.0,Kalano Community Association Inc,Aboriginal Corporation,Yes,Yes,No,-14.473611,132.2693
Walu,Moderate,2020-06-30,748,Family Outstation,No,Alice Springs,MacDonnell Regional Council,Central Land Council,,Not Funded In FY19/20,Not Funded In FY19/20,No,No,No,-24.73711,129.52559
Walytjatjata,Moderate,2020-06-30,176,Family Outstation,No,Alice Springs,MacDonnell Regional Council,Central Land Council,,Not Funded In FY19/20,Not Funded In FY19/20,No,No,No,-25.97667,129.46583
Waminari,Moderate,2020-06-30,428,Family Outstation,No,Arnhem,West Arnhem Regional Council,Northern Land Council,,Not Funded In FY19/20,Not Funded In FY19/20,No,No,No,-11.768607,133.39754
Wanakutja,Moderate,2020-06-30,890,Family Outstation,No,Arnhem,West Arnhem Regional Council,Northern Land Council,,Not Funded In FY19/20,Not Funded In FY19/20,No,No,No,-11.10539,132.51106
Wanarkula,High,2020-06-30,119,Family Outstation,No,Alice Springs,MacDonnell Regional Council,Central Land Council,,Not Funded In FY19/20,Not Funded In FY19/20,No,No,No,-25.99663,131.58803
Wandangula,Moderate,2020-06-30,256,Minor,No,Savanna,Roper Gulf Regional Council,Northern Land Council,40.0,Mabunji Aboriginal Resource Indigenous Corporation,Aboriginal Corporation,Yes,Yes,No,-16.05477,136.34558
Wandawuy,Low,2020-06-30,557,Family Outstation,No,Arnhem,East Arnhem Regional Council,Northern Land Council,80.0,Laynhupuy Homelands Aboriginal Corporation,Aboriginal Corporation,Yes,Yes,No,-12.89147,136.35636
Wangalinji,High,2020-06-30,690,Family Outstation,No,Barkly,Barkly Regional Council,Northern Land Council,,Not Funded In FY19/20,Not Funded In FY19/20,No,No,No,-18.39639,137.46692
Wangkari,Moderate,2020-06-30,177,Family Outstation,No,Alice Springs,MacDonnell Regional Council,Central Land Council,,Not Funded In FY19/20,Not Funded In FY19/20,No,No,No,-25.13169,129.01933
Wanmarra,Moderate,2020-06-30,178,Family Outstation,No,Alice Springs,MacDonnell Regional Council,Central Land Council,10.0,Ngurratjuta Pmara Ntjarra Aboriginal Corporation,Aboriginal Corporation,Yes,Yes,No,-24.388406,131.803467
Wanmarri,High,2020-06-30,652,Family Outstation,No,Arnhem,Roper Gulf Regional Council,Northern Land Council,,Not Funded In FY19/20,Not Funded In FY19/20,No,No,No,-14.45401,135.22691
Warby,High,2020-06-30,19471,Family Outstation,No,Savanna,Roper Gulf Regional Council,Northern Land Council,,Not Funded In FY19/20,Not Funded In FY19/20,No,No,No,-16.1531,136.7344
Warlpeyangkrere,High,2020-06-30,998,Family Outstation,No,Alice Springs,Central Desert Regional Council,Central Land Council,,Not Funded In FY19/20,Not Funded In FY19/20,No,No,No,-22.54894,136.99175
Warren Creek,Low,2020-06-30,179,Family Outstation,No,Alice Springs,MacDonnell Regional Council,Central Land Council,8.0,MacDonnell Regional Council,Local Government Association,Yes,Yes,No,-23.26572,131.17868
Warruwi,Moderate,2020-06-30,429,Major,No,Arnhem,West Arnhem Regional Council,Northern Land Council,457.0,West Arnhem Regional Council,Local Government Association,Yes,Yes,No,-11.64896,133.38935
Warumpi,Low,2020-06-30,180,Family Outstation,No,Alice Springs,MacDonnell Regional Council,Central Land Council,10.0,MacDonnell Regional Council,Local Government Association,Yes,Yes,No,-23.185099,131.975143
Wataru,Low,2020-06-30,877,Family Outstation,No,Alice Springs,MacDonnell Regional Council,Central Land Council,2.0,MacDonnell Regional Council,Local Government Association,Yes,Yes,No,-24.85858,129.05936
Watdagawuy,Moderate,2020-06-30,889,Family Outstation,No,Arnhem,East Arnhem Regional Council,Northern Land Council,,Not Funded In FY19/20,Not Funded In FY19/20,No,No,No,-11.93961,135.70074
Wauk,High,2020-06-30,385,Family Outstation,No,Arnhem,West Arnhem Regional Council,Northern Land Council,,Not Funded In FY19/20,Not Funded In FY19/20,No,No,No,-11.548625,132.925014
Wayililinypa,Moderate,2020-06-30,181,Family Outstation,No,Alice Springs,Central Desert Regional Council,Central Land Council,,Not Funded In FY19/20,Not Funded In FY19/20,No,No,No,-22.50196,131.44669
Weemol,Moderate,2020-06-30,654,Minor,No,Arnhem,Roper Gulf Regional Council,Northern Land Council,329.0,Roper Gulf Regional Council,Local Government Association,Yes,Yes,No,-13.644181,134.308625
Welere,High,2020-06-30,182,Family Outstation,No,Alice Springs,Barkly Regional Council,Central Land Council,,Not Funded In FY19/20,Not Funded In FY19/20,No,No,No,-22.02194,135.19169
Welmala,High,2020-06-30,183,Family Outstation,No,Alice Springs,MacDonnell Regional Council,Central Land Council,,Not Funded In FY19/20,Not Funded In FY19/20,No,No,No,-25.68278,133.26116
Werenbun,Low,2020-06-30,655,Family Outstation,Yes,Savanna,Roper Gulf Regional Council,Northern Land Council,40.0,Roper Gulf Regional Council,Local Government Association,Yes,Yes,No,-14.18255,132.1611
Werre-Therre,Moderate,2020-06-30,708,Family Outstation,Yes,Alice Springs,MacDonnell Regional Council,Central Land Council,,Not Funded In FY19/20,Not Funded In FY19/20,No,No,No,-23.54265,133.63473
West Island,Low,2020-06-30,274,Family Outstation,No,Savanna,Roper Gulf Regional Council,Northern Land Council,4.0,Mabunji Aboriginal Resource Indigenous Corporation,Aboriginal Corporation,Yes,Yes,No,-15.64251,136.50235
West Waterhouse,Low,2020-06-30,185,Family Outstation,No,Alice Springs,MacDonnell Regional Council,Central Land Council,12.0,MacDonnell Regional Council,Local Government Association,Yes,Yes,No,-23.99573,133.11339
Wigu,High,2020-06-30,431,Family Outstation,No,Arnhem,West Arnhem Regional Council,Northern Land Council,,Not Funded In FY19/20,Not Funded In FY19/20,No,No,No,-11.61353,133.43225
Wiitin,Low,2020-06-30,952,Family Outstation,Yes,Barkly,Barkly Regional Council,Central Land Council,1.0,Far Northern Contractors Pty Ltd  ( T & J Contractors ),Private Enterprise,Yes,Yes,No,-19.544931,134.236569
Wilgi,Moderate,2020-06-30,432,Family Outstation,No,Arnhem,West Arnhem Regional Council,Northern Land Council,6.0,Demed Aboriginal Corporation,Aboriginal Corporation,Yes,Yes,No,-11.49601,132.74947
Williams Well,Low,2020-06-30,786,Family Outstation,Yes,Alice Springs,MacDonnell Regional Council,Central Land Council,8.0,Ingkerreke Outstations Resource Services Aboriginal Corporation,Aboriginal Corporation,Yes,Yes,Yes,-23.67327,134.27874
Willowra,Moderate,2020-06-30,186,Major,No,Alice Springs,Central Desert Regional Council,Central Land Council,354.0,Central Desert Regional Council,Local Government Association,Yes,Yes,Yes,-21.244458,132.613903
Wilora,Moderate,2020-06-30,187,Minor,No,Alice Springs,Central Desert Regional Council,Central Land Council,112.0,Central Desert Regional Council,Local Government Association,Yes,Yes,Yes,-21.7411,133.7311
Winparku,Moderate,2020-06-30,751,Family Outstation,No,Alice Springs,MacDonnell Regional Council,Central Land Council,,Not Funded In FY19/20,Not Funded In FY19/20,No,No,No,-23.43465,131.46172
Wogyala,Moderate,2020-06-30,259,Family Outstation,No,Barkly,Barkly Regional Council,Northern Land Council,40.0,Manungurra Aboriginal Corporation,Aboriginal Corporation,Yes,Yes,No,-19.00617,135.17821
Wollagalonng Outstation,High,2020-06-30,21479,Family Outstation,No,Alice Springs,Central Desert Regional Council,Central Land Council,,Not Funded In FY19/20,Not Funded In FY19/20,No,No,No,-21.36721,133.439495
Wollogorang,Moderate,2020-06-30,275,Family Outstation,No,Savanna,Roper Gulf Regional Council,Northern Land Council,3.0,Mabunji Aboriginal Resource Indigenous Corporation,Aboriginal Corporation,Yes,Yes,No,-17.21828,137.98884
Woodycupaldiya,Moderate,2020-06-30,434,Minor,No,Vernon Arafura,Victoria-Daly Regional Council,Northern Land Council,45.0,Yantjarrwu Outstation Resource Centre Aboriginal Corporation,Aboriginal Corporation,Yes,Yes,No,-13.85926,130.00115
Woolaning,Moderate,2020-06-30,697,Family Outstation,Yes,Vernon Arafura,Un-Incorporate (Cox-Daly),Northern Land Council,9.0,Yilli Rreung Housing Aboriginal Corporation,Aboriginal Corporation,Yes,Yes,No,-13.105208,130.658903
Wooliana,Low,2020-06-30,715,Family Outstation,Yes,Vernon Arafura,Victoria-Daly Regional Council,Northern Land Council,12.0,Victoria Daly Regional Council,Local Government Association,Yes,Yes,No,-13.674833,130.64275
Wudaduk,Moderate,2020-06-30,778,Family Outstation,No,Vernon Arafura,West Daly Regional Council,Northern Land Council,6.0,West Daly Regional Council,Local Government Association,Yes,Yes,No,-14.02771,129.94375
Wudapuli,Moderate,2020-06-30,435,Family Outstation,No,Vernon Arafura,West Daly Regional Council,Northern Land Council,21.0,West Daly Regional Council,Local Government Association,Yes,Yes,No,-14.21351,129.85315
Wulaburri,Moderate,2020-06-30,995,Family Outstation,No,Savanna,Roper Gulf Regional Council,Northern Land Council,,Not Funded In FY19/20,Not Funded In FY19/20,No,Yes,No,-16.4064,136.84162
Wulkabimirri,Low,2020-06-30,838,Family Outstation,No,Arnhem,East Arnhem Regional Council,Northern Land Council,55.0,Dinybulu Regional Services,Aboriginal Corporation,Yes,Yes,No,-12.35538,134.90591
Wumajbarr,Low,2020-06-30,563,Family Outstation,No,Arnhem,Roper Gulf Regional Council,Northern Land Council,8.0,Numbulwar Homelands Council Association Inc,Aboriginal Corporation,Yes,Yes,No,-14.16648,135.69241
Wumirdin,High,2020-06-30,937,Family Outstation,No,Vernon Arafura,Victoria-Daly Regional Council,Northern Land Council,,Not Funded In FY19/20,Not Funded In FY19/20,No,No,No,-14.18907,129.56319
Wunara,Moderate,2020-06-30,707,Family Outstation,No,Barkly,Barkly Regional Council,Central Land Council,5.0,North Barkly Aboriginal Corporation/ Far Northern Contractors Pty Ltd,Aboriginal Corporation,Yes,Yes,No,-19.9898,136.6181
Wunburri,Moderate,2020-06-30,564,Family Outstation,No,Arnhem,East Arnhem Regional Council,Northern Land Council,,Not Funded In FY19/20,Not Funded In FY19/20,No,No,No,-11.59498,136.07853
Wundigalla,Low,2020-06-30,996,Family Outstation,No,Savanna,Roper Gulf Regional Council,Northern Land Council,6.0,Power Projects (NT) Pty Ltd,Private Enterprise,Yes,Yes,No,-16.475569,137.043069
Wuppa,Low,2020-06-30,684,Town Camp,No,ERA,Barkly Regional Council,Central Land Council,69.0,Barkly Regional Council,Local Government Association,Yes,Yes,No,-19.636958,134.199181
Wurankuwu,Moderate,2020-06-30,868,Minor,No,Arnhem,Tiwi Islands Regional Council,Tiwi Land Council,4.0,Tiwi Islands Regional Council,Local Government Association,Yes,Yes,No,-11.61652,130.27763
Wurdeja,Moderate,2020-06-30,437,Family Outstation,No,Arnhem,West Arnhem Regional Council,Northern Land Council,10.0,Bawinanga Aboriginal Corporation,Aboriginal Corporation,Yes,Yes,No,-12.170569,134.660847
Wurlbu,Moderate,2020-06-30,817,Family Outstation,No,Savanna,Roper Gulf Regional Council,Northern Land Council,1.0,Mabunji Aboriginal Resource Indigenous Corporation,Aboriginal Corporation,Yes,Yes,No,-16.07464,136.28415
Wurrumenbumanja,High,2020-06-30,565,Family Outstation,No,Arnhem,East Arnhem Regional Council,Anindilyakwa Land Council,,Not Funded In FY19/20,Not Funded In FY19/20,No,No,No,-14.137792,136.515569
Wurrumiyanga,Moderate,2020-06-30,400,Major,No,ERA,Tiwi Islands Regional Council,Tiwi Land Council,1837.0,Tiwi Islands Regional Council,Local Government Association,Yes,Yes,No,-11.758306,130.63747
Wurwula,Moderate,2020-06-30,548,Family Outstation,No,Arnhem,East Arnhem Regional Council,Northern Land Council,,Not Funded In FY19/20,Not Funded In FY19/20,No,No,No,-11.97646,136.30349
Wutunugurra,Moderate,2020-06-30,227,Major,No,Barkly,Barkly Regional Council,Central Land Council,195.0,Barkly Regional Council,Local Government Association,Yes,Yes,No,-20.461555,135.25241
Wuyagiba,Low,2020-06-30,567,Family Outstation,No,Arnhem,Roper Gulf Regional Council,Northern Land Council,20.0,Numbulwar Homelands Council Association Inc,Aboriginal Corporation,Yes,Yes,No,-14.62149,135.52036
Yakala,Low,2020-06-30,984,Family Outstation,No,Alice Springs,MacDonnell Regional Council,Central Land Council,6.0,Tjuwanpa Outstation Resource Centre Aboriginal Corporation,Aboriginal Corporation,Yes,Yes,No,-23.886681,132.663903
Yalukun,Low,2020-06-30,864,Family Outstation,No,Arnhem,East Arnhem Regional Council,Northern Land Council,4.0,Laynhupuy Homelands Aboriginal Corporation,Aboriginal Corporation,Yes,Yes,No,-12.262514,136.005847
Yaminyi,Moderate,2020-06-30,796,Family Outstation,No,Arnhem,West Arnhem Regional Council,Northern Land Council,,Not Funded In FY19/20,Not Funded In FY19/20,No,No,No,-12.790261,134.356992
Yanbakwa,Moderate,2020-06-30,573,Family Outstation,No,Arnhem,East Arnhem Regional Council,Anindilyakwa Land Council,5.0,GEBIE Civil and Construction Pty Ltd,Private Enterprise,Yes,Yes,No,-14.216681,136.456125
Yangulinyina,Moderate,2020-06-30,218,Family Outstation,No,Savanna,Roper Gulf Regional Council,Northern Land Council,3.0,Power Projects (NT) Pty Ltd,Private Enterprise,Yes,Yes,No,-16.88886,137.20896
Yanungbi,Moderate,2020-06-30,569,Family Outstation,No,Arnhem,East Arnhem Regional Council,Northern Land Council,6.0,Laynhupuy Homelands Aboriginal Corporation,Aboriginal Corporation,Yes,Yes,No,-12.27975,136.65787
Yanyula,Moderate,2020-06-30,278,Town Camp,No,ERA,Roper Gulf Regional Council,Northern Land Council,200.0,Mabunji Aboriginal Resource Indigenous Corporation,Aboriginal Corporation,Yes,Yes,No,-16.0613,136.3083
Yarralin,High,2020-06-30,658,Major,No,Savanna,Victoria-Daly Regional Council,Northern Land Council,344.0,Victoria Daly Regional Council,Local Government Association,Yes,Yes,No,-16.44841,130.88279
Yartalu Yartalu,Low,2020-06-30,939,Family Outstation,No,Alice Springs,Central Desert Regional Council,Central Land Council,6.0,Yapa-Kurlangu Ngurrara Aboriginal Corporation,Aboriginal Corporation,Yes,Yes,No,-20.57253,130.35528
Yatemans Bore,Moderate,2020-06-30,194,Family Outstation,No,Alice Springs,MacDonnell Regional Council,Central Land Council,,Not Funded In FY19/20,Not Funded In FY19/20,No,No,No,-23.68622,131.61441
Yathalamarra,Moderate,2020-06-30,571,Minor,No,Arnhem,East Arnhem Regional Council,Northern Land Council,66.0,Dinybulu Regional Services,Aboriginal Corporation,Yes,Yes,No,-12.274458,134.921958
Yatjalu,Moderate,2020-06-30,191,Family Outstation,No,Alice Springs,Central Desert Regional Council,Central Land Council,,Not Funded In FY19/20,Not Funded In FY19/20,No,No,No,-22.40643,131.16216
Yederr,High,2020-06-30,719,Family Outstation,No,Vernon Arafura,Victoria-Daly Regional Council,Northern Land Council,,Not Funded In FY19/20,Not Funded In FY19/20,No,No,No,-14.01965,129.72201
Yedikba,Moderate,2020-06-30,572,Family Outstation,No,Arnhem,East Arnhem Regional Council,Anindilyakwa Land Council,4.0,GEBIE Civil and Construction Pty Ltd,Private Enterprise,Yes,Yes,No,-14.08056,136.45703
Yikarrakkal,Low,2020-06-30,797,Family Outstation,No,Arnhem,West Arnhem Regional Council,Northern Land Council,15.0,Bawinanga Aboriginal Corporation,Aboriginal Corporation,Yes,Yes,No,-12.503625,134.111403
Yilan,Moderate,2020-06-30,303,Family Outstation,No,Arnhem,West Arnhem Regional Council,Northern Land Council,20.0,Bawinanga Aboriginal Corporation,Aboriginal Corporation,Yes,Yes,No,-12.042514,134.621958
Yilila,Low,2020-06-30,898,Family Outstation,No,Arnhem,Roper Gulf Regional Council,Northern Land Council,8.0,Numbulwar Homelands Council Association Inc,Aboriginal Corporation,Yes,Yes,No,-13.68204,135.91308
Yimidarra,Low,2020-06-30,574,Family Outstation,No,Arnhem,Roper Gulf Regional Council,Northern Land Council,12.0,Numbulwar Homelands Council Association Inc,Aboriginal Corporation,Yes,Yes,No,-14.21752,135.56463
Yinguwunarri,High,2020-06-30,659,Family Outstation,No,Savanna,Victoria-Daly Regional Council,Northern Land Council,,Not Funded In FY19/20,Not Funded In FY19/20,No,No,No,-16.60891,131.82362
Yinyikay,Low,2020-06-30,999,Family Outstation,No,Arnhem,East Arnhem Regional Council,Northern Land Council,18.0,Marthakal Homelands & Resource Centre Aboriginal Corporation,Aboriginal Corporation,Yes,Yes,No,-12.21024,136.22921
Yinyiripalangu,Moderate,2020-06-30,195,Family Outstation,No,Alice Springs,Central Desert Regional Council,Central Land Council,,Not Funded In FY19/20,Not Funded In FY19/20,No,No,No,-22.21046,130.20558
Yirra Bandoo,High,2020-06-30,1002,Family Outstation,No,ERA,Litchfield Council,Northern Land Council,,Not Funded In FY19/20,Not Funded In FY19/20,No,No,No,-12.572931,131.022375
Yirringa,Moderate,2020-06-30,575,Family Outstation,No,Arnhem,East Arnhem Regional Council,Northern Land Council,,Not Funded In FY19/20,Not Funded In FY19/20,No,No,No,-11.64538,136.02578
Yirrkala,High,2020-06-30,576,Major,No,ERA,East Arnhem Regional Council,Northern Land Council,951.0,East Arnhem Regional Council,Local Government Association,Yes,Yes,No,-12.252792,136.891681
Yudu Yudu,Moderate,2020-06-30,672,Family Outstation,No,Arnhem,East Arnhem Regional Council,Northern Land Council,10.0,Not Funded In FY19/20,Not Funded In FY19/20,No,No,No,-12.233347,136.637236
Yuelamu,Moderate,2020-06-30,197,Major,No,Alice Springs,Central Desert Regional Council,Central Land Council,259.0,Central Desert Regional Council,Local Government Association,Yes,Yes,Yes,-22.258347,132.205569
Yuendumu,Moderate,2020-06-30,198,Major,No,Alice Springs,Central Desert Regional Council,Central Land Council,892.0,Central Desert Regional Council,Local Government Association,Yes,Yes,Yes,-22.25389,131.79529
Yulara Pulka,Moderate,2020-06-30,863,Family Outstation,No,Alice Springs,MacDonnell Regional Council,Central Land Council,,Not Funded In FY19/20,Not Funded In FY19/20,No,No,No,-25.25455,130.89108
Yulbara,Moderate,2020-06-30,1010,Family Outstation,No,Savanna,Roper Gulf Regional Council,Northern Land Council,,Not Funded In FY19/20,Not Funded In FY19/20,No,No,No,-15.7777,136.9997
Yumurrpa,Moderate,2020-06-30,200,Family Outstation,No,Alice Springs,Central Desert Regional Council,Central Land Council,,Not Funded In FY19/20,Not Funded In FY19/20,No,No,No,-21.62731,130.78047
Yuwalki,High,2020-06-30,196,Family Outstation,No,Alice Springs,MacDonnell Regional Council,Central Land Council,,Not Funded In FY19/20,Not Funded In FY19/20,No,No,No,-23.56347,129.53922
Yuwerli,Moderate,2020-06-30,123,Family Outstation,No,Alice Springs,Central Desert Regional Council,Central Land Council,,Not Funded In FY19/20,Not Funded In FY19/20,No,No,No,-22.03566,131.65064
