fire_id,fire_name,ignition_d,capture_da,extinguish,fire_type,ignition_c,capt_metho,area_ha,perim_km,state,agency,Shape_Leng,Shape_Area
B300618,No Name B300618,2024-12-26,2025-09-17,2025-01-19,Unknown,Undetermined,MODIS,2559.4397513,32.256438486,Qld,BFNT,0.300000004,0.0021999999825
B300619,No Name B300619,2024-12-31,2025-09-17,2025-01-19,Unknown,Undetermined,MODIS,430.855962928,10.2404245492,Qld,BFNT,0.0949999979999,0.0003749999825
B300620,No Name B300620,2025-01-01,2025-09-17,2025-01-11,Unknown,Undetermined,MODIS,7.33990473004,1.08393087454,NT,NTFES,0.0099999979999,6.24999749987e-06
B300621,No Name B300621,2025-01-01,2025-09-17,2025-01-11,Unknown,Undetermined,MODIS,7.34000710416,1.08393826864,NT,NTFES,0.0100000000001,6.25000000013e-06
B300622,No Name B300622,2025-01-01,2025-09-17,2025-01-11,Unknown,Undetermined,MODIS,7.3377194945,1.08377304807,NT,NTFES,0.0100000019999,6.25000249982e-06
B300623,No Name B300623,2025-01-01,2025-09-17,2025-01-11,Unknown,Undetermined,MODIS,14.5680911965,1.6333578419,NT,NTFES,0.0149999980001,1.24999950003e-05
B300624,No Name B300624,2025-01-01,2025-09-17,2025-01-11,Unknown,Undetermined,MODIS,29.292802742,3.27226077611,NT,NTFES,0.0299999999997,2.49999999994e-05
B300625,No Name B300625,2025-01-01,2025-09-17,2025-01-11,Unknown,Undetermined,MODIS,14.6084192848,1.63478560633,NT,NTFES,0.0150000000001,1.25000000003e-05
B300626,No Name B300626,2025-01-01,2025-09-17,2025-01-11,Unknown,Undetermined,MODIS,29.2226653555,2.16291647135,NT,NTFES,0.019999998,2.4999995e-05
B300627,No Name B300627,2025-01-01,2025-09-17,2025-01-11,Unknown,Undetermined,MODIS,29.0946975567,2.71177173346,NT,NTFES,0.025000002,2.50000049999e-05
B300628,No Name B300628,2025-01-01,2025-09-17,2025-01-11,Unknown,Undetermined,MODIS,51.168380745,3.24526337106,NT,NTFES,0.0300000020002,4.37500075003e-05
B300629,No Name B300629,2025-01-01,2025-09-17,2025-01-11,Unknown,Undetermined,MODIS,66.139501129,3.80709702573,NT,NTFES,0.0349999979999,5.62499899996e-05
B300630,No Name B300630,2025-01-01,2025-09-17,2025-01-11,Unknown,Undetermined,MODIS,58.3531147969,3.79532434639,NT,NTFES,0.0350000019999,5.00000050003e-05
B300631,No Name B300631,2025-01-01,2025-09-17,2025-01-11,Unknown,Undetermined,MODIS,65.6257224148,4.34825420726,NT,NTFES,0.039999998,5.624999e-05
B300632,No Name B300632,2025-01-01,2025-09-17,2025-01-11,Unknown,Undetermined,MODIS,95.5632420015,4.33893475869,NT,NTFES,0.039999998,8.12499900001e-05
B300633,No Name B300633,2025-01-01,2025-09-17,2025-01-11,Unknown,Undetermined,MODIS,72.9540467862,4.32286887182,NT,NTFES,0.04,6.25000024999e-05
B300634,No Name B300634,2025-01-01,2025-09-17,2025-01-11,Unknown,Undetermined,MODIS,110.241947721,5.40099049604,NT,NTFES,0.05,9.37500024994e-05
B300635,No Name B300635,2025-01-01,2025-09-17,2025-01-11,Unknown,Undetermined,MODIS,154.061794288,5.39523833479,NT,NTFES,0.05,0.00013125
B300636,No Name B300636,2025-01-01,2025-09-17,2025-01-11,Unknown,Undetermined,MODIS,109.056222214,5.42260086889,NT,NTFES,0.0500000019999,9.37500074999e-05
B300637,No Name B300637,2025-01-01,2025-09-17,2025-01-11,Unknown,Undetermined,MODIS,117.628249577,5.97730506254,NT,NTFES,0.0549999979999,9.99999875e-05
B300638,No Name B300638,2025-01-01,2025-09-17,2025-01-11,Unknown,Undetermined,MODIS,227.936649065,7.55030045346,NT,NTFES,0.0700000000002,0.000193750005001
B300639,No Name B300639,2025-01-01,2025-09-17,2025-01-11,Unknown,Undetermined,MODIS,250.030713971,8.1261440286,NT,NTFES,0.0749999999999,0.000212500005
B300640,No Name B300640,2025-01-01,2025-09-17,2025-01-11,Unknown,Undetermined,MODIS,320.878911041,9.1184964695,NT,NTFES,0.0849999999998,0.000274999995
B300641,No Name B300641,2025-01-01,2025-09-17,2025-01-11,Unknown,Undetermined,MODIS,279.508118146,9.27711468982,NT,NTFES,0.085,0.000237500009999
B300642,No Name B300642,2025-01-01,2025-09-17,2025-01-11,Unknown,Undetermined,MODIS,286.158964051,9.20037549807,NT,NTFES,0.085,0.0002437499925
B300643,No Name B300643,2025-01-01,2025-09-17,2025-01-11,Unknown,Undetermined,MODIS,371.748706706,9.74908227702,NT,NTFES,0.0900000020002,0.000318750007501
B300644,No Name B300644,2025-01-01,2025-09-17,2025-01-11,Unknown,Undetermined,MODIS,488.647040843,10.2258509949,NT,NTFES,0.095,0.00041875001
B300645,No Name B300645,2025-01-01,2025-09-17,2025-01-11,Unknown,Undetermined,MODIS,235.433903661,10.2770068277,NT,NTFES,0.0950000000001,0.000200000007501
B300646,No Name B300646,2025-01-01,2025-09-17,2025-01-11,Unknown,Undetermined,MODIS,298.18499805,10.2652318675,NT,NTFES,0.0950000019999,0.000256250015001
B300647,No Name B300647,2025-01-01,2025-09-17,2025-01-11,Unknown,Undetermined,MODIS,521.604414283,11.995499253,NT,NTFES,0.109999998,0.0004437500075
B300648,No Name B300648,2025-01-01,2025-09-17,2025-01-11,Unknown,Undetermined,MODIS,643.181629481,12.426862928,NT,NTFES,0.114999998,0.000549999989999
B300649,No Name B300649,2025-01-01,2025-09-17,2025-01-11,Unknown,Undetermined,MODIS,550.623890809,12.478006306,NT,NTFES,0.114999998,0.000468750007499
B300650,No Name B300650,2025-01-01,2025-09-17,2025-01-11,Unknown,Undetermined,MODIS,438.976326333,12.9866269182,NT,NTFES,0.120000002,0.000375000002499
B300651,No Name B300651,2025-01-01,2025-09-17,2025-01-11,Unknown,Undetermined,MODIS,613.88472407,12.9796764962,NT,NTFES,0.120000002,0.000525000009999
B300652,No Name B300652,2025-01-01,2025-09-17,2025-01-11,Unknown,Undetermined,MODIS,870.515991062,14.5473051307,NT,NTFES,0.135,0.000743749992503
B300653,No Name B300653,2025-01-01,2025-09-17,2025-01-11,Unknown,Undetermined,MODIS,719.992072054,16.3111722611,NT,NTFES,0.149999998,0.000612499980002
B300654,No Name B300654,2025-01-01,2025-09-17,2025-01-11,Unknown,Undetermined,MODIS,1077.35295889,16.8563913336,NT,NTFES,0.155,0.000925000027498
B300655,No Name B300655,2025-01-01,2025-09-17,2025-01-11,Unknown,Undetermined,MODIS,654.155522442,17.3545880517,NT,NTFES,0.159999996,0.000556249997502
B300656,No Name B300656,2025-01-01,2025-09-17,2025-01-11,Unknown,Undetermined,MODIS,846.072778704,17.4274355835,NT,NTFES,0.16,0.00071874999
B300657,No Name B300657,2025-01-01,2025-09-17,2025-01-11,Unknown,Undetermined,MODIS,758.606863744,18.9243701719,NT,NTFES,0.175,0.000649999995
B300658,No Name B300658,2025-01-01,2025-09-17,2025-01-11,Unknown,Undetermined,MODIS,1051.12879862,20.6533986351,NT,NTFES,0.19,0.000893750009999
B300659,No Name B300659,2025-01-01,2025-09-17,2025-01-11,Unknown,Undetermined,MODIS,1512.7105029,20.9721815312,NT,NTFES,0.195000002,0.0013000000025
B300660,No Name B300660,2025-01-01,2025-09-17,2025-01-11,Unknown,Undetermined,MODIS,678.325698385,22.8503911182,NT,NTFES,0.209999996,0.000581250012501
B300661,No Name B300661,2025-01-01,2025-09-17,2025-01-11,Unknown,Undetermined,MODIS,1515.45424389,22.612823514,NT,NTFES,0.21,0.001293750005
B300662,No Name B300662,2025-01-01,2025-09-17,2025-01-11,Unknown,Undetermined,MODIS,1805.2668507,23.9131494507,NT,NTFES,0.219999996,0.0015375000125
B300663,No Name B300663,2025-01-01,2025-09-17,2025-01-11,Unknown,Undetermined,MODIS,1700.98869568,23.7164893809,NT,NTFES,0.219999998,0.0014499999975
B300664,No Name B300664,2025-01-01,2025-09-17,2025-01-11,Unknown,Undetermined,MODIS,1012.81293956,24.368617802,NT,NTFES,0.224999996,0.000868750002502
B300665,No Name B300665,2025-01-01,2025-09-17,2025-01-11,Unknown,Undetermined,MODIS,1703.7790123,24.7236835228,NT,NTFES,0.23,0.0014625
B300666,No Name B300666,2025-01-01,2025-09-17,2025-01-11,Unknown,Undetermined,MODIS,1242.5160366,26.7864894854,NT,NTFES,0.244999996,0.00105624996
B300667,No Name B300667,2025-01-01,2025-09-17,2025-01-11,Unknown,Undetermined,MODIS,2347.37750727,26.5344782965,NT,NTFES,0.244999998,0.0020125000075
B300668,No Name B300668,2025-01-01,2025-09-17,2025-01-11,Unknown,Undetermined,MODIS,1876.55455034,26.4251207721,NT,NTFES,0.245,0.0016125
B300669,No Name B300669,2025-01-01,2025-09-17,2025-01-11,Unknown,Undetermined,MODIS,2662.35188649,28.1679060062,NT,NTFES,0.26,0.0022937499875
B300670,No Name B300670,2025-01-01,2025-09-17,2025-01-11,Unknown,Undetermined,MODIS,2551.70482948,33.5443756226,NT,NTFES,0.31,0.0021875
B300671,No Name B300671,2025-01-01,2025-09-17,2025-01-11,Unknown,Undetermined,MODIS,4378.20770455,35.6149558186,NT,NTFES,0.329999998,0.003731250005
B300672,No Name B300672,2025-01-01,2025-09-17,2025-01-11,Unknown,Undetermined,MODIS,3214.91309286,38.1099348904,NT,NTFES,0.35,0.00273124999
B300673,No Name B300673,2025-01-01,2025-09-17,2025-01-11,Unknown,Undetermined,MODIS,4016.45297371,38.0647926975,NT,NTFES,0.35,0.0034125000125
B300674,No Name B300674,2025-01-01,2025-09-17,2025-01-11,Unknown,Undetermined,MODIS,2320.62600521,42.1719528128,NT,NTFES,0.389999994,0.0019937500025
B300675,No Name B300675,2025-01-01,2025-09-17,2025-01-11,Unknown,Undetermined,MODIS,4404.83202185,42.1673291285,NT,NTFES,0.389999998,0.0037749999975
B300676,No Name B300676,2025-01-01,2025-09-17,2025-01-11,Unknown,Undetermined,MODIS,3119.42646572,42.4939234678,NT,NTFES,0.394999998,0.0026812499875
B300677,No Name B300677,2025-01-01,2025-09-17,2025-01-11,Unknown,Undetermined,MODIS,2026.02180822,45.1106036378,NT,NTFES,0.415000002,0.001724999975
B300678,No Name B300678,2025-01-01,2025-09-17,2025-01-11,Unknown,Undetermined,MODIS,4350.34302891,46.9331712757,NT,NTFES,0.434999998,0.0037250000125
B300679,No Name B300679,2025-01-01,2025-09-17,2025-01-11,Unknown,Undetermined,MODIS,2939.0910233,47.403654461,NT,NTFES,0.440000004,0.0025250000075
B300680,No Name B300680,2025-01-01,2025-09-17,2025-01-11,Unknown,Undetermined,MODIS,3325.38156421,48.938605711,NT,NTFES,0.455000004,0.002850000015
B300681,No Name B300681,2025-01-01,2025-09-17,2025-01-11,Unknown,Undetermined,MODIS,2408.99055601,49.8986116453,NT,NTFES,0.460000006,0.0020499999925
B300682,No Name B300682,2025-01-01,2025-09-17,2025-01-11,Unknown,Undetermined,MODIS,2964.7729452,51.3367469457,NT,NTFES,0.475,0.002543749995
B300683,No Name B300683,2025-01-01,2025-09-17,2025-01-11,Unknown,Undetermined,MODIS,3250.54134358,52.0656158801,NT,NTFES,0.479999998,0.002768749995
B300684,No Name B300684,2025-01-01,2025-09-17,2025-01-11,Unknown,Undetermined,MODIS,3320.3734409,53.0669673916,NT,NTFES,0.490000006,0.0028250000025
B300685,No Name B300685,2025-01-01,2025-09-17,2025-01-11,Unknown,Undetermined,MODIS,5949.53471556,57.9693952434,NT,NTFES,0.540000004,0.0051249999875
B300686,No Name B300686,2025-01-01,2025-09-17,2025-01-11,Unknown,Undetermined,MODIS,5547.78216114,63.606009665,NT,NTFES,0.589999994,0.0047562499825
B300687,No Name B300687,2025-01-01,2025-09-17,2025-01-11,Unknown,Undetermined,MODIS,5945.9760698,68.9846951365,NT,NTFES,0.640000002,0.005093750005
B300688,No Name B300688,2025-01-01,2025-09-17,2025-01-11,Unknown,Undetermined,MODIS,4792.53366056,69.7158238065,NT,NTFES,0.645000002,0.004106249965
B300689,No Name B300689,2025-01-01,2025-09-17,2025-01-11,Unknown,Undetermined,MODIS,6844.1477933,70.1590307449,NT,NTFES,0.649999994,0.00589374996
B300690,No Name B300690,2025-01-01,2025-09-17,2025-01-11,Unknown,Undetermined,MODIS,8385.74330097,70.706586759,NT,NTFES,0.655000004,0.00716249999
B300691,No Name B300691,2025-01-01,2025-09-17,2025-01-11,Unknown,Undetermined,MODIS,7459.99255498,75.1162499917,NT,NTFES,0.694999996,0.0063750000125
B300692,No Name B300692,2025-01-01,2025-09-17,2025-01-11,Unknown,Undetermined,MODIS,8107.34010566,77.290407124,NT,NTFES,0.710000004,0.0068812500225
B300693,No Name B300693,2025-01-01,2025-09-17,2025-01-11,Unknown,Undetermined,MODIS,9105.36329162,76.9353138936,NT,NTFES,0.715,0.007837499995
B300694,No Name B300694,2025-01-01,2025-09-17,2025-01-11,Unknown,Undetermined,MODIS,10853.5469222,78.3575484775,NT,NTFES,0.725000002,0.0092937500325
B300695,No Name B300695,2025-01-01,2025-09-17,2025-01-11,Unknown,Undetermined,MODIS,12329.7656849,80.5242166533,NT,NTFES,0.744999998,0.010593749975
B300696,No Name B300696,2025-01-01,2025-09-17,2025-01-11,Unknown,Undetermined,MODIS,7536.09901602,82.9830083521,NT,NTFES,0.765000002,0.006412500025
B300697,No Name B300697,2025-01-01,2025-09-17,2025-01-11,Unknown,Undetermined,MODIS,7491.73715109,111.62564851,NT,NTFES,1.03,0.00636874997
B300698,No Name B300698,2025-01-01,2025-09-17,2025-01-11,Unknown,Undetermined,MODIS,15057.7900899,129.049541485,NT,NTFES,1.195000016,0.01291250002
B300699,No Name B300699,2025-01-01,2025-09-17,2025-01-11,Unknown,Undetermined,MODIS,9249.68888101,138.480205682,NT,NTFES,1.280000002,0.0078874999575
B300700,No Name B300700,2025-01-01,2025-09-17,2025-01-11,Unknown,Undetermined,MODIS,31768.1859679,178.937891035,NT,NTFES,1.649999994,0.0270875000325
B300701,No Name B300701,2025-01-01,2025-09-17,2025-01-11,Unknown,Undetermined,MODIS,21173.5070181,230.990949215,NT,NTFES,2.134999998,0.0180375000325
B300702,No Name B300702,2025-01-01,2025-09-17,2025-01-11,Unknown,Undetermined,MODIS,58409.9140213,380.950189713,NT,NTFES,3.52500001,0.049981249965
B300703,No Name B300703,2025-01-01,2025-09-17,2025-01-11,Unknown,Undetermined,MODIS,340995.463933,4390.72522228,NT,NTFES,40.75999996,0.293199999928
B300704,No Name B300704,2025-01-01,2025-09-17,2025-01-20,Unknown,Undetermined,MODIS,1318.84030917,35.0637311278,WA,BFNT,0.325000014,0.001125000025
B300705,No Name B300705,2025-01-01,2025-09-17,2025-01-20,Unknown,Undetermined,MODIS,4730.76953037,59.4259135285,WA,BFNT,0.555000002,0.004118749995
B300706,No Name B300706,2025-01-01,2025-09-17,2025-01-25,Unknown,Undetermined,Sentinel,4.79995309105,1.18529538482,NT,NTFES,0.0107999980003,3.9999982e-06
B300707,No Name B300707,2025-01-01,2025-09-17,2025-01-27,Unknown,Undetermined,Sentinel,0.316111253716,0.299528728464,NT,NTFES,0.00279999999987,2.79999599943e-07
B300708,No Name B300708,2025-01-01,2025-09-17,2025-01-27,Unknown,Undetermined,Sentinel,426.9153252,23.1368170099,NT,NTFES,0.2164,0.0003677199986
B300709,No Name B300709,2025-01-01,2025-09-17,2025-01-31,Unknown,Undetermined,MODIS,6.9965044831,1.05914998633,WA,BFNT,0.0100000000001,6.25000000013e-06
B300710,No Name B300710,2025-01-01,2025-09-17,2025-01-31,Unknown,Undetermined,MODIS,167.043876434,9.20899910668,WA,BFNT,0.0849999979996,0.000143749995
B300711,No Name B300711,2025-01-01,2025-09-17,2025-01-31,Unknown,Undetermined,MODIS,168.60864146,13.5297371497,WA,BFNT,0.124999998,0.000143749985
B300712,No Name B300712,2025-01-01,2025-09-17,2025-01-31,Unknown,Undetermined,MODIS,248.61187461,22.1918718684,WA,BFNT,0.204999998,0.000212499994999
B300713,No Name B300713,2025-01-01,2025-09-17,2025-01-31,Unknown,Undetermined,MODIS,6706.95385866,91.7158309659,WA,BFNT,0.844999993999,0.00571874993
B300714,No Name B300714,2025-01-01,2025-09-17,2025-01-31,Unknown,Undetermined,Sentinel,8.0189563603,3.75933833214,NT,NTFES,0.0343999980005,6.71999899996e-06
B300715,No Name B300715,2025-01-01,2025-09-17,2025-01-31,Unknown,Undetermined,Sentinel,57.5896090914,8.96623928035,NT,NTFES,0.0820000040005,4.78800012e-05
B300716,No Name B300716,2025-01-01,2025-09-17,2025-01-31,Unknown,Undetermined,Sentinel,117.169372491,18.4496492881,NT,NTFES,0.168800022,9.81200048002e-05
B300717,No Name B300717,2025-01-01,2025-09-17,2025-01-31,Unknown,Undetermined,Sentinel,171.032735548,45.1879172633,NT,NTFES,0.412400015999,0.0001425199924
B300718,No Name B300718,2025-01-01,2025-09-17,2025-01-31,Unknown,Undetermined,Sentinel,133.786400664,62.9398414957,NT,NTFES,0.575599942002,0.000111960012
B300719,No Name B300719,2025-01-01,2025-09-17,2025-02-01,Unknown,Undetermined,MODIS,67985.4953782,1345.09310945,NT,NTFES,12.3426892023,0.0572439133516
B300720,No Name B300720,2025-01-02,2025-09-17,2025-01-27,Unknown,Undetermined,Sentinel,24.8895674866,5.67259717162,NT,NTFES,0.0527999959995,2.19599933999e-05
B300721,No Name B300721,2025-01-03,2025-09-17,2025-01-28,Unknown,Undetermined,Sentinel,225.113430762,30.7640939319,NT,NTFES,0.28172500978,0.00018870405834
B300722,No Name B300722,2025-01-03,2025-09-17,2025-01-31,Unknown,Undetermined,Sentinel,85.3522809181,25.4317774814,NT,NTFES,0.232641884807,7.15296036543e-05
B300723,No Name B300723,2025-01-03,2025-09-17,2025-01-31,Unknown,Undetermined,Sentinel,247.722852737,99.5499542871,NT,NTFES,0.911720346022,0.000207630108
B300724,No Name B300724,2025-01-03,2025-09-17,2025-01-31,Unknown,Undetermined,Sentinel,223.127948285,114.081717857,NT,NTFES,1.04432886856,0.000187038313245
B300725,No Name B300725,2025-01-06,2025-09-17,2025-01-05,Unknown,Undetermined,Sentinel,32.8975222147,3.35867315225,NT,NTFES,0.0308000000003,2.76400000002e-05
B300726,No Name B300726,2025-01-06,2025-09-17,2025-01-25,Unknown,Undetermined,Sentinel,218.680533561,25.9258747462,NT,NTFES,0.237599996,0.0001832800122
B300727,No Name B300727,2025-01-08,2025-09-17,2025-01-28,Unknown,Undetermined,Sentinel,212.707135921,59.8926494493,NT,NTFES,0.547599948,0.000177999995
B300728,No Name B300728,2025-01-11,2025-09-17,2025-01-20,Unknown,Undetermined,MODIS,36.5872310746,5.41154493055,NT,NTFES,0.0499999899995,3.12499874994e-05
B300729,No Name B300729,2025-01-11,2025-09-17,2025-01-20,Unknown,Undetermined,MODIS,7.29154532021,1.08043856416,NT,NTFES,0.00999999800001,6.24999750002e-06
B300730,No Name B300730,2025-01-11,2025-09-17,2025-01-20,Unknown,Undetermined,MODIS,43.9477157211,6.49696241233,NT,NTFES,0.0599999880008,3.74999850009e-05
B300731,No Name B300731,2025-01-11,2025-09-17,2025-01-20,Unknown,Undetermined,MODIS,7.33781336488,1.08377982739,NT,NTFES,0.00999999800024,6.2499975003e-06
B300732,No Name B300732,2025-01-11,2025-09-17,2025-01-20,Unknown,Undetermined,MODIS,95.2968125321,14.0822945124,NT,NTFES,0.129999999998,8.1249999998e-05
B300733,No Name B300733,2025-01-11,2025-09-17,2025-01-20,Unknown,Undetermined,MODIS,153.738233739,22.7336801268,NT,NTFES,0.210000000002,0.000131250000003
B300734,No Name B300734,2025-01-11,2025-09-17,2025-01-20,Unknown,Undetermined,MODIS,7.27550997906,1.07928074809,NT,NTFES,0.0100000000002,6.25000000027e-06
B300735,No Name B300735,2025-01-11,2025-09-17,2025-01-20,Unknown,Undetermined,MODIS,43.9846125031,6.49962662983,NT,NTFES,0.0600000119991,3.75000149989e-05
B300736,No Name B300736,2025-01-11,2025-09-17,2025-01-20,Unknown,Undetermined,MODIS,58.5461124854,8.65894471101,NT,NTFES,0.0800000160007,5.00000200008e-05
B300737,No Name B300737,2025-01-11,2025-09-17,2025-01-20,Unknown,Undetermined,MODIS,29.3776547664,3.27526506516,NT,NTFES,0.0299999959998,2.49999899995e-05
B300738,No Name B300738,2025-01-11,2025-09-17,2025-01-20,Unknown,Undetermined,MODIS,14.6807041802,1.63734491038,NT,NTFES,0.014999998,1.24999949999e-05
B300739,No Name B300739,2025-01-11,2025-09-17,2025-01-20,Unknown,Undetermined,MODIS,58.4243091264,6.43641261429,NT,NTFES,0.059999992,4.999999e-05
B300740,No Name B300740,2025-01-11,2025-09-17,2025-01-20,Unknown,Undetermined,MODIS,29.3472462167,3.27418838036,NT,NTFES,0.0299999960002,2.49999900006e-05
B300741,No Name B300741,2025-01-11,2025-09-17,2025-01-20,Unknown,Undetermined,MODIS,72.9277721995,8.1698805209,NT,NTFES,0.0749999999994,6.24999999985e-05
B300742,No Name B300742,2025-01-11,2025-09-17,2025-01-20,Unknown,Undetermined,MODIS,14.6762308739,1.61421840552,NT,NTFES,0.015,1.25e-05
B300743,No Name B300743,2025-01-11,2025-09-17,2025-01-20,Unknown,Undetermined,MODIS,58.5490619262,6.54322782079,NT,NTFES,0.0600000000004,5.0000000001e-05
B300744,No Name B300744,2025-01-11,2025-09-17,2025-01-20,Unknown,Undetermined,MODIS,58.4982992088,6.44180763166,NT,NTFES,0.0600000079999,5.00000099998e-05
B300745,No Name B300745,2025-01-11,2025-09-17,2025-01-20,Unknown,Undetermined,MODIS,14.6887404699,1.61513073116,NT,NTFES,0.0150000020002,1.25000025002e-05
B300746,No Name B300746,2025-01-11,2025-09-17,2025-01-20,Unknown,Undetermined,MODIS,22.0153371258,2.16764979639,NT,NTFES,0.019999998,1.87499950002e-05
B300747,No Name B300747,2025-01-11,2025-09-17,2025-01-20,Unknown,Undetermined,MODIS,21.8826768464,2.1612627883,NT,NTFES,0.0199999980001,1.87499975001e-05
B300748,No Name B300748,2025-01-11,2025-09-17,2025-01-20,Unknown,Undetermined,MODIS,65.8963815771,6.42317717379,NT,NTFES,0.0599999940003,5.62499925004e-05
B300749,No Name B300749,2025-01-11,2025-09-17,2025-01-20,Unknown,Undetermined,MODIS,21.989582806,2.16641225323,NT,NTFES,0.02,1.87499999998e-05
B300750,No Name B300750,2025-01-11,2025-09-17,2025-01-20,Unknown,Undetermined,MODIS,43.9739078857,4.2852622098,NT,NTFES,0.0400000000002,3.75000000002e-05
B300751,No Name B300751,2025-01-11,2025-09-17,2025-01-20,Unknown,Undetermined,MODIS,22.0378476248,2.14635465337,NT,NTFES,0.0200000019998,1.87500024998e-05
B300752,No Name B300752,2025-01-11,2025-09-17,2025-01-20,Unknown,Undetermined,MODIS,43.9896141609,4.38023876035,NT,NTFES,0.0400000039997,3.75000149989e-05
B300753,No Name B300753,2025-01-11,2025-09-17,2025-01-20,Unknown,Undetermined,MODIS,43.9019476687,4.32910212668,NT,NTFES,0.0400000039999,3.75000049996e-05
B300754,No Name B300754,2025-01-11,2025-09-17,2025-01-20,Unknown,Undetermined,MODIS,21.9898881841,2.16642702692,NT,NTFES,0.020000002,1.87500025001e-05
B300755,No Name B300755,2025-01-11,2025-09-17,2025-01-20,Unknown,Undetermined,MODIS,21.9869628218,2.14263174969,NT,NTFES,0.0200000020001,1.87500025001e-05
B300756,No Name B300756,2025-01-11,2025-09-17,2025-01-20,Unknown,Undetermined,MODIS,29.2051469677,2.16228395924,NT,NTFES,0.0200000020002,2.50000050005e-05
B300757,No Name B300757,2025-01-11,2025-09-17,2025-01-20,Unknown,Undetermined,MODIS,22.0132552897,2.16754941529,NT,NTFES,0.0200000020003,1.87500050005e-05
B300758,No Name B300758,2025-01-11,2025-09-17,2025-01-20,Unknown,Undetermined,MODIS,29.3118973274,2.71953773621,NT,NTFES,0.0249999979998,2.49999924995e-05
B300759,No Name B300759,2025-01-11,2025-09-17,2025-01-20,Unknown,Undetermined,MODIS,29.3503615863,2.697907563,NT,NTFES,0.0249999979999,2.4999995e-05
B300760,No Name B300760,2025-01-11,2025-09-17,2025-01-20,Unknown,Undetermined,MODIS,29.3402708481,2.69735535141,NT,NTFES,0.0249999979999,2.49999975e-05
B300761,No Name B300761,2025-01-11,2025-09-17,2025-01-20,Unknown,Undetermined,MODIS,29.1712662456,2.71450924053,NT,NTFES,0.024999998,2.4999995e-05
B300762,No Name B300762,2025-01-11,2025-09-17,2025-01-20,Unknown,Undetermined,MODIS,29.1668224306,2.68790043687,NT,NTFES,0.0249999980001,2.4999995e-05
B300763,No Name B300763,2025-01-11,2025-09-17,2025-01-20,Unknown,Undetermined,MODIS,29.1749677532,2.68834626119,NT,NTFES,0.0249999980001,2.49999975e-05
B300764,No Name B300764,2025-01-11,2025-09-17,2025-01-20,Unknown,Undetermined,MODIS,29.2699680054,2.71803823839,NT,NTFES,0.0249999980001,2.49999975004e-05
B300765,No Name B300765,2025-01-11,2025-09-17,2025-01-20,Unknown,Undetermined,MODIS,29.3113977522,2.7195158341,NT,NTFES,0.0249999980001,2.49999975005e-05
B300766,No Name B300766,2025-01-11,2025-09-17,2025-01-20,Unknown,Undetermined,MODIS,36.7200586258,2.69930450282,NT,NTFES,0.0249999980001,3.12499950001e-05
B300767,No Name B300767,2025-01-11,2025-09-17,2025-01-20,Unknown,Undetermined,MODIS,29.3509601085,2.69793638137,NT,NTFES,0.0249999980002,2.49999950001e-05
B300768,No Name B300768,2025-01-11,2025-09-17,2025-01-20,Unknown,Undetermined,MODIS,29.3483714892,2.69779895616,NT,NTFES,0.0249999999999,2.49999999997e-05
B300769,No Name B300769,2025-01-11,2025-09-17,2025-01-20,Unknown,Undetermined,MODIS,29.1744425564,2.68831566913,NT,NTFES,0.0249999999999,2.5e-05
B300770,No Name B300770,2025-01-11,2025-09-17,2025-01-20,Unknown,Undetermined,MODIS,29.0991241298,2.71193407519,NT,NTFES,0.025,2.49999999997e-05
B300771,No Name B300771,2025-01-11,2025-09-17,2025-01-20,Unknown,Undetermined,MODIS,58.2749371593,5.37115896999,NT,NTFES,0.05,4.99999999999e-05
B300772,No Name B300772,2025-01-11,2025-09-17,2025-01-20,Unknown,Undetermined,MODIS,36.6819935067,2.72074179292,NT,NTFES,0.025,3.12499999998e-05
B300773,No Name B300773,2025-01-11,2025-09-17,2025-01-20,Unknown,Undetermined,MODIS,44.034669988,2.72113066952,NT,NTFES,0.025,3.74999999999e-05
B300774,No Name B300774,2025-01-11,2025-09-17,2025-01-20,Unknown,Undetermined,MODIS,29.3427754792,2.69749386645,NT,NTFES,0.0250000000001,2.50000000002e-05
B300775,No Name B300775,2025-01-11,2025-09-17,2025-01-20,Unknown,Undetermined,MODIS,36.6857858672,2.69780970035,NT,NTFES,0.0250000000001,3.12499975001e-05
B300776,No Name B300776,2025-01-11,2025-09-17,2025-01-20,Unknown,Undetermined,MODIS,29.168630598,2.68800095777,NT,NTFES,0.0250000019998,2.50000024996e-05
B300777,No Name B300777,2025-01-11,2025-09-17,2025-01-20,Unknown,Undetermined,MODIS,29.3766872801,2.67682723832,NT,NTFES,0.025000002,2.50000024999e-05
B300778,No Name B300778,2025-01-11,2025-09-17,2025-01-20,Unknown,Undetermined,MODIS,58.6929563056,5.44154840783,NT,NTFES,0.0500000039999,5.00000099998e-05
B300779,No Name B300779,2025-01-11,2025-09-17,2025-01-20,Unknown,Undetermined,MODIS,29.1703232654,2.68809321639,NT,NTFES,0.0250000020001,2.50000024999e-05
B300780,No Name B300780,2025-01-11,2025-09-17,2025-01-20,Unknown,Undetermined,MODIS,29.176665893,2.6884387636,NT,NTFES,0.0250000020002,2.50000050006e-05
B300781,No Name B300781,2025-01-11,2025-09-17,2025-01-20,Unknown,Undetermined,MODIS,43.9723014764,3.24937233974,NT,NTFES,0.0299999979999,3.74999974997e-05
B300782,No Name B300782,2025-01-11,2025-09-17,2025-01-20,Unknown,Undetermined,MODIS,36.3021902091,3.26337520527,NT,NTFES,0.029999998,3.12499924999e-05
B300783,No Name B300783,2025-01-11,2025-09-17,2025-01-20,Unknown,Undetermined,MODIS,36.6913657911,3.27439768736,NT,NTFES,0.029999998,3.12499925002e-05
B300784,No Name B300784,2025-01-11,2025-09-17,2025-01-20,Unknown,Undetermined,MODIS,36.4595381222,3.2149584476,NT,NTFES,0.029999998,3.12499974998e-05
B300785,No Name B300785,2025-01-11,2025-09-17,2025-01-20,Unknown,Undetermined,MODIS,43.6507866895,3.2100671204,NT,NTFES,0.029999998,3.7499995e-05
B300786,No Name B300786,2025-01-11,2025-09-17,2025-01-20,Unknown,Undetermined,MODIS,36.6950517185,3.25159900366,NT,NTFES,0.0299999980001,3.12499924999e-05
B300787,No Name B300787,2025-01-11,2025-09-17,2025-01-20,Unknown,Undetermined,MODIS,36.4610197585,3.24146148598,NT,NTFES,0.0299999980001,3.12499975001e-05
B300788,No Name B300788,2025-01-11,2025-09-17,2025-01-20,Unknown,Undetermined,MODIS,44.0227979929,3.25119224251,NT,NTFES,0.0299999980001,3.74999925e-05
B300789,No Name B300789,2025-01-11,2025-09-17,2025-01-20,Unknown,Undetermined,MODIS,58.5480244724,3.24715472502,NT,NTFES,0.0299999980001,4.99999925003e-05
B300790,No Name B300790,2025-01-11,2025-09-17,2025-01-20,Unknown,Undetermined,MODIS,36.638366187,3.20163907059,NT,NTFES,0.0299999999999,3.12499999998e-05
B300791,No Name B300791,2025-01-11,2025-09-17,2025-01-20,Unknown,Undetermined,MODIS,36.6902780891,3.2284185984,NT,NTFES,0.03,3.12500000001e-05
B300792,No Name B300792,2025-01-11,2025-09-17,2025-01-20,Unknown,Undetermined,MODIS,36.6864904387,3.22820049629,NT,NTFES,0.03,3.12500025001e-05
B300793,No Name B300793,2025-01-11,2025-09-17,2025-01-20,Unknown,Undetermined,MODIS,51.0486687186,3.21518243025,NT,NTFES,0.03,4.37499999998e-05
B300794,No Name B300794,2025-01-11,2025-09-17,2025-01-20,Unknown,Undetermined,MODIS,36.7282646612,3.25303821133,NT,NTFES,0.0300000019998,3.12500024995e-05
B300795,No Name B300795,2025-01-11,2025-09-17,2025-01-20,Unknown,Undetermined,MODIS,36.378635016,3.23788921026,NT,NTFES,0.0300000019998,3.12500049995e-05
B300796,No Name B300796,2025-01-11,2025-09-17,2025-01-20,Unknown,Undetermined,MODIS,51.2962458849,3.2254979103,NT,NTFES,0.030000002,4.3750005e-05
B300797,No Name B300797,2025-01-11,2025-09-17,2025-01-20,Unknown,Undetermined,MODIS,36.6503858095,3.24966020522,NT,NTFES,0.0300000020001,3.12500050003e-05
B300798,No Name B300798,2025-01-11,2025-09-17,2025-01-20,Unknown,Undetermined,MODIS,44.0210154116,3.25112776476,NT,NTFES,0.0300000020001,3.75000050002e-05
B300799,No Name B300799,2025-01-11,2025-09-17,2025-01-20,Unknown,Undetermined,MODIS,43.7499189045,3.76833531442,NT,NTFES,0.0349999980001,3.74999950003e-05
B300800,No Name B300800,2025-01-11,2025-09-17,2025-01-20,Unknown,Undetermined,MODIS,43.9707894348,3.82639967967,NT,NTFES,0.035,3.74999999996e-05
B300801,No Name B300801,2025-01-11,2025-09-17,2025-01-20,Unknown,Undetermined,MODIS,58.6691296505,3.7805227101,NT,NTFES,0.035,5.00000049999e-05
B300802,No Name B300802,2025-01-11,2025-09-17,2025-01-20,Unknown,Undetermined,MODIS,58.6971363582,4.33492501444,NT,NTFES,0.0399999960002,4.9999995e-05
B300803,No Name B300803,2025-01-11,2025-09-17,2025-01-20,Unknown,Undetermined,MODIS,50.9157017544,4.34439472191,NT,NTFES,0.0399999979999,4.37499924999e-05
B300804,No Name B300804,2025-01-11,2025-09-17,2025-01-20,Unknown,Undetermined,MODIS,51.3340065141,4.31053510442,NT,NTFES,0.0399999999998,4.37500024998e-05
B300805,No Name B300805,2025-01-11,2025-09-17,2025-01-20,Unknown,Undetermined,MODIS,51.3605235221,4.33493590354,NT,NTFES,0.04,4.37500000003e-05
B300806,No Name B300806,2025-01-11,2025-09-17,2025-01-20,Unknown,Undetermined,MODIS,58.7539617253,4.33697761001,NT,NTFES,0.04,4.99999999999e-05
B300807,No Name B300807,2025-01-11,2025-09-17,2025-01-20,Unknown,Undetermined,MODIS,66.0418423838,4.38112572814,NT,NTFES,0.0400000000001,5.62500000002e-05
B300808,No Name B300808,2025-01-11,2025-09-17,2025-01-20,Unknown,Undetermined,MODIS,73.3786586654,4.33513456085,NT,NTFES,0.0400000000001,6.24999975008e-05
B300809,No Name B300809,2025-01-11,2025-09-17,2025-01-20,Unknown,Undetermined,MODIS,50.9034741044,4.2602234051,NT,NTFES,0.0400000000002,4.37500000003e-05
B300810,No Name B300810,2025-01-11,2025-09-17,2025-01-20,Unknown,Undetermined,MODIS,66.1026780005,4.8904992047,NT,NTFES,0.045,5.625e-05
B300811,No Name B300811,2025-01-11,2025-09-17,2025-01-20,Unknown,Undetermined,MODIS,80.7001999705,4.84188701478,NT,NTFES,0.045,6.87499949998e-05
B300812,No Name B300812,2025-01-11,2025-09-17,2025-01-20,Unknown,Undetermined,MODIS,73.4347935246,4.86755652103,NT,NTFES,0.0450000000001,6.25000050001e-05
B300813,No Name B300813,2025-01-11,2025-09-17,2025-01-20,Unknown,Undetermined,MODIS,65.6231957174,4.79577327529,NT,NTFES,0.0450000000002,5.62500025003e-05
B300814,No Name B300814,2025-01-11,2025-09-17,2025-01-20,Unknown,Undetermined,MODIS,72.723752643,4.92549440444,NT,NTFES,0.0450000019999,6.25000124998e-05
B300815,No Name B300815,2025-01-11,2025-09-17,2025-01-20,Unknown,Undetermined,MODIS,66.0670348538,4.91212366022,NT,NTFES,0.0450000020001,5.62500125005e-05
B300816,No Name B300816,2025-01-11,2025-09-17,2025-01-20,Unknown,Undetermined,MODIS,65.6402243152,4.82308025885,NT,NTFES,0.0450000020002,5.62500000003e-05
B300817,No Name B300817,2025-01-11,2025-09-17,2025-01-20,Unknown,Undetermined,MODIS,88.0522084522,4.86546086078,NT,NTFES,0.0450000020002,7.50000075008e-05
B300818,No Name B300818,2025-01-11,2025-09-17,2025-01-20,Unknown,Undetermined,MODIS,138.947570506,5.43480166077,NT,NTFES,0.05,0.0001187500075
B300819,No Name B300819,2025-01-11,2025-09-17,2025-01-20,Unknown,Undetermined,MODIS,73.343172214,5.41763293421,NT,NTFES,0.0500000000001,6.25000000007e-05
B300820,No Name B300820,2025-01-11,2025-09-17,2025-01-20,Unknown,Undetermined,MODIS,80.7214538525,5.41907258982,NT,NTFES,0.0500000000001,6.87499924998e-05
B300821,No Name B300821,2025-01-11,2025-09-17,2025-01-20,Unknown,Undetermined,MODIS,110.00604802,5.41742678765,NT,NTFES,0.0500000000001,9.37500099999e-05
B300822,No Name B300822,2025-01-11,2025-09-17,2025-01-20,Unknown,Undetermined,MODIS,73.4163795447,5.465704803,NT,NTFES,0.0500000019998,6.25000175003e-05
B300823,No Name B300823,2025-01-11,2025-09-17,2025-01-20,Unknown,Undetermined,MODIS,72.6026518346,5.41969994362,NT,NTFES,0.0500000039999,6.25000099995e-05
B300824,No Name B300824,2025-01-11,2025-09-17,2025-01-20,Unknown,Undetermined,MODIS,139.175245752,5.96768264597,NT,NTFES,0.0549999999999,0.0001187500025
B300825,No Name B300825,2025-01-11,2025-09-17,2025-01-20,Unknown,Undetermined,MODIS,145.850438145,5.92960412949,NT,NTFES,0.0549999999999,0.000125
B300826,No Name B300826,2025-01-11,2025-09-17,2025-01-20,Unknown,Undetermined,MODIS,80.0838994576,5.86971812756,NT,NTFES,0.0550000019999,6.87500074999e-05
B300827,No Name B300827,2025-01-11,2025-09-17,2025-01-20,Unknown,Undetermined,MODIS,182.310403143,6.45661652108,NT,NTFES,0.0599999979999,0.00015625
B300828,No Name B300828,2025-01-11,2025-09-17,2025-01-20,Unknown,Undetermined,MODIS,80.7192697667,6.4798417412,NT,NTFES,0.0599999999998,6.87500000003e-05
B300829,No Name B300829,2025-01-11,2025-09-17,2025-01-20,Unknown,Undetermined,MODIS,160.892452202,6.51688334504,NT,NTFES,0.0599999999998,0.0001375000025
B300830,No Name B300830,2025-01-11,2025-09-17,2025-01-20,Unknown,Undetermined,MODIS,80.7899394725,6.5280675562,NT,NTFES,0.0600000000001,6.8750005e-05
B300831,No Name B300831,2025-01-11,2025-09-17,2025-01-20,Unknown,Undetermined,MODIS,94.8482145041,6.45844075157,NT,NTFES,0.0600000000001,8.12500025e-05
B300832,No Name B300832,2025-01-11,2025-09-17,2025-01-20,Unknown,Undetermined,MODIS,80.6146122544,6.47500309366,NT,NTFES,0.0600000019998,6.875e-05
B300833,No Name B300833,2025-01-11,2025-09-17,2025-01-20,Unknown,Undetermined,MODIS,80.0860429145,6.39600416629,NT,NTFES,0.0600000019998,6.8750005e-05
B300834,No Name B300834,2025-01-11,2025-09-17,2025-01-20,Unknown,Undetermined,MODIS,132.107400237,6.45755627504,NT,NTFES,0.0600000019999,0.000112500005
B300835,No Name B300835,2025-01-11,2025-09-17,2025-01-20,Unknown,Undetermined,MODIS,88.1290700747,6.50539102254,NT,NTFES,0.0600000020002,7.50000049995e-05
B300836,No Name B300836,2025-01-11,2025-09-17,2025-01-20,Unknown,Undetermined,MODIS,176.216164043,7.03536106354,NT,NTFES,0.0650000000001,0.000150000005
B300837,No Name B300837,2025-01-11,2025-09-17,2025-01-20,Unknown,Undetermined,MODIS,109.377246934,7.48388316723,NT,NTFES,0.0699999999999,9.375e-05
B300838,No Name B300838,2025-01-11,2025-09-17,2025-01-20,Unknown,Undetermined,MODIS,270.77222106,8.12992393635,NT,NTFES,0.0749999980001,0.000231249995001
B300839,No Name B300839,2025-01-11,2025-09-17,2025-01-20,Unknown,Undetermined,MODIS,306.054956031,8.08745498427,NT,NTFES,0.0749999999999,0.000262500007501
B300840,No Name B300840,2025-01-11,2025-09-17,2025-01-20,Unknown,Undetermined,MODIS,176.483527768,8.10410842674,NT,NTFES,0.075,0.00015000001
B300841,No Name B300841,2025-01-11,2025-09-17,2025-01-20,Unknown,Undetermined,MODIS,116.372511542,8.07947437679,NT,NTFES,0.0750000020001,0.0001000000175
B300842,No Name B300842,2025-01-11,2025-09-17,2025-01-20,Unknown,Undetermined,MODIS,196.981137748,8.06624777021,NT,NTFES,0.0750000039998,0.0001687500025
B300843,No Name B300843,2025-01-11,2025-09-17,2025-01-20,Unknown,Undetermined,MODIS,227.435681514,8.66953684017,NT,NTFES,0.0800000020001,0.000193750007501
B300844,No Name B300844,2025-01-11,2025-09-17,2025-01-20,Unknown,Undetermined,MODIS,350.024156302,9.2501470588,NT,NTFES,0.0849999999999,0.0002999999925
B300845,No Name B300845,2025-01-11,2025-09-17,2025-01-20,Unknown,Undetermined,MODIS,218.740841979,9.17038739009,NT,NTFES,0.0850000000002,0.000187500007501
B300846,No Name B300846,2025-01-11,2025-09-17,2025-01-20,Unknown,Undetermined,MODIS,308.137590627,9.77634354319,NT,NTFES,0.0899999999999,0.000262500012499
B300847,No Name B300847,2025-01-11,2025-09-17,2025-01-20,Unknown,Undetermined,MODIS,371.833886436,9.67045443188,NT,NTFES,0.09,0.000318749995
B300848,No Name B300848,2025-01-11,2025-09-17,2025-01-20,Unknown,Undetermined,MODIS,152.779647708,9.76876597678,NT,NTFES,0.0900000019999,0.000131249987501
B300849,No Name B300849,2025-01-11,2025-09-17,2025-01-20,Unknown,Undetermined,MODIS,371.159455445,10.2958567326,NT,NTFES,0.094999998,0.0003187499925
B300850,No Name B300850,2025-01-11,2025-09-17,2025-01-20,Unknown,Undetermined,MODIS,499.052809272,10.2852730415,NT,NTFES,0.0950000000001,0.00042499999
B300851,No Name B300851,2025-01-11,2025-09-17,2025-01-20,Unknown,Undetermined,MODIS,422.581666585,10.2737288338,NT,NTFES,0.0950000039999,0.000362500005001
B300852,No Name B300852,2025-01-11,2025-09-17,2025-01-20,Unknown,Undetermined,MODIS,363.646401216,10.8188290463,NT,NTFES,0.0999999979999,0.0003124999875
B300853,No Name B300853,2025-01-11,2025-09-17,2025-01-20,Unknown,Undetermined,MODIS,256.929386947,10.9082843373,NT,NTFES,0.1,0.000218750019999
B300854,No Name B300854,2025-01-11,2025-09-17,2025-01-20,Unknown,Undetermined,MODIS,496.542104261,10.7863547834,NT,NTFES,0.1,0.000425000010002
B300855,No Name B300855,2025-01-11,2025-09-17,2025-01-20,Unknown,Undetermined,MODIS,242.146150674,10.8607552763,NT,NTFES,0.100000002,0.000206250007501
B300856,No Name B300856,2025-01-11,2025-09-17,2025-01-20,Unknown,Undetermined,MODIS,371.334176655,11.3775343928,NT,NTFES,0.105000002,0.0003187499875
B300857,No Name B300857,2025-01-11,2025-09-17,2025-01-20,Unknown,Undetermined,MODIS,527.878597799,11.8697747995,NT,NTFES,0.110000002,0.000450000015
B300858,No Name B300858,2025-01-11,2025-09-17,2025-01-20,Unknown,Undetermined,MODIS,439.634197925,12.4428043973,NT,NTFES,0.115,0.000375000002499
B300859,No Name B300859,2025-01-11,2025-09-17,2025-01-20,Unknown,Undetermined,MODIS,628.488065138,12.4008454015,NT,NTFES,0.115000002,0.000537499997501
B300860,No Name B300860,2025-01-11,2025-09-17,2025-01-20,Unknown,Undetermined,MODIS,532.257071261,12.3849905716,NT,NTFES,0.115000002,0.0004562500025
B300861,No Name B300861,2025-01-11,2025-09-17,2025-01-20,Unknown,Undetermined,MODIS,394.742018637,12.9311185617,NT,NTFES,0.119999998,0.000337499987501
B300862,No Name B300862,2025-01-11,2025-09-17,2025-01-20,Unknown,Undetermined,MODIS,379.26849168,12.967044238,NT,NTFES,0.12,0.000325
B300863,No Name B300863,2025-01-11,2025-09-17,2025-01-20,Unknown,Undetermined,MODIS,615.58438048,13.0209000915,NT,NTFES,0.12,0.000524999999999
B300864,No Name B300864,2025-01-11,2025-09-17,2025-01-20,Unknown,Undetermined,MODIS,293.782056836,13.0786464179,NT,NTFES,0.120000002,0.0002499999975
B300865,No Name B300865,2025-01-11,2025-09-17,2025-01-20,Unknown,Undetermined,MODIS,337.579906639,12.9603133035,NT,NTFES,0.120000002,0.0002874999925
B300866,No Name B300866,2025-01-11,2025-09-17,2025-01-20,Unknown,Undetermined,MODIS,750.130111165,13.9832750016,NT,NTFES,0.13,0.000643750002499
B300867,No Name B300867,2025-01-11,2025-09-17,2025-01-20,Unknown,Undetermined,MODIS,364.644496461,14.0205681159,NT,NTFES,0.13,0.0003125000025
B300868,No Name B300868,2025-01-11,2025-09-17,2025-01-20,Unknown,Undetermined,MODIS,330.292469272,14.1366704598,NT,NTFES,0.13,0.000281250007499
B300869,No Name B300869,2025-01-11,2025-09-17,2025-01-20,Unknown,Undetermined,MODIS,657.206324614,14.0814734012,NT,NTFES,0.130000002,0.0005624999975
B300870,No Name B300870,2025-01-11,2025-09-17,2025-01-20,Unknown,Undetermined,MODIS,550.488486557,14.6443901516,NT,NTFES,0.135,0.000468749995
B300871,No Name B300871,2025-01-11,2025-09-17,2025-01-20,Unknown,Undetermined,MODIS,627.154620875,15.2062027941,NT,NTFES,0.14,0.000537499989999
B300872,No Name B300872,2025-01-11,2025-09-17,2025-01-20,Unknown,Undetermined,MODIS,683.040094028,15.5974164133,NT,NTFES,0.145,0.000587499999999
B300873,No Name B300873,2025-01-11,2025-09-17,2025-01-20,Unknown,Undetermined,MODIS,825.22130951,15.6653823853,NT,NTFES,0.145,0.000706249997499
B300874,No Name B300874,2025-01-11,2025-09-17,2025-01-20,Unknown,Undetermined,MODIS,820.267604279,15.7120977766,NT,NTFES,0.145000002,0.000699999992499
B300875,No Name B300875,2025-01-11,2025-09-17,2025-01-20,Unknown,Undetermined,MODIS,738.545280946,16.1544303888,NT,NTFES,0.149999998,0.000631249992503
B300876,No Name B300876,2025-01-11,2025-09-17,2025-01-20,Unknown,Undetermined,MODIS,440.133317568,16.7380377769,NT,NTFES,0.154999998,0.000374999992501
B300877,No Name B300877,2025-01-11,2025-09-17,2025-01-20,Unknown,Undetermined,MODIS,794.768579097,17.7344637656,NT,NTFES,0.165,0.000681249992502
B300878,No Name B300878,2025-01-11,2025-09-17,2025-01-20,Unknown,Undetermined,MODIS,904.244367741,18.3419632587,NT,NTFES,0.17,0.000774999992501
B300879,No Name B300879,2025-01-11,2025-09-17,2025-01-20,Unknown,Undetermined,MODIS,779.362282214,18.9518839928,NT,NTFES,0.175,0.000662500015001
B300880,No Name B300880,2025-01-11,2025-09-17,2025-01-20,Unknown,Undetermined,MODIS,1163.92943897,19.4915647941,NT,NTFES,0.179999998,0.00100624998
B300881,No Name B300881,2025-01-11,2025-09-17,2025-01-20,Unknown,Undetermined,MODIS,655.306385221,19.4890956715,NT,NTFES,0.18,0.000562500007501
B300882,No Name B300882,2025-01-11,2025-09-17,2025-01-20,Unknown,Undetermined,MODIS,715.847558084,19.3883247944,NT,NTFES,0.180000002,0.0006124999975
B300883,No Name B300883,2025-01-11,2025-09-17,2025-01-20,Unknown,Undetermined,MODIS,1098.02238314,20.0871728015,NT,NTFES,0.184999996,0.000937499987501
B300884,No Name B300884,2025-01-11,2025-09-17,2025-01-20,Unknown,Undetermined,MODIS,745.526347875,19.9739234685,NT,NTFES,0.185000002,0.0006374999925
B300885,No Name B300885,2025-01-11,2025-09-17,2025-01-20,Unknown,Undetermined,MODIS,1832.84323771,20.5360758023,NT,NTFES,0.189999998,0.0015625
B300886,No Name B300886,2025-01-11,2025-09-17,2025-01-20,Unknown,Undetermined,MODIS,598.26341146,21.1661010414,NT,NTFES,0.195,0.0005125000175
B300887,No Name B300887,2025-01-11,2025-09-17,2025-01-20,Unknown,Undetermined,MODIS,1090.88315237,21.0212105634,NT,NTFES,0.195000002,0.0009437499725
B300888,No Name B300888,2025-01-11,2025-09-17,2025-01-20,Unknown,Undetermined,MODIS,860.340893126,21.6875890261,NT,NTFES,0.200000002,0.00073749999
B300889,No Name B300889,2025-01-11,2025-09-17,2025-01-20,Unknown,Undetermined,MODIS,627.357755889,22.6682506205,NT,NTFES,0.209999996,0.000537500012499
B300890,No Name B300890,2025-01-11,2025-09-17,2025-01-20,Unknown,Undetermined,MODIS,1491.08207986,23.9324427565,NT,NTFES,0.22,0.001262499995
B300891,No Name B300891,2025-01-11,2025-09-17,2025-01-20,Unknown,Undetermined,MODIS,1148.67167535,25.3462665287,NT,NTFES,0.235000002,0.000981249994999
B300892,No Name B300892,2025-01-11,2025-09-17,2025-01-20,Unknown,Undetermined,MODIS,510.512567411,26.0120265242,NT,NTFES,0.24,0.000437499987499
B300893,No Name B300893,2025-01-11,2025-09-17,2025-01-20,Unknown,Undetermined,MODIS,843.558245124,27.0436067533,NT,NTFES,0.25,0.000718750002502
B300894,No Name B300894,2025-01-11,2025-09-17,2025-01-20,Unknown,Undetermined,MODIS,2134.63673095,28.0766031548,NT,NTFES,0.260000002,0.001824999985
B300895,No Name B300895,2025-01-11,2025-09-17,2025-01-20,Unknown,Undetermined,MODIS,2289.5037476,29.5925992194,NT,NTFES,0.275,0.0019624999975
B300896,No Name B300896,2025-01-11,2025-09-17,2025-01-20,Unknown,Undetermined,MODIS,2283.23142348,30.4281978066,NT,NTFES,0.280000002,0.0019499999975
B300897,No Name B300897,2025-01-11,2025-09-17,2025-01-20,Unknown,Undetermined,MODIS,1808.54644334,30.8867913905,NT,NTFES,0.285000002,0.0015499999825
B300898,No Name B300898,2025-01-11,2025-09-17,2025-01-20,Unknown,Undetermined,MODIS,1705.02287656,31.3382783115,NT,NTFES,0.289999998,0.001456249995
B300899,No Name B300899,2025-01-11,2025-09-17,2025-01-20,Unknown,Undetermined,MODIS,2336.57851412,32.4851509125,NT,NTFES,0.300000002,0.0019937499925
B300900,No Name B300900,2025-01-11,2025-09-17,2025-01-20,Unknown,Undetermined,MODIS,2418.89238958,33.001830553,NT,NTFES,0.305000002,0.002068749995
B300901,No Name B300901,2025-01-11,2025-09-17,2025-01-20,Unknown,Undetermined,MODIS,1483.64699705,33.1045082064,NT,NTFES,0.305000006,0.0012624999975
B300902,No Name B300902,2025-01-11,2025-09-17,2025-01-20,Unknown,Undetermined,MODIS,2298.31773943,33.8408543654,NT,NTFES,0.314999998,0.001987499975
B300903,No Name B300903,2025-01-11,2025-09-17,2025-01-20,Unknown,Undetermined,MODIS,2524.27864135,36.3666997192,NT,NTFES,0.334999992,0.00215624997
B300904,No Name B300904,2025-01-11,2025-09-17,2025-01-20,Unknown,Undetermined,MODIS,2889.38955902,41.2291332755,NT,NTFES,0.379999998,0.0024874999475
B300905,No Name B300905,2025-01-11,2025-09-17,2025-01-20,Unknown,Undetermined,MODIS,3946.75745131,51.2679601235,NT,NTFES,0.475,0.00338124998
B300906,No Name B300906,2025-01-11,2025-09-17,2025-01-20,Unknown,Undetermined,MODIS,4719.04873705,54.3664301512,NT,NTFES,0.500000004,0.004024999995
B300907,No Name B300907,2025-01-11,2025-09-17,2025-01-20,Unknown,Undetermined,MODIS,6960.29368569,65.4721899962,NT,NTFES,0.605000002,0.0059687499625
B300908,No Name B300908,2025-01-11,2025-09-17,2025-01-20,Unknown,Undetermined,MODIS,4419.49440437,70.9256722575,NT,NTFES,0.65499999,0.003775000005
B300909,No Name B300909,2025-01-11,2025-09-17,2025-01-20,Unknown,Undetermined,MODIS,4258.45755331,72.8912526122,NT,NTFES,0.67500001,0.003650000015
B300910,No Name B300910,2025-01-11,2025-09-17,2025-01-20,Unknown,Undetermined,MODIS,4297.08371732,76.3080894614,NT,NTFES,0.705000006,0.0036812500275
B300911,No Name B300911,2025-01-11,2025-09-17,2025-01-20,Unknown,Undetermined,MODIS,11173.8304008,82.8457099464,NT,NTFES,0.764999996,0.009518750075
B300912,No Name B300912,2025-01-11,2025-09-17,2025-01-20,Unknown,Undetermined,MODIS,9638.39126262,95.2852422795,NT,NTFES,0.880000004,0.0082250000075
B300913,No Name B300913,2025-01-11,2025-09-17,2025-01-20,Unknown,Undetermined,MODIS,13011.3087991,117.125012359,NT,NTFES,1.084999994,0.0111499999625
B300914,No Name B300914,2025-01-11,2025-09-17,2025-01-20,Unknown,Undetermined,MODIS,227056.476797,2515.01746337,NT,NTFES,23.320000024,0.195268749838
B300915,No Name B300915,2025-01-11,2025-09-17,2025-01-31,Unknown,Undetermined,MODIS,21.8940863482,3.24272053259,NT,NTFES,0.0299999939997,1.87499924996e-05
B300916,No Name B300916,2025-01-11,2025-09-17,2025-01-31,Unknown,Undetermined,MODIS,36.4590251349,5.40228768258,NT,NTFES,0.0499999900006,3.12499875008e-05
B300917,No Name B300917,2025-01-11,2025-09-17,2025-01-31,Unknown,Undetermined,MODIS,167.654292523,24.8463913151,NT,NTFES,0.229999999997,0.000143749999996
B300918,No Name B300918,2025-01-11,2025-09-17,2025-01-31,Unknown,Undetermined,MODIS,131.354961801,19.4556334445,NT,NTFES,0.180000000002,0.000112500000002
B300919,No Name B300919,2025-01-11,2025-09-17,2025-01-31,Unknown,Undetermined,MODIS,7.29154823713,1.08043877497,NT,NTFES,0.0100000000002,6.25000000027e-06
B300920,No Name B300920,2025-01-11,2025-09-17,2025-01-31,Unknown,Undetermined,MODIS,29.2392211647,4.32702865307,NT,NTFES,0.0400000079994,2.50000099993e-05
B300921,No Name B300921,2025-01-11,2025-09-17,2025-01-31,Unknown,Undetermined,MODIS,65.7020554677,9.72959041709,NT,NTFES,0.0900000180008,5.62500225009e-05
B300922,No Name B300922,2025-01-11,2025-09-17,2025-01-31,Unknown,Undetermined,MODIS,29.1077017734,3.26570743609,NT,NTFES,0.0299999959998,2.49999899995e-05
B300923,No Name B300923,2025-01-11,2025-09-17,2025-01-31,Unknown,Undetermined,MODIS,72.9730751491,8.04133554041,NT,NTFES,0.07499999,6.24999875e-05
B300924,No Name B300924,2025-01-11,2025-09-17,2025-01-31,Unknown,Undetermined,MODIS,14.6371304025,1.63580211864,NT,NTFES,0.0149999980001,1.24999950003e-05
B300925,No Name B300925,2025-01-11,2025-09-17,2025-01-31,Unknown,Undetermined,MODIS,14.6065416774,1.63471913082,NT,NTFES,0.0149999999999,1.24999999997e-05
B300926,No Name B300926,2025-01-11,2025-09-17,2025-01-31,Unknown,Undetermined,MODIS,72.9893427022,8.04252440861,NT,NTFES,0.0749999999999,6.24999999999e-05
B300927,No Name B300927,2025-01-11,2025-09-17,2025-01-31,Unknown,Undetermined,MODIS,43.763824302,4.90218198521,NT,NTFES,0.0450000000003,3.75000000008e-05
B300928,No Name B300928,2025-01-11,2025-09-17,2025-01-31,Unknown,Undetermined,MODIS,29.1009902995,3.21010321098,NT,NTFES,0.0300000039999,2.50000049999e-05
B300929,No Name B300929,2025-01-11,2025-09-17,2025-01-31,Unknown,Undetermined,MODIS,43.5991279984,4.89635185281,NT,NTFES,0.0450000060002,3.75000150006e-05
B300930,No Name B300930,2025-01-11,2025-09-17,2025-01-31,Unknown,Undetermined,MODIS,21.8764413885,2.16096531543,NT,NTFES,0.019999998,1.87499974999e-05
B300931,No Name B300931,2025-01-11,2025-09-17,2025-01-31,Unknown,Undetermined,MODIS,58.2033529019,4.31709685872,NT,NTFES,0.039999996,4.999999e-05
B300932,No Name B300932,2025-01-11,2025-09-17,2025-01-31,Unknown,Undetermined,MODIS,43.5660755,4.37043991459,NT,NTFES,0.0399999999997,3.74999999991e-05
B300933,No Name B300933,2025-01-11,2025-09-17,2025-01-31,Unknown,Undetermined,MODIS,21.950017111,2.18908315308,NT,NTFES,0.0200000000001,1.87500000004e-05
B300934,No Name B300934,2025-01-11,2025-09-17,2025-01-31,Unknown,Undetermined,MODIS,29.1677751877,2.6879543891,NT,NTFES,0.0249999980001,2.49999950003e-05
B300935,No Name B300935,2025-01-11,2025-09-17,2025-01-31,Unknown,Undetermined,MODIS,29.1860500499,2.71503771848,NT,NTFES,0.025000002,2.50000075002e-05
B300936,No Name B300936,2025-01-11,2025-09-17,2025-01-31,Unknown,Undetermined,MODIS,36.3083539424,2.71005426108,NT,NTFES,0.025000002,3.12500074997e-05
B300937,No Name B300937,2025-01-11,2025-09-17,2025-01-31,Unknown,Undetermined,MODIS,36.4595380953,3.26782652765,NT,NTFES,0.029999998,3.12499975004e-05
B300938,No Name B300938,2025-01-11,2025-09-17,2025-01-31,Unknown,Undetermined,MODIS,43.8451221403,3.21951012053,NT,NTFES,0.029999998,3.7499995e-05
B300939,No Name B300939,2025-01-11,2025-09-17,2025-01-31,Unknown,Undetermined,MODIS,36.5966766486,3.29609061732,NT,NTFES,0.0299999999999,3.12499999992e-05
B300940,No Name B300940,2025-01-11,2025-09-17,2025-01-31,Unknown,Undetermined,MODIS,36.574945304,3.22169165723,NT,NTFES,0.0300000020001,3.12500050002e-05
B300941,No Name B300941,2025-01-11,2025-09-17,2025-01-31,Unknown,Undetermined,MODIS,58.3441387171,3.24163350847,NT,NTFES,0.0300000020001,5.00000075001e-05
B300942,No Name B300942,2025-01-11,2025-09-17,2025-01-31,Unknown,Undetermined,MODIS,51.0876549204,3.79620389066,NT,NTFES,0.0349999979999,4.37499924999e-05
B300943,No Name B300943,2025-01-11,2025-09-17,2025-01-31,Unknown,Undetermined,MODIS,51.2734524886,3.80191678367,NT,NTFES,0.0349999999999,4.37500024995e-05
B300944,No Name B300944,2025-01-11,2025-09-17,2025-01-31,Unknown,Undetermined,MODIS,58.6041795694,3.80208086519,NT,NTFES,0.0349999999999,5.00000074995e-05
B300945,No Name B300945,2025-01-11,2025-09-17,2025-01-31,Unknown,Undetermined,MODIS,43.7442036877,3.76805879113,NT,NTFES,0.035,3.74999999999e-05
B300946,No Name B300946,2025-01-11,2025-09-17,2025-01-31,Unknown,Undetermined,MODIS,43.7490775988,3.76828920315,NT,NTFES,0.0350000000001,3.75000000005e-05
B300947,No Name B300947,2025-01-11,2025-09-17,2025-01-31,Unknown,Undetermined,MODIS,57.8193854872,3.78097043144,NT,NTFES,0.0350000020001,5.00000075001e-05
B300948,No Name B300948,2025-01-11,2025-09-17,2025-01-31,Unknown,Undetermined,MODIS,72.9335649452,4.34860511976,NT,NTFES,0.0399999979999,6.24999949994e-05
B300949,No Name B300949,2025-01-11,2025-09-17,2025-01-31,Unknown,Undetermined,MODIS,88.0833658021,4.31302446852,NT,NTFES,0.04,7.50000000003e-05
B300950,No Name B300950,2025-01-11,2025-09-17,2025-01-31,Unknown,Undetermined,MODIS,94.7905476009,4.34822472286,NT,NTFES,0.04,8.12499974996e-05
B300951,No Name B300951,2025-01-11,2025-09-17,2025-01-31,Unknown,Undetermined,MODIS,65.6261605475,4.82238576194,NT,NTFES,0.045,5.62500024997e-05
B300952,No Name B300952,2025-01-11,2025-09-17,2025-01-31,Unknown,Undetermined,MODIS,116.933063424,4.88002533209,NT,NTFES,0.045,9.99999949999e-05
B300953,No Name B300953,2025-01-11,2025-09-17,2025-01-31,Unknown,Undetermined,MODIS,80.2212095745,4.90193651906,NT,NTFES,0.0450000000001,6.87500000003e-05
B300954,No Name B300954,2025-01-11,2025-09-17,2025-01-31,Unknown,Undetermined,MODIS,146.936099613,5.44446382149,NT,NTFES,0.049999998,0.00012499999
B300955,No Name B300955,2025-01-11,2025-09-17,2025-01-31,Unknown,Undetermined,MODIS,72.9083812353,5.34890260685,NT,NTFES,0.0500000000001,6.24999974999e-05
B300956,No Name B300956,2025-01-11,2025-09-17,2025-01-31,Unknown,Undetermined,MODIS,131.706251302,7.02252279191,NT,NTFES,0.0649999980001,0.000112499995
B300957,No Name B300957,2025-01-11,2025-09-17,2025-01-31,Unknown,Undetermined,MODIS,139.042914139,7.07201661941,NT,NTFES,0.0649999999999,0.00011875
B300958,No Name B300958,2025-01-11,2025-09-17,2025-01-31,Unknown,Undetermined,MODIS,227.031427235,7.00180204821,NT,NTFES,0.0649999999999,0.0001937499975
B300959,No Name B300959,2025-01-11,2025-09-17,2025-01-31,Unknown,Undetermined,MODIS,256.471694004,7.60511608933,NT,NTFES,0.070000002,0.000218749997501
B300960,No Name B300960,2025-01-11,2025-09-17,2025-01-31,Unknown,Undetermined,MODIS,204.404258005,7.59320464475,NT,NTFES,0.0700000020001,0.000174999997501
B300961,No Name B300961,2025-01-11,2025-09-17,2025-01-31,Unknown,Undetermined,MODIS,242.225696127,8.64879506102,NT,NTFES,0.0799999980002,0.000206249995001
B300962,No Name B300962,2025-01-11,2025-09-17,2025-01-31,Unknown,Undetermined,MODIS,284.391231707,9.22367887842,NT,NTFES,0.0849999979998,0.000243749997499
B300963,No Name B300963,2025-01-11,2025-09-17,2025-01-31,Unknown,Undetermined,MODIS,160.428783479,9.14451380919,NT,NTFES,0.0850000040001,0.0001375000075
B300964,No Name B300964,2025-01-11,2025-09-17,2025-01-31,Unknown,Undetermined,MODIS,253.202845266,9.68677366163,NT,NTFES,0.0900000000001,0.0002187500075
B300965,No Name B300965,2025-01-11,2025-09-17,2025-01-31,Unknown,Undetermined,MODIS,357.19108475,10.222928273,NT,NTFES,0.095000002,0.000306250005
B300966,No Name B300966,2025-01-11,2025-09-17,2025-01-31,Unknown,Undetermined,MODIS,299.394878446,10.8378228614,NT,NTFES,0.0999999999999,0.0002562499925
B300967,No Name B300967,2025-01-11,2025-09-17,2025-01-31,Unknown,Undetermined,MODIS,421.866752192,10.8748466852,NT,NTFES,0.1,0.000362499999999
B300968,No Name B300968,2025-01-11,2025-09-17,2025-01-31,Unknown,Undetermined,MODIS,505.2317939,10.8507113577,NT,NTFES,0.1,0.0004312499875
B300969,No Name B300969,2025-01-11,2025-09-17,2025-01-31,Unknown,Undetermined,MODIS,394.630952476,11.3192213894,NT,NTFES,0.104999998,0.0003374999975
B300970,No Name B300970,2025-01-11,2025-09-17,2025-01-31,Unknown,Undetermined,MODIS,502.561017666,11.8513619551,NT,NTFES,0.109999998,0.000431249995002
B300971,No Name B300971,2025-01-11,2025-09-17,2025-01-31,Unknown,Undetermined,MODIS,424.33415926,13.0357702592,NT,NTFES,0.12,0.0003625000075
B300972,No Name B300972,2025-01-11,2025-09-17,2025-01-31,Unknown,Undetermined,MODIS,556.115093213,13.5655020046,NT,NTFES,0.125,0.000475000000001
B300973,No Name B300973,2025-01-11,2025-09-17,2025-01-31,Unknown,Undetermined,MODIS,419.060325098,13.4612723535,NT,NTFES,0.125,0.0003624999825
B300974,No Name B300974,2025-01-11,2025-09-17,2025-01-31,Unknown,Undetermined,MODIS,418.662618301,13.564976037,NT,NTFES,0.125,0.000356250012501
B300975,No Name B300975,2025-01-11,2025-09-17,2025-01-31,Unknown,Undetermined,MODIS,541.967819334,14.0039378635,NT,NTFES,0.13,0.000462500000001
B300976,No Name B300976,2025-01-11,2025-09-17,2025-01-31,Unknown,Undetermined,MODIS,578.242006613,14.5766007808,NT,NTFES,0.135,0.00049375
B300977,No Name B300977,2025-01-11,2025-09-17,2025-01-31,Unknown,Undetermined,MODIS,587.698952961,15.1481187629,NT,NTFES,0.139999998,0.000506249997501
B300978,No Name B300978,2025-01-11,2025-09-17,2025-01-31,Unknown,Undetermined,MODIS,938.480849297,17.2402340329,NT,NTFES,0.160000002,0.0008062499975
B300979,No Name B300979,2025-01-11,2025-09-17,2025-01-31,Unknown,Undetermined,MODIS,651.268200694,17.7970409183,NT,NTFES,0.164999998,0.000556249977503
B300980,No Name B300980,2025-01-11,2025-09-17,2025-01-31,Unknown,Undetermined,MODIS,599.595951999,17.7626095308,NT,NTFES,0.165,0.000518750025
B300981,No Name B300981,2025-01-11,2025-09-17,2025-01-31,Unknown,Undetermined,MODIS,1234.0276315,17.9250316063,NT,NTFES,0.165,0.00104999999
B300982,No Name B300982,2025-01-11,2025-09-17,2025-01-31,Unknown,Undetermined,MODIS,1215.8764571,18.9134063676,NT,NTFES,0.174999998,0.001037500005
B300983,No Name B300983,2025-01-11,2025-09-17,2025-01-31,Unknown,Undetermined,MODIS,1626.57523074,20.5317557803,NT,NTFES,0.19,0.00139375002
B300984,No Name B300984,2025-01-11,2025-09-17,2025-01-31,Unknown,Undetermined,MODIS,957.877507567,21.1210247202,NT,NTFES,0.195000002001,0.000824999972501
B300985,No Name B300985,2025-01-11,2025-09-17,2025-01-31,Unknown,Undetermined,MODIS,941.675672395,21.5689114222,NT,NTFES,0.200000004,0.000806250017501
B300986,No Name B300986,2025-01-11,2025-09-17,2025-01-31,Unknown,Undetermined,MODIS,754.225797338,23.4104089079,NT,NTFES,0.215,0.00064374997
B300987,No Name B300987,2025-01-11,2025-09-17,2025-01-31,Unknown,Undetermined,MODIS,1683.63199989,23.2913760539,NT,NTFES,0.215000002,0.0014437500175
B300988,No Name B300988,2025-01-11,2025-09-17,2025-01-31,Unknown,Undetermined,MODIS,1495.52527074,26.9539277022,NT,NTFES,0.250000002,0.001287500025
B300989,No Name B300989,2025-01-11,2025-09-17,2025-01-31,Unknown,Undetermined,MODIS,1485.35552123,26.9923643766,NT,NTFES,0.250000004,0.001275000005
B300990,No Name B300990,2025-01-11,2025-09-17,2025-01-31,Unknown,Undetermined,MODIS,1913.30069389,27.9492632795,NT,NTFES,0.260000004,0.001643750005
B300991,No Name B300991,2025-01-11,2025-09-17,2025-01-31,Unknown,Undetermined,MODIS,1545.30062229,29.0609708609,NT,NTFES,0.270000002,0.0013249999925
B300992,No Name B300992,2025-01-11,2025-09-17,2025-01-31,Unknown,Undetermined,MODIS,1494.80298389,29.6991596818,NT,NTFES,0.274999996,0.00128125003
B300993,No Name B300993,2025-01-11,2025-09-17,2025-01-31,Unknown,Undetermined,MODIS,1797.341097,30.3327202263,NT,NTFES,0.279999996,0.001537499985
B300994,No Name B300994,2025-01-11,2025-09-17,2025-01-31,Unknown,Undetermined,MODIS,1742.2677127,31.3558389885,NT,NTFES,0.289999998,0.0014937499925
B300995,No Name B300995,2025-01-11,2025-09-17,2025-01-31,Unknown,Undetermined,MODIS,2042.70055242,31.9463295326,NT,NTFES,0.295,0.00175000002
B300996,No Name B300996,2025-01-11,2025-09-17,2025-01-31,Unknown,Undetermined,MODIS,2573.63289768,32.5561870117,NT,NTFES,0.3,0.0022000000175
B300997,No Name B300997,2025-01-11,2025-09-17,2025-01-31,Unknown,Undetermined,MODIS,2134.17568614,34.0600792668,NT,NTFES,0.314999998,0.001825000025
B300998,No Name B300998,2025-01-11,2025-09-17,2025-01-31,Unknown,Undetermined,MODIS,2210.34832675,34.1854881475,NT,NTFES,0.315,0.0018812500025
B300999,No Name B300999,2025-01-11,2025-09-17,2025-01-31,Unknown,Undetermined,MODIS,2826.03849088,35.0268600651,NT,NTFES,0.324999998,0.0024125
B301000,No Name B301000,2025-01-11,2025-09-17,2025-01-31,Unknown,Undetermined,MODIS,3108.47545483,35.0729078363,NT,NTFES,0.325,0.0026687499975
B301001,No Name B301001,2025-01-11,2025-09-17,2025-01-31,Unknown,Undetermined,MODIS,2999.35544642,41.6271234452,NT,NTFES,0.385,0.0025687499725
B301002,No Name B301002,2025-01-11,2025-09-17,2025-01-31,Unknown,Undetermined,MODIS,4703.9635194,42.7426065947,NT,NTFES,0.395,0.0040124999975
B301003,No Name B301003,2025-01-11,2025-09-17,2025-01-31,Unknown,Undetermined,MODIS,3124.765243,44.4099707583,NT,NTFES,0.41,0.002681249985
B301004,No Name B301004,2025-01-11,2025-09-17,2025-01-31,Unknown,Undetermined,MODIS,3864.24534945,47.4288745825,NT,NTFES,0.44,0.0033062500125
B301005,No Name B301005,2025-01-11,2025-09-17,2025-01-31,Unknown,Undetermined,MODIS,5971.18957398,48.890187699,NT,NTFES,0.454999998,0.0051312500125
B301006,No Name B301006,2025-01-11,2025-09-17,2025-01-31,Unknown,Undetermined,MODIS,5649.76933299,52.2237614758,NT,NTFES,0.485,0.00484375
B301007,No Name B301007,2025-01-11,2025-09-17,2025-01-31,Unknown,Undetermined,MODIS,5953.11905892,57.5711384462,NT,NTFES,0.534999998,0.0051125000075
B301008,No Name B301008,2025-01-11,2025-09-17,2025-01-31,Unknown,Undetermined,MODIS,7639.74992743,60.5618149559,NT,NTFES,0.559999996,0.00652499999
B301009,No Name B301009,2025-01-11,2025-09-17,2025-01-31,Unknown,Undetermined,MODIS,7757.58109479,71.3534097666,NT,NTFES,0.665,0.0066625000075
B301010,No Name B301010,2025-01-11,2025-09-17,2025-01-31,Unknown,Undetermined,MODIS,15980.637858,114.841290746,NT,NTFES,1.065000002,0.01375000004
B301011,No Name B301011,2025-01-11,2025-09-17,2025-01-31,Unknown,Undetermined,MODIS,38164.5754535,156.903439323,NT,NTFES,1.45,0.0325874999975
B301012,No Name B301012,2025-01-11,2025-09-17,2025-01-31,Unknown,Undetermined,MODIS,28105.3108974,196.333414782,NT,NTFES,1.820000002,0.0240749999975
B301013,No Name B301013,2025-01-11,2025-09-17,2025-01-31,Unknown,Undetermined,MODIS,44183.4394376,334.745337071,NT,NTFES,3.105000002,0.03792499998
B301014,No Name B301014,2025-01-11,2025-09-17,2025-01-31,Unknown,Undetermined,MODIS,1043743.07358,9206.17918828,NT,NTFES,85.9817096385,0.907081369159
B301015,No Name B301015,2025-01-19,2025-09-17,2025-01-29,Unknown,Undetermined,MODIS,607.129263242,20.5006337118,Qld,BFNT,0.19,0.0005250000075
B301016,No Name B301016,2025-01-19,2025-09-17,2025-01-29,Unknown,Undetermined,MODIS,4265.13552943,52.5179027281,Qld,BFNT,0.485000006,0.003637499985
B301017,No Name B301017,2025-01-27,2025-09-17,2025-02-01,Unknown,Undetermined,Sentinel,39.7660099588,3.53204875121,NT,NTFES,0.0327999979995,3.43200004e-05
B301018,No Name B301018,2025-01-29,2025-09-17,2025-03-02,Unknown,Undetermined,MODIS,3958.12962936,87.644219162,Qld,BFNT,0.810000004,0.003375000025
B301019,No Name B301019,2025-01-31,2025-09-17,2025-02-02,Unknown,Undetermined,MODIS,410.52659641,9.79651325429,NT,NTFES,0.0900000020001,0.000350000010001
B301020,No Name B301020,2025-02-01,2025-09-17,2025-02-24,Unknown,Undetermined,Sentinel,5.72547403964,1.44006547773,NT,NTFES,0.0132000020001,4.80000099995e-06
B301021,No Name B301021,2025-02-01,2025-09-17,2025-02-25,Unknown,Undetermined,MODIS,3393.44195398,77.6597590268,WA,BFNT,0.720000001999,0.002912499965
B301022,No Name B301022,2025-02-01,2025-09-17,2025-02-28,Unknown,Undetermined,MODIS,563.091507973,16.9047913088,WA,BFNT,0.154999998,0.0004750000175
B301023,No Name B301023,2025-02-01,2025-09-17,2025-02-28,Unknown,Undetermined,Sentinel,411.279556042,180.457212689,NT,NTFES,1.652399984,0.000344719997201
B301024,No Name B301024,2025-02-01,2025-09-17,2025-02-28,Unknown,Undetermined,Sentinel,396.480172531,197.764120287,NT,NTFES,1.810799978,0.000332280009399
B301025,No Name B301025,2025-02-01,2025-09-17,2025-03-01,Unknown,Undetermined,MODIS,29.4759112299,2.17206164056,NT,NTFES,0.019999998,2.4999995e-05
B301026,No Name B301026,2025-02-01,2025-09-17,2025-03-01,Unknown,Undetermined,MODIS,95.8248507577,5.41044750359,NT,NTFES,0.05,8.12499949998e-05
B301027,No Name B301027,2025-02-01,2025-09-17,2025-03-01,Unknown,Undetermined,MODIS,751.718978748,17.8689815642,NT,NTFES,0.165000002,0.000637500012502
B301028,No Name B301028,2025-02-01,2025-09-17,2025-03-01,Unknown,Undetermined,MODIS,13583.5252528,118.417930926,NT,NTFES,1.10000001,0.0117374999525
B301029,No Name B301029,2025-02-01,2025-09-17,2025-03-01,Unknown,Undetermined,MODIS,47353.7657331,1473.99688324,NT,NTFES,13.53999999,0.0399687500625
B301030,No Name B301030,2025-02-01,2025-09-17,2025-03-01,Unknown,Undetermined,Sentinel,140.897732784,6.00030349997,NT,NTFES,0.0550000000002,0.0001187500125
B301031,No Name B301031,2025-02-02,2025-09-17,2025-02-24,Unknown,Undetermined,MODIS,7.29260361185,1.08051498035,NT,NTFES,0.0099999979999,6.24999749987e-06
B301032,No Name B301032,2025-02-02,2025-09-17,2025-02-24,Unknown,Undetermined,MODIS,7.27280417526,1.07908538711,NT,NTFES,0.00999999800001,6.24999750002e-06
B301033,No Name B301033,2025-02-02,2025-09-17,2025-02-24,Unknown,Undetermined,MODIS,7.28463312569,1.07993946443,NT,NTFES,0.00999999800013,6.24999750016e-06
B301034,No Name B301034,2025-02-02,2025-09-17,2025-02-24,Unknown,Undetermined,MODIS,29.1316679169,4.31926225036,NT,NTFES,0.0399999999995,2.49999999994e-05
B301035,No Name B301035,2025-02-02,2025-09-17,2025-02-24,Unknown,Undetermined,MODIS,21.8541208014,3.23983438199,NT,NTFES,0.0300000000003,1.87500000004e-05
B301036,No Name B301036,2025-02-02,2025-09-17,2025-02-24,Unknown,Undetermined,MODIS,7.2874107578,1.08014002357,NT,NTFES,0.0100000019999,6.25000249982e-06
B301037,No Name B301037,2025-02-02,2025-09-17,2025-02-24,Unknown,Undetermined,MODIS,21.8572567747,3.24006086935,NT,NTFES,0.0300000060003,1.87500075003e-05
B301038,No Name B301038,2025-02-02,2025-09-17,2025-02-24,Unknown,Undetermined,MODIS,14.5847870423,1.60755050131,NT,NTFES,0.0149999979998,1.24999974997e-05
B301039,No Name B301039,2025-02-02,2025-09-17,2025-02-24,Unknown,Undetermined,MODIS,14.5676695266,1.63334291787,NT,NTFES,0.0149999999999,1.24999999997e-05
B301040,No Name B301040,2025-02-02,2025-09-17,2025-02-24,Unknown,Undetermined,MODIS,14.5432302214,1.60452090097,NT,NTFES,0.015,1.25e-05
B301041,No Name B301041,2025-02-02,2025-09-17,2025-02-24,Unknown,Undetermined,MODIS,14.5717321606,1.63348675112,NT,NTFES,0.0150000019999,1.25000049996e-05
B301042,No Name B301042,2025-02-02,2025-09-17,2025-02-24,Unknown,Undetermined,MODIS,21.8799280548,2.16113329592,NT,NTFES,0.019999998,1.87499950002e-05
B301043,No Name B301043,2025-02-02,2025-09-17,2025-02-24,Unknown,Undetermined,MODIS,21.7810089197,2.15637179456,NT,NTFES,0.019999998,1.87499975001e-05
B301044,No Name B301044,2025-02-02,2025-09-17,2025-02-24,Unknown,Undetermined,MODIS,21.8593453369,2.13329673532,NT,NTFES,0.0199999980001,1.87499975001e-05
B301045,No Name B301045,2025-02-02,2025-09-17,2025-02-24,Unknown,Undetermined,MODIS,21.8570058889,2.1600298938,NT,NTFES,0.020000002,1.87500025001e-05
B301046,No Name B301046,2025-02-02,2025-09-17,2025-02-24,Unknown,Undetermined,MODIS,29.0827774515,2.15786611839,NT,NTFES,0.020000002,2.50000049999e-05
B301047,No Name B301047,2025-02-02,2025-09-17,2025-02-24,Unknown,Undetermined,MODIS,29.1695886561,2.71444916089,NT,NTFES,0.025000002,2.50000074996e-05
B301048,No Name B301048,2025-02-02,2025-09-17,2025-02-24,Unknown,Undetermined,MODIS,43.6270962388,2.71141541242,NT,NTFES,0.025000002,3.75000074999e-05
B301049,No Name B301049,2025-02-02,2025-09-17,2025-02-24,Unknown,Undetermined,MODIS,72.7017082273,4.3155748059,NT,NTFES,0.0399999980001,6.24999925005e-05
B301050,No Name B301050,2025-02-02,2025-09-17,2025-02-24,Unknown,Undetermined,MODIS,80.2236437842,5.98256282181,NT,NTFES,0.0550000020002,6.87500025011e-05
B301051,No Name B301051,2025-02-02,2025-09-17,2025-02-24,Unknown,Undetermined,MODIS,153.041831126,7.00767618835,NT,NTFES,0.0649999979998,0.00013124999
B301052,No Name B301052,2025-02-02,2025-09-17,2025-02-24,Unknown,Undetermined,MODIS,109.385292557,7.01001889452,NT,NTFES,0.065000002,9.37500024994e-05
B301053,No Name B301053,2025-02-02,2025-09-17,2025-02-24,Unknown,Undetermined,MODIS,87.5172104257,7.06310816831,NT,NTFES,0.065000004,7.50000099995e-05
B301054,No Name B301054,2025-02-02,2025-09-17,2025-02-24,Unknown,Undetermined,MODIS,130.920397846,8.13521552798,NT,NTFES,0.0750000039999,0.0001125000175
B301055,No Name B301055,2025-02-02,2025-09-17,2025-02-24,Unknown,Undetermined,MODIS,226.088134751,8.61813706398,NT,NTFES,0.0799999960001,0.000193749995
B301056,No Name B301056,2025-02-02,2025-09-17,2025-02-24,Unknown,Undetermined,MODIS,255.138238314,9.61627251711,NT,NTFES,0.0899999999998,0.000218749995
B301057,No Name B301057,2025-02-02,2025-09-17,2025-02-24,Unknown,Undetermined,MODIS,473.576881041,14.539999776,NT,NTFES,0.134999998,0.00040624999
B301058,No Name B301058,2025-02-02,2025-09-17,2025-02-24,Unknown,Undetermined,MODIS,509.987619554,15.2008644039,NT,NTFES,0.140000004,0.0004375000225
B301059,No Name B301059,2025-02-02,2025-09-17,2025-02-24,Unknown,Undetermined,MODIS,786.87162377,20.9663589281,NT,NTFES,0.194999996,0.000675000007501
B301060,No Name B301060,2025-02-02,2025-09-17,2025-02-24,Unknown,Undetermined,MODIS,1204.06532896,25.1937189339,NT,NTFES,0.235,0.0010375000025
B301061,No Name B301061,2025-02-02,2025-09-17,2025-02-24,Unknown,Undetermined,MODIS,6122.08929383,64.5686515885,NT,NTFES,0.594999992,0.00520625001
B301062,No Name B301062,2025-02-02,2025-09-17,2025-02-24,Unknown,Undetermined,MODIS,13350.5129232,134.129721064,NT,NTFES,1.245000004,0.0114437500325
B301063,No Name B301063,2025-02-02,2025-09-17,2025-02-24,Unknown,Undetermined,MODIS,74499.6876671,1376.05926532,NT,NTFES,12.800000012,0.0642687499675
B301064,No Name B301064,2025-02-24,2025-09-17,2025-03-06,Unknown,Undetermined,Sentinel,57.6339776945,5.80955537825,NT,NTFES,0.0531999920003,4.82399984e-05
B301065,No Name B301065,2025-02-25,2025-09-17,2025-02-28,Unknown,Undetermined,Sentinel,59.600761162,6.28660920773,NT,NTFES,0.0576000020001,4.99200029999e-05
B301066,No Name B301066,2025-02-27,2025-09-17,2025-04-01,Unknown,Undetermined,MODIS,10601.4811712,399.705772465,NT,NTFES,3.665000004,0.0089124999675
B301067,No Name B301067,2025-03-01,2025-09-17,2025-03-01,Unknown,Undetermined,Sentinel,5.49598289032,2.93332707905,NT,NTFES,0.026800002,4.59999979996e-06
B301068,No Name B301068,2025-03-01,2025-09-17,2025-03-04,Unknown,Undetermined,MODIS,2326.90271326,94.455641962,WA,BFNT,0.864999992,0.0019624999275
B301069,No Name B301069,2025-03-01,2025-09-17,2025-03-16,Unknown,Undetermined,MODIS,14.6777254762,1.63723944699,NT,NTFES,0.0149999999999,1.24999999997e-05
B301070,No Name B301070,2025-03-01,2025-09-17,2025-03-16,Unknown,Undetermined,MODIS,14.6637157501,1.63674340602,NT,NTFES,0.0150000000001,1.25000000003e-05
B301071,No Name B301071,2025-03-01,2025-09-17,2025-03-16,Unknown,Undetermined,MODIS,21.7436224498,2.12483412925,NT,NTFES,0.0199999979999,1.87499974999e-05
B301072,No Name B301072,2025-03-01,2025-09-17,2025-03-16,Unknown,Undetermined,MODIS,153.733107763,5.96610105537,NT,NTFES,0.0550000000001,0.000131249995001
B301073,No Name B301073,2025-03-01,2025-09-17,2025-03-16,Unknown,Undetermined,MODIS,168.372206117,7.07289118892,NT,NTFES,0.0649999999999,0.000143750009999
B301074,No Name B301074,2025-03-01,2025-09-17,2025-03-16,Unknown,Undetermined,MODIS,234.015345549,7.02048263182,NT,NTFES,0.0650000000001,0.0002
B301075,No Name B301075,2025-03-01,2025-09-17,2025-03-16,Unknown,Undetermined,MODIS,616.482309781,14.0445392989,NT,NTFES,0.130000002,0.000525000015
B301076,No Name B301076,2025-03-01,2025-09-17,2025-03-16,Unknown,Undetermined,MODIS,696.950253847,15.2175776119,NT,NTFES,0.139999998,0.000593749984999
B301077,No Name B301077,2025-03-01,2025-09-17,2025-03-16,Unknown,Undetermined,MODIS,453.231369604,16.7802597232,NT,NTFES,0.155000002,0.00038750002
B301078,No Name B301078,2025-03-01,2025-09-17,2025-03-16,Unknown,Undetermined,MODIS,1113.90738856,17.305802069,NT,NTFES,0.160000002,0.0009499999925
B301079,No Name B301079,2025-03-01,2025-09-17,2025-03-16,Unknown,Undetermined,MODIS,913.739232938,19.018703155,NT,NTFES,0.175,0.000781250005
B301080,No Name B301080,2025-03-01,2025-09-17,2025-03-16,Unknown,Undetermined,MODIS,835.664805574,19.3021910104,NT,NTFES,0.179999998,0.000718749994999
B301081,No Name B301081,2025-03-01,2025-09-17,2025-03-16,Unknown,Undetermined,MODIS,888.681048977,20.5993204796,NT,NTFES,0.190000002,0.000762500007499
B301082,No Name B301082,2025-03-01,2025-09-17,2025-03-16,Unknown,Undetermined,MODIS,1674.24712837,26.4178634669,NT,NTFES,0.245000002,0.001431250015
B301083,No Name B301083,2025-03-01,2025-09-17,2025-03-16,Unknown,Undetermined,MODIS,2464.66905229,29.2394220078,NT,NTFES,0.270000002,0.00210625
B301084,No Name B301084,2025-03-01,2025-09-17,2025-03-16,Unknown,Undetermined,MODIS,2001.50511522,32.8890084941,NT,NTFES,0.304999998,0.0017062500075
B301085,No Name B301085,2025-03-01,2025-09-17,2025-03-16,Unknown,Undetermined,MODIS,2824.27003753,36.1334897351,NT,NTFES,0.334999996,0.0024312500025
B301086,No Name B301086,2025-03-01,2025-09-17,2025-03-16,Unknown,Undetermined,MODIS,2718.47784292,38.859878882,NT,NTFES,0.360000002,0.0023312500125
B301087,No Name B301087,2025-03-01,2025-09-17,2025-03-16,Unknown,Undetermined,MODIS,2736.98736992,48.2393529094,NT,NTFES,0.445,0.0023312499975
B301088,No Name B301088,2025-03-01,2025-09-17,2025-03-16,Unknown,Undetermined,MODIS,5278.3846328,49.289137777,NT,NTFES,0.455,0.0044937500125
B301089,No Name B301089,2025-03-01,2025-09-17,2025-03-16,Unknown,Undetermined,MODIS,5331.88753426,65.2481893157,NT,NTFES,0.604999996,0.00458125003
B301090,No Name B301090,2025-03-01,2025-09-17,2025-03-16,Unknown,Undetermined,MODIS,5288.61782023,69.6636447569,NT,NTFES,0.645000002,0.0045124999775
B301091,No Name B301091,2025-03-01,2025-09-17,2025-03-16,Unknown,Undetermined,MODIS,334921.423568,3510.90260225,NT,NTFES,32.554999956,0.2885874999
B301092,No Name B301092,2025-03-01,2025-09-17,2025-03-18,Unknown,Undetermined,MODIS,12868.5471775,295.960567498,WA,BFNT,2.719999992,0.01092499988
B301093,No Name B301093,2025-03-01,2025-09-17,2025-03-24,Unknown,Undetermined,MODIS,241.274302615,28.102472066,WA,BFNT,0.259999985999,0.000206249974999
B301094,No Name B301094,2025-03-01,2025-09-17,2025-03-31,Unknown,Undetermined,MODIS,16287.4285132,496.828467649,NT,NTFES,4.569999966,0.013762499945
B301095,No Name B301095,2025-03-01,2025-09-17,2025-03-31,Unknown,Undetermined,MODIS,22.2475548486,2.71497682917,WA,BFNT,0.0250000020001,1.87500025001e-05
B301096,No Name B301096,2025-03-01,2025-09-17,2025-03-31,Unknown,Undetermined,MODIS,1418.51991863,55.725427193,WA,BFNT,0.514999997999,0.0012124999825
B301097,No Name B301097,2025-03-01,2025-09-17,2025-03-31,Unknown,Undetermined,Sentinel,25.7606964002,7.47457521134,NT,NTFES,0.068400002,2.15599979999e-05
B301098,No Name B301098,2025-03-01,2025-09-17,2025-03-31,Unknown,Undetermined,Sentinel,601.64186885,66.3264475506,NT,NTFES,0.607599983999,0.000504119988
B301099,No Name B301099,2025-03-01,2025-09-17,2025-03-31,Unknown,Undetermined,Sentinel,445.644293155,39.5563111796,NT,Parks,0.360800004,0.0003717599954
B301100,No Name B301100,2025-04-01,2025-09-17,2025-04-10,Unknown,Undetermined,MODIS,946.798593207,37.8704373684,WA,BFNT,0.350000004,0.000806250027499
B301101,No Name B301101,2025-04-01,2025-09-17,2025-04-23,Unknown,Undetermined,Sentinel,7338.46531547,586.924586964,NT,NTFES,5.366799874,0.0061388399746
B301102,No Name B301102,2025-04-01,2025-09-17,2025-04-23,Unknown,Undetermined,Sentinel,13353.0626009,1139.33706079,NT,NTFES,10.4340606717,0.0111944321394
B301103,No Name B301103,2025-04-01,2025-09-17,2025-04-25,Unknown,Undetermined,Sentinel,804.852218207,154.105551922,NT,NTFES,1.406400038,0.000672479999601
B301104,No Name B301104,2025-04-01,2025-09-17,2025-04-25,Unknown,Undetermined,Sentinel,6688.73250116,666.510735053,NT,NTFES,6.09963091418,0.00560326172019
B301105,No Name B301105,2025-04-01,2025-09-17,2025-04-25,Unknown,Undetermined,Sentinel,21791.5419402,1625.13477211,NT,NTFES,14.877999944,0.0182683600014
B301106,No Name B301106,2025-04-01,2025-09-17,2025-04-27,Unknown,Undetermined,MODIS,72729.4797491,2277.36292348,NT,NTFES,20.8800398347,0.0611500057742
B301107,No Name B301107,2025-04-01,2025-09-17,2025-04-27,Unknown,Undetermined,MODIS,579.760018603,31.3634530186,WA,BFNT,0.289999998,0.000493750007502
B301108,No Name B301108,2025-04-01,2025-09-17,2025-04-30,Unknown,Undetermined,MODIS,9892.10534634,610.021885651,NT,NTFES,5.599999956,0.00832499987999
B301109,No Name B301109,2025-04-01,2025-09-17,2025-04-30,Unknown,Undetermined,MODIS,106222.824991,2827.21546388,NT,NTFES,25.929999956,0.089287499805
B301110,No Name B301110,2025-04-01,2025-09-17,2025-04-30,Unknown,Undetermined,MODIS,2002.26910417,83.9191249708,WA,BFNT,0.770000014,0.0016874999975
B301111,No Name B301111,2025-04-01,2025-09-17,2025-04-30,Unknown,Undetermined,Sentinel,6.27071266466,3.63652553906,NT,NTFES,0.0332000079998,5.2400030001e-06
B301112,No Name B301112,2025-04-01,2025-09-17,2025-04-30,Unknown,Undetermined,Sentinel,81.5747158775,4.89383006819,NT,NTFES,0.0449999999998,6.8750005e-05
B301113,No Name B301113,2025-04-01,2025-09-17,2025-04-30,Unknown,Undetermined,Sentinel,129.675529255,10.7378944893,NT,NTFES,0.0980000159998,0.0001081999964
B301114,No Name B301114,2025-04-01,2025-09-17,2025-04-30,Unknown,Undetermined,Sentinel,63.0434779056,11.7048911083,NT,NTFES,0.106800006,5.24799977999e-05
B301115,No Name B301115,2025-04-01,2025-09-17,2025-04-30,Unknown,Undetermined,Sentinel,400.911093706,48.1883424342,NT,NTFES,0.440800018001,0.0003349599924
B301116,No Name B301116,2025-04-01,2025-09-17,2025-04-30,Unknown,Undetermined,Sentinel,620.888684186,142.789555317,NT,NTFES,1.30639996,0.000518999991
B301117,No Name B301117,2025-04-01,2025-09-17,2025-04-30,Unknown,Undetermined,Sentinel,2558.25652588,504.982417155,NT,NTFES,4.614399952,0.0021341199822
B301118,No Name B301118,2025-04-01,2025-09-17,2025-04-30,Unknown,Undetermined,Sentinel,4087.65062775,647.82486692,NT,NTFES,5.92479991999,0.0034196399918
B301119,No Name B301119,2025-04-01,2025-09-17,2025-04-30,Unknown,Undetermined,Sentinel,10718.3988785,790.04867278,NT,NTFES,7.230799744,0.008982279959
B301120,No Name B301120,2025-04-01,2025-09-17,2025-04-30,Unknown,Undetermined,Sentinel,19959.2700632,1991.36027683,NT,NTFES,18.187599804,0.0166658799502
B301121,No Name B301121,2025-04-17,2025-09-17,2025-04-30,Unknown,Undetermined,MODIS,11898.3314115,512.891445836,NT,NTFES,4.705000004,0.010024999975
B301122,No Name B301122,2025-04-22,2025-09-17,2025-04-30,Unknown,Undetermined,Sentinel,70.4540975256,6.86231652802,NT,NTFES,0.063999982001,6.05999931998e-05
B301123,No Name B301123,2025-04-25,2025-09-17,2025-04-30,Unknown,Undetermined,Sentinel,1399.54413253,296.348521525,NT,NTFES,2.71279992,0.0011726799894
B301124,No Name B301124,2025-04-25,2025-09-17,2025-04-30,Unknown,Undetermined,Sentinel,11884.79825,846.269796102,NT,NTFES,7.7411279752,0.0099446222898
B301125,No Name B301125,2025-04-25,2025-09-17,2025-04-30,Unknown,Undetermined,Sentinel,24034.5652568,1315.68680922,NT,NTFES,12.044800136,0.0201427199772
B301126,No Name B301126,2025-04-25,2025-09-17,2025-05-15,Unknown,Undetermined,Sentinel,8283.90435124,481.795762627,NT,NTFES,4.40000006,0.0069118400358
B301127,No Name B301127,2025-04-28,2025-09-17,2025-05-21,Unknown,Undetermined,MODIS,58.7389554681,6.01861385124,NT,NTFES,0.0550000000003,5.0000000001e-05
B301128,No Name B301128,2025-04-28,2025-09-17,2025-05-21,Unknown,Undetermined,MODIS,8252.93378092,205.424934229,Qld,BFNT,1.900000022,0.0070374999625
B301129,No Name B301129,2025-05-01,2025-09-17,2025-05-03,Unknown,Undetermined,Sentinel,5937.55701996,568.975702992,NT,NTFES,5.20460335202,0.00496421380643
B301130,No Name B301130,2025-05-01,2025-09-17,2025-05-03,Unknown,Undetermined,Sentinel,34111.6395685,1911.40538015,NT,NTFES,17.5075533837,0.0285994243258
B301131,No Name B301131,2025-05-01,2025-09-17,2025-05-05,Unknown,Undetermined,Sentinel,23.2056139406,6.30210369395,NT,NTFES,0.0575999979995,1.94000012e-05
B301132,No Name B301132,2025-05-01,2025-09-17,2025-05-05,Unknown,Undetermined,Sentinel,1600.52510612,59.2164182078,NT,NTFES,0.540800006,0.0013362800052
B301133,No Name B301133,2025-05-01,2025-09-17,2025-05-05,Unknown,Undetermined,Sentinel,3874.26482803,405.871488019,NT,NTFES,3.71720011399,0.0032494799762
B301134,No Name B301134,2025-05-01,2025-09-17,2025-05-08,Unknown,Undetermined,Sentinel,16875.297336,1360.30810485,NT,NTFES,12.4583727509,0.0141422310288
B301135,No Name B301135,2025-05-01,2025-09-17,2025-05-10,Unknown,Undetermined,MODIS,244050.239296,5104.34753558,NT,NTFES,46.8331844718,0.205584107215
B301136,No Name B301136,2025-05-01,2025-09-17,2025-05-10,Unknown,Undetermined,Sentinel,19.9927638828,4.53826336187,NT,NTFES,0.0416000119997,1.67599992e-05
B301137,No Name B301137,2025-05-01,2025-09-17,2025-05-10,Unknown,Undetermined,Sentinel,10.7655032807,5.38183553635,NT,NTFES,0.0491999939997,8.99999919997e-06
B301138,No Name B301138,2025-05-01,2025-09-17,2025-05-10,Unknown,Undetermined,Sentinel,140.899291441,10.8770008377,NT,NTFES,0.0999999960002,0.0001187499875
B301139,No Name B301139,2025-05-01,2025-09-17,2025-05-10,Unknown,Undetermined,Sentinel,1549.49518638,113.14613231,NT,NTFES,1.034399958,0.0012951999988
B301140,No Name B301140,2025-05-01,2025-09-17,2025-05-10,Unknown,Undetermined,Sentinel,3351.53679666,472.088361908,NT,NTFES,4.32359472753,0.002811840805
B301141,No Name B301141,2025-05-01,2025-09-17,2025-05-11,Unknown,Undetermined,MODIS,1201.18992775,30.8368636977,WA,BFNT,0.284999998,0.001031250005
B301142,No Name B301142,2025-05-01,2025-09-17,2025-05-14,Unknown,Undetermined,MODIS,597.975970707,19.4874961252,NT,NTFES,0.18,0.000506250015
B301143,No Name B301143,2025-05-01,2025-09-17,2025-05-14,Unknown,Undetermined,MODIS,141633.060705,3630.56892359,NT,NTFES,33.3393406967,0.119467407688
B301144,No Name B301144,2025-05-01,2025-09-17,2025-05-15,Unknown,Undetermined,Sentinel,12.0096915302,5.20081735426,NT,NTFES,0.0476000040002,1.00400030002e-05
B301145,No Name B301145,2025-05-01,2025-09-17,2025-05-15,Unknown,Undetermined,Sentinel,6100.27367892,407.145192387,NT,NTFES,3.722800046,0.0050982000042
B301146,No Name B301146,2025-05-01,2025-09-17,2025-05-15,Unknown,Undetermined,Sentinel,30396.344915,2368.05882488,NT,NTFES,21.627600078,0.0253549600682
B301147,No Name B301147,2025-05-01,2025-09-17,2025-05-17,Unknown,Undetermined,Sentinel,250.644248823,14.8549783186,NT,NTFES,0.137600024,0.0002156000012
B301148,No Name B301148,2025-05-01,2025-09-17,2025-05-18,Unknown,Undetermined,MODIS,235.491946293,12.0027317775,NT,NTFES,0.110000006,0.000200000020001
B301149,No Name B301149,2025-05-01,2025-09-17,2025-05-18,Unknown,Undetermined,MODIS,2095.90393983,170.575880789,WA,BFNT,1.574999972,0.0017874999875
B301150,No Name B301150,2025-05-01,2025-09-17,2025-05-19,Unknown,Undetermined,MODIS,188918.637352,6368.37748503,NT,NTFES,58.5143690481,0.15958811938
B301151,No Name B301151,2025-05-01,2025-09-17,2025-05-31,Unknown,Undetermined,MODIS,1918.02859811,44.8848250981,WA,BFNT,0.414999998,0.0016437499975
B301152,No Name B301152,2025-05-01,2025-09-17,2525-05-03,Unknown,Undetermined,Sentinel,7344.71800099,770.992189803,NT,NTFES,7.04107243103,0.00612174723584
B301153,No Name B301153,2025-05-01,2025-09-17,2525-05-15,Unknown,Undetermined,Sentinel,21.3300435208,11.6903912383,NT,NTFES,0.107200008,1.78800038001e-05
B301154,No Name B301154,2025-05-01,2025-09-17,2525-05-15,Unknown,Undetermined,Sentinel,43525.8412134,4980.5848646,NT,Parks,45.488400136,0.0362946397586
B301155,No Name B301155,2025-05-03,2025-09-17,2025-05-13,Unknown,Undetermined,Sentinel,178.551728749,62.325728045,NT,NTFES,0.569200031999,0.000148999994999
B301156,No Name B301156,2025-05-03,2025-09-17,2025-05-13,Unknown,Undetermined,Sentinel,10487.7876396,1200.66434404,NT,NTFES,10.9798271907,0.00877225140544
B301157,No Name B301157,2025-05-03,2025-09-17,2025-05-18,Unknown,Undetermined,Sentinel,7326.5482624,594.125188081,NT,NTFES,5.44020746963,0.00614088789547
B301158,No Name B301158,2025-05-03,2025-09-17,2025-05-23,Unknown,Undetermined,Sentinel,8998.71991967,768.219698604,NT,NTFES,7.03725620432,0.00754389227791
B301159,No Name B301159,2025-05-03,2025-09-17,2025-05-28,Unknown,Undetermined,Sentinel,11691.815529,658.61087782,NT,NTFES,6.03337127227,0.00980024370613
B301160,No Name B301160,2025-05-03,2025-09-17,2025-05-31,Prescribed burn,Undetermined,Sentinel,2868.31861155,248.170230657,NT,Parks,2.265200124,0.002390879994
B301161,No Name B301161,2025-05-03,2025-09-17,2025-05-31,Unknown,Undetermined,Sentinel,54.008629722,16.396240269,NT,NTFES,0.149200004001,4.49599986009e-05
B301162,No Name B301162,2025-05-03,2025-09-17,2025-05-31,Unknown,Undetermined,Sentinel,914.66132669,128.524930887,NT,NTFES,1.171599976,0.0007604399834
B301163,No Name B301163,2025-05-03,2025-09-17,2025-05-31,Unknown,Undetermined,Sentinel,657.814320781,178.30503342,NT,NTFES,1.6332,0.000551480007
B301164,No Name B301164,2025-05-03,2025-09-17,2025-05-31,Unknown,Undetermined,Sentinel,49860.1392799,4463.13348949,NT,NTFES,40.7533082908,0.0415803236218
B301165,No Name B301165,2025-05-05,2025-09-17,2025-05-12,Unknown,Undetermined,MODIS,11380.2335241,258.798072766,WA,BFNT,2.389999984,0.00966874995999
B301166,No Name B301166,2025-05-07,2025-09-17,2025-06-01,Unknown,Undetermined,MODIS,7.34010359207,1.08394523729,NT,NTFES,0.00999999800013,6.24999750016e-06
B301167,No Name B301167,2025-05-07,2025-09-17,2025-06-01,Unknown,Undetermined,MODIS,29.3614318231,2.74410878469,NT,NTFES,0.0250000020002,2.50000100006e-05
B301168,No Name B301168,2025-05-07,2025-09-17,2025-06-01,Unknown,Undetermined,MODIS,88.0981596862,5.95090224101,NT,NTFES,0.054999998,7.49999975002e-05
B301169,No Name B301169,2025-05-07,2025-09-17,2025-06-01,Unknown,Undetermined,MODIS,505947.28634,11978.1885921,NT,NTFES,110.047999607,0.427449110281
B301170,No Name B301170,2025-05-07,2025-09-17,2025-06-01,Unknown,Undetermined,Sentinel,318.431072131,15.243265229,NT,NTFES,0.14,0.000268750005001
B301171,No Name B301171,2025-05-08,2025-09-17,2025-05-31,Prescribed burn,Undetermined,Sentinel,2104.12459385,160.812722891,NT,Parks,1.468000032,0.0017535199818
B301172,No Name B301172,2025-05-08,2025-09-17,2025-05-31,Prescribed burn,Undetermined,Sentinel,1458.98732917,334.084574916,NT,Parks,3.04959983,0.0012161199604
B301173,No Name B301173,2025-05-08,2025-09-17,2025-05-31,Unknown,Undetermined,Sentinel,562.854422351,203.635817209,NT,NTFES,1.856400008,0.000467999988199
B301174,No Name B301174,2025-05-08,2025-09-17,2025-05-31,Unknown,Undetermined,Sentinel,10659.7156875,1584.1477669,NT,NTFES,14.454401846,0.00888371034952
B301175,No Name B301175,2025-05-08,2025-09-17,2025-05-31,Unknown,Undetermined,Sentinel,53.6367132619,8.11967936389,NT,Parks,0.0740759673333,4.47078776678e-05
B301176,No Name B301176,2025-05-08,2025-09-17,2025-05-31,Unknown,Undetermined,Sentinel,3254.21150616,212.601867606,NT,Parks,1.940799992,0.0027125999912
B301177,No Name B301177,2025-05-10,2025-09-17,2025-05-15,Unknown,Undetermined,Sentinel,1118.56944432,109.96560382,NT,NTFES,1.006800004,0.000936640004
B301178,No Name B301178,2025-05-13,2025-09-17,2025-05-18,Unknown,Undetermined,Sentinel,25823.5798988,1738.73870726,NT,NTFES,15.9015306862,0.0215984481135
B301179,No Name B301179,2025-05-13,2025-09-17,2025-05-23,Unknown,Undetermined,Sentinel,4813.25732869,559.673885355,NT,NTFES,5.12067486353,0.00402671999297
B301180,No Name B301180,2025-05-13,2025-09-17,2025-05-28,Unknown,Undetermined,Sentinel,8537.06065856,492.952511954,NT,NTFES,4.51163542009,0.00714388099639
B301181,No Name B301181,2025-05-13,2025-09-17,2025-05-31,Unknown,Undetermined,Sentinel,3303.75376716,372.560908375,NT,NTFES,3.40692041642,0.00276243042715
B301182,No Name B301182,2025-05-14,2025-09-17,2025-05-22,Unknown,Undetermined,MODIS,119177.125477,2900.27943845,NT,NTFES,26.5574154122,0.0998297797576
B301183,No Name B301183,2025-05-14,2025-09-17,2025-05-22,Unknown,Undetermined,Sentinel,252.964221513,11.4803209241,NT,NTFES,0.105000004,0.0002125000075
B301184,No Name B301184,2025-05-15,2025-09-17,2025-05-20,Unknown,Undetermined,Sentinel,27570.9722826,1529.94254144,NT,NTFES,14.008400038,0.0230993600006
B301185,No Name B301185,2025-05-15,2025-09-17,2025-05-25,Unknown,Undetermined,Sentinel,5.9807400712,1.88077227413,NT,NTFES,0.017199998,5.00000220002e-06
B301186,No Name B301186,2025-05-15,2025-09-17,2025-05-25,Unknown,Undetermined,Sentinel,41410.0141456,2400.3131727,NT,NTFES,21.966800342,0.0346683200204
B301187,No Name B301187,2025-05-15,2025-09-17,2025-05-30,Unknown,Undetermined,Sentinel,89.425390148,19.7525657071,NT,NTFES,0.180800002,7.49599978002e-05
B301188,No Name B301188,2025-05-15,2025-09-17,2025-05-30,Unknown,Undetermined,Sentinel,3480.05998654,214.684280001,NT,NTFES,1.96739485341,0.00291684974312
B301189,No Name B301189,2025-05-15,2025-09-17,2025-05-31,Unknown,Undetermined,Sentinel,1.33978897083,0.700031884101,NT,NTFES,0.00639999999987,1.11999979995e-06
B301190,No Name B301190,2025-05-15,2025-09-17,2025-05-31,Unknown,Undetermined,Sentinel,23.1916200435,6.69230756289,NT,NTFES,0.0613800835929,1.94365468198e-05
B301191,No Name B301191,2025-05-15,2025-09-17,2025-05-31,Unknown,Undetermined,Sentinel,69.6086858511,30.1051059741,NT,NTFES,0.275599951998,5.83600002002e-05
B301192,No Name B301192,2025-05-15,2025-09-17,2025-05-31,Unknown,Undetermined,Sentinel,58.6928052972,37.2049154912,NT,NTFES,0.340399991999,4.91600162002e-05
B301193,No Name B301193,2025-05-15,2025-09-17,2025-05-31,Unknown,Undetermined,Sentinel,3959.93194591,327.564109241,NT,NTFES,3.0003015861,0.00332067002928
B301194,No Name B301194,2025-05-15,2025-09-17,2025-05-31,Unknown,Undetermined,Sentinel,57425.74028,4446.46275657,NT,NTFES,40.602000468,0.047914959888
B301195,No Name B301195,2025-05-15,2025-09-17,2025-07-06,Unknown,Undetermined,MODIS,81044.0286053,2139.19285537,NT,Parks,19.6482862158,0.0683540700075
B301196,No Name B301196,2025-05-15,2025-09-17,2025-07-06,Unknown,Undetermined,Sentinel,7.39955345271,1.08823963363,NT,NTFES,0.00999999999988,6.24999999985e-06
B301197,No Name B301197,2025-05-15,2025-09-17,2025-07-06,Unknown,Undetermined,Sentinel,52.8678144641,12.4708978125,NT,NTFES,0.113896892319,4.39935582933e-05
B301198,No Name B301198,2025-06-01,2025-09-17,2025-06-02,Unknown,Undetermined,Sentinel,75.7481993817,7.97995714796,NT,NTFES,0.0731999959995,6.35199961999e-05
B301199,No Name B301199,2025-06-01,2025-09-17,2025-06-02,Unknown,Undetermined,Sentinel,259.667357832,28.3998740687,NT,NTFES,0.259709498274,0.0002172063372
B301200,No Name B301200,2025-06-01,2025-09-17,2025-06-02,Unknown,Undetermined,Sentinel,2578.97227567,165.275358607,NT,NTFES,1.50880005,0.0021527999858
B301201,No Name B301201,2025-06-01,2025-09-17,2025-06-04,Unknown,Undetermined,Sentinel,166.010186074,65.5993974555,NT,NTFES,0.600800014,0.0001391199884
B301202,No Name B301202,2025-06-01,2025-09-17,2025-06-06,Unknown,Undetermined,MODIS,109721.059555,1857.58533954,NT,NTFES,17.1560986569,0.0934178565106
B301203,No Name B301203,2025-06-01,2025-09-17,2025-06-09,Unknown,Undetermined,MODIS,7.33601887943,1.0836502236,NT,NTFES,0.0100000000001,6.25000000013e-06
B301204,No Name B301204,2025-06-01,2025-09-17,2025-06-09,Unknown,Undetermined,MODIS,7.33562178233,1.0836215442,NT,NTFES,0.0100000019999,6.25000249982e-06
B301205,No Name B301205,2025-06-01,2025-09-17,2025-06-09,Unknown,Undetermined,MODIS,14.671234762,1.61385405015,NT,NTFES,0.0149999979998,1.24999974997e-05
B301206,No Name B301206,2025-06-01,2025-09-17,2025-06-09,Unknown,Undetermined,MODIS,14.6710376127,1.61383967062,NT,NTFES,0.015,1.25e-05
B301207,No Name B301207,2025-06-01,2025-09-17,2025-06-09,Unknown,Undetermined,MODIS,14.6714377541,1.61386885194,NT,NTFES,0.0150000000002,1.25000000003e-05
B301208,No Name B301208,2025-06-01,2025-09-17,2025-06-09,Unknown,Undetermined,MODIS,22.0037591192,2.16709473344,NT,NTFES,0.0200000020002,1.87500050003e-05
B301209,No Name B301209,2025-06-01,2025-09-17,2025-06-09,Unknown,Undetermined,MODIS,29.3369682618,2.69717343364,NT,NTFES,0.0249999999999,2.5e-05
B301210,No Name B301210,2025-06-01,2025-09-17,2025-06-09,Unknown,Undetermined,MODIS,88.0406324447,4.88819003999,NT,NTFES,0.0450000019999,7.50000099998e-05
B301211,No Name B301211,2025-06-01,2025-09-17,2025-06-09,Unknown,Undetermined,MODIS,338.216884353,11.9113717662,NT,NTFES,0.109999998,0.000287500000002
B301212,No Name B301212,2025-06-01,2025-09-17,2025-06-09,Unknown,Undetermined,MODIS,138696.529337,4514.18551527,NT,NTFES,41.4290125668,0.116889118951
B301213,No Name B301213,2025-06-01,2025-09-17,2025-06-09,Unknown,Undetermined,Sentinel,5.50266820866,2.88661217377,NT,NTFES,0.0264000020002,4.59999840009e-06
B301214,No Name B301214,2025-06-01,2025-09-17,2025-06-09,Unknown,Undetermined,Sentinel,114.545387122,14.5342957697,NT,NTFES,0.132800006,9.57600044003e-05
B301215,No Name B301215,2025-06-01,2025-09-17,2025-06-09,Unknown,Undetermined,Sentinel,79.495832167,23.0216784557,NT,NTFES,0.210799999999,6.66399963997e-05
B301216,No Name B301216,2025-06-01,2025-09-17,2025-06-09,Unknown,Undetermined,Sentinel,1119.23830381,77.4133134759,NT,NTFES,0.70879997,0.0009381200122
B301217,No Name B301217,2025-06-01,2025-09-17,2025-06-09,Unknown,Undetermined,Sentinel,1529.76165658,189.975757742,NT,NTFES,1.73665297514,0.0012797476103
B301218,No Name B301218,2025-06-01,2025-09-17,2025-06-09,Unknown,Undetermined,Sentinel,4623.19432705,453.991408769,NT,Parks,4.146000024,0.0038559600354
B301219,No Name B301219,2025-06-01,2025-09-17,2025-06-12,Unknown,Undetermined,Sentinel,75.207144411,30.1310934413,NT,NTFES,0.27480004,6.25600045997e-05
B301220,No Name B301220,2025-06-01,2025-09-17,2025-06-12,Unknown,Undetermined,Sentinel,6886.28120151,834.176411842,NT,NTFES,7.61145170978,0.00573371047661
B301221,No Name B301221,2025-06-01,2025-09-17,2025-06-14,Unknown,Undetermined,MODIS,126346.536537,3454.87135737,NT,NTFES,31.6904894049,0.106248886393
B301222,No Name B301222,2025-06-01,2025-09-17,2025-06-15,Unknown,Undetermined,MODIS,548.834503384,11.4651254986,WA,BFNT,0.104999998,0.000462499987499
B301223,No Name B301223,2025-06-01,2025-09-17,2025-06-21,Unknown,Undetermined,MODIS,7.3458525535,1.08436046038,NT,NTFES,0.0100000019999,6.25000249982e-06
B301224,No Name B301224,2025-06-01,2025-09-17,2025-06-21,Unknown,Undetermined,MODIS,44.0725357227,3.23057080146,NT,NTFES,0.0300000000002,3.75000025005e-05
B301225,No Name B301225,2025-06-01,2025-09-17,2025-06-21,Unknown,Undetermined,MODIS,88.1244164536,4.31427335294,NT,NTFES,0.0400000000001,7.50000000001e-05
B301226,No Name B301226,2025-06-01,2025-09-17,2025-06-21,Unknown,Undetermined,MODIS,169.115080846,6.44360094881,NT,NTFES,0.0600000000001,0.0001437499975
B301227,No Name B301227,2025-06-01,2025-09-17,2025-06-21,Unknown,Undetermined,MODIS,220.435959722,9.78279795555,NT,NTFES,0.0900000000003,0.000187500005001
B301228,No Name B301228,2025-06-01,2025-09-17,2025-06-21,Unknown,Undetermined,MODIS,338.211716399,11.801855881,NT,NTFES,0.110000002,0.0002875000075
B301229,No Name B301229,2025-06-01,2025-09-17,2025-06-21,Unknown,Undetermined,MODIS,330.534436619,12.9444488467,NT,NTFES,0.120000002,0.000281250012501
B301230,No Name B301230,2025-06-01,2025-09-17,2025-06-21,Unknown,Undetermined,MODIS,793.277471427,16.2197859065,NT,NTFES,0.15,0.000675000012501
B301231,No Name B301231,2025-06-01,2025-09-17,2025-06-21,Unknown,Undetermined,MODIS,705.436719636,19.1237220166,NT,NTFES,0.174999996,0.000599999984999
B301232,No Name B301232,2025-06-01,2025-09-17,2025-06-21,Unknown,Undetermined,MODIS,1366.2689917,24.9846129538,NT,NTFES,0.229999998,0.0011625000025
B301233,No Name B301233,2025-06-01,2025-09-17,2025-06-21,Unknown,Undetermined,MODIS,1314.96421195,30.4299826155,NT,NTFES,0.279999996,0.0011187499975
B301234,No Name B301234,2025-06-01,2025-09-17,2025-06-21,Unknown,Undetermined,MODIS,1792.20500055,34.7656346208,NT,NTFES,0.32,0.001525
B301235,No Name B301235,2025-06-01,2025-09-17,2025-06-21,Unknown,Undetermined,MODIS,5229.43467611,71.9571438971,NT,NTFES,0.665000002,0.0044499999675
B301236,No Name B301236,2025-06-01,2025-09-17,2025-06-21,Unknown,Undetermined,MODIS,70765.658767,2592.4090409,NT,NTFES,23.7827913511,0.059634964029
B301237,No Name B301237,2025-06-01,2025-09-17,2025-06-30,Bushfire,Natural,MODIS,7.10893890309,1.06725907346,NT,NTFES,0.0100000000001,6.25000000013e-06
B301238,No Name B301238,2025-06-01,2025-09-17,2025-06-30,Bushfire,Natural,MODIS,14.2197835327,1.62102907954,NT,NTFES,0.0150000000001,1.25000000003e-05
B301239,No Name B301239,2025-06-01,2025-09-17,2025-06-30,Bushfire,Natural,MODIS,21.3315134633,2.1347423554,NT,NTFES,0.019999998,1.87499975001e-05
B301240,No Name B301240,2025-06-01,2025-09-17,2025-06-30,Bushfire,Natural,MODIS,14.2215608544,2.13478385109,NT,NTFES,0.02,1.25e-05
B301241,No Name B301241,2025-06-01,2025-09-17,2025-06-30,Bushfire,Natural,MODIS,35.5459653431,3.20183222774,NT,NTFES,0.0299999999999,3.12500000001e-05
B301242,No Name B301242,2025-06-01,2025-09-17,2025-06-30,Bushfire,Natural,MODIS,99.539627619,4.78296511922,NT,NTFES,0.0450000000001,8.75000000004e-05
B301243,No Name B301243,2025-06-01,2025-09-17,2025-06-30,Bushfire,Natural,MODIS,270.166736293,11.7003198301,NT,NTFES,0.110000002,0.000237499995
B301244,No Name B301244,2025-06-01,2025-09-17,2025-06-30,Bushfire,Natural,MODIS,2985.89188634,64.1892085135,NT,NTFES,0.604999999999,0.0026249999875
B301245,No Name B301245,2025-06-01,2025-09-17,2025-06-30,Unknown,Undetermined,MODIS,14195.8022539,737.078365068,NT,NTFES,6.799999924,0.012168749835
B301246,No Name B301246,2025-06-01,2025-09-17,2025-06-30,Unknown,Undetermined,MODIS,282.05047862,15.2575253492,WA,BFNT,0.139999992,0.000237499975
B301247,No Name B301247,2025-06-01,2025-09-17,2025-07-25,Unknown,Undetermined,MODIS,29.124198448,2.1593614421,NT,NTFES,0.019999998,2.4999995e-05
B301248,No Name B301248,2025-06-01,2025-09-17,2025-07-25,Unknown,Undetermined,MODIS,86007.632421,1843.94776586,NT,NTFES,17.15499997,0.07438749981
B301249,No Name B301249,2025-06-02,2025-09-17,2025-06-07,Unknown,Undetermined,Sentinel,6014.35606041,563.496766776,NT,NTFES,5.15450054774,0.00503619988198
B301250,No Name B301250,2025-06-02,2025-09-17,2025-06-17,Unknown,Undetermined,MODIS,4.99439043811,1.21713799649,NT,NTFES,0.011136638003,4.16438859035e-06
B301251,No Name B301251,2025-06-02,2025-09-17,2025-06-17,Unknown,Undetermined,Sentinel,604.437685179,114.022751386,NT,NTFES,1.03950332768,0.000502698812469
B301252,No Name B301252,2025-06-02,2025-09-17,2025-06-17,Unknown,Undetermined,Sentinel,62087.6337923,3996.422675,NT,Parks,36.4876635452,0.0517882178503
B301253,No Name B301253,2025-06-05,2025-09-17,2025-07-02,Unknown,Undetermined,MODIS,818.708269354,25.0707076619,Qld,BFNT,0.23,0.000693750000001
B301254,No Name B301254,2025-06-07,2025-09-17,2025-06-12,Unknown,Undetermined,Sentinel,10840.1258216,842.827148126,NT,Parks,7.71007655462,0.00907511333386
B301255,No Name B301255,2025-06-09,2025-09-17,2025-06-14,Prescribed burn,Undetermined,Sentinel,0.0478070095179,0.087465517434,NT,NTFES,0.000800004000098,4.00004000108e-08
B301256,No Name B301256,2025-06-09,2025-09-17,2025-06-14,Prescribed burn,Undetermined,Sentinel,4605.64987633,123.06235756,NT,NTFES,1.125999994,0.0038540399952
B301257,No Name B301257,2025-06-09,2025-09-17,2025-06-14,Unknown,Undetermined,Sentinel,25.9580311774,9.66668535111,NT,NTFES,0.0883999919997,2.17600002e-05
B301258,No Name B301258,2025-06-09,2025-09-17,2025-06-14,Unknown,Undetermined,Sentinel,7679.78224421,582.213757885,NT,NTFES,5.317999968,0.0064078399926
B301259,No Name B301259,2025-06-09,2025-09-17,2025-06-15,Unknown,Undetermined,MODIS,139.546724925,8.16575575316,Qld,BFNT,0.0750000060002,0.0001187500325
B301260,No Name B301260,2025-06-09,2025-09-17,2025-06-18,Unknown,Undetermined,MODIS,9493.62756657,68.6230871008,NT,NTFES,0.635000006,0.008112499925
B301261,No Name B301261,2025-06-09,2025-09-17,2025-06-18,Unknown,Undetermined,MODIS,57877.9487,1868.119041,NT,NTFES,17.1195029282,0.048716662983
B301262,No Name B301262,2025-06-12,2025-09-17,2025-06-17,Unknown,Undetermined,Sentinel,3336.63517859,190.711832178,NT,Parks,1.74661768766,0.00279553580942
B301263,No Name B301263,2025-06-14,2025-09-17,2025-06-19,Unknown,Undetermined,Sentinel,1.19619755002,0.611509457329,NT,NTFES,0.00559999999996,1.00000000003e-06
B301264,No Name B301264,2025-06-14,2025-09-17,2025-06-19,Unknown,Undetermined,Sentinel,26480.3838915,2216.94607778,NT,NTFES,20.24160024,0.0220739600318
B301265,No Name B301265,2025-06-14,2025-09-17,2025-06-24,Unknown,Undetermined,Sentinel,103.258551777,21.4293857982,NT,NTFES,0.196400006,8.65600064002e-05
B301266,No Name B301266,2025-06-14,2025-09-17,2025-06-24,Unknown,Undetermined,Sentinel,7390.92004895,685.381365872,NT,NTFES,6.261600052,0.006172120033
B301267,No Name B301267,2025-06-14,2025-09-17,2025-06-29,Unknown,Undetermined,Sentinel,568.467871021,60.2217345628,NT,NTFES,0.551600028002,0.000476600005
B301268,No Name B301268,2025-06-14,2025-09-17,2025-06-29,Unknown,Undetermined,Sentinel,25504.184951,1287.00519502,NT,NTFES,11.7518304513,0.0212828414706
B301269,No Name B301269,2025-06-14,2025-09-17,2025-06-30,Unknown,Undetermined,Sentinel,31.2936656311,3.36538684043,NT,NTFES,0.0308000039998,2.61600008e-05
B301270,No Name B301270,2025-06-14,2025-09-17,2025-06-30,Unknown,Undetermined,Sentinel,7995.31797419,711.284630411,NT,NTFES,6.49479998,0.0066729199428
B301271,No Name B301271,2025-06-17,2025-09-17,2025-06-22,Unknown,Undetermined,Sentinel,285.772750541,42.6716573556,NT,NTFES,0.38880001,0.000237680016001
B301272,No Name B301272,2025-06-17,2025-09-17,2025-06-22,Unknown,Undetermined,Sentinel,23737.3814439,1274.08932548,NT,Parks,11.6336181445,0.0197972880314
B301273,No Name B301273,2025-06-17,2025-09-17,2025-06-27,Unknown,Undetermined,Sentinel,501.347173663,55.0038173609,NT,NTFES,0.501199978,0.000416919998599
B301274,No Name B301274,2025-06-17,2025-09-17,2025-06-27,Unknown,Undetermined,Sentinel,26449.94884,1811.28025791,NT,Parks,16.5414457366,0.0220686441604
B301275,No Name B301275,2025-06-20,2025-09-17,2025-06-30,Unknown,Undetermined,MODIS,623.081488355,14.7343804232,WA,BFNT,0.134999998,0.000525000015001
B301276,No Name B301276,2025-06-21,2025-09-17,2025-06-26,Unknown,Undetermined,Sentinel,2.24035056648,0.855210972838,NT,NTFES,0.00798564059232,1.93427024516e-06
B301277,No Name B301277,2025-06-21,2025-09-17,2025-06-30,Unknown,Undetermined,MODIS,36.6706841011,2.72041990411,NT,NTFES,0.025,3.12499999998e-05
B301278,No Name B301278,2025-06-21,2025-09-17,2025-06-30,Unknown,Undetermined,MODIS,66.0084571293,3.75745130203,NT,NTFES,0.0350000000001,5.62500025e-05
B301279,No Name B301279,2025-06-21,2025-09-17,2025-06-30,Unknown,Undetermined,MODIS,80.6695716617,4.31059335027,NT,NTFES,0.0400000000001,6.87500025e-05
B301280,No Name B301280,2025-06-21,2025-09-17,2025-06-30,Unknown,Undetermined,MODIS,155386.313303,3696.80042493,NT,NTFES,33.9247920425,0.131343314161
B301281,No Name B301281,2025-06-21,2025-09-17,2025-06-30,Unknown,Undetermined,Sentinel,74.0012398884,6.52968651502,NT,NTFES,0.0599999959999,6.24999899996e-05
B301282,No Name B301282,2025-06-21,2025-09-17,2025-06-30,Unknown,Undetermined,Sentinel,107.343935645,17.9927214137,NT,NTFES,0.163857950643,8.9311679971e-05
B301283,No Name B301283,2025-06-27,2025-09-17,2025-06-30,Unknown,Undetermined,Sentinel,218.709014288,26.7354434223,NT,NTFES,0.244424106384,0.000182796157
B301284,No Name B301284,2025-06-27,2025-09-17,2025-06-30,Unknown,Undetermined,Sentinel,826.755444451,30.5470686537,NT,NTFES,0.278400002001,0.0006882000008
B301285,No Name B301285,2025-06-27,2025-09-17,2025-06-30,Unknown,Undetermined,Sentinel,118.709089856,44.6388232997,NT,NTFES,0.406800023997,9.87200063999e-05
B301286,No Name B301286,2025-06-27,2025-09-17,2025-06-30,Unknown,Undetermined,Sentinel,1580.91750016,174.514098308,NT,NTFES,1.59040004,0.001314520028
B301287,No Name B301287,2025-06-27,2025-09-17,2025-06-30,Unknown,Undetermined,Sentinel,38760.8473283,2188.48531896,NT,NTFES,19.9729259759,0.032305212548
B301288,No Name B301288,2025-06-27,2025-09-17,2025-06-30,Unknown,Undetermined,Sentinel,740.321941578,162.343912132,NT,Parks,1.48235867728,0.000617196863146
B301289,No Name B301289,2025-06-29,2025-09-17,2025-06-30,Unknown,Undetermined,Sentinel,82.1639680227,28.6736335336,NT,NTFES,0.262799975999,6.88799927996e-05
B301290,No Name B301290,2025-06-29,2025-09-17,2025-06-30,Unknown,Undetermined,Sentinel,1508.656379,88.5481905211,NT,NTFES,0.809999998001,0.0012651200086
B301291,No Name B301291,2025-07-01,2025-09-17,2025-07-02,Unknown,Undetermined,Sentinel,455.144871255,43.5476902547,NT,NTFES,0.397200003999,0.0003785600122
B301292,No Name B301292,2025-07-01,2025-09-17,2025-07-02,Unknown,Undetermined,Sentinel,6387.21079308,397.33722739,NT,NTFES,3.628000044,0.0053257199854
B301293,No Name B301293,2025-07-01,2025-09-17,2025-07-04,Unknown,Undetermined,Sentinel,20.50929362,6.06332894624,NT,NTFES,0.0554415518773,1.72007720206e-05
B301294,No Name B301294,2025-07-01,2025-09-17,2025-07-04,Unknown,Undetermined,Sentinel,5737.95213243,308.962469329,NT,NTFES,2.822399952,0.0047900800032
B301295,No Name B301295,2025-07-01,2025-09-17,2025-07-07,Unknown,Undetermined,Sentinel,736.75286768,61.4684983988,NT,NTFES,0.560400034001,0.000612799996
B301296,No Name B301296,2025-07-01,2025-09-17,2025-07-07,Unknown,Undetermined,Sentinel,16531.0014231,988.41967819,NT,Parks,9.02724858309,0.013790123024
B301297,No Name B301297,2025-07-01,2025-09-17,2025-07-10,Unknown,Undetermined,MODIS,7.33421701017,1.08352008753,NT,NTFES,0.00999999999988,6.24999999985e-06
B301298,No Name B301298,2025-07-01,2025-09-17,2025-07-10,Unknown,Undetermined,MODIS,14.6694358283,2.16711252822,NT,NTFES,0.0200000000002,1.25000000003e-05
B301299,No Name B301299,2025-07-01,2025-09-17,2025-07-10,Unknown,Undetermined,MODIS,14.6686373953,1.61366462749,NT,NTFES,0.015000002,1.25000025e-05
B301300,No Name B301300,2025-07-01,2025-09-17,2025-07-10,Unknown,Undetermined,MODIS,22.0046546594,2.16713792224,NT,NTFES,0.02,1.87500000001e-05
B301301,No Name B301301,2025-07-01,2025-09-17,2025-07-10,Unknown,Undetermined,MODIS,388.725743585,14.5696129848,NT,NTFES,0.135,0.000331250014999
B301302,No Name B301302,2025-07-01,2025-09-17,2025-07-10,Unknown,Undetermined,MODIS,2111.82993498,34.5990825619,NT,NTFES,0.319999998,0.0018
B301303,No Name B301303,2025-07-01,2025-09-17,2025-07-10,Unknown,Undetermined,MODIS,133328.729243,2829.79553224,NT,NTFES,26.024999994,0.112862499955
B301304,No Name B301304,2025-07-01,2025-09-17,2025-07-12,Unknown,Undetermined,Sentinel,21.2837076187,3.42479049347,NT,NTFES,0.0311999900002,1.76800005999e-05
B301305,No Name B301305,2025-07-01,2025-09-17,2025-07-12,Unknown,Undetermined,Sentinel,118.443957112,30.0365195131,NT,NTFES,0.273999985999,9.84800088004e-05
B301306,No Name B301306,2025-07-01,2025-09-17,2025-07-12,Unknown,Undetermined,Sentinel,7520.55715925,568.680336709,NT,NTFES,5.19410821858,0.0062790898696
B301307,No Name B301307,2025-07-01,2025-09-17,2025-07-14,Unknown,Undetermined,MODIS,16474.3097196,1300.00012203,NT,NTFES,11.9368235373,0.013862085015
B301308,No Name B301308,2025-07-01,2025-09-17,2025-07-16,Unknown,Undetermined,MODIS,108110.748822,2061.66258734,NT,NTFES,18.95000003,0.0913562498225
B301309,No Name B301309,2025-07-01,2025-09-17,2025-07-31,Unknown,Undetermined,Sentinel,111.050984718,13.1736208687,NT,NTFES,0.123999994,9.80799986e-05
B301310,No Name B301310,2025-07-04,2025-09-17,2025-07-09,Unknown,Undetermined,Sentinel,3467.88234518,300.340414415,NT,NTFES,2.74639998,0.0028997599984
B301311,No Name B301311,2025-07-06,2025-09-17,2025-07-11,Unknown,Undetermined,Sentinel,18.3896605364,2.37714597599,NT,NTFES,0.0220000000002,1.58399975999e-05
B301312,No Name B301312,2025-07-06,2025-09-17,2025-07-11,Unknown,Undetermined,Sentinel,122.726370981,16.4727601593,NT,NTFES,0.152799996001,0.000105719999201
B301313,No Name B301313,2025-07-06,2025-09-17,2025-07-16,Unknown,Undetermined,Sentinel,1.7148355441,1.09137762676,NT,Parks,0.0103999979999,1.51999939995e-06
B301314,No Name B301314,2025-07-06,2025-09-17,2025-07-21,Unknown,Undetermined,Sentinel,1.35386079789,1.9118149588,NT,Parks,0.0179999879998,1.19999859998e-06
B301315,No Name B301315,2025-07-09,2025-09-17,2025-07-14,Unknown,Undetermined,Sentinel,11.1660522881,6.14067996523,NT,NTFES,0.0559999839993,9.36000260004e-06
B301316,No Name B301316,2025-07-09,2025-09-17,2025-07-14,Unknown,Undetermined,Sentinel,7026.87603716,542.723920436,NT,NTFES,4.958400124,0.0058666400016
B301317,No Name B301317,2025-07-12,2025-09-17,2025-07-17,Unknown,Undetermined,Sentinel,63.5343392415,18.2022057834,NT,NTFES,0.16600001,5.28400034002e-05
B301318,No Name B301318,2025-07-12,2025-09-17,2025-07-17,Unknown,Undetermined,Sentinel,6806.44148921,468.678313776,NT,NTFES,4.28413592443,0.0056873313669
B301319,No Name B301319,2025-07-12,2025-09-17,2025-07-22,Unknown,Undetermined,Sentinel,92.4257208341,18.5592206235,NT,NTFES,0.16920002,7.68400052003e-05
B301320,No Name B301320,2025-07-12,2025-09-17,2025-07-22,Unknown,Undetermined,Sentinel,3866.8497906,236.198613023,NT,Parks,2.155999932,0.0032236800104
B301321,No Name B301321,2025-07-12,2025-09-17,2025-07-27,Unknown,Undetermined,Sentinel,10152.0903208,680.836449459,NT,NTFES,6.22428787502,0.00848020915631
B301322,No Name B301322,2025-07-12,2025-09-17,2025-07-31,Unknown,Undetermined,Sentinel,170.280203028,32.2959107604,NT,NTFES,0.294399996,0.0001416000132
B301323,No Name B301323,2025-07-12,2025-09-17,2025-07-31,Unknown,Undetermined,Sentinel,199.801165807,57.1650802487,NT,NTFES,0.521199991999,0.000166159986799
B301324,No Name B301324,2025-07-12,2025-09-17,2025-07-31,Unknown,Undetermined,Sentinel,2543.98922394,386.995055652,NT,NTFES,3.53075031825,0.00211675615523
B301325,No Name B301325,2025-07-12,2025-09-17,2025-07-31,Unknown,Undetermined,Sentinel,9407.79094684,600.433362494,NT,NTFES,5.48179191093,0.00785272082911
B301326,No Name B301326,2025-07-14,2025-09-17,2025-07-19,Unknown,Undetermined,Sentinel,1799.337149,128.988148229,NT,NTFES,1.17800001,0.0015028799866
B301327,No Name B301327,2025-07-14,2025-09-17,2025-07-24,Unknown,Undetermined,Sentinel,85.6604812774,17.759544203,NT,NTFES,0.162799998,7.18000002e-05
B301328,No Name B301328,2025-07-14,2025-09-17,2025-07-24,Unknown,Undetermined,Sentinel,6480.35180758,465.187911868,NT,NTFES,4.25225517936,0.00540626884777
B301329,No Name B301329,2025-07-14,2025-09-17,2025-07-31,Unknown,Undetermined,MODIS,511.819719492,11.4827633331,WA,BFNT,0.104999998,0.00043124999
B301330,No Name B301330,2025-07-15,2025-09-17,2025-07-21,Unknown,Undetermined,MODIS,56951.0900688,799.142064426,NT,NTFES,7.3616586856,0.0481645733612
B301331,No Name B301331,2025-07-16,2025-09-17,2025-07-21,Unknown,Undetermined,Sentinel,3.66703610692,2.08544281902,NT,NTFES,0.019199996,3.1599992e-06
B301332,No Name B301332,2025-07-21,2025-09-17,2025-08-01,Unknown,Undetermined,MODIS,13490.5496375,747.990417444,NT,NTFES,6.85449655322,0.0113058636829
B301333,No Name B301333,2025-07-21,2025-09-17,2025-08-01,Unknown,Undetermined,MODIS,258553.75839,2746.33184863,NT,NTFES,25.3147622993,0.220021548434
B301334,No Name B301334,2025-07-21,2025-09-17,2025-08-01,Unknown,Undetermined,Sentinel,22.2002940662,2.19487320284,NT,NTFES,0.0200000000001,1.87500000004e-05
B301335,No Name B301335,2025-07-23,2025-09-17,2025-07-31,Unknown,Undetermined,Sentinel,17.7764411217,4.55144200216,NT,NTFES,0.0429829655423,1.57198016855e-05
B301336,No Name B301336,2025-07-24,2025-09-17,2025-07-31,Unknown,Undetermined,Sentinel,66.5165538871,20.3204927948,NT,NTFES,0.185999996,5.57600007997e-05
B301337,No Name B301337,2025-07-24,2025-09-17,2025-07-31,Unknown,Undetermined,Sentinel,4531.70735391,379.201500444,NT,NTFES,3.460799958,0.0037757199758
B301338,No Name B301338,2025-08-01,2025-09-17,2025-08-01,Unknown,Undetermined,Sentinel,1378.25928991,55.607877906,NT,NTFES,0.507599984,0.0011482000134
B301339,No Name B301339,2025-08-01,2025-09-17,2025-08-03,Unknown,Undetermined,Sentinel,7775.39450349,393.606801841,NT,NTFES,3.594399998,0.0064789599826
B301340,No Name B301340,2025-08-01,2025-09-17,2025-08-04,Unknown,Undetermined,MODIS,17529.2304964,509.785821262,NT,NTFES,4.675000014,0.014756250075
B301341,No Name B301341,2025-08-01,2025-09-17,2025-08-04,Unknown,Undetermined,MODIS,58969.9783182,977.695757012,NT,NTFES,8.974999962,0.04972499996
B301342,No Name B301342,2025-08-01,2025-09-17,2025-08-04,Unknown,Undetermined,Sentinel,14.8010063358,1.64160477986,NT,NTFES,0.0149999979999,1.24999949997e-05
B301343,No Name B301343,2025-08-01,2025-09-17,2025-08-06,Unknown,Undetermined,Sentinel,19.109143594,3.92270149851,NT,NTFES,0.036000004,1.59999961999e-05
B301344,No Name B301344,2025-08-01,2025-09-17,2025-08-06,Unknown,Undetermined,Sentinel,204.025056574,21.0815919015,NT,NTFES,0.192399992,0.000169720000199
B301345,No Name B301345,2025-08-01,2025-09-17,2025-08-06,Unknown,Undetermined,Sentinel,18530.0264784,870.793281286,NT,NTFES,7.94966174668,0.0154480130941
B301346,No Name B301346,2025-08-01,2025-09-17,2025-08-10,Unknown,Undetermined,MODIS,125.994025038,10.6904648681,WA,BFNT,0.100000004,0.000112500002501
B301347,No Name B301347,2025-08-02,2025-09-17,2025-08-10,Unknown,Undetermined,MODIS,118.692995906,7.07389961467,WA,BFNT,0.065000002,0.0001000000075
B301348,No Name B301348,2025-08-04,2025-09-17,2025-08-10,Unknown,Undetermined,MODIS,108168.41782,1187.56829413,NT,NTFES,10.9026833476,0.0910547164186
42950,"Stuart Highway, ADELAIDE RIVER",2025-06-15,2025-09-17,2025-06-16,Bushfire,Accidental,Sentinel,1568.83366151,59.7350990398,NT,NTFES,0.545199996001,0.0013087200066
43040,"195 Livingstone road, LIVINGSTONE",2025-06-17,2025-09-17,2025-06-17,Bushfire,Undetermined,Sentinel,0.624735763327,0.350764060581,NT,NTFES,0.00320000000011,5.20000000046e-07
44339,20/07/2025 2:00:00 AM,2025-07-20,2025-09-17,2025-07-23,Bushfire,Undetermined,Sentinel,354.530342248,22.0968021933,NT,NTFES,0.201599992001,0.0002948000036
S111122,2025 APB Darwin Dam 30 April,2025-04-01,2025-09-17,2025-04-30,Prescribed burn,Incendiary,Sentinel,1527.63749642,179.499816629,NT,NTFES,1.638000004,0.0012724800054
14584,2025 APB Darwin Dam 30 April,2025-04-01,2025-09-17,2025-04-30,Prescribed burn,Incendiary,Sentinel,0.0480146237757,0.0876530934228,NT,NTFES,0.00080000000014,4.0000000013e-08
S111123,2025_RSB_VA_LIVINGSTONE,2025-05-18,2025-09-17,2025-05-18,Prescribed burn,Incendiary,Sentinel,0.240273472408,0.307318861454,NT,NTFES,0.00279999999975,2.00000199978e-07
S111124,2025_RSB_VA_LIVINGSTONE,2025-05-18,2025-09-17,2025-05-18,Prescribed burn,Incendiary,Sentinel,2.59491395351,1.62590355862,NT,NTFES,0.0147999979999,2.1599984e-06
13303,2025_RSB_VA_LIVINGSTONE,2025-05-18,2025-09-17,2025-05-18,Prescribed burn,Incendiary,Sentinel,4.90151382375,2.41591688124,NT,NTFES,0.021999994,4.07999979994e-06
14322,"4200 Cox Peninsula Road, COX PENINSULA",2025-04-01,2025-09-17,2025-04-30,Prescribed burn,Incendiary,Sentinel,7853.39957228,397.973681583,NT,NTFES,3.629200016,0.0065351200082
14322,"4200 Cox Peninsula Road, COX PENINSULA",2025-06-02,2025-09-17,2025-06-17,Prescribed burn,Incendiary,Sentinel,827.370975424,74.565928211,NT,NTFES,0.680000002001,0.000688520012
14322,"4200 Cox Peninsula Road, COX PENINSULA",2025-06-17,2025-09-17,2025-06-27,Prescribed burn,Incendiary,Sentinel,83.5278161091,6.46046872429,NT,NTFES,0.0587999919998,6.95199994e-05
14322,"4200 Cox Peninsula Road, COX PENINSULA",2025-06-27,2025-09-17,2025-06-30,Prescribed burn,Incendiary,Sentinel,125.052971988,14.0917206987,NT,NTFES,0.128400010001,0.0001040800044
14322,"4200 Cox Peninsula Road, COX PENINSULA",2025-06-27,2025-09-17,2025-06-30,Prescribed burn,Incendiary,Sentinel,109.053150656,16.7114664711,NT,NTFES,0.152399988,9.07599915998e-05
15015,612/613 Letchford Road BLACKMORE,2025-07-12,2025-09-17,2025-07-31,Prescribed burn,Incendiary,Sentinel,227.803256573,11.7612400607,NT,NTFES,0.107200015999,0.0001896399978
43144,"Adelaide River boat ramp, WAK WAK",2025-06-22,2025-09-17,2025-06-23,Bushfire,Incendiary,Sentinel,10.6715488818,2.18778529557,NT,NTFES,0.0199999979998,8.87999740009e-06
54137,Adelaide River_Planned Burn,2025-05-27,2025-09-17,2025-05-31,Prescribed burn,Incendiary,Sentinel,515.096686493,28.0810163378,NT,NTFES,0.256000009999,0.000429679994
S111125,"Amanbidji Access Road, Auvergne Station, GREGORY",2025-04-01,2025-09-17,2025-04-27,Unknown,Undetermined,MODIS,14.8071610537,1.64182273726,NT,NTFES,0.0149999999999,1.24999999997e-05
S111126,"Amanbidji Access Road, Auvergne Station, GREGORY",2025-04-01,2025-09-17,2025-04-27,Unknown,Undetermined,MODIS,51.8204977334,3.28355245835,NT,Parks,0.029999998,4.37499925001e-05
S111127,"Amanbidji Access Road, Auvergne Station, GREGORY",2025-04-01,2025-09-17,2025-04-27,Unknown,Undetermined,MODIS,59.2264732602,4.33597688539,NT,Parks,0.0400000000001,4.99999949997e-05
42204,"Amanbidji Access Road, Auvergne Station, GREGORY",2025-05-21,2025-09-17,2025-05-29,Bushfire,Accidental,MODIS,30249.1804288,521.942160674,NT,NTFES,4.804999954,0.025562500015
42204,"Amanbidji Access Road, Auvergne Station, GREGORY",2025-05-21,2025-09-17,2025-05-29,Bushfire,Accidental,MODIS,13364.6066397,238.325446988,NT,Parks,2.195000006,0.0112937500325
44468,"Anzac Parade, MIDDLE POINT",2025-07-24,2025-09-17,2025-07-26,Bushfire,Incendiary,Sentinel,5.67461473157,1.66592370245,NT,Parks,0.015200004,4.71999799988e-06
S111128,APB PBRA 50651 PINE CREEK AREA,2025-05-01,2025-09-17,2025-05-05,Prescribed burn,Incendiary,Sentinel,2017.54576635,106.213868097,NT,NTFES,0.972000022001,0.0016891200106
S111129,APB PBRA 50651 PINE CREEK AREA,2025-05-01,2025-09-17,2025-05-05,Unknown,Undetermined,Sentinel,512.064651029,52.7674061172,NT,NTFES,0.482799966001,0.000428239988001
S111130,APB PBRA 50651 PINE CREEK AREA,2025-05-01,2025-09-17,2025-05-05,Unknown,Undetermined,Sentinel,2644.71925116,273.376538321,NT,NTFES,2.500400074,0.0022113199812
S111131,APB PBRA 50651 PINE CREEK AREA,2025-05-01,2025-09-17,2025-05-10,Prescribed burn,Incendiary,Sentinel,7699.79859218,476.113672495,NT,NTFES,4.355600042,0.0064458800324
S111132,APB PBRA 50651 PINE CREEK AREA,2025-05-01,2025-09-17,2025-05-10,Unknown,Undetermined,Sentinel,21.6741147166,4.64762919789,NT,NTFES,0.0424000019999,1.81199968003e-05
S111133,APB PBRA 50651 PINE CREEK AREA,2025-05-01,2025-09-17,2025-05-10,Unknown,Undetermined,Sentinel,12486.0113867,857.925200933,NT,NTFES,7.84679984801,0.0104398000848
S111134,APB PBRA 50651 PINE CREEK AREA,2025-05-01,2025-09-17,2025-05-10,Unknown,Undetermined,Sentinel,19026.0999947,1123.60922354,NT,NTFES,10.278399962,0.0159164400084
S111135,APB PBRA 50651 PINE CREEK AREA,2025-05-01,2025-09-17,2025-05-15,Unknown,Undetermined,Sentinel,59.663569214,24.259567607,NT,NTFES,0.222000012,4.98800024001e-05
S111136,APB PBRA 50651 PINE CREEK AREA,2025-05-01,2025-09-17,2025-05-15,Unknown,Undetermined,Sentinel,143.543995384,27.7493751697,NT,NTFES,0.253600036,0.0001200000044
S111137,APB PBRA 50651 PINE CREEK AREA,2025-05-01,2025-09-17,2025-05-15,Unknown,Undetermined,Sentinel,3198.61918903,311.684646595,NT,NTFES,2.850799944,0.002674439987
S111138,APB PBRA 50651 PINE CREEK AREA,2025-05-01,2025-09-17,2525-05-15,Prescribed burn,Incendiary,Sentinel,53.6214190278,44.5037403264,NT,NTFES,0.407199992001,4.48800019999e-05
S111139,APB PBRA 50651 PINE CREEK AREA,2025-05-01,2025-09-17,2525-05-15,Unknown,Undetermined,Sentinel,536.100424437,384.623368226,NT,NTFES,3.51720005201,0.000448400036601
S111140,APB PBRA 50651 PINE CREEK AREA,2025-05-10,2025-09-17,2025-05-15,Prescribed burn,Incendiary,Sentinel,1748.061276,176.233970527,NT,NTFES,1.61239999,0.0014632800038
S111141,APB PBRA 50651 PINE CREEK AREA,2025-05-10,2025-09-17,2025-05-15,Unknown,Undetermined,Sentinel,2688.23128245,165.448952402,NT,NTFES,1.513200016,0.0022484400118
S111142,APB PBRA 50651 PINE CREEK AREA,2025-05-15,2025-09-17,2025-05-20,Unknown,Undetermined,Sentinel,11.0763657857,1.87428629044,NT,NTFES,0.0171999999999,9.2799974e-06
S111143,APB PBRA 50651 PINE CREEK AREA,2025-05-15,2025-09-17,2025-05-25,Prescribed burn,Incendiary,Sentinel,1602.26909135,102.97914225,NT,NTFES,0.941599935999,0.0013411199734
S111144,APB PBRA 50651 PINE CREEK AREA,2025-05-15,2025-09-17,2025-05-25,Unknown,Undetermined,Sentinel,140.242639605,23.5451749787,NT,NTFES,0.215199973999,0.000117240007
S111145,APB PBRA 50651 PINE CREEK AREA,2025-05-15,2025-09-17,2025-05-25,Unknown,Undetermined,Sentinel,4898.56628734,201.887270988,NT,NTFES,1.849199962,0.0041031600114
S111146,APB PBRA 50651 PINE CREEK AREA,2025-05-15,2025-09-17,2025-05-25,Unknown,Undetermined,Sentinel,5762.82562175,341.421841825,NT,NTFES,3.121599964,0.0048193200038
S111147,APB PBRA 50651 PINE CREEK AREA,2025-05-15,2025-09-17,2025-05-31,Prescribed burn,Incendiary,Sentinel,50.1228355208,11.0554006892,NT,NTFES,0.101200012001,4.19600014002e-05
S111148,APB PBRA 50651 PINE CREEK AREA,2025-05-15,2025-09-17,2025-05-31,Prescribed burn,Incendiary,Sentinel,18.8295485258,14.3409273695,NT,NTFES,0.131199988,1.57599996001e-05
S111149,APB PBRA 50651 PINE CREEK AREA,2025-05-15,2025-09-17,2025-05-31,Prescribed burn,Incendiary,Sentinel,507.05376988,29.9064776758,NT,NTFES,0.273599993999,0.000424439998599
S111150,APB PBRA 50651 PINE CREEK AREA,2025-05-15,2025-09-17,2025-05-31,Unknown,Undetermined,Sentinel,12.3448864675,3.58359438648,NT,NTFES,0.0328000039998,1.03199981998e-05
S111151,APB PBRA 50651 PINE CREEK AREA,2025-05-15,2025-09-17,2025-05-31,Unknown,Undetermined,Sentinel,21.6145558744,14.5231739331,NT,NTFES,0.132800012,1.80800002001e-05
S111152,APB PBRA 50651 PINE CREEK AREA,2025-05-15,2025-09-17,2025-05-31,Unknown,Undetermined,Sentinel,1675.53432527,103.956183562,NT,NTFES,0.950800044001,0.0014014400032
S111153,APB PBRA 50663 GUN POINT HOWARD RIVER,2025-06-02,2025-09-17,2025-06-17,Unknown,Undetermined,Sentinel,251.907748314,20.127971324,NT,NTFES,0.183600006,0.000209479994
14414,Arafura Swamp Rangers Aboriginal Corporation Management Area,2025-05-15,2025-09-17,2025-07-06,Prescribed burn,Undetermined,MODIS,3987.34625853,119.574833953,NT,Carbon Project,1.089999986,0.0033187500225
14414,Arafura Swamp Rangers Aboriginal Corporation Management Area,2025-06-01,2025-09-17,2025-06-14,Prescribed burn,Undetermined,MODIS,6293.35019421,224.93976198,NT,Carbon Project,2.050000008,0.00523749999249
14414,Arafura Swamp Rangers Aboriginal Corporation Management Area,2025-06-01,2025-09-17,2025-06-21,Prescribed burn,Undetermined,MODIS,2155.10509728,119.53312947,NT,Carbon Project,1.089999998,0.0017937499975
14414,Arafura Swamp Rangers Aboriginal Corporation Management Area,2025-06-01,2025-09-17,2025-06-30,Prescribed burn,Undetermined,MODIS,3358.50697111,244.858321493,NT,Carbon Project,2.234999984,0.00279374998
14414,Arafura Swamp Rangers Aboriginal Corporation Management Area,2025-06-21,2025-09-17,2025-06-30,Prescribed burn,Undetermined,MODIS,2974.50064926,109.649027663,NT,Carbon Project,1.000000018,0.0024750000975
14414,Arafura Swamp Rangers Aboriginal Corporation Management Area,2025-07-01,2025-09-17,2025-07-10,Prescribed burn,Undetermined,MODIS,4738.51150553,112.735292589,NT,Carbon Project,1.029999998,0.0039500000225
14414,Arafura Swamp Rangers Aboriginal Corporation Management Area,2025-07-01,2025-09-17,2025-07-14,Prescribed burn,Undetermined,MODIS,20555.9955247,1488.2027823,NT,Carbon Project,13.575000002,0.017100000025
14414,Arafura Swamp Rangers Aboriginal Corporation Management Area,2025-07-01,2025-09-17,2025-07-16,Prescribed burn,Undetermined,MODIS,99423.1157117,2438.94775471,NT,Carbon Project,22.264999976,0.0827749999725
14414,Arafura Swamp Rangers Aboriginal Corporation Management Area,2025-07-15,2025-09-17,2025-07-21,Prescribed burn,Undetermined,MODIS,3698.6125237,151.075633549,NT,Carbon Project,1.380000004,0.003081249995
14414,Arafura Swamp Rangers Aboriginal Corporation Management Area,2025-07-21,2025-09-17,2025-08-01,Prescribed burn,Incendiary,MODIS,263.42450626,13.7132208403,NT,Carbon Project,0.125000006,0.000218750004999
14414,Arafura Swamp Rangers Aboriginal Corporation Management Area,2025-07-21,2025-09-17,2025-08-01,Prescribed burn,Undetermined,MODIS,19984.7870768,834.724959028,NT,Carbon Project,7.620000012,0.01664375017
14414,Arafura Swamp Rangers Aboriginal Corporation Management Area,2025-07-21,2025-09-17,2025-08-01,Prescribed burn,Undetermined,MODIS,31498.4134129,2112.84064351,NT,Carbon Project,19.285000042,0.02621874997
14414,Arafura Swamp Rangers Aboriginal Corporation Management Area,2025-08-01,2025-09-17,2025-08-04,Prescribed burn,Undetermined,MODIS,75.26796003,7.13771758951,NT,Carbon Project,0.064999998,6.24999950002e-05
14414,Arafura Swamp Rangers Aboriginal Corporation Management Area,2025-08-01,2025-09-17,2025-08-04,Prescribed burn,Undetermined,MODIS,14189.7094665,506.31916827,NT,Carbon Project,4.619999982,0.0118124999
14414,Arafura Swamp Rangers Aboriginal Corporation Management Area,2025-08-01,2025-09-17,2025-08-04,Prescribed burn,Undetermined,MODIS,8942.11707448,820.797508255,NT,Carbon Project,7.490000006,0.00744374994
14414,Arafura Swamp Rangers Aboriginal Corporation Management Area,2025-08-04,2025-09-17,2025-08-10,Prescribed burn,Undetermined,MODIS,4679.58786484,137.996317604,NT,Carbon Project,1.26,0.0038937499625
S111154,Arnhem FMZ no Permit,2025-02-27,2025-09-17,2025-04-01,Prescribed burn,Undetermined,MODIS,97.1577065625,6.56157673903,NT,Carbon Project,0.0600000020002,8.12500025003e-05
S111155,Arnhem FMZ no Permit,2025-04-01,2025-09-17,2025-04-27,Prescribed burn,Undetermined,MODIS,1354.11779682,100.096470247,NT,Carbon Project,0.91500001,0.001131250025
S111156,Arnhem FMZ no Permit,2025-04-01,2025-09-17,2025-04-30,Prescribed burn,Undetermined,MODIS,1008.97495436,49.1409451265,NT,Carbon Project,0.450000002,0.000843749999998
S111157,Arnhem FMZ no Permit,2025-04-17,2025-09-17,2025-04-30,Prescribed burn,Undetermined,MODIS,1585.11352115,51.9238130722,NT,Carbon Project,0.474999998,0.001325
S111158,Arnhem FMZ no Permit,2025-05-01,2025-09-17,2025-05-10,Prescribed burn,Undetermined,MODIS,5121.83923026,214.232330297,NT,Carbon Project,1.96,0.004281250005
S111159,Arnhem FMZ no Permit,2025-05-01,2025-09-17,2025-05-14,Prescribed burn,Undetermined,MODIS,4890.45003466,219.261325409,NT,Carbon Project,2.005000004,0.0040875000425
S111160,Arnhem FMZ no Permit,2025-05-01,2025-09-17,2025-05-19,Prescribed burn,Undetermined,MODIS,4991.37033888,160.984459323,NT,Carbon Project,1.475,0.0041749999575
S111161,Arnhem FMZ no Permit,2025-05-07,2025-09-17,2025-06-01,Prescribed burn,Undetermined,MODIS,16403.3831024,607.190657489,NT,Carbon Project,5.555000008,0.0137124999675
S111162,Arnhem FMZ no Permit,2025-05-14,2025-09-17,2025-05-22,Prescribed burn,Undetermined,MODIS,20724.0811273,580.823004142,NT,Carbon Project,5.314999998,0.0173312499875
S111163,Arnhem FMZ no Permit,2025-05-15,2025-09-17,2025-07-06,Prescribed burn,Undetermined,MODIS,5539.44103464,357.548225432,NT,Carbon Project,3.270000004,0.0046250000225
S111164,Arnhem FMZ no Permit,2025-06-01,2025-09-17,2025-06-06,Prescribed burn,Undetermined,MODIS,10447.1864142,385.067418847,NT,Carbon Project,3.519999992,0.008725000055
S111165,Arnhem FMZ no Permit,2025-06-01,2025-09-17,2025-06-09,Prescribed burn,Undetermined,MODIS,41630.123014,1541.34624874,NT,Carbon Project,14.09499999,0.0347874999225
S111166,Arnhem FMZ no Permit,2025-06-01,2025-09-17,2025-06-14,Prescribed burn,Undetermined,MODIS,30831.0144693,1135.43312725,NT,Carbon Project,10.38500003,0.02576250007
S111167,Arnhem FMZ no Permit,2025-06-01,2025-09-17,2025-06-21,Prescribed burn,Undetermined,MODIS,26583.0453596,1318.46200194,NT,Carbon Project,12.049999972,0.0221999999925
S111168,Arnhem FMZ no Permit,2025-06-01,2025-09-17,2025-06-30,Prescribed burn,Undetermined,MODIS,1960.56667061,218.215057005,NT,Carbon Project,1.995000016,0.0016375000175
S111169,Arnhem FMZ no Permit,2025-06-09,2025-09-17,2025-06-18,Prescribed burn,Undetermined,MODIS,12154.3929922,655.793212069,NT,Carbon Project,5.994999998,0.0101562499975
S111170,Arnhem FMZ no Permit,2025-06-21,2025-09-17,2025-06-30,Prescribed burn,Undetermined,MODIS,50062.7743216,1744.77989475,NT,Carbon Project,15.95500002,0.0418249999225
S111171,Arnhem FMZ no Permit,2025-07-01,2025-09-17,2025-07-10,Prescribed burn,Undetermined,MODIS,3271.07215324,147.718036288,NT,Carbon Project,1.349999996,0.002731249985
S111172,Arnhem FMZ no Permit,2025-07-01,2025-09-17,2025-07-14,Prescribed burn,Undetermined,MODIS,1437.00752251,126.342567292,NT,Carbon Project,1.154999994,0.0011999999975
S111173,Arnhem FMZ no Permit,2025-07-01,2025-09-17,2025-07-16,Prescribed burn,Undetermined,MODIS,479.029037532,25.6997600884,NT,Carbon Project,0.235000002,0.000400000005001
S111174,Arnhem FMZ no Permit,2025-07-15,2025-09-17,2025-07-21,Prescribed burn,Undetermined,MODIS,418.368367484,18.0215469209,NT,Carbon Project,0.165000004,0.00035000002
S111175,Arnhem FMZ no Permit,2025-07-21,2025-09-17,2025-08-01,Prescribed burn,Undetermined,MODIS,194.248194375,20.1696352905,NT,Carbon Project,0.185000004,0.000162500002499
44643,Arnhem Highway POINT STUART,2025-08-01,2025-09-17,2025-08-04,Bushfire,Incendiary,Sentinel,15.1286090547,3.02820465678,NT,NTFES,0.0275999979999,1.25999994e-05
43894,"Arnhem Highway, LAMBELLS LAGOON",2025-07-08,2025-09-17,2025-07-10,Bushfire,Incendiary,Sentinel,0.38462405899,0.306590448226,NT,NTFES,0.00280000200007,3.20000599992e-07
44851,"Arnhem Highway, LAMBELLS LAGOON",2025-08-06,2025-09-17,2025-08-06,Bushfire,Incendiary,Sentinel,0.432716652012,0.394308687334,NT,NTFES,0.0036000020001,3.59999599984e-07
42949,"Arnhem Highway, LEANING TREE LAGOON",2025-06-15,2025-09-17,2025-06-15,Bushfire,Incendiary,Sentinel,15.6195072902,4.34530547561,NT,Parks,0.0395999919998,1.2999996e-05
42439,"Arnhem Highway, MARRAKAI",2025-05-30,2025-09-17,2025-05-31,Bushfire,Incendiary,Sentinel,31.1862171904,7.13879247031,NT,NTFES,0.0652000020001,2.59600014001e-05
42439,"Arnhem Highway, MARRAKAI",2025-05-30,2025-09-17,2025-05-31,Bushfire,Incendiary,Sentinel,195.01095354,18.2266123723,NT,Parks,0.166400011999,0.0001623199914
42700,"Arnhem Highway, MARRAKAI",2025-06-08,2025-09-17,2025-06-08,Unknown,Undetermined,Sentinel,2.01311043927,1.11974311254,NT,NTFES,0.0102628003976,1.67538879871e-06
43107,"Arnhem Highway, MARRAKAI",2025-06-21,2025-09-17,2025-06-21,Bushfire,Accidental,Sentinel,0.624663827459,0.396628882801,NT,NTFES,0.00360000000001,5.20000800014e-07
43107,"Arnhem Highway, MARRAKAI",2025-06-21,2025-09-17,2025-06-21,Bushfire,Accidental,Sentinel,2.45059871057,1.18580208429,NT,Parks,0.0107999980004,2.03999900003e-06
43236,"Arnhem Highway, MARRAKAI",2025-06-25,2025-09-17,2025-07-02,Bushfire,Undetermined,Sentinel,938.811269096,42.644640914,NT,NTFES,0.388800034,0.0007816400072
43236,"Arnhem Highway, MARRAKAI",2025-06-25,2025-09-17,2025-07-02,Bushfire,Undetermined,Sentinel,2746.49242134,66.9599278988,NT,NTFES,0.611200006,0.002286640013
44035,"Arnhem Highway, MARRAKAI",2025-07-11,2025-09-17,2025-07-18,Bushfire,Incendiary,Sentinel,0.192177520788,0.263862837486,NT,NTFES,0.00240000000019,1.59999600047e-07
44035,"Arnhem Highway, MARRAKAI",2025-07-11,2025-09-17,2025-07-18,Bushfire,Incendiary,Sentinel,269.207331998,10.7054496066,NT,NTFES,0.0975999959999,0.0002241199944
44035,"Arnhem Highway, MARRAKAI",2025-07-11,2025-09-17,2025-07-18,Bushfire,Incendiary,Sentinel,420.404856654,18.638562461,NT,NTFES,0.169999992,0.0003500000016
44035,"Arnhem Highway, MARRAKAI",2025-07-11,2025-09-17,2025-07-18,Bushfire,Incendiary,Sentinel,1017.08008067,43.878176244,NT,NTFES,0.400399996,0.0008467600142
44435,"Arnhem Highway, MARRAKAI",2025-07-23,2025-09-17,2025-07-22,Bushfire,Undetermined,Sentinel,205.861718953,15.1732810126,NT,NTFES,0.138399995999,0.000171400006
44435,"Arnhem Highway, MARRAKAI",2025-07-23,2025-09-17,2025-07-24,Bushfire,Undetermined,Sentinel,771.89818643,49.1186595249,NT,NTFES,0.448399977999,0.0006427200016
43049,"Arnhem Highway, MOUNT BUNDEY",2025-06-17,2025-09-17,2025-06-17,Bushfire,Undetermined,Sentinel,717.292504829,27.8523992206,NT,NTFES,0.253999986001,0.0005973599954
44036,"Arnhem highway, POINT STUART",2025-07-11,2025-09-17,2025-07-15,Bushfire,Undetermined,Sentinel,0.81674194657,1.27176436278,NT,NTFES,0.0115999979997,6.7999919994e-07
44036,"Arnhem highway, POINT STUART",2025-07-11,2025-09-17,2025-07-15,Bushfire,Undetermined,Sentinel,1221.47356031,35.849455259,NT,NTFES,0.327199965999,0.0010169999998
44036,"Arnhem highway, POINT STUART",2025-07-11,2025-09-17,2025-07-15,Bushfire,Undetermined,Sentinel,3082.31791679,70.342971805,NT,NTFES,0.641999986001,0.002566200006
43421,"Arnhem Highway, South of Cain Road Subdivision, LAMBELLS LAGOON",2025-07-01,2025-09-17,2025-07-02,Bushfire,Natural,Sentinel,314.421663128,22.5152156338,NT,NTFES,0.205200005999,0.0002616000042
43421,"Arnhem Highway, South of Cain Road Subdivision, LAMBELLS LAGOON",2025-07-01,2025-09-17,2025-07-02,Bushfire,Natural,Sentinel,475.701018164,32.7236058601,NT,NTFES,0.298400008,0.0003958000126
44520,"Arnhem Highway, WAK WAK",2025-07-26,2025-09-17,2025-07-31,Bushfire,Undetermined,Sentinel,0.480672557004,0.658155753456,NT,NTFES,0.00600000399982,4.00000599961e-07
44520,"Arnhem Highway, WAK WAK",2025-07-26,2025-09-17,2025-07-31,Bushfire,Undetermined,Sentinel,206.784197407,16.9736616141,NT,NTFES,0.15479999,0.0001720800022
42050,"Banyan Road, EVA VALLEY",2025-05-18,2025-09-17,2025-05-18,Unknown,Undetermined,Sentinel,8.01344649949,2.49426581334,NT,NTFES,0.0228000019999,6.67999999989e-06
43327,"Banyan Road, EVA VALLEY",2025-06-29,2025-09-17,2025-07-02,Unknown,Undetermined,Sentinel,5.47005075584,1.31348569178,NT,NTFES,0.012000002,4.56000060005e-06
41340,"Barkly Highway, WARUMUNGU",2025-01-10,2025-09-17,2025-01-27,Bushfire,Natural,Sentinel,55.3054736514,8.17940978459,NT,NTFES,0.0759999779999,4.75999987998e-05
41340,"Barkly Highway, WARUMUNGU",2025-01-10,2025-09-17,2025-01-27,Bushfire,Natural,Sentinel,18126.0736263,268.331801957,NT,NTFES,2.492799992,0.015597519998
41340,"Barkly Highway, WARUMUNGU",2025-01-10,2025-09-17,2025-01-31,Bushfire,Natural,MODIS,144.701968646,10.1566181329,NT,NTFES,0.0945893404337,0.000124478793896
41340,"Barkly Highway, WARUMUNGU",2025-01-10,2025-09-17,2025-02-01,Bushfire,Natural,Sentinel,6231.4891057,216.570335685,NT,NTFES,2.01049147618,0.00536184518878
43519,"Barkly Highway, WARUMUNGU",2025-07-02,2025-09-17,2025-07-03,Bushfire,Undetermined,MODIS,72.7144040033,5.97635420185,NT,NTFES,0.0549999999999,6.24999900003e-05
44193,"Barkly Highway, WARUMUNGU",2025-07-15,2025-09-17,2025-07-24,Bushfire,Accidental,MODIS,1261.63901289,26.2953935756,NT,NTFES,0.245339936885,0.00108566164817
44193,"Barkly Highway, WARUMUNGU",2025-07-15,2025-09-17,2025-07-24,Bushfire,Accidental,Sentinel,588.488917418,41.5238897054,NT,NTFES,0.385999998001,0.0005063999964
44193,"Barkly Highway, WARUMUNGU",2025-07-15,2025-09-17,2025-07-24,Bushfire,Accidental,Sentinel,1305.45581217,75.6741889065,NT,NTFES,0.702813196294,0.00112346638264
44193,"Barkly Highway, WARUMUNGU",2025-07-15,2025-09-17,2025-07-24,Bushfire,Undetermined,MODIS,188.887719971,8.07463367465,NT,NTFES,0.075000002,0.000162500005001
44193,"Barkly Highway, WARUMUNGU",2025-07-15,2025-09-17,2025-07-24,Bushfire,Undetermined,MODIS,3406.5804415,89.9202086711,NT,NTFES,0.834999994,0.0029312500275
44193,"Barkly Highway, WARUMUNGU",2025-07-15,2025-09-17,2025-07-24,Bushfire,Undetermined,MODIS,5857.74592776,120.089977446,NT,NTFES,1.115000002,0.005037500015
44193,"Barkly Highway, WARUMUNGU",2025-07-15,2025-09-17,2025-07-24,Bushfire,Undetermined,MODIS,9829.6410282,128.48690309,NT,NTFES,1.19,0.0084562500125
44193,"Barkly Highway, WARUMUNGU",2025-07-15,2025-09-17,2025-07-24,Bushfire,Undetermined,Sentinel,48.2534556316,5.41466235011,NT,NTFES,0.0504000020001,4.15199943998e-05
44193,"Barkly Highway, WARUMUNGU",2025-07-15,2025-09-17,2025-07-24,Bushfire,Undetermined,Sentinel,104.731336439,6.32613472163,NT,NTFES,0.0587999960001,9.01199992002e-05
42415,Barramundi Drive DUNDEE DOWNS,2025-06-02,2025-09-17,2025-06-04,Bushfire,Undetermined,Sentinel,565.652520421,27.2182386896,NT,NTFES,0.248399986,0.0004708400068
42415,"Barramundi Drive, DUNDEE DOWNS",2025-05-29,2025-09-17,2025-06-03,Bushfire,Undetermined,Sentinel,1.34571769821,0.963841703412,NT,NTFES,0.00879999400001,1.11999760001e-06
42415,"Barramundi Drive, DUNDEE DOWNS",2025-05-29,2025-09-17,2025-06-03,Bushfire,Undetermined,Sentinel,2668.3060399,151.983548172,NT,NTFES,1.386800048,0.0022207999768
42320,"Batchelor Rd, COOMALIE CREEK",2025-05-26,2025-09-17,2025-06-12,Bushfire,Undetermined,Sentinel,143.965457159,15.5963299115,NT,NTFES,0.1424,0.000119959998
S111176,"Beasley Road, VIRGINA",2025-06-27,2025-09-17,2025-06-30,Bushfire,Undetermined,Sentinel,6.58857034026,1.57823207925,NT,NTFES,0.0144000020001,5.47999899994e-06
760,"Behind Usher Road and Hall Road, Cossack, Katherine",2025-06-29,2025-09-17,2025-06-30,Unknown,Undetermined,Sentinel,46.7127860584,5.0500613307,NT,NTFES,0.0461742923485,3.91552486079e-05
43966,"Belyuen Community, BELYUEN",2025-07-10,2025-09-17,2025-07-10,Bushfire,Accidental,Sentinel,0.144277959886,0.175447037768,NT,NTFES,0.00159999599998,1.19999600001e-07
44222,"Bevan Road, RUM JUNGLE",2025-07-17,2025-09-17,2025-07-18,Bushfire,Undetermined,Sentinel,80.7445033888,8.00957606722,NT,NTFES,0.0731999859997,6.72800016002e-05
S111177,Bickerton Island,2025-08-01,2025-09-17,2025-08-04,Prescribed burn,Undetermined,MODIS,972.148738119,24.1160168005,NT,Carbon Project,0.219999996,0.000812500035001
43621,"Binjari Access road, BINJARI",2025-07-03,2025-09-17,2025-07-03,Bushfire,Undetermined,Sentinel,0.477001222142,0.349475538053,NT,NTFES,0.00319999999999,4.00000599963e-07
41849,"Binjari Community, KATHERINE RIVER",2025-05-05,2025-09-17,2025-05-10,Bushfire,Undetermined,Sentinel,16.1696983757,2.49513411337,NT,NTFES,0.022800004,1.3559999e-05
41849,"Binjari Community, KATHERINE RIVER",2025-05-05,2025-09-17,2025-05-30,Bushfire,Undetermined,Sentinel,4.62665192127,2.05483830929,NT,NTFES,0.0188000000001,3.87999959995e-06
41849,"Binjari Community, KATHERINE RIVER",2025-05-05,2025-09-17,2525-05-15,Bushfire,Undetermined,Sentinel,0.858563976427,1.35591228012,NT,NTFES,0.0124000019999,7.20000199977e-07
41849,"Binjari Community, KATHERINE RIVER",2025-05-05,2025-09-17,2525-05-15,Bushfire,Undetermined,Sentinel,149.48923235,8.06950480455,NT,NTFES,0.0740000079995,0.00012536
S111178,Black Jungle / Lambells Lagoon Conservation Reserve,2025-05-08,2025-09-17,2025-05-31,Unknown,Undetermined,Sentinel,19.1876182243,3.81623511342,NT,Parks,0.03480001,1.59600013999e-05
S111179,Black Jungle / Lambells Lagoon Conservation Reserve,2025-05-08,2025-09-17,2025-05-31,Unknown,Undetermined,Sentinel,19.139245811,7.53921639135,NT,Parks,0.0688000040005,1.59199998e-05
S111180,Black Jungle / Lambells Lagoon Conservation Reserve,2025-06-17,2025-09-17,2025-06-22,Unknown,Undetermined,Sentinel,44.9188204311,12.1836712261,NT,Parks,0.111199998,3.73599944e-05
S111181,Black Jungle / Lambells Lagoon Conservation Reserve,2025-06-17,2025-09-17,2025-06-22,Unknown,Undetermined,Sentinel,34.0975180186,14.4627863483,NT,Parks,0.131599967998,2.83599715988e-05
S111182,Black Jungle / Lambells Lagoon Conservation Reserve,2025-07-12,2025-09-17,2025-07-31,Unknown,Undetermined,Sentinel,3.41445594933,1.40822941862,NT,Parks,0.0128000040002,2.83999979995e-06
S111183,Blackmore River Conservation Reserve,2025-06-17,2025-09-17,2025-06-27,Unknown,Undetermined,Sentinel,338.603788787,23.3799803812,NT,Parks,0.212799994001,0.000281840002799
S111184,Blackmore River Conservation Reserve,2025-07-12,2025-09-17,2025-07-31,Unknown,Undetermined,Sentinel,0.0480571370058,0.0876915033435,NT,Parks,0.000799999999913,3.99999999913e-08
13616,Bonrook Claravale Jindare Pine Creek,2025-04-01,2025-09-17,2025-04-25,Prescribed burn,Incendiary,Sentinel,6375.54827174,534.165926692,NT,NTFES,4.886800054,0.0053365200068
13616,Bonrook Claravale Jindare Pine Creek,2025-04-01,2025-09-17,2025-04-30,Prescribed burn,Incendiary,Sentinel,21.1594506845,15.2599260707,NT,NTFES,0.13960003,1.77200001999e-05
13616,Bonrook Claravale Jindare Pine Creek,2025-04-01,2025-09-17,2025-04-30,Prescribed burn,Incendiary,Sentinel,661.246281225,76.4763311715,NT,NTFES,0.699599949999,0.000553439996
13616,Bonrook Claravale Jindare Pine Creek,2025-04-25,2025-09-17,2025-04-30,Prescribed burn,Incendiary,Sentinel,211.86753112,30.3824833236,NT,NTFES,0.278400023999,0.0001774000114
13616,Bonrook Claravale Jindare Pine Creek,2025-06-09,2025-09-17,2025-06-14,Prescribed burn,Incendiary,Sentinel,12273.8434542,196.135066739,NT,NTFES,1.795599968,0.0102815999778
13616,Bonrook Claravale Jindare Pine Creek,2025-06-14,2025-09-17,2025-06-19,Prescribed burn,Incendiary,Sentinel,1648.65951659,115.066219756,NT,NTFES,1.053599992,0.0013812400018
13616,Bonrook Claravale Jindare Pine Creek,2025-06-14,2025-09-17,2025-06-24,Prescribed burn,Incendiary,Sentinel,21.8244856897,5.7706855876,NT,NTFES,0.0528000000003,1.82800004002e-05
13616,Bonrook Claravale Jindare Pine Creek,2025-06-14,2025-09-17,2025-06-29,Prescribed burn,Incendiary,Sentinel,136.245402398,31.1150201622,NT,NTFES,0.284800020001,0.0001141600006
43389,"Boundary Road, DARWIN RIVER",2025-06-30,2025-09-17,2025-07-06,Bushfire,Incendiary,Sentinel,896.178478628,39.6678066357,NT,NTFES,0.361599998001,0.0007464000172
43389,"Boundary Road, DARWIN RIVER",2025-06-30,2025-09-17,2025-07-06,Bushfire,Incendiary,Sentinel,3025.87593999,54.1455353064,NT,NTFES,0.493599991998,0.0025202799952
S111185,"Boundary Road, DARWIN RIVER",2025-07-01,2025-09-17,2025-07-12,Unknown,Undetermined,Sentinel,125.229695652,11.772309179,NT,NTFES,0.107600016,0.0001043200038
41836,"Bradshaw Field Training Area, VICTORIA RIVER",2025-05-02,2025-09-17,2025-02-01,Prescribed burn,Incendiary,MODIS,1665.61560299,77.3386776196,NT,NTFES,0.710000003999,0.00139999998
41836,"Bradshaw Field Training Area, VICTORIA RIVER",2025-05-02,2025-09-17,2025-03-01,Prescribed burn,Incendiary,MODIS,39004.8734939,1403.77565609,NT,NTFES,12.88000007,0.03281875019
41836,"Bradshaw Field Training Area, VICTORIA RIVER",2025-05-02,2025-09-17,2025-03-16,Prescribed burn,Incendiary,MODIS,556.974323906,13.0820900551,NT,NTFES,0.12,0.000468750002501
41836,"Bradshaw Field Training Area, VICTORIA RIVER",2025-05-02,2025-09-17,2025-03-31,Prescribed burn,Incendiary,MODIS,1663.64678391,73.6132153178,NT,NTFES,0.675000006,0.0014
41836,"Bradshaw Field Training Area, VICTORIA RIVER",2025-05-02,2025-09-17,2025-04-01,Prescribed burn,Incendiary,MODIS,617.140306575,25.0893887427,NT,NTFES,0.229999994,0.000518749979999
41836,"Bradshaw Field Training Area, VICTORIA RIVER",2025-05-02,2025-09-17,2025-04-27,Prescribed burn,Incendiary,MODIS,52013.6850832,1249.20044394,NT,NTFES,11.444999998,0.0437062501325
41836,"Bradshaw Field Training Area, VICTORIA RIVER",2025-05-02,2025-09-17,2025-04-30,Prescribed burn,Incendiary,MODIS,12793.44162,679.500391024,NT,NTFES,6.234999946,0.01076250001
41836,"Bradshaw Field Training Area, VICTORIA RIVER",2025-05-02,2025-09-17,2025-04-30,Prescribed burn,Incendiary,MODIS,21054.152637,826.182849384,NT,NTFES,7.57999995,0.0177124997725
41836,"Bradshaw Field Training Area, VICTORIA RIVER",2025-05-02,2025-09-17,2025-04-30,Prescribed burn,Incendiary,MODIS,56094.3044481,1296.14718777,NT,NTFES,11.890000014,0.0471687499275
41836,"Bradshaw Field Training Area, VICTORIA RIVER",2025-05-02,2025-09-17,2025-05-10,Prescribed burn,Incendiary,MODIS,37.201482906,3.7961981059,NT,NTFES,0.0349999979999,3.12499974998e-05
41836,"Bradshaw Field Training Area, VICTORIA RIVER",2025-05-02,2025-09-17,2025-05-10,Prescribed burn,Incendiary,MODIS,49325.3886288,1270.09232352,NT,NTFES,11.654999998,0.04146875014
41836,"Bradshaw Field Training Area, VICTORIA RIVER",2025-05-02,2025-09-17,2025-05-14,Prescribed burn,Incendiary,MODIS,89.1753557608,6.52953872924,NT,NTFES,0.060000002,7.50000025001e-05
41836,"Bradshaw Field Training Area, VICTORIA RIVER",2025-05-02,2025-09-17,2025-05-14,Prescribed burn,Incendiary,MODIS,57175.8872161,1524.97516689,NT,NTFES,13.98999997,0.04808749994
41836,"Bradshaw Field Training Area, VICTORIA RIVER",2025-05-02,2025-09-17,2025-05-19,Prescribed burn,Incendiary,MODIS,7.44162830195,1.09127972876,NT,NTFES,0.0100000000001,6.25000000013e-06
41836,"Bradshaw Field Training Area, VICTORIA RIVER",2025-05-02,2025-09-17,2025-05-19,Prescribed burn,Incendiary,MODIS,20687.9814324,1106.35133375,NT,NTFES,10.150000016,0.017400000225
41836,"Bradshaw Field Training Area, VICTORIA RIVER",2025-05-02,2025-09-17,2025-05-22,Prescribed burn,Incendiary,MODIS,1182.87052268,48.9899634175,NT,NTFES,0.449999991999,0.000993750012499
41836,"Bradshaw Field Training Area, VICTORIA RIVER",2025-05-02,2025-09-17,2025-06-01,Prescribed burn,Incendiary,MODIS,54208.108248,1441.8069179,NT,NTFES,13.219999978,0.0455937500425
41836,"Bradshaw Field Training Area, VICTORIA RIVER",2025-05-02,2025-09-17,2025-06-06,Prescribed burn,Incendiary,MODIS,156.253632676,15.8300948151,NT,NTFES,0.145000002,0.00013125
41836,"Bradshaw Field Training Area, VICTORIA RIVER",2025-05-02,2025-09-17,2025-06-09,Prescribed burn,Incendiary,MODIS,1137.74476559,64.9800553334,NT,NTFES,0.595000002,0.000956250025
41836,"Bradshaw Field Training Area, VICTORIA RIVER",2025-05-02,2025-09-17,2025-06-21,Prescribed burn,Incendiary,MODIS,661.647037726,14.1796410502,NT,NTFES,0.129999998,0.000556249994999
41836,"Bradshaw Field Training Area, VICTORIA RIVER",2025-05-02,2025-09-17,2025-06-30,Prescribed burn,Incendiary,MODIS,2996.07314496,82.3035253226,NT,NTFES,0.754999994,0.002518749975
41836,"Bradshaw Field Training Area, VICTORIA RIVER",2025-05-02,2025-09-17,2025-07-06,Prescribed burn,Incendiary,MODIS,3760.35209252,68.8165565461,NT,NTFES,0.629999985999,0.0031624999425
41836,"Bradshaw Field Training Area, VICTORIA RIVER",2025-05-02,2025-09-17,2025-07-10,Prescribed burn,Incendiary,MODIS,1381.9622761,34.4371714171,NT,NTFES,0.314999998,0.001162500035
41836,"Bradshaw Field Training Area, VICTORIA RIVER",2025-05-02,2025-09-17,2025-07-16,Prescribed burn,Incendiary,MODIS,542.326666389,19.5944929595,NT,NTFES,0.180000002,0.000456250007499
41836,"Bradshaw Field Training Area, VICTORIA RIVER",2025-05-02,2025-09-17,2025-07-21,Prescribed burn,Incendiary,MODIS,719.712240799,23.4538752526,NT,NTFES,0.215000002,0.000606249965
41836,"Bradshaw Field Training Area, VICTORIA RIVER",2025-05-02,2025-09-17,2025-08-01,Prescribed burn,Incendiary,MODIS,311.582928756,9.8065969804,NT,NTFES,0.0899999980001,0.00026249999
S111186,"Bradshaw Field Training Area, VICTORIA RIVER",2025-08-04,2025-09-17,2025-08-10,Unknown,Undetermined,MODIS,37609.7844829,249.561044511,NT,NTFES,2.289999978,0.031618749985
44582,"Brewer Road, HUGH",2025-07-30,2025-09-17,2025-07-31,Bushfire,Undetermined,Sentinel,19.2212150922,6.60312240292,NT,NTFES,0.0620000100001,1.70400002002e-05
41435,"Broadmere, MCARTHUR",2025-01-21,2025-09-17,2025-01-20,Bushfire,Undetermined,MODIS,1383.22081425,26.7033909827,NT,NTFES,0.244999998,0.00116874999
41435,"Broadmere, MCARTHUR",2025-01-21,2025-09-17,2025-02-01,Bushfire,Undetermined,MODIS,15291.5419094,160.261760401,NT,NTFES,1.46999999,0.012925000105
44063,Brougham road FLY CREEK,2025-07-12,2025-09-17,2025-07-12,Bushfire,Incendiary,Sentinel,2.12011958234,1.09452448915,NT,NTFES,0.0100021298912,1.76495173028e-06
44497,"Brougham Road, FLY CREEK",2025-07-25,2025-09-17,2025-07-26,Bushfire,Undetermined,Sentinel,114.782644048,9.29614069087,NT,NTFES,0.0849016538912,9.55550420696e-05
41892,"Bubble Bubble Access Road, BAINES",2025-05-06,2025-09-17,2025-05-29,Bushfire,Accidental,MODIS,16077.1634091,152.615440739,NT,NTFES,1.404999996,0.013562500025
41892,"Bubble Bubble Access Road, BAINES",2025-05-06,2025-09-17,2025-05-29,Bushfire,Accidental,MODIS,6511.77007839,174.110473716,NT,NTFES,1.600000006,0.005493749975
41892,"Bubble Bubble Access Road, BAINES",2025-05-06,2025-09-17,2025-05-29,Bushfire,Accidental,MODIS,20906.9055315,237.077181657,NT,NTFES,2.180000004,0.017631250045
41892,"Bubble Bubble Access Road, BAINES",2025-05-06,2025-09-17,2025-05-29,Bushfire,Accidental,MODIS,17514.3866191,291.288148261,NT,NTFES,2.68,0.014781249985
41892,"Bubble Bubble Access Road, BAINES",2025-05-06,2025-09-17,2025-05-29,Bushfire,Accidental,MODIS,20691.7492979,360.546635546,NT,NTFES,3.315000008,0.0174624999825
41437,"Buchanan Highway, BIRDUM",2025-01-21,2025-09-17,2025-01-20,Bushfire,Natural,MODIS,5141.06197265,41.3489778949,NT,NTFES,0.380000006,0.004356249965
41437,"Buchanan Highway, BIRDUM",2025-01-21,2025-09-17,2025-02-01,Bushfire,Natural,MODIS,1254.31972339,34.1416050211,NT,NTFES,0.314999998,0.00106250001
S111187,Buffalo Creek Management Area,2025-06-01,2025-09-17,2025-06-12,Unknown,Undetermined,Sentinel,0.144380832066,0.263263747788,NT,Parks,0.00240000000008,1.20000000007e-07
S111188,Buffalo Creek Management Area,2025-06-02,2025-09-17,2025-06-17,Unknown,Undetermined,Sentinel,24.593402478,3.12164565013,NT,Parks,0.0283999939999,2.04400004e-05
43907,"Buntine Highway, DAGURAGU",2025-07-08,2025-09-17,2025-07-25,Bushfire,Incendiary,MODIS,323.395859554,16.7790145069,NT,NTFES,0.155000004,0.0002749999975
44410,"Buntine Highway, STUART PLATEAU",2025-07-21,2025-09-17,2025-07-24,Bushfire,Undetermined,MODIS,3342.67034775,55.2023071948,NT,NTFES,0.504999988,0.0028187498875
44410,"Buntine Highway, STUART PLATEAU",2025-07-21,2025-09-17,2025-07-24,Bushfire,Undetermined,MODIS,73274.014599,542.540373991,NT,NTFES,4.97500005,0.0617812499925
44410,"Buntine Highway, STUART PLATEAU",2025-07-21,2025-09-17,2025-07-24,Bushfire,Undetermined,Sentinel,0.625036018788,0.613193335739,NT,NTFES,0.00560000400003,5.20000600004e-07
44410,"Buntine Highway, STUART PLATEAU",2025-07-21,2025-09-17,2025-07-24,Bushfire,Undetermined,Sentinel,357.797687111,29.1815386732,NT,NTFES,0.266000004,0.0002976799978
44041,Byers Road MANTON,2025-07-12,2025-09-17,2025-07-14,Bushfire,Incendiary,Sentinel,37.3785670052,3.91205076466,NT,NTFES,0.0356000040001,3.11200044002e-05
44041,Byers Road MANTON,2025-07-12,2025-09-17,2025-07-14,Bushfire,Incendiary,Sentinel,28.1063705319,7.32417285492,NT,NTFES,0.0667999979995,2.34000004001e-05
44041,Byers Road MANTON,2025-07-12,2025-09-17,2025-07-14,Bushfire,Incendiary,Sentinel,91.3815284609,12.2851257823,NT,NTFES,0.111999979999,7.60800054005e-05
44041,Byers Road MANTON,2025-07-12,2025-09-17,2025-07-14,Bushfire,Incendiary,Sentinel,152.701205157,15.8857076162,NT,NTFES,0.1449640528,0.000127133442881
44040,Byers Road MANTON,2025-07-13,2025-09-17,2025-07-14,Bushfire,Undetermined,Sentinel,2.97854645862,0.83417045181,NT,NTFES,0.00759999800005,2.47999979998e-06
44040,Byers Road MANTON,2025-07-13,2025-09-17,2025-07-14,Bushfire,Undetermined,Sentinel,112.208189891,11.035204149,NT,NTFES,0.1006380248,9.34265505186e-05
43525,"Byers Road, MANTON",2025-07-02,2025-09-17,2025-07-02,Bushfire,Incendiary,Sentinel,11.0978999033,2.01495910717,NT,NTFES,0.018400002,9.24000080012e-06
43525,"Byers Road, MANTON",2025-07-02,2025-09-17,2025-07-02,Bushfire,Incendiary,Sentinel,5.42883873493,2.19113713471,NT,NTFES,0.02,4.51999979995e-06
43525,"Byers Road, MANTON",2025-07-02,2025-09-17,2025-07-02,Bushfire,Incendiary,Sentinel,213.447948983,18.5933521104,NT,NTFES,0.169599980001,0.0001777200064
44040,"Byers Road, MANTON",2025-07-11,2025-09-17,2025-07-15,Bushfire,Incendiary,Sentinel,28.7283288361,7.76227828446,NT,NTFES,0.0707999939992,2.39199985999e-05
44040,"Byers Road, MANTON",2025-07-11,2025-09-17,2025-07-15,Bushfire,Incendiary,Sentinel,119.144489815,14.0326477493,NT,NTFES,0.128000012001,9.92000004002e-05
44040,"Byers Road, MANTON",2025-07-11,2025-09-17,2025-07-15,Bushfire,Incendiary,Sentinel,330.609659379,32.5158808098,NT,NTFES,0.296400006001,0.0002752799998
44667,"Cain Road, LAMBELLS LAGOON",2025-08-02,2025-09-17,2025-08-03,Bushfire,Incendiary,Sentinel,283.370736762,14.0699827841,NT,NTFES,0.12839999,0.0002357599952
44730,"Callistemon Road, HOWARD SPRINGS",2025-08-04,2025-09-17,2025-08-06,Bushfire,Undetermined,Sentinel,422.438398508,25.0618379298,NT,NTFES,0.228400004,0.000351279986801
44453,"Carpentaria Highway, BIRDUM",2025-07-24,2025-09-17,2025-07-28,Bushfire,Incendiary,MODIS,147.831202127,5.95370503545,NT,NTFES,0.055000002,0.000125000005
44453,"Carpentaria Highway, BIRDUM",2025-07-24,2025-09-17,2025-07-28,Bushfire,Incendiary,MODIS,7397.15907761,102.932169589,NT,NTFES,0.945000007999,0.0062562500175
44051,"Carpentaria Highway, CAPE CRAWFORD",2025-07-12,2025-09-17,2025-07-21,Bushfire,Incendiary,MODIS,3562.35765137,33.6813985396,NT,NTFES,0.31,0.003018750015
44051,"Carpentaria Highway, CAPE CRAWFORD",2025-07-12,2025-09-17,2025-07-21,Bushfire,Incendiary,MODIS,7021.38396561,54.7977203763,NT,NTFES,0.505000002,0.005950000035
44051,"Carpentaria Highway, CAPE CRAWFORD",2025-07-12,2025-09-17,2025-07-21,Unknown,Undetermined,MODIS,1416.15994267,32.6765935153,NT,NTFES,0.3,0.00120000001
43974,"Carpentaria Highway, MCARTHUR",2025-07-10,2025-09-17,2025-07-15,Bushfire,Incendiary,MODIS,14229.6030991,194.2824988,NT,NTFES,1.784999988,0.012012500015
43974,"Carpentaria Highway, MCARTHUR",2025-07-10,2025-09-17,2025-07-15,Bushfire,Incendiary,MODIS,25531.0246088,212.284861954,NT,NTFES,1.950000006,0.021543750025
41440,"Carpentaria Hwy, PAMAYU",2025-01-21,2025-09-17,2025-01-20,Bushfire,Natural,MODIS,2048.80380854,34.1400191289,NT,NTFES,0.315000002,0.0017375000125
41440,"Carpentaria Hwy, PAMAYU",2025-01-21,2025-09-17,2025-01-20,Bushfire,Natural,MODIS,2984.70729507,43.4231839839,NT,NTFES,0.399999994,0.002531249985
41440,"Carpentaria Hwy, PAMAYU",2025-01-21,2025-09-17,2025-01-20,Bushfire,Natural,MODIS,3345.39840724,45.1009302153,NT,NTFES,0.415000008,0.002837499985
41440,"Carpentaria Hwy, PAMAYU",2025-01-21,2025-09-17,2025-02-01,Bushfire,Natural,MODIS,7.36873794791,1.08601349414,NT,NTFES,0.00999999800013,6.24999750016e-06
41440,"Carpentaria Hwy, PAMAYU",2025-01-21,2025-09-17,2025-02-01,Bushfire,Natural,MODIS,7.36969392974,1.08608254999,NT,NTFES,0.0100000000001,6.25000000013e-06
41440,"Carpentaria Hwy, PAMAYU",2025-01-21,2025-09-17,2025-02-01,Bushfire,Natural,MODIS,7.3681713605,1.08597256698,NT,NTFES,0.0100000020001,6.2500025001e-06
41440,"Carpentaria Hwy, PAMAYU",2025-01-21,2025-09-17,2025-02-01,Bushfire,Natural,MODIS,14.7401495148,1.61888039246,NT,NTFES,0.015,1.25e-05
41440,"Carpentaria Hwy, PAMAYU",2025-01-21,2025-09-17,2025-02-01,Bushfire,Natural,MODIS,14.7373923058,1.63935215769,NT,NTFES,0.0150000019999,1.25000049996e-05
41440,"Carpentaria Hwy, PAMAYU",2025-01-21,2025-09-17,2025-02-01,Bushfire,Natural,MODIS,14.7391914251,2.17215091014,NT,NTFES,0.0199999959998,1.24999949997e-05
41440,"Carpentaria Hwy, PAMAYU",2025-01-21,2025-09-17,2025-02-01,Bushfire,Natural,MODIS,22.1074650807,2.17208610015,NT,NTFES,0.020000002,1.87500024998e-05
41440,"Carpentaria Hwy, PAMAYU",2025-01-21,2025-09-17,2025-02-01,Bushfire,Natural,MODIS,22.1069884605,2.17206557784,NT,NTFES,0.020000002,1.87500025001e-05
41440,"Carpentaria Hwy, PAMAYU",2025-01-21,2025-09-17,2025-02-01,Bushfire,Natural,MODIS,29.478400635,2.72549195281,NT,NTFES,0.0250000020003,2.50000050006e-05
41440,"Carpentaria Hwy, PAMAYU",2025-01-21,2025-09-17,2025-02-01,Bushfire,Natural,MODIS,36.847987531,3.25822679639,NT,NTFES,0.029999998,3.1249995e-05
41440,"Carpentaria Hwy, PAMAYU",2025-01-21,2025-09-17,2025-02-01,Bushfire,Natural,MODIS,51.5931816294,3.25841244317,NT,NTFES,0.0299999980001,4.37499950004e-05
41440,"Carpentaria Hwy, PAMAYU",2025-01-21,2025-09-17,2025-02-01,Bushfire,Natural,MODIS,132.645532141,4.89752647473,NT,NTFES,0.045,0.0001124999975
41440,"Carpentaria Hwy, PAMAYU",2025-01-21,2025-09-17,2025-02-01,Bushfire,Natural,MODIS,110.555311169,5.9634559414,NT,NTFES,0.0549999999999,9.37500025005e-05
41440,"Carpentaria Hwy, PAMAYU",2025-01-21,2025-09-17,2025-02-01,Bushfire,Natural,MODIS,117.924244201,5.96340338351,NT,NTFES,0.0549999999999,0.0001000000025
41440,"Carpentaria Hwy, PAMAYU",2025-01-21,2025-09-17,2025-02-01,Bushfire,Natural,MODIS,265.335920034,11.3325798388,NT,NTFES,0.105,0.0002250000025
41440,"Carpentaria Hwy, PAMAYU",2025-01-21,2025-09-17,2025-02-01,Bushfire,Natural,MODIS,383.250555712,13.0539755201,NT,NTFES,0.120000004,0.000325000007499
41440,"Carpentaria Hwy, PAMAYU",2025-01-21,2025-09-17,2025-02-01,Bushfire,Natural,MODIS,545.355997066,18.4632711855,NT,NTFES,0.17,0.0004624999925
41440,"Carpentaria Hwy, PAMAYU",2025-01-21,2025-09-17,2025-02-01,Bushfire,Natural,MODIS,692.858380441,30.433120998,NT,NTFES,0.279999992,0.000587500014999
41440,"Carpentaria Hwy, PAMAYU",2025-01-21,2025-09-17,2025-02-01,Bushfire,Natural,MODIS,2461.31880686,48.3811686435,NT,NTFES,0.444999996,0.00208750002
44534,"Carson Drive (Tindal), STUART HIGHWAY",2025-07-27,2025-09-17,2025-07-28,Bushfire,Undetermined,Sentinel,92.8415416164,8.73766466966,NT,NTFES,0.0800000019998,7.78400014e-05
S111189,Casuarina Coastal Reserve,2025-06-01,2025-09-17,2025-06-12,Unknown,Undetermined,Sentinel,4.46852162216,3.23913616042,NT,Parks,0.0295361323783,3.71402956567e-06
S111190,Casuarina Coastal Reserve,2025-06-02,2025-09-17,2025-06-17,Unknown,Undetermined,Sentinel,0.433129487488,0.482270344905,NT,Parks,0.00440000200012,3.60000600031e-07
S111191,Casuarina Coastal Reserve,2025-06-02,2025-09-17,2025-06-17,Unknown,Undetermined,Sentinel,6.73761834727,2.50134997367,NT,Parks,0.0228,5.5999994e-06
S111192,Casuarina Coastal Reserve,2025-06-17,2025-09-17,2025-06-22,Unknown,Undetermined,Sentinel,0.0481233950615,0.0877513756611,NT,Parks,0.000800001999892,4.00001999892e-08
S111193,Casuarina Coastal Reserve,2025-06-27,2025-09-17,2025-06-30,Unknown,Undetermined,Sentinel,1.13921536462,0.750246347453,NT,Parks,0.00683118740567,9.4687514926e-07
S111194,Casuarina Coastal Reserve,2025-06-27,2025-09-17,2025-06-30,Unknown,Undetermined,Sentinel,7.36401722178,1.61919757306,NT,Parks,0.0147323571787,6.12107006862e-06
42030,"Central Arnhem Road, BESWICK CREEK",2025-05-16,2025-09-17,2025-05-21,Bushfire,Accidental,MODIS,1362.78160309,27.7856288868,NT,NTFES,0.255000002,0.00114374999
42030,"Central Arnhem Road, BESWICK CREEK",2025-05-16,2025-09-17,2025-05-21,Bushfire,Accidental,MODIS,13579.3913202,100.995786732,NT,NTFES,0.925000008,0.011393749985
44118,"Central Arnhem Road, FLYING FOX - Mountain Valley Station",2025-07-12,2025-09-17,2025-07-28,Bushfire,Incendiary,MODIS,29.8979425807,2.71504492063,NT,NTFES,0.025,2.5e-05
44118,"Central Arnhem Road, FLYING FOX - Mountain Valley Station",2025-07-12,2025-09-17,2025-07-28,Bushfire,Incendiary,MODIS,306.366533468,27.3251053359,NT,NTFES,0.249999998,0.000256249990001
44118,"Central Arnhem Road, FLYING FOX - Mountain Valley Station",2025-07-12,2025-09-17,2025-07-28,Bushfire,Incendiary,MODIS,904.120679323,83.5151813348,NT,NTFES,0.764999996,0.000756249992501
44118,"Central Arnhem Road, FLYING FOX - Mountain Valley Station",2025-07-12,2025-09-17,2025-07-28,Bushfire,Incendiary,MODIS,26606.3266415,420.037123304,NT,NTFES,3.844999998,0.0222499998875
42494,"Central Valley Road, LITCHFIELD",2025-06-01,2025-09-17,2025-06-08,Bushfire,Incendiary,Sentinel,291.89090401,40.1322126406,NT,Parks,0.366399989999,0.0002433999978
42494,"Central Valley Road, LITCHFIELD",2025-06-01,2025-09-17,2025-06-08,Bushfire,Incendiary,Sentinel,496.759112237,47.8509398121,NT,Parks,0.436799967999,0.0004142400078
42742,"Charles Point Road, WAGAIT BEACH",2025-06-09,2025-09-17,2025-06-09,Bushfire,Undetermined,Sentinel,0.817824441851,0.568379988005,NT,NTFES,0.00519999400001,6.79998399949e-07
42742,"Charles Point Road, WAGAIT BEACH",2025-06-09,2025-09-17,2025-06-09,Bushfire,Undetermined,Sentinel,16.8857065556,3.94510760049,NT,NTFES,0.0359999899998,1.40400029999e-05
42742,"Charles Point Road, WAGAIT BEACH",2025-06-09,2025-09-17,2025-06-09,Bushfire,Undetermined,Sentinel,30.9335271796,5.47711247942,NT,NTFES,0.0500000039999,2.572e-05
43845,"Charles Point Road, WAGAIT BEACH",2025-07-07,2025-09-17,2025-07-09,Bushfire,Undetermined,Sentinel,15.2026661074,2.15150919002,NT,NTFES,0.0195999959999,1.2639999e-05
42930,"Cheeney Road, EVA VALLEY",2025-06-18,2025-09-17,2025-06-18,Bushfire,Accidental,Sentinel,5.95022987368,1.17989020674,NT,NTFES,0.0107999980002,4.96000060006e-06
42088,"Chibnall Road, LIVINGSTONE",2025-05-19,2025-09-17,2025-05-31,Bushfire,Accidental,Sentinel,0.14415399527,0.17537257778,NT,NTFES,0.00159999800007,1.19999600001e-07
44107,"Chinner Road, LAKE BENNETT",2025-05-17,2025-09-17,2025-05-17,Bushfire,Accidental,Sentinel,0.0960289323029,0.131053837897,NT,NTFES,0.00119999800006,7.99998000074e-08
44107,"Chinner Road, LAKE BENNETT",2025-05-17,2025-09-17,2025-05-17,Bushfire,Accidental,Sentinel,2.30468298576,1.317345735,NT,NTFES,0.0119999979997,1.91999779988e-06
42042,"Chinner Road, LAKE BENNETT",2025-05-17,2025-09-17,2025-05-17,Prescribed burn,Incendiary,Sentinel,1.53648354266,0.614425337962,NT,NTFES,0.00559999999984,1.2799998e-06
42042,"Chinner Road, LAKE BENNETT",2025-05-17,2025-09-17,2025-05-17,Prescribed burn,Incendiary,Sentinel,1.29641070301,0.965889642694,NT,NTFES,0.0087999939999,1.07999899999e-06
42578,"CHINNER ROAD, LAKE BENNETT",2025-06-05,2025-09-17,2025-06-08,Bushfire,Undetermined,Sentinel,1.39244539757,0.699529359771,NT,NTFES,0.00639999999987,1.16000000002e-06
42247,"Coach Road, ADELAIDE RIVER",2025-05-23,2025-09-17,2025-05-31,Unknown,Undetermined,Sentinel,46.0935522958,6.71231051725,NT,NTFES,0.0611999999999,3.84399975998e-05
43059,"Coach Road, BATCHELOR",2025-06-18,2025-09-17,2025-07-02,Bushfire,Undetermined,Sentinel,4812.48557785,106.673422375,NT,NTFES,0.973200016001,0.0040130000014
43059,"Coach Road, BATCHELOR",2025-06-18,2025-09-17,2025-07-02,Bushfire,Undetermined,Sentinel,538.198158047,21.7714920768,NT,Parks,0.198799988,0.000448919999
43059,"Coach Road, BATCHELOR",2025-06-18,2025-09-17,2025-07-02,Bushfire,Undetermined,Sentinel,1601.08799582,42.5442892649,NT,Parks,0.388399999999,0.0013354000088
42137,"Coach Road, LITCHFIELD PARK",2025-05-20,2025-09-17,2025-05-31,Bushfire,Undetermined,Sentinel,71.4713004437,11.2717987537,NT,NTFES,0.102800006,5.96000008001e-05
42137,"Coach Road, LITCHFIELD PARK",2025-05-20,2025-09-17,2025-05-31,Bushfire,Undetermined,Sentinel,140.853922871,40.4334959771,NT,Parks,0.369199975999,0.000117479986599
42137,"Coach Road, LITCHFIELD PARK",2025-05-20,2025-09-17,2025-05-31,Bushfire,Undetermined,Sentinel,6450.79534626,492.410058977,NT,Parks,4.494399924,0.0053807999706
14474,Colton Road LIVINGSTON,2025-05-14,2025-09-17,2025-05-14,Prescribed burn,Incendiary,Sentinel,0.768843936496,0.880136087272,NT,NTFES,0.00800000200036,6.40000200097e-07
14474,Colton Road LIVINGSTON,2025-05-14,2025-09-17,2025-05-14,Prescribed burn,Incendiary,Sentinel,19.8458071042,2.98463637081,NT,NTFES,0.0272000039998,1.65200064e-05
42918,"Colton Road, ACACIA HILLS",2025-06-14,2025-09-17,2025-06-17,Bushfire,Undetermined,Sentinel,1.24932095686,1.00961249594,NT,NTFES,0.00919999999985,1.03999959999e-06
42918,"Colton Road, ACACIA HILLS",2025-06-14,2025-09-17,2025-06-17,Bushfire,Undetermined,Sentinel,308.270177762,24.2573909208,NT,NTFES,0.221165374896,0.0002566251905
S111195,Compigne road,2025-07-09,2025-09-17,2025-07-11,Unknown,Undetermined,Sentinel,9.42745043321,2.28173730431,NT,NTFES,0.0208000020001,7.84000360009e-06
S111196,Connells Lagoon Conservation Reserve,2025-01-01,2025-09-17,2025-01-11,Unknown,Undetermined,MODIS,6083.70104666,53.1882085072,NT,Parks,0.490000004,0.00521250003
S111197,Connells Lagoon Conservation Reserve,2025-01-11,2025-09-17,2025-01-31,Unknown,Undetermined,MODIS,14.5923860811,1.60810453407,NT,Parks,0.014999998,1.24999975e-05
S111198,Connells Lagoon Conservation Reserve,2025-01-11,2025-09-17,2025-01-31,Unknown,Undetermined,MODIS,21.8854225493,2.18758873555,NT,Parks,0.0199999999999,1.87499999995e-05
44068,Corner Darkin and Larapinta Simpsons Gap,2025-07-12,2025-09-17,2025-07-12,Bushfire,Incendiary,Sentinel,4.65263437722,1.15394637595,NT,NTFES,0.0108000020001,4.12000059996e-06
44068,Corner Darkin and Larapinta Simpsons Gap,2025-07-12,2025-09-17,2025-07-12,Bushfire,Incendiary,Sentinel,1.21970148904,0.673687901647,NT,Parks,0.00640000399994,1.07999960002e-06
43766,"Corner Elizabeth Valley Road and Stuart Highway, NOONAMAH",2025-07-05,2025-09-17,2025-07-05,Bushfire,Incendiary,Sentinel,4.90329746112,1.8852611538,NT,NTFES,0.0171206070651,4.07981333435e-06
42757,Corner Townend Mocatto Road LLOYD CREEK,2025-06-09,2025-09-17,2025-06-09,Bushfire,Incendiary,Sentinel,1.49010937211,1.31552400755,NT,NTFES,0.0120000060002,1.24000240003e-06
42757,Corner Townend Mocatto Road LLOYD CREEK,2025-06-09,2025-09-17,2025-06-09,Bushfire,Incendiary,Sentinel,4.32607170542,2.76618395217,NT,NTFES,0.0252000019999,3.60000100002e-06
42757,Corner Townend Mocatto Road LLOYD CREEK,2025-06-09,2025-09-17,2025-06-09,Bushfire,Incendiary,Sentinel,5.47950308559,3.81129549728,NT,NTFES,0.0347999959995,4.56000219981e-06
42757,Corner Townend Mocatto Road LLOYD CREEK,2025-06-09,2025-09-17,2025-06-09,Bushfire,Incendiary,Sentinel,81.4744816059,11.9659843518,NT,NTFES,0.109199999999,6.7800001e-05
42757,Corner Townend Mocatto Road LLOYD CREEK,2025-06-09,2025-09-17,2025-06-09,Bushfire,Incendiary,Sentinel,1099.40683223,41.6440084154,NT,NTFES,0.379556443904,0.000914903672744
42757,Corner Townend Mocatto Road LLOYD CREEK,2025-06-09,2025-09-17,2025-06-09,Bushfire,Incendiary,Sentinel,1432.97070177,68.3105594691,NT,NTFES,0.623199996001,0.001192440014
42757,Corner Townend Mocatto Road LLOYD CREEK,2025-06-09,2025-09-17,2025-06-09,Unknown,Undetermined,Sentinel,75.7837274048,3.79943183127,NT,NTFES,0.0348097427415,6.30715679386e-05
44904,Corner Townend Mocatto Road LLOYD CREEK,2025-08-10,2025-09-17,2025-08-10,Bushfire,Incendiary,Sentinel,0.624853329858,0.395047680226,NT,NTFES,0.00360000000001,5.20000600051e-07
44739,"Cornock Road , LIVINGSTONE",2025-08-04,2025-09-17,2025-08-05,Bushfire,Incendiary,Sentinel,36.7631006212,3.81495386887,NT,NTFES,0.0347999940003,3.05999978e-05
14853,Cox Peninsula-Finn Road,2025-06-27,2025-09-17,2025-06-30,Prescribed burn,Incendiary,Sentinel,1067.01147128,44.0705167977,NT,NTFES,0.401683388884,0.000887910751073
43017,Cox Peninsula Road BERRY SPRINGS,2025-06-16,2025-09-17,2025-06-19,Bushfire,Undetermined,Sentinel,1.92224379281,1.35717372825,NT,NTFES,0.012400002,1.59999980001e-06
43254,"Cox Peninsula Road, BLACKMORE",2025-06-25,2025-09-17,2025-07-02,Bushfire,Incendiary,Sentinel,632.739605146,23.9177920398,NT,NTFES,0.217999997999,0.0005266399936
S111199,"Cox Peninsula road, TUMBLING WATERS",2025-07-01,2025-09-17,2025-07-12,Bushfire,Incendiary,Sentinel,9.70607933903,1.45048197831,NT,NTFES,0.0131999979999,8.07999939986e-06
42461,"Cox Peninsula Road, TUMBLING WATERS",2025-05-31,2025-09-17,2025-06-17,Bushfire,Undetermined,Sentinel,7.20803446931,3.64924865523,NT,NTFES,0.033199998,5.99999760002e-06
43117,"Cox Peninsula Road, TUMBLING WATERS",2025-06-21,2025-09-17,2025-06-22,Bushfire,Incendiary,Sentinel,4.70918099195,1.13667930944,NT,NTFES,0.0104000019999,3.91999979991e-06
43102,"Cox Peninsula, CHARLOTTE",2025-06-21,2025-09-17,2025-06-23,Bushfire,Undetermined,Sentinel,1436.2444004,54.0868277212,NT,NTFES,0.493599994,0.0011954800064
42801,"Crab Claw Road, BYNOE",2025-06-10,2025-09-17,2025-06-12,Unknown,Undetermined,Sentinel,94.7151178054,6.85004654899,NT,NTFES,0.0624004669517,7.88545642636e-05
S111200,Cutta Cutta Caves National Park,2025-01-06,2025-09-17,2025-01-25,Prescribed burn,Incendiary,Sentinel,31.7631887447,7.56086505544,NT,Parks,0.0692000080006,2.66400013999e-05
S111201,Cutta Cutta Caves National Park,2025-02-01,2025-09-17,2025-02-24,Prescribed burn,Incendiary,Sentinel,205.745266581,10.6685477249,NT,Parks,0.0976000039997,0.000172560003
S111202,Cutta Cutta Caves National Park,2025-02-24,2025-09-17,2025-03-06,Prescribed burn,Incendiary,Sentinel,168.926641384,14.4066265023,NT,Parks,0.131999996,0.000141680003
S111203,Cutta Cutta Caves Nature Park,2025-01-01,2025-09-17,2025-01-31,Unknown,Undetermined,Sentinel,0.190761738416,0.305182926523,NT,Parks,0.00279999399982,1.59999399983e-07
S111204,Cutta Cutta Caves Nature Park,2025-07-01,2025-09-17,2025-07-04,Unknown,Undetermined,Sentinel,0.0953902335217,0.130470847611,NT,Parks,0.001200004,8.00006e-08
43919,"Cutta Cutta Caves, VENN",2025-07-08,2025-09-17,2025-07-04,Unknown,Undetermined,Sentinel,70.7339471413,5.81613444547,NT,Parks,0.0532000060003,5.93200026001e-05
S111205,Daly River (Mt Nancar) Conservation Area,2025-01-01,2025-09-17,2025-01-31,Unknown,Undetermined,Sentinel,6.22172605095,1.75723448728,NT,Parks,0.015999994,5.19999959995e-06
S111206,Daly River (Mt Nancar) Conservation Area,2025-05-03,2025-09-17,2025-05-13,Unknown,Undetermined,Sentinel,0.765649444501,0.613552965392,NT,Parks,0.00560000400014,6.40001000023e-07
S111207,Daly River (Mt Nancar) Conservation Area,2025-05-03,2025-09-17,2025-05-13,Unknown,Undetermined,Sentinel,417.39955433,22.9726512274,NT,Parks,0.209600008,0.0003489200024
S111208,Daly River (Mt Nancar) Conservation Area,2025-05-03,2025-09-17,2025-05-31,Unknown,Undetermined,Sentinel,124.482089733,12.4740521606,NT,Parks,0.11400001,0.0001040399958
S111209,Daly River (Mt Nancar) Conservation Area,2025-05-03,2025-09-17,2025-05-31,Unknown,Undetermined,Sentinel,98.0577354658,14.9329481677,NT,Parks,0.136400012,8.19600022002e-05
S111210,Daly River (Mt Nancar) Conservation Area,2025-08-01,2025-09-17,2025-08-06,Unknown,Undetermined,Sentinel,162.560565821,13.1060386344,NT,Parks,0.119599998,0.0001358800036
S111211,Daly River (Mt Nancar) Conservation Area,2025-08-01,2025-09-17,2025-08-06,Unknown,Undetermined,Sentinel,260.201160767,24.3018287069,NT,Parks,0.222000022,0.0002174800018
43330,"Daly River road, ROBIN FALLS",2025-06-29,2025-09-17,2025-06-30,Bushfire,Incendiary,Sentinel,0.814609144683,0.832347301499,NT,NTFES,0.0076000140001,6.80002399975e-07
43330,"Daly River road, ROBIN FALLS",2025-06-29,2025-09-17,2025-06-30,Unknown,Undetermined,Sentinel,399.185151911,24.0039112866,NT,NTFES,0.21963631484,0.000333253990358
43330,"Daly River road, ROBIN FALLS",2025-06-29,2025-09-17,2025-06-30,Unknown,Undetermined,Sentinel,1129.92870604,43.2778466883,NT,NTFES,0.395630026749,0.000943265994178
44137,"Darwin Dam Catchment, DARWIN RIVER",2025-07-14,2025-09-17,2025-07-16,Bushfire,Undetermined,Sentinel,10.3693149942,3.2029210631,NT,NTFES,0.0291999960002,8.64000120015e-06
44137,"Darwin Dam Catchment, DARWIN RIVER",2025-07-14,2025-09-17,2025-07-16,Bushfire,Undetermined,Sentinel,93.9007362868,8.58152950358,NT,NTFES,0.0783999940004,7.82399942e-05
44137,"Darwin Dam Catchment, DARWIN RIVER DAM",2025-07-14,2025-09-17,2025-07-16,Bushfire,Undetermined,Sentinel,0.0480223765367,0.0876600900119,NT,NTFES,0.00079999799982,3.9999799982e-08
44137,"Darwin Dam Catchment, DARWIN RIVER DAM",2025-07-14,2025-09-17,2025-07-16,Bushfire,Undetermined,Sentinel,0.0960468286386,0.175322059749,NT,NTFES,0.00159999799996,7.99997999971e-08
44137,"Darwin Dam Catchment, DARWIN RIVER DAM",2025-07-14,2025-09-17,2025-07-16,Bushfire,Undetermined,Sentinel,0.240111000316,0.394047969519,NT,NTFES,0.00360000400019,2.00000200022e-07
44137,"Darwin Dam Catchment, DARWIN RIVER DAM",2025-07-14,2025-09-17,2025-07-16,Bushfire,Undetermined,Sentinel,38.901590494,6.09134855364,NT,NTFES,0.055600002,3.24e-05
44137,"Darwin Dam Catchment, DARWIN RIVER DAM",2025-07-14,2025-09-17,2025-07-16,Bushfire,Undetermined,Sentinel,2229.0799121,98.9398812401,NT,NTFES,0.903199976001,0.0018566000052
44137,"Darwin Dam Catchment, DARWIN RIVER DAM",2025-07-14,2025-09-17,2025-07-16,Bushfire,Undetermined,Sentinel,2317.17007479,100.531667041,NT,NTFES,0.917600046002,0.001930160004
44348,"Darwin River Dam Management Area, DARWIN RIVER DAM",2025-07-20,2025-09-17,2025-07-25,Bushfire,Incendiary,Sentinel,99.2755025204,10.179282681,NT,NTFES,0.0928000060004,8.26799955999e-05
14559,"Darwin River Dam, RUM JUNGLE",2021-05-17,2025-09-17,2021-05-17,Prescribed burn,Incendiary,Sentinel,860.627234539,27.3115179711,NT,NTFES,0.249266177883,0.000717180478947
S111212,"Darwin River Dam, RUM JUNGLE",2025-06-02,2025-09-17,2025-06-17,Unknown,Undetermined,Sentinel,0.0981049644853,0.499326563747,NT,NTFES,0.00458770933614,8.17426051435e-08
42614,"Darwin River Dam, RUM JUNGLE",2025-06-07,2025-09-17,2025-06-12,Bushfire,Incendiary,Sentinel,6909.5124657,181.118742798,NT,NTFES,1.65371172733,0.00575711984522
S111213,"Darwin River Dam, RUM JUNGLE",2025-06-17,2025-09-17,2025-06-27,Bushfire,Incendiary,Sentinel,98.9872837381,7.36044173816,NT,NTFES,0.0672000099999,8.24800025999e-05
42198,"Darwin River Rd, DARWIN RIVER",2025-05-21,2025-09-17,2025-05-22,Bushfire,Incendiary,Sentinel,15.2793138857,2.67229453721,NT,NTFES,0.0244000039997,1.27200018e-05
14872,Deep Water APB,2025-05-03,2025-09-17,2025-05-31,Prescribed burn,Incendiary,Sentinel,436.163225161,62.0338092412,NT,NTFES,0.56559999,0.0003633600232
14872,Deep Water APB,2025-05-08,2025-09-17,2025-05-31,Prescribed burn,Incendiary,Sentinel,16.134330276,11.7961653605,NT,NTFES,0.107599975999,1.3439996e-05
14872,Deep Water APB,2025-06-02,2025-09-17,2025-06-17,Prescribed burn,Incendiary,Sentinel,155.139306633,18.5502506471,NT,NTFES,0.16919999,0.0001292800028
14872,Deep Water APB,2025-06-17,2025-09-17,2025-06-27,Prescribed burn,Incendiary,Sentinel,220.95234136,36.9773648942,NT,NTFES,0.337199985999,0.000184080010001
14872,Deep Water APB,2025-06-17,2025-09-17,2025-06-27,Prescribed burn,Undetermined,Sentinel,8104.85242246,273.791391247,NT,NTFES,2.496399994,0.0067540399932
14872,Deep Water APB,2025-06-27,2025-09-17,2025-06-30,Prescribed burn,Incendiary,Sentinel,144.793904414,20.6465512591,NT,NTFES,0.188400007999,0.000120640001
14872,Deep Water APB,2025-06-27,2025-09-17,2025-06-30,Prescribed burn,Undetermined,Sentinel,11161.1908547,454.461960229,NT,NTFES,4.14400009599,0.0092963999946
14872,Deep Water APB,2025-08-01,2025-09-17,2025-08-01,Prescribed burn,Incendiary,Sentinel,5.76263101164,1.44174205524,NT,NTFES,0.0132000000001,4.79999959994e-06
14872,Deep Water APB,2025-08-01,2025-09-17,2025-08-06,Prescribed burn,Incendiary,Sentinel,32.9913192129,7.74650873014,NT,NTFES,0.070800006,2.74800062002e-05
S111214,Delemere April,2025-04-17,2025-09-17,2025-04-30,Unknown,Undetermined,MODIS,1008.61697557,31.0752391735,NT,NTFES,0.285000002,0.000850000030002
S111215,Delemere Feb,2025-02-01,2025-09-17,2025-03-01,Unknown,Undetermined,MODIS,14606.6632136,508.35587447,NT,NTFES,4.670000006,0.01231250007
S111216,Delemere June,2025-06-01,2025-09-17,2025-06-06,Unknown,Undetermined,MODIS,215.269639448,9.2230208475,NT,NTFES,0.0849999980001,0.0001812499875
S111217,Delemere May,2025-05-01,2025-09-17,2025-05-14,Unknown,Undetermined,MODIS,10425.6630732,250.227814839,NT,NTFES,2.300000012,0.008787500035
S111218,Delemere May,2025-05-01,2025-09-17,2025-05-19,Unknown,Undetermined,MODIS,3270.32048772,219.244415034,NT,NTFES,2.01499999,0.002756249965
S111219,Delemere May,2025-05-07,2025-09-17,2025-06-01,Unknown,Undetermined,MODIS,38144.0380296,517.857795488,NT,NTFES,4.760000004,0.0321312500275
41963,"Deleye Access Road, NEMARLUK",2025-05-13,2025-09-17,2025-05-14,Bushfire,Undetermined,MODIS,680.371503625,16.9101007889,NT,NTFES,0.155,0.000568749997499
41963,"Deleye Access Road, NEMARLUK",2025-05-13,2025-09-17,2025-05-22,Bushfire,Undetermined,MODIS,1420.76756059,27.3220938972,NT,NTFES,0.250000002,0.0011874999825
41963,"Deleye Access Road, NEMARLUK",2025-05-13,2025-09-17,2025-06-01,Bushfire,Undetermined,MODIS,291.584616672,19.6383497652,NT,NTFES,0.18,0.0002437500125
13893,Djelk ALT  ARNHEM,2025-05-07,2025-09-17,2025-06-01,Prescribed burn,Undetermined,MODIS,172.969250521,6.57257026519,NT,Carbon Project,0.0600000020002,0.000143750005
13893,Djelk ALT  ARNHEM,2025-05-15,2025-09-17,2025-07-06,Prescribed burn,Undetermined,MODIS,19531.3427575,706.617512481,NT,Carbon Project,6.439999978,0.016225000065
13893,Djelk ALT  ARNHEM,2025-06-01,2025-09-17,2025-06-06,Prescribed burn,Undetermined,MODIS,1315.55673121,29.6316423461,NT,Carbon Project,0.27,0.00109374997
13893,Djelk ALT  ARNHEM,2025-06-01,2025-09-17,2025-06-09,Prescribed burn,Undetermined,MODIS,142.622117983,10.9392407598,NT,Carbon Project,0.100000002,0.000118750005
13893,Djelk ALT  ARNHEM,2025-06-01,2025-09-17,2025-06-14,Prescribed burn,Undetermined,MODIS,766.769599649,46.0637240068,NT,Carbon Project,0.420000002,0.000637500027502
13893,Djelk ALT  ARNHEM,2025-06-01,2025-09-17,2025-06-21,Prescribed burn,Undetermined,MODIS,225.493269084,8.76391860894,NT,Carbon Project,0.080000002,0.000187500015
13893,Djelk ALT  ARNHEM,2025-06-01,2025-09-17,2025-06-30,Prescribed burn,Incendiary,MODIS,301.322724068,16.4683527856,NT,Carbon Project,0.149999996,0.000249999989999
13893,Djelk ALT  ARNHEM,2025-06-01,2025-09-17,2025-06-30,Prescribed burn,Undetermined,MODIS,1278.6428336,111.903653853,NT,Carbon Project,1.020000006,0.0010624999575
13893,Djelk ALT  ARNHEM,2025-06-21,2025-09-17,2025-06-30,Prescribed burn,Incendiary,MODIS,120.513078915,8.78274329569,NT,Carbon Project,0.0800000019999,0.0001000000025
13893,Djelk ALT  ARNHEM,2025-06-21,2025-09-17,2025-06-30,Prescribed burn,Undetermined,MODIS,7.5313494353,1.09776470872,NT,Carbon Project,0.0100000019999,6.25000249982e-06
13893,Djelk ALT  ARNHEM,2025-06-21,2025-09-17,2025-06-30,Prescribed burn,Undetermined,MODIS,15174.9779096,500.90604794,NT,Carbon Project,4.565000026,0.012612499945
13893,Djelk ALT  ARNHEM,2025-07-01,2025-09-17,2025-07-14,Prescribed burn,Incendiary,MODIS,195.831008646,11.5312655447,NT,Carbon Project,0.105,0.00016249999
13893,Djelk ALT  ARNHEM,2025-07-01,2025-09-17,2025-07-14,Prescribed burn,Undetermined,MODIS,18834.6060148,1425.11079663,NT,Carbon Project,12.995000044,0.0156562501175
13893,Djelk ALT  ARNHEM,2025-07-01,2025-09-17,2025-07-16,Prescribed burn,Undetermined,MODIS,33682.9467649,964.623088482,NT,Carbon Project,8.799999986,0.028018749905
13893,Djelk ALT  ARNHEM,2025-07-15,2025-09-17,2025-07-21,Prescribed burn,Undetermined,MODIS,5953.99213193,190.300286799,NT,Carbon Project,1.735,0.004949999985
13893,Djelk ALT  ARNHEM,2025-07-21,2025-09-17,2025-08-01,Prescribed burn,Undetermined,MODIS,30149.1609986,1107.86694981,NT,Carbon Project,10.105000028,0.025075000105
13893,Djelk ALT  ARNHEM,2025-07-21,2025-09-17,2025-08-01,Prescribed burn,Undetermined,MODIS,16805.6899188,1267.44541615,NT,Carbon Project,11.560000018,0.013975
13893,Djelk ALT  ARNHEM,2025-08-01,2025-09-17,2025-08-04,Bushfire,Undetermined,MODIS,383.215776189,37.8360185833,NT,Carbon Project,0.344999992,0.00031874998
13893,Djelk ALT  ARNHEM,2025-08-01,2025-09-17,2025-08-04,Prescribed burn,Undetermined,MODIS,2068.27527671,94.8784458204,NT,Carbon Project,0.864999992,0.001718749955
13893,Djelk ALT  ARNHEM,2025-08-01,2025-09-17,2025-08-04,Prescribed burn,Undetermined,MODIS,4669.99788735,416.264666192,NT,Carbon Project,3.795000054,0.003881250075
13893,Djelk ALT  ARNHEM,2025-08-04,2025-09-17,2025-08-10,Bushfire,Undetermined,MODIS,931.184918304,26.308636992,NT,Carbon Project,0.239999996,0.0007749999875
13893,Djelk ALT  ARNHEM,2025-08-04,2025-09-17,2025-08-10,Prescribed burn,Undetermined,MODIS,1916.43420937,71.7659266901,NT,Carbon Project,0.654999994,0.001593749975
S111220,Djukbinj National Park,2025-05-03,2025-09-17,2025-05-31,Unknown,Undetermined,Sentinel,51.5726511508,10.480285405,NT,Parks,0.0956000040004,4.29200018e-05
S111221,Djukbinj National Park,2025-05-08,2025-09-17,2025-05-31,Unknown,Undetermined,Sentinel,6.251616198,2.50745960757,NT,Parks,0.0227999960003,5.19999520009e-06
S111222,Djukbinj National Park,2025-05-08,2025-09-17,2025-05-31,Unknown,Undetermined,Sentinel,328.44780058,80.6194695542,NT,Parks,0.734799970001,0.0002732800094
S111223,Djukbinj National Park,2025-05-15,2025-09-17,2025-05-31,Unknown,Undetermined,Sentinel,7.68873224658,1.53252770702,NT,Parks,0.0140000040001,6.40000100013e-06
S111224,Djukbinj National Park,2025-05-15,2025-09-17,2025-05-31,Unknown,Undetermined,Sentinel,2.83517991238,3.50591719844,NT,Parks,0.032000014,2.36000099999e-06
S111225,Djukbinj National Park,2025-06-01,2025-09-17,2025-06-09,Unknown,Undetermined,Sentinel,0.0480507950272,0.0876857685884,NT,Parks,0.00079999799982,3.9999799982e-08
S111226,Djukbinj National Park,2025-06-01,2025-09-17,2025-06-09,Unknown,Undetermined,Sentinel,7.30368569263,1.44640312819,NT,Parks,0.0131999980001,6.07999940001e-06
S111227,Djukbinj National Park,2025-06-01,2025-09-17,2025-06-12,Unknown,Undetermined,Sentinel,7.16169270526,7.84942572561,NT,Parks,0.0716000080008,5.95999760018e-06
S111228,Djukbinj National Park,2025-06-02,2025-09-17,2025-06-17,Unknown,Undetermined,Sentinel,0.480661461695,0.526196458372,NT,Parks,0.00480000400034,4.00000800019e-07
S111229,Djukbinj National Park,2025-06-02,2025-09-17,2025-06-17,Unknown,Undetermined,Sentinel,531.64381588,37.2349019376,NT,Parks,0.339599992001,0.0004424000102
S111230,Djukbinj National Park,2025-06-17,2025-09-17,2025-06-22,Unknown,Undetermined,Sentinel,19.273658049,3.20137003082,NT,Parks,0.0291999999997,1.60399977998e-05
S111231,Djukbinj National Park,2025-06-17,2025-09-17,2025-06-27,Unknown,Undetermined,Sentinel,20.4883810592,5.32097502006,NT,Parks,0.0484000000001,1.70399946001e-05
S111232,Djukbinj National Park,2025-06-17,2025-09-17,2025-06-27,Unknown,Undetermined,Sentinel,451.082751407,62.29387437,NT,Parks,0.568400008001,0.000375320016601
S111233,Djukbinj National Park,2025-06-27,2025-09-17,2025-06-30,Unknown,Undetermined,Sentinel,69.4765231263,17.9842595043,NT,Parks,0.164000008001,5.78000070002e-05
S111234,Djukbinj National Park,2025-06-27,2025-09-17,2025-06-30,Unknown,Undetermined,Sentinel,818.569641047,90.8508074796,NT,Parks,0.828399977999,0.0006810799934
S111235,Djukbinj National Park,2025-06-27,2025-09-17,2025-06-30,Unknown,Undetermined,Sentinel,4467.69536092,257.941438182,NT,Parks,2.35159996,0.0037171200382
S111236,Djukbinj National Park,2025-07-01,2025-09-17,2025-07-02,Unknown,Undetermined,Sentinel,78.3438461576,8.95075084574,NT,Parks,0.0816000100003,6.52000063998e-05
S111237,Djukbinj National Park,2025-07-01,2025-09-17,2025-07-07,Unknown,Undetermined,Sentinel,0.19224745603,0.307339158385,NT,Parks,0.00279999799989,1.59999799979e-07
S111238,Djukbinj National Park,2025-07-01,2025-09-17,2025-07-07,Unknown,Undetermined,Sentinel,58.347254073,10.1244262857,NT,Parks,0.0924000020001,4.85599982002e-05
S111239,Djukbinj National Park,2025-07-01,2025-09-17,2025-07-12,Unknown,Undetermined,Sentinel,7.2600780809,2.45752014082,NT,Parks,0.022399998,6.04000140005e-06
S111240,Djukbinj National Park,2025-07-12,2025-09-17,2025-07-31,Unknown,Undetermined,Sentinel,41.3700143013,11.6254032593,NT,Parks,0.105999994001,3.43999991998e-05
S111241,Djukbinj National Park,2025-08-01,2025-09-17,2025-08-06,Unknown,Undetermined,Sentinel,66.0282761852,9.70610654782,NT,Parks,0.0883999939997,5.49200060002e-05
14421,DLI Road Verge Adelaide River Township boundary to Bridge Creek Station boundary,2025-05-08,2025-09-17,2025-05-31,Unknown,Undetermined,Sentinel,0.959211282563,0.568976300477,NT,NTFES,0.00520000400024,8.0000220003e-07
14421,DLI Road Verge Adelaide River Township boundary to Bridge Creek Station boundary,2025-05-08,2025-09-17,2025-05-31,Unknown,Undetermined,Sentinel,12.9968986923,7.60792490837,NT,NTFES,0.069599986,1.08399966e-05
13314,"DLI Road Verge, Stuart Highway, Leonino Road to Marrakai Track",2025-05-03,2025-09-17,2025-05-31,Prescribed burn,Incendiary,Sentinel,0.576564658897,0.350729862981,NT,NTFES,0.00319999999999,4.79999199972e-07
13314,"DLI Road Verge, Stuart Highway, Leonino Road to Marrakai Track",2025-05-08,2025-09-17,2025-05-31,Prescribed burn,Incendiary,Sentinel,13.9814448229,4.74549789964,NT,NTFES,0.043199996,1.16400004e-05
44652,"Dorat Road East , ROBIN FALLS",2025-08-02,2025-09-17,2025-08-06,Bushfire,Incendiary,Sentinel,596.134053991,35.810072942,NT,NTFES,0.32680001,0.000497519999
43259,Dorat Road George Creek ROBIN FALLS,2025-06-26,2025-09-17,2025-07-02,Bushfire,Undetermined,Sentinel,5.8969307084,1.35807279631,NT,NTFES,0.0124000039999,4.92000100004e-06
43259,Dorat Road George Creek ROBIN FALLS,2025-06-26,2025-09-17,2025-07-02,Bushfire,Undetermined,Sentinel,10.6422781314,3.67669341014,NT,NTFES,0.0336000039999,8.88000140017e-06
43259,Dorat Road George Creek ROBIN FALLS,2025-06-26,2025-09-17,2025-07-02,Bushfire,Undetermined,Sentinel,356.46007319,19.705204225,NT,NTFES,0.180000008,0.000297440011201
43259,Dorat Road George Creek ROBIN FALLS,2025-06-26,2025-09-17,2025-07-02,Bushfire,Undetermined,Sentinel,912.281788778,35.0677373724,NT,NTFES,0.320000002,0.000761159985599
43259,Dorat Road George Creek ROBIN FALLS,2025-06-26,2025-09-17,2025-07-02,Bushfire,Undetermined,Sentinel,392.741452968,37.5721451123,NT,NTFES,0.342799998,0.0003276800026
44229,Dorat road ROBIN FALLS,2025-07-12,2025-09-17,2025-07-27,Bushfire,Undetermined,Sentinel,98.9621587016,8.19028968077,NT,NTFES,0.0748000060004,8.25600014001e-05
43744,Dorat Road ROBIN FALLS,2025-07-04,2025-09-17,2025-07-04,Bushfire,Incendiary,Sentinel,1.5345106704,0.87961218668,NT,NTFES,0.00800000200002,1.28000100006e-06
44681,"Dorat Road Waste Transfer Station, ADELAIDE RIVER",2025-08-02,2025-09-17,2025-08-03,Bushfire,Undetermined,Sentinel,22.9247378356,3.68295574243,NT,NTFES,0.0336000060001,1.91200017998e-05
42490,"Dorat Road, ADELAIDE RIVER",2025-06-01,2025-09-17,2025-06-03,Bushfire,Incendiary,Sentinel,0.815310039341,0.834488080949,NT,NTFES,0.00760000000025,6.79999399984e-07
42490,"Dorat Road, ADELAIDE RIVER",2025-06-01,2025-09-17,2025-06-03,Bushfire,Incendiary,Sentinel,9.54389996985,2.76265681962,NT,NTFES,0.0252000000002,7.96000120005e-06
42490,"Dorat Road, ADELAIDE RIVER",2025-06-01,2025-09-17,2025-06-03,Unknown,Undetermined,Sentinel,365.202038564,19.4531775772,NT,NTFES,0.177462877949,0.000304603643735
42043,"Dorat road, ROBIN FALLS",2025-05-17,2025-09-17,2025-05-17,Bushfire,Incendiary,Sentinel,3.35663135036,1.58674460147,NT,NTFES,0.014399996,2.79999939991e-06
42043,"Dorat road, ROBIN FALLS",2025-05-17,2025-09-17,2025-05-17,Bushfire,Incendiary,Sentinel,4.74735365044,2.37058483286,NT,NTFES,0.0216000020001,3.96000140003e-06
42043,"Dorat road, ROBIN FALLS",2025-05-17,2025-09-17,2025-05-17,Bushfire,Incendiary,Sentinel,12.6114271391,3.42719135004,NT,NTFES,0.0312000039997,1.0519998e-05
44292,"Dorat road, ROBIN FALLS",2025-07-18,2025-09-17,2025-07-19,Bushfire,Incendiary,Sentinel,106.221431801,7.12896823333,NT,NTFES,0.0652000040002,8.86400011996e-05
42566,"Dorat Road, ROBIN FALLS",2025-06-05,2025-09-17,2025-06-08,Bushfire,Incendiary,Sentinel,13.2338940368,3.06851982693,NT,NTFES,0.0279999979998,1.10399992e-05
44210,"Dorat Road, ROBIN FALLS",2025-07-16,2025-09-17,2025-07-17,Bushfire,Undetermined,Sentinel,107.894686236,8.27661053471,NT,NTFES,0.07559999,9.00400005999e-05
S111242,Douglas River / Daly River Esplanade Conservation Area,2025-06-02,2025-09-17,2025-06-17,Unknown,Undetermined,Sentinel,0.957076691846,0.482795755465,NT,Parks,0.00440000000003,8.00001400061e-07
S111243,Douglas River / Daly River Esplanade Conservation Area,2025-06-02,2025-09-17,2025-06-17,Unknown,Undetermined,Sentinel,29.907707831,8.71652585537,NT,Parks,0.0800000080002,2.50000034002e-05
44795,"Dry River Road, STURT PLATEAU - Lakefield Station",2025-08-05,2025-09-17,2025-08-10,Bushfire,Accidental,MODIS,7202.87542621,61.5046282975,NT,NTFES,0.565,0.0060562499725
44083,"Duddell Road, DARWIN RIVER",2025-07-13,2025-09-17,2025-07-17,Bushfire,Undetermined,Sentinel,57.6088374719,7.53660756783,NT,NTFES,0.0687999979993,4.79599859995e-05
44083,"Duddell Road, DARWIN RIVER",2025-07-13,2025-09-17,2025-07-31,Bushfire,Undetermined,Sentinel,33.7292878391,6.57538790696,NT,NTFES,0.0599999959996,2.80800000001e-05
42932,"Dundee road, DUNDEE",2025-06-14,2025-09-17,2025-06-21,Bushfire,Incendiary,Sentinel,663.981088719,36.4913338771,NT,NTFES,0.332800016001,0.0005527999968
42932,"Dundee road, DUNDEE",2025-06-14,2025-09-17,2025-06-21,Unknown,Undetermined,Sentinel,0.864791170132,0.964474257474,NT,NTFES,0.00879999199958,7.19998999922e-07
42932,"Dundee road, DUNDEE",2025-06-14,2025-09-17,2025-06-21,Unknown,Undetermined,Sentinel,1778.72612243,72.9251806395,NT,NTFES,0.665054804955,0.00148074544834
43980,Edith Falls Road,2025-07-10,2025-09-17,2025-05-15,Bushfire,Incendiary,Sentinel,0.0955480971373,0.130615084147,NT,NTFES,0.00120000200002,8.00002000032e-08
43980,Edith Falls Road,2025-07-10,2025-09-17,2025-07-14,Bushfire,Incendiary,Sentinel,0.334413197375,0.390763518314,NT,NTFES,0.00359999799991,2.79999799952e-07
41783,"Edith Falls Road, NITMILUK",2025-04-17,2025-09-17,2025-04-25,Bushfire,Incendiary,Sentinel,988.082333064,108.011785359,NT,NTFES,0.988399988,0.0008273599928
41783,"Edith Falls Road, NITMILUK",2025-04-17,2025-09-17,2025-04-30,Bushfire,Incendiary,Sentinel,4.82440596882,2.27317339278,NT,NTFES,0.0208000019999,4.04000039995e-06
41783,"Edith Falls Road, NITMILUK",2025-04-17,2025-09-17,2025-04-30,Bushfire,Incendiary,Sentinel,55.4674342508,8.97359635278,NT,NTFES,0.0820000079999,4.64399960001e-05
S111244,Elsey National Park,2025-05-15,2025-09-17,2025-07-06,Unknown,Undetermined,MODIS,37.2016694433,3.82680537095,NT,Parks,0.0350000020001,3.12500125002e-05
S111245,Elsey National Park,2025-05-15,2025-09-17,2025-07-06,Unknown,Undetermined,MODIS,855.586642533,25.6040682145,NT,Parks,0.234999996,0.000718749992499
S111246,Elsey National Park,2025-06-01,2025-09-17,2025-06-14,Unknown,Undetermined,MODIS,208.278242543,8.72846935136,NT,Parks,0.0799999979999,0.000175
41518,"Emily Gap, UNDOOLYA",2025-01-29,2025-09-17,2025-01-30,Bushfire,Undetermined,Sentinel,7.72158754705,1.68186989969,NT,NTFES,0.0155999979999,6.83999939994e-06
41518,"Emily Gap, UNDOOLYA",2025-01-29,2025-09-17,2025-01-30,Bushfire,Undetermined,Sentinel,3.79319664223,2.16762073989,NT,NTFES,0.0203999919997,3.35999739996e-06
41518,"Emily Gap, UNDOOLYA",2025-01-29,2025-09-17,2025-01-30,Bushfire,Undetermined,Sentinel,17.5207935811,2.44948619443,NT,NTFES,0.0232,1.55199988e-05
43852,"Fazaldeen Road, TENNANT CREEK",2025-07-07,2025-09-17,2025-07-15,Bushfire,Undetermined,Sentinel,0.92872094483,0.559313489182,NT,NTFES,0.00519999599999,7.99998999985e-07
S111247,Finke Gorge National Park,2025-06-01,2025-09-17,2025-07-25,Prescribed burn,Incendiary,MODIS,535.08686915,37.4643442004,NT,Parks,0.355000006,0.000475000007499
42458,Finn Road BERRY SPRINGS,2025-05-31,2025-09-17,2025-05-31,Bushfire,Undetermined,Sentinel,12.4972994647,1.93260945551,NT,NTFES,0.017600002,1.03999996e-05
42458,Finn Road BERRY SPRINGS,2025-05-31,2025-09-17,2025-05-31,Bushfire,Undetermined,Sentinel,170.352598635,9.33497553641,NT,NTFES,0.0852000039994,0.000141760002
43012,Finn Road BERRY SPRINGS,2025-06-02,2025-09-17,2025-06-17,Bushfire,Undetermined,Sentinel,62.7248529228,5.42446065477,NT,NTFES,0.0496000000002,5.21999957999e-05
42536,"Finn Road Railway Crossing, WEDDELL",2025-06-04,2025-09-17,2025-06-08,Bushfire,Undetermined,Sentinel,15.8679124355,3.42329032002,NT,NTFRS,0.0312000020002,1.3200003e-05
42458,"Finn Road, BERRY SPRINGS",2025-05-31,2025-09-17,2025-05-31,Bushfire,Incendiary,Sentinel,0.28838327633,0.26309300467,NT,NTFES,0.00239999800021,2.39999200048e-07
42458,"Finn Road, BERRY SPRINGS",2025-05-31,2025-09-17,2025-05-31,Bushfire,Incendiary,Sentinel,166.164965326,15.2429097365,NT,NTFES,0.139200002,0.0001382800052
44311,"Finn Road, Jenkins Road WEDDELL",2025-07-19,2025-09-17,2025-07-19,Bushfire,Incendiary,Sentinel,0.0480790995635,0.0877113487425,NT,NTFES,0.00079999799982,3.9999799982e-08
44311,"Finn Road, Jenkins Road WEDDELL",2025-07-19,2025-09-17,2025-07-19,Bushfire,Incendiary,Sentinel,0.0480785141143,0.0877108197268,NT,NTFES,0.000799997999934,3.99997999934e-08
44311,"Finn Road, Jenkins Road WEDDELL",2025-07-19,2025-09-17,2025-07-19,Bushfire,Incendiary,Sentinel,0.0480777821056,0.0877101582815,NT,NTFES,0.000799998000161,3.99998000161e-08
44311,"Finn Road, Jenkins Road WEDDELL",2025-07-19,2025-09-17,2025-07-19,Bushfire,Incendiary,Sentinel,0.0480786447018,0.0877109417712,NT,NTFES,0.000799999999913,3.99999999903e-08
44311,"Finn Road, Jenkins Road WEDDELL",2025-07-19,2025-09-17,2025-07-19,Bushfire,Incendiary,Sentinel,0.096156175502,0.131961233036,NT,NTFES,0.00119999999993,8.00001999795e-08
44311,"Finn Road, Jenkins Road WEDDELL",2025-07-19,2025-09-17,2025-07-19,Bushfire,Incendiary,Sentinel,0.0961579115345,0.175422437793,NT,NTFES,0.00160000000028,8.0000000028e-08
44311,"Finn Road, Jenkins Road WEDDELL",2025-07-19,2025-09-17,2025-07-19,Bushfire,Incendiary,Sentinel,0.096157404227,0.175421979531,NT,NTFES,0.00160000400024,8.00004000238e-08
44311,"Finn Road, Jenkins Road WEDDELL",2025-07-19,2025-09-17,2025-07-19,Bushfire,Incendiary,Sentinel,0.0961577702272,0.17542231818,NT,NTFES,0.00160000400024,8.00004000238e-08
44311,"Finn Road, Jenkins Road WEDDELL",2025-07-19,2025-09-17,2025-07-19,Bushfire,Incendiary,Sentinel,0.240398309604,0.263135557053,NT,NTFES,0.00240000000008,2.00000000015e-07
44311,"Finn Road, Jenkins Road WEDDELL",2025-07-19,2025-09-17,2025-07-19,Bushfire,Incendiary,Sentinel,0.336548087481,0.349260653869,NT,NTFES,0.00319999800001,2.79999199981e-07
44311,"Finn Road, Jenkins Road WEDDELL",2025-07-19,2025-09-17,2025-07-19,Bushfire,Incendiary,Sentinel,0.625034299389,0.395097724123,NT,NTFES,0.00360000000012,5.20000600016e-07
44311,"Finn Road, Jenkins Road WEDDELL",2025-07-19,2025-09-17,2025-07-19,Bushfire,Incendiary,Sentinel,0.86542754466,0.438557625925,NT,NTFES,0.00399999799993,7.1999940001e-07
44311,"Finn Road, Jenkins Road WEDDELL",2025-07-19,2025-09-17,2025-07-19,Bushfire,Incendiary,Sentinel,1.0577406395,0.613189424948,NT,NTFES,0.00560000000019,8.79999200067e-07
44311,"Finn Road, Jenkins Road WEDDELL",2025-07-19,2025-09-17,2025-07-19,Bushfire,Incendiary,Sentinel,1.49045498097,0.745151551261,NT,NTFES,0.0068,1.2400012e-06
44311,"Finn Road, Jenkins Road WEDDELL",2025-07-19,2025-09-17,2025-07-19,Bushfire,Incendiary,Sentinel,9.95231148796,1.70918018255,NT,NTFES,0.0156000019999,8.2800008e-06
44311,"Finn Road, Jenkins Road WEDDELL",2025-07-19,2025-09-17,2025-07-19,Bushfire,Incendiary,Sentinel,10.8661066333,1.80086457555,NT,NTFES,0.0163999979999,9.04000100007e-06
44311,"Finn Road, Jenkins Road WEDDELL",2025-07-19,2025-09-17,2025-07-19,Bushfire,Incendiary,Sentinel,5.19247530403,2.23701973787,NT,NTFES,0.0203999919999,4.31999939994e-06
44311,"Finn Road, Jenkins Road WEDDELL",2025-07-19,2025-09-17,2025-07-19,Bushfire,Incendiary,Sentinel,9.61581281674,2.50332921212,NT,NTFES,0.0228000020001,8.00000000003e-06
44311,"Finn Road, Jenkins Road WEDDELL",2025-07-19,2025-09-17,2025-07-19,Bushfire,Incendiary,Sentinel,21.6831769268,2.71901988265,NT,NTFES,0.0247999960001,1.80399982e-05
44311,"Finn Road, Jenkins Road WEDDELL",2025-07-19,2025-09-17,2025-07-19,Bushfire,Incendiary,Sentinel,9.56759841425,3.42150902488,NT,NTFES,0.0312000059998,7.95999839996e-06
44311,"Finn Road, Jenkins Road WEDDELL",2025-07-19,2025-09-17,2025-07-19,Bushfire,Incendiary,Sentinel,18.654757279,4.29549307168,NT,NTFES,0.0391999980002,1.55199998e-05
44311,"Finn Road, Jenkins Road WEDDELL",2025-07-19,2025-09-17,2025-07-19,Bushfire,Incendiary,Sentinel,274.435092171,21.896313137,NT,NTFES,0.199600006,0.0002283199948
13682,"Finn Road, Middle Arm Road WEDDELL",2025-06-02,2025-09-17,2025-06-17,Prescribed burn,Incendiary,Sentinel,49.1299344004,6.87968811518,NT,NTFES,0.0628000079996,4.08799999998e-05
13682,"Finn Road, Middle Arm Road WEDDELL",2025-06-27,2025-09-17,2025-06-30,Prescribed burn,Incendiary,Sentinel,19.8539195973,4.16321626109,NT,NTFES,0.0379999999999,1.6519998e-05
43298,"Finn Road, WEDDELL",2025-06-28,2025-09-17,2025-07-02,Unknown,Undetermined,Sentinel,1004.14297632,41.4048967561,NT,NTFES,0.377419733176,0.000835649222956
43606,"Finn Road, WEDDELL",2025-07-03,2025-09-17,2025-07-04,Bushfire,Incendiary,Sentinel,18.5088262838,4.73462157871,NT,NTFES,0.0432000100005,1.54000008001e-05
43791,Finnis River Station Road BYNOE,2025-07-05,2025-09-17,2025-07-07,Bushfire,Incendiary,Sentinel,862.776933298,78.6560048879,NT,NTFES,0.717200040001,0.0007184400034
43791,Finnis River Station Road BYNOE,2025-07-05,2025-09-17,2025-07-12,Bushfire,Incendiary,Sentinel,250.466837618,30.0078776079,NT,NTFES,0.273999996,0.0002085599926
S111248,Fish River Gorge Block,2025-02-01,2025-09-17,2025-02-22,Unknown,Undetermined,Sentinel,8.64593361619,2.0087212593,NT,Parks,0.0184000019999,7.23999999995e-06
S111249,Fish River Gorge Block,2025-04-01,2025-09-17,2025-04-23,Unknown,Undetermined,Sentinel,349.533286447,37.3839442847,NT,Parks,0.342399981999,0.0002925599918
S111250,Fish River Gorge Block,2025-04-01,2025-09-17,2025-04-23,Unknown,Undetermined,Sentinel,256.45818881,37.7951948094,NT,Parks,0.346000030001,0.0002147199964
S111251,Fish River Gorge Block,2025-04-01,2025-09-17,2025-04-23,Unknown,Undetermined,Sentinel,381.94339992,38.2207668497,NT,Parks,0.349999988,0.0003200000022
S111252,Fish River Gorge Block,2025-04-01,2025-09-17,2025-04-23,Unknown,Undetermined,Sentinel,199.142143513,64.2384558055,NT,Parks,0.588000024001,0.0001668000064
S111253,Fish River Gorge Block,2025-04-01,2025-09-17,2025-04-25,Unknown,Undetermined,Sentinel,443.82886918,69.7545146047,NT,Parks,0.638400000001,0.0003717199978
S111254,Fish River Gorge Block,2025-04-01,2025-09-17,2025-04-25,Unknown,Undetermined,Sentinel,5161.72494214,262.813678408,NT,Parks,2.404800034,0.004323559994
S111255,Fish River Gorge Block,2025-04-01,2025-09-17,2025-04-30,Unknown,Undetermined,Sentinel,0.0955633740036,0.130629236915,NT,Parks,0.00119999999993,7.99997999837e-08
S111256,Fish River Gorge Block,2025-04-01,2025-09-17,2025-04-30,Unknown,Undetermined,Sentinel,0.477876811177,0.350856276468,NT,Parks,0.00320000199997,4.00001000016e-07
S111257,Fish River Gorge Block,2025-04-01,2025-09-17,2025-04-30,Unknown,Undetermined,Sentinel,3.72739612196,2.09873787491,NT,Parks,0.0192,3.12000100005e-06
S111258,Fish River Gorge Block,2025-04-01,2025-09-17,2025-04-30,Unknown,Undetermined,Sentinel,214.422206428,49.7139924503,NT,Parks,0.455200007999,0.0001795200066
S111259,Fish River Gorge Block,2025-04-25,2025-09-17,2025-04-30,Unknown,Undetermined,Sentinel,308.903545143,35.9446105369,NT,Parks,0.328800007999,0.0002588000022
S111260,Fish River Gorge Block,2025-04-25,2025-09-17,2025-04-30,Unknown,Undetermined,Sentinel,3929.69308356,173.962052466,NT,Parks,1.592400072,0.0032923199932
S111261,Fish River Gorge Block,2025-05-01,2025-09-17,2025-05-08,Unknown,Undetermined,Sentinel,176.347748882,25.6193130871,NT,Parks,0.234799982,0.000147760006
S111262,Fish River Gorge Block,2025-05-03,2025-09-17,2025-05-13,Unknown,Undetermined,Sentinel,5.25090508043,1.39730110931,NT,Parks,0.0127999979998,4.39999999993e-06
S111263,Fish River Gorge Block,2025-05-03,2025-09-17,2025-05-13,Unknown,Undetermined,Sentinel,908.767036968,53.5270164867,NT,Parks,0.490400039999,0.0007614400004
S111264,Fish River Gorge Block,2025-05-03,2025-09-17,2025-05-18,Unknown,Undetermined,Sentinel,3.72592849383,2.22343123361,NT,Parks,0.0203999979998,3.12000019991e-06
S111265,Fish River Gorge Block,2025-05-03,2025-09-17,2025-05-18,Unknown,Undetermined,Sentinel,908.056490049,49.4345654711,NT,Parks,0.452799986,0.0007607599902
S111266,Fish River Gorge Block,2025-05-03,2025-09-17,2025-05-23,Unknown,Undetermined,Sentinel,33.8471905824,8.70064683386,NT,Parks,0.0796000040004,2.83599992002e-05
S111267,Fish River Gorge Block,2025-05-03,2025-09-17,2025-05-23,Unknown,Undetermined,Sentinel,602.781577429,39.6504487373,NT,Parks,0.363199978,0.0005050399934
S111268,Fish River Gorge Block,2025-05-03,2025-09-17,2025-05-28,Unknown,Undetermined,Sentinel,100.486663591,8.04101218765,NT,Parks,0.0736000020003,8.41999960004e-05
S111269,Fish River Gorge Block,2025-05-03,2025-09-17,2025-05-28,Unknown,Undetermined,Sentinel,86.3244137767,14.3784241045,NT,Parks,0.131599998,7.23200019997e-05
S111270,Fish River Gorge Block,2025-05-03,2025-09-17,2025-05-31,Unknown,Undetermined,Sentinel,0.0477348319565,0.0874003020677,NT,Parks,0.000799995999955,3.99995999965e-08
S111271,Fish River Gorge Block,2025-05-03,2025-09-17,2025-05-31,Unknown,Undetermined,Sentinel,0.95554334445,0.872238054955,NT,Parks,0.00799999799995,7.99998599978e-07
S111272,Fish River Gorge Block,2025-05-03,2025-09-17,2025-05-31,Unknown,Undetermined,Sentinel,12.937656097,6.41595784737,NT,Parks,0.0588000020006,1.08399996001e-05
S111273,Fish River Gorge Block,2025-05-13,2025-09-17,2025-05-18,Unknown,Undetermined,Sentinel,6.59320806205,1.96466292639,NT,Parks,0.0180000000001,5.52000120012e-06
S111274,Fish River Gorge Block,2025-05-13,2025-09-17,2025-05-18,Unknown,Undetermined,Sentinel,124.114774389,11.0103143326,NT,Parks,0.100799997999,0.000103920001
S111275,Fish River Gorge Block,2025-05-13,2025-09-17,2025-05-23,Unknown,Undetermined,Sentinel,1.05103923364,0.78800164867,NT,Parks,0.00720000199976,8.80000600008e-07
S111276,Fish River Gorge Block,2025-05-13,2025-09-17,2025-05-23,Unknown,Undetermined,Sentinel,11.4176834076,6.85552621937,NT,Parks,0.0627999819999,9.55999740003e-06
S111277,Fish River Gorge Block,2025-06-02,2025-09-17,2025-06-07,Unknown,Undetermined,Sentinel,4303.13164309,204.809791797,NT,Parks,1.875600012,0.0036039199874
S111278,Fish River Gorge Block,2025-06-02,2025-09-17,2025-06-07,Unknown,Undetermined,Sentinel,15292.6427017,703.360408894,NT,Parks,6.437999996,0.012807480011
S111279,Fish River Gorge Block,2025-06-02,2025-09-17,2025-06-17,Unknown,Undetermined,Sentinel,931.586881573,69.166581746,NT,Parks,0.633200042,0.0007799199996
S111280,Fish River Gorge Block,2025-06-07,2025-09-17,2025-06-12,Unknown,Undetermined,Sentinel,15835.1733586,386.096059698,NT,Parks,3.535599888,0.0132610400122
S111281,Fish River Gorge Block,2025-06-07,2025-09-17,2025-06-12,Unknown,Undetermined,Sentinel,8775.02562675,480.244755937,NT,Parks,4.394400072,0.0073492000286
S111282,Fish River Gorge Block,2025-06-12,2025-09-17,2025-06-17,Unknown,Undetermined,Sentinel,11154.7363295,293.382521216,NT,Parks,2.687199966,0.0093434400096
S111283,Fish River Gorge Block,2025-06-17,2025-09-17,2025-06-22,Unknown,Undetermined,Sentinel,1514.1463902,91.7496343776,NT,Parks,0.84039997,0.0012683999834
S111284,Fish River Gorge Block,2025-06-17,2025-09-17,2025-06-27,Unknown,Undetermined,Sentinel,1295.36703311,70.6168477603,NT,Parks,0.646400038001,0.0010852000136
S111285,Fish River Gorge Block,2025-06-17,2025-09-17,2025-06-27,Unknown,Undetermined,Sentinel,3200.6615784,189.676264705,NT,Parks,1.73600001,0.0026810800172
S111286,Fish River Gorge Block,2025-06-27,2025-09-17,2025-06-30,Unknown,Undetermined,Sentinel,0.0477558894704,0.0874193304075,NT,Parks,0.000799998000161,3.99998000161e-08
S111287,Fish River Gorge Block,2025-07-01,2025-09-17,2025-07-02,Unknown,Undetermined,Sentinel,267.15291151,21.6015540887,NT,Parks,0.197599998,0.0002237600038
S111288,Fish River Gorge Block,2025-07-01,2025-09-17,2025-07-07,Unknown,Undetermined,Sentinel,400.051692366,28.1812165286,NT,Parks,0.258000008,0.000335079998
S111289,Fish River Gorge Block,2025-07-01,2025-09-17,2025-07-12,Unknown,Undetermined,Sentinel,95.4088341874,8.08764020141,NT,Parks,0.0740000019996,7.99200018003e-05
S111290,Fish River Gorge Block,2025-07-12,2025-09-17,2025-07-27,Unknown,Undetermined,Sentinel,0.143359080772,0.174893636361,NT,Parks,0.00160000200003,1.20000400015e-07
42582,"Florence Falls Access, LITCHFIELD PARK",2025-06-05,2025-09-17,2025-06-27,Bushfire,Incendiary,Sentinel,9.21262051124,2.4136256796,NT,Parks,0.0219999980002,7.680001e-06
42781,"Fog Bay Road, BYNOE",2025-06-10,2025-09-17,2025-06-12,Bushfire,Undetermined,Sentinel,0.144129351934,0.175357817014,NT,NTFES,0.00160000000005,1.19999799998e-07
42781,"Fog Bay Road, BYNOE",2025-06-10,2025-09-17,2025-06-12,Bushfire,Undetermined,Sentinel,175.743320321,27.7850244427,NT,NTFES,0.253999982,0.0001463199926
42781,"Fog Bay Road, BYNOE",2025-06-10,2025-09-17,2025-06-12,Bushfire,Undetermined,Sentinel,12172.219057,301.284469628,NT,NTFES,2.749200034,0.0101362399916
43900,"Fog Bay Road, DUNDEE DOWNS",2025-07-08,2025-09-17,2025-07-10,Bushfire,Undetermined,Sentinel,57.509173447,5.8852654094,NT,NTFES,0.0536000080002,4.78800041997e-05
S111291,Fogg Dam Conservation Reserve,2025-06-02,2025-09-17,2025-06-17,Unknown,Undetermined,Sentinel,0.192360359184,0.263164006783,NT,Parks,0.00239999400003,1.59998999999e-07
S111292,Fogg Dam Conservation Reserve,2025-06-02,2025-09-17,2025-06-17,Unknown,Undetermined,Sentinel,17.4087041893,3.36752711492,NT,Parks,0.0307999959999,1.44799997999e-05
42811,"Fowler Road, BATCHELOR",2025-06-10,2025-09-17,2025-06-14,Unknown,Undetermined,Sentinel,2018.09856665,55.3705206943,NT,NTFES,0.505881469007,0.001681991161
44217,"Fox Road, VENN",2025-07-16,2025-09-17,2025-07-24,Bushfire,Undetermined,Sentinel,7.34494904085,1.61795668383,NT,NTFES,0.0147999980002,6.15999880007e-06
S111293,Garig Gunak Barlu National Park,2025-06-21,2025-09-17,2025-06-30,Prescribed burn,Undetermined,MODIS,7.55063006806,1.09915869987,NT,Parks,0.0100000019999,6.25000249982e-06
41619,"Gary Junction Road, MOUNT LIEBIG",2025-02-09,2025-09-17,2025-02-13,Bushfire,Accidental,MODIS,2132.10179811,40.7453662878,NT,NTFES,0.384999994,0.0018812499925
43243,Girraween Road KOOLPINYAH,2025-06-25,2025-09-17,2025-07-02,Bushfire,Undetermined,Sentinel,33.3780467976,4.33351004997,NT,NTFES,0.0396000000001,2.77600012001e-05
43243,Girraween Road KOOLPINYAH,2025-06-25,2025-09-17,2025-07-02,Bushfire,Undetermined,Sentinel,75.7959093262,7.58548372653,NT,NTFES,0.069200002,6.30399958e-05
44596,Girraween Road KOOLPINYAH,2025-07-31,2025-09-17,2025-07-31,Bushfire,Undetermined,Sentinel,101.482064958,11.0069521471,NT,NTFES,0.100400004,8.43999927998e-05
43243,"Girraween Road, KOOLPINYAH",2025-06-25,2025-09-17,2025-07-02,Bushfire,Incendiary,Sentinel,28.8118427124,4.30957124121,NT,NTFES,0.0391999999996,2.39600003999e-05
43243,"Girraween Road, KOOLPINYAH",2025-06-25,2025-09-17,2025-07-02,Bushfire,Incendiary,Sentinel,75.3271039082,7.02777221541,NT,NTFES,0.064000012,6.26400043999e-05
43243,"Girraween Road, KOOLPINYAH",2025-06-25,2025-09-17,2025-07-02,Bushfire,Incendiary,Sentinel,338.666496699,26.9012861813,NT,NTFES,0.245200002,0.000281640001
43243,"Girraween Road, KOOLPINYAH",2025-06-25,2025-09-17,2025-07-02,Bushfire,Incendiary,Sentinel,505.139582844,41.2552141109,NT,NTFES,0.376122316219,0.000420086723748
43243,"Girraween Road, KOOLPINYAH",2025-06-25,2025-09-17,2025-07-02,Unknown,Undetermined,Sentinel,0.0480968356177,0.0877273754925,NT,NTFES,0.00080000000014,4.0000000014e-08
43243,"Girraween Road, KOOLPINYAH",2025-06-25,2025-09-17,2025-07-02,Unknown,Undetermined,Sentinel,0.0200216691858,0.16217353193,NT,NTFES,0.00147821474629,1.66508396566e-08
S111294,"Girraween Road, KOOLPINYAH",2025-06-27,2025-09-17,2025-06-30,Unknown,Undetermined,Sentinel,402.082497992,19.3896060854,NT,NTFES,0.176804343073,0.000334376623417
43243,Girraween Road_KOOLPINYAH,2025-06-25,2025-09-17,2025-07-02,Unknown,Undetermined,Sentinel,44.5926283365,5.96514530387,NT,NTFES,0.0543999940001,3.70799924e-05
43243,Girraween Road_KOOLPINYAH,2025-06-25,2025-09-17,2025-07-02,Unknown,Undetermined,Sentinel,606.667631324,32.2291198921,NT,NTFES,0.293999996,0.0005044799936
S111295,Giwining / Flora River Nature Park,2025-03-01,2025-09-17,2025-03-16,Unknown,Undetermined,Sentinel,11.9651982695,3.58098782122,NT,Parks,0.032800002,1.00399987999e-05
S111296,Giwining / Flora River Nature Park,2025-03-01,2025-09-17,2025-03-31,Unknown,Undetermined,Sentinel,7.91287661794,3.49241329169,NT,Parks,0.0319999739997,6.63999819998e-06
S111297,Giwining / Flora River Nature Park,2025-03-01,2025-09-17,2025-03-31,Unknown,Undetermined,Sentinel,30.6441687721,10.635415307,NT,Parks,0.0975999919993,2.57199944e-05
S111298,Giwining / Flora River Nature Park,2025-04-01,2025-09-17,2025-04-25,Unknown,Undetermined,Sentinel,15.2067450353,4.93773811719,NT,Parks,0.0451999879997,1.27600004e-05
S111299,Giwining / Flora River Nature Park,2025-05-01,2025-09-17,2025-05-05,Unknown,Undetermined,Sentinel,31.8369407989,6.82780886571,NT,Parks,0.062799996,2.67199959998e-05
S111300,Giwining / Flora River Nature Park,2025-05-01,2025-09-17,2025-05-10,Unknown,Undetermined,Sentinel,42.4268421263,8.16464015392,NT,Parks,0.0747999979998,3.55999968003e-05
S111301,Giwining / Flora River Nature Park,2025-05-10,2025-09-17,2025-05-15,Unknown,Undetermined,Sentinel,4.29048165711,1.22515520083,NT,Parks,0.0111999999997,3.60000159999e-06
S111302,Giwining / Flora River Nature Park,2025-05-10,2025-09-17,2025-05-15,Unknown,Undetermined,Sentinel,7.15100262918,1.53029066578,NT,Parks,0.014000002,6.00000139995e-06
S111303,Giwining / Flora River Nature Park,2025-05-15,2025-09-17,2025-05-31,Unknown,Undetermined,Sentinel,557.412952363,22.4505051967,NT,Parks,0.205599995999,0.000467719993
S111304,Giwining / Flora River Nature Park,2025-06-01,2025-09-17,2025-06-30,Unknown,Undetermined,MODIS,104.238695901,4.36627575369,NT,Parks,0.0400000000001,8.75e-05
S111305,Giwining / Flora River Nature Park,2025-06-14,2025-09-17,2025-06-24,Unknown,Undetermined,Sentinel,15.1337498072,4.6837478003,NT,Parks,0.0427709630104,1.27025743856e-05
S111306,Giwining / Flora River Nature Park,2025-06-14,2025-09-17,2025-06-29,Unknown,Undetermined,Sentinel,102.431521563,12.031715416,NT,Parks,0.11,8.59599962001e-05
S111307,Giwining / Flora River Nature Park,2025-06-14,2025-09-17,2025-06-29,Unknown,Undetermined,Sentinel,500.930905111,30.0168483459,NT,Parks,0.275200004,0.000420440003
S111308,Giwining / Flora River Nature Park,2025-06-21,2025-09-17,2025-06-30,Unknown,Undetermined,MODIS,14.8907233919,1.64478203777,NT,Parks,0.0150000019999,1.25000049996e-05
S111309,Giwining / Flora River Nature Park,2025-06-21,2025-09-17,2025-06-30,Unknown,Undetermined,MODIS,180.593318793,11.8944019399,NT,Parks,0.109258476102,0.0001516154625
S111310,Giwining / Flora River Nature Park,2025-06-29,2025-09-17,2025-06-30,Unknown,Undetermined,Sentinel,18.3969271382,7.07512337826,NT,Parks,0.064799984,1.54399986e-05
S111311,Giwining / Flora River Nature Park,2025-06-29,2025-09-17,2025-06-30,Unknown,Undetermined,Sentinel,114.555413017,8.70329003379,NT,Parks,0.0799688021281,9.61534686001e-05
42026,"Glen Helen station, Narwietooma Station, MOUNT ZIEL",2025-05-16,2025-09-17,2025-05-16,Bushfire,Incendiary,Sentinel,355.642912438,51.6964125021,NT,NTFES,0.488046534884,0.000314655109716
42956,Goode Road LLOYD CREEK,2025-06-15,2025-09-17,2025-06-15,Bushfire,Incendiary,Sentinel,4.85591605182,1.22715452509,NT,NTFES,0.0112000040002,4.04000060005e-06
42956,Goode Road LLOYD CREEK,2025-06-15,2025-09-17,2025-06-15,Bushfire,Incendiary,Sentinel,23.1723856785,3.29182986456,NT,NTFES,0.0300000039999,1.9279999e-05
42956,Goode Road LLOYD CREEK,2025-06-15,2025-09-17,2025-06-15,Unknown,Undetermined,Sentinel,494.501295262,32.6515191263,NT,NTFES,0.297740995314,0.000411437722715
44695,"Goode Road, NOONAMAH to Doxas Road, HUMPTY DOO",2025-08-03,2025-09-17,2025-08-10,Bushfire,Undetermined,Sentinel,258.234855763,17.8457451527,NT,NTFES,0.162799987999,0.000214839997
43381,"Goondooloo Access Road, FLYING FOX",2025-06-30,2025-09-17,2025-07-06,Bushfire,Accidental,MODIS,514.73521141,11.437769369,NT,NTFES,0.105000002,0.000431250002502
43381,"Goondooloo Access Road, FLYING FOX",2025-06-30,2025-09-17,2025-07-06,Bushfire,Accidental,MODIS,10175.3140799,127.63969944,NT,NTFES,1.170000004,0.0085249999925
41886,"Gorge Road, LANDSDOWNE",2025-05-07,2025-09-17,2025-05-10,Bushfire,Incendiary,Sentinel,0.0477378575684,0.0874030409581,NT,NTFES,0.000799998000161,3.99998000161e-08
41886,"Gorge Road, LANDSDOWNE",2025-05-07,2025-09-17,2025-05-10,Bushfire,Incendiary,Sentinel,474.829008671,46.1884523834,NT,NTFES,0.422799998002,0.0003978400014
41886,"Gorge Road, LANDSDOWNE",2025-05-07,2025-09-17,2525-05-15,Bushfire,Incendiary,Sentinel,16.7087185667,8.0699397928,NT,NTFES,0.0739999959999,1.39999952e-05
43933,"Gosse River road, WARUMUNGU",2025-07-09,2025-09-17,2025-08-03,Bushfire,Undetermined,MODIS,1303.20894806,20.8898974801,NT,NTFES,0.195,0.001125
43933,"Gosse River road, WARUMUNGU",2025-07-09,2025-09-17,2025-08-03,Bushfire,Undetermined,MODIS,601.702625237,26.9385703842,NT,NTFES,0.250000004,0.000518749994999
43933,"Gosse River road, WARUMUNGU",2025-07-09,2025-09-17,2025-08-03,Bushfire,Undetermined,MODIS,1116.17815649,36.6260485524,NT,NTFES,0.339999996,0.000962499989999
43933,"Gosse River road, WARUMUNGU",2025-07-09,2025-09-17,2025-08-03,Bushfire,Undetermined,MODIS,1487.02462143,78.5828162035,NT,NTFES,0.730000002,0.00128125
43933,"Gosse River road, WARUMUNGU",2025-07-09,2025-09-17,2025-08-03,Bushfire,Undetermined,MODIS,23113.486829,218.004898275,NT,NTFES,2.02396158899,0.0199230677152
43933,"Gosse River road, WARUMUNGU",2025-07-09,2025-09-17,2025-08-03,Bushfire,Undetermined,MODIS,140630.157112,861.788921401,NT,NTFES,8.01623933735,0.121335438304
43933,"Gosse River road, WARUMUNGU",2025-07-09,2025-09-17,2025-08-03,Bushfire,Undetermined,MODIS,63362.415167,915.546923527,NT,NTFES,8.51498928492,0.0546125814409
43933,"Gosse River road, WARUMUNGU",2025-07-09,2025-09-17,2025-08-03,Bushfire,Undetermined,Sentinel,4.87301197372,2.49048825961,NT,NTFES,0.0232000060003,4.20000140007e-06
43933,"Gosse River road, WARUMUNGU",2025-07-09,2025-09-17,2025-08-03,Bushfire,Undetermined,Sentinel,39.7725376957,7.44059158983,NT,NTFES,0.0687999999998,3.43199943998e-05
43933,"Gosse River road, WARUMUNGU",2025-07-09,2025-09-17,2025-08-03,Bushfire,Undetermined,Sentinel,86.9511345294,11.8893485071,NT,NTFES,0.110632382658,7.49651520272e-05
43933,"Gosse River road, WARUMUNGU",2025-07-09,2025-09-17,2025-08-03,Bushfire,Undetermined,Sentinel,675.655205184,53.7513109669,NT,NTFES,0.500020319166,0.000582803287188
43933,"Gosse River road, WARUMUNGU",2025-07-09,2025-09-17,2025-08-03,Bushfire,Undetermined,Sentinel,3671.66746469,76.6686617342,NT,NTFES,0.713736348902,0.00316558647458
43933,"Gosse River road, WARUMUNGU",2025-07-09,2025-09-17,2025-08-03,Bushfire,Undetermined,Sentinel,2519.57329267,94.6380241632,NT,NTFES,0.87935495268,0.0021717862596
43933,"Gosse River road, WARUMUNGU",2025-07-09,2025-09-17,2025-08-03,Bushfire,Undetermined,Sentinel,2037.57234215,101.973675064,NT,NTFES,0.946799984001,0.0017575199798
43933,"Gosse River road, WARUMUNGU",2025-07-09,2025-09-17,2025-08-03,Bushfire,Undetermined,Sentinel,5887.4974091,140.3086264,NT,NTFES,1.30359999,0.0050754400096
43933,"Gosse River road, WARUMUNGU",2025-07-09,2025-09-17,2025-08-03,Bushfire,Undetermined,Sentinel,3012.6846421,211.609868888,NT,NTFES,1.96617799292,0.00259943424389
43086,"Gulardi Access Road, GREGORY",2025-06-18,2025-09-17,2025-06-22,Bushfire,Incendiary,MODIS,400.300125581,35.2866084236,NT,NTFES,0.324999994,0.000337499985
43086,"Gulardi Access Road, GREGORY",2025-06-18,2025-09-17,2025-06-22,Bushfire,Incendiary,MODIS,2283.07023182,43.4282190724,NT,NTFES,0.4,0.00192499999
44324,"Gunn Point Beach, GUNN POINT",2025-07-19,2025-09-17,2025-07-25,Bushfire,Incendiary,Sentinel,1.92352177758,0.946869496179,NT,BFNT,0.00858901826473,1.59809960065e-06
44060,"Gunn Point Road, GLYDE POINT",2025-07-12,2025-09-17,2025-07-15,Bushfire,Undetermined,Sentinel,429.873621774,28.4578084438,NT,BFNT,0.259200008,0.0003570799998
43977,"Gunn Point Road, KOOLPINYAH",2025-07-10,2025-09-17,2025-07-15,Bushfire,Incendiary,Sentinel,1210.5911211,56.1788965578,NT,BFNT,0.512399982,0.0010064400028
44315,"Gunn Point Road, KOOLPINYAH",2025-07-19,2025-09-17,2025-07-21,Bushfire,Incendiary,Sentinel,0.0962650158349,0.132009420707,NT,NTFES,0.00119999799983,7.99997999733e-08
44315,"Gunn Point Road, KOOLPINYAH",2025-07-19,2025-09-17,2025-07-21,Bushfire,Incendiary,Sentinel,461.731059467,22.7709313042,NT,NTFES,0.207600002,0.0003837199972
44059,"Gunn Point Road, SHOAL BAY (Shoal Bay Coastal Reserve)",2025-07-12,2025-09-17,2025-07-17,Bushfire,Incendiary,Sentinel,184.341761777,17.0686166858,NT,BFNT,0.155599994,0.0001532000006
44734,"Hardcastle Road, BYNOE",2025-08-03,2025-09-17,2025-08-07,Bushfire,Incendiary,Sentinel,733.080910157,61.8164757029,NT,NTFES,0.564399998,0.000610399992001
S111312,Harrison Dam Conservation Reserve,2025-06-01,2025-09-17,2025-06-12,Unknown,Undetermined,Sentinel,0.0480825939364,0.0877145064076,NT,Parks,0.00080000000014,4.0000000014e-08
S111313,Harrison Dam Conservation Reserve,2025-06-01,2025-09-17,2025-06-12,Unknown,Undetermined,Sentinel,61.6890665738,11.8508392879,NT,Parks,0.108000002,5.13199996001e-05
S111314,Harrison Dam Conservation Reserve,2025-06-02,2025-09-17,2025-06-17,Unknown,Undetermined,Sentinel,12.4540459855,6.17988655102,NT,Parks,0.0563999980002,1.03600022001e-05
S111315,Harrison Dam Conservation Reserve,2025-06-02,2025-09-17,2025-06-17,Unknown,Undetermined,Sentinel,283.263360842,25.8112654378,NT,Parks,0.235199996001,0.0002356400076
S111316,Harrison Dam Conservation Reserve,2025-06-17,2025-09-17,2025-06-22,Unknown,Undetermined,Sentinel,29.7661996376,4.56999997664,NT,Parks,0.0415999919999,2.47599957998e-05
S111317,Harrison Dam Conservation Reserve,2025-07-12,2025-09-17,2025-07-22,Unknown,Undetermined,Sentinel,0.0480828131392,0.087714704467,NT,Parks,0.000800000000027,4.00000000027e-08
S111318,Harrison Dam Conservation Reserve,2025-07-12,2025-09-17,2025-07-22,Unknown,Undetermined,Sentinel,771.516905987,27.4291894856,NT,Parks,0.250399989999,0.0006418400016
42001,"Heathers Lagoon Road, Lake Bennett",2025-05-15,2025-09-17,2025-05-15,Prescribed burn,Incendiary,Sentinel,33.3736627476,4.20248697143,NT,NTFES,0.038400002,2.78000002e-05
42718,"Heathers Lagoon Road, LAKE BENNETT",2025-06-08,2025-09-17,2025-06-12,Bushfire,Incendiary,Sentinel,3852.67510024,158.890215863,NT,NTFES,1.44853071191,0.00320871530191
42718,"Heathers Lagoon Road, LAKE BENNETT",2025-06-08,2025-09-17,2025-06-12,Unknown,Undetermined,Sentinel,365.190204781,13.9142392853,NT,Parks,0.126627956864,0.000304193352807
43830,"Hodgson River Road, LIMMEN",2025-07-06,2025-09-17,2025-07-10,Bushfire,Incendiary,MODIS,274.717504182,10.3638171203,NT,NTFES,0.0949999979998,0.00023124999
S111319,Holmes Jungle Nature Park,2025-06-01,2025-09-17,2025-06-12,Unknown,Undetermined,Sentinel,0.240585281884,0.394478032427,NT,Parks,0.00360000200021,2.00000200026e-07
S111320,Holmes Jungle Nature Park,2025-06-01,2025-09-17,2025-06-12,Unknown,Undetermined,Sentinel,2.3577771978,0.789717536537,NT,Parks,0.00719999800003,1.96000000001e-06
S111321,Holmes Jungle Nature Park,2025-06-02,2025-09-17,2025-06-17,Unknown,Undetermined,Sentinel,28.052319505,5.12520239932,NT,Parks,0.0467999999996,2.33200036e-05
S111322,Holmes Jungle Nature Park,2025-06-27,2025-09-17,2025-06-30,Unknown,Undetermined,Sentinel,0.240591169466,0.218989859078,NT,Parks,0.0019999980002,1.99999800027e-07
S111323,Holmes Jungle Nature Park,2025-06-27,2025-09-17,2025-06-30,Unknown,Undetermined,Sentinel,3.07947336479,2.98485858797,NT,Parks,0.0271999999998,2.56000000003e-06
S111324,Holmes Jungle Nature Park,2025-06-27,2025-09-17,2025-06-30,Unknown,Undetermined,Sentinel,15.7340589419,3.20760886491,NT,Parks,0.0291999880002,1.30799990001e-05
42919,"Hopewell Road, BERRY SPRINGS",2025-06-14,2025-09-17,2025-06-17,Bushfire,Accidental,Sentinel,86.2181958109,6.92131134434,NT,NTFES,0.063200008,7.17600109996e-05
44127,"Hopewell Road, BERRY SPRINGS",2025-07-14,2025-09-17,2025-07-15,Bushfire,Undetermined,Sentinel,2.64295176899,1.14157808948,NT,NTFES,0.0104000019996,2.19999900001e-06
S111325,Howard Springs Hunting Reserve,2025-06-02,2025-09-17,2025-06-17,Unknown,Undetermined,Sentinel,1.78011190916,0.83163103322,NT,Parks,0.00759999799982,1.48000199991e-06
S111326,Howard Springs Hunting Reserve,2025-06-02,2025-09-17,2025-06-17,Unknown,Undetermined,Sentinel,35.6039086033,9.86984305887,NT,Parks,0.0900000120002,2.95999985998e-05
S111327,Howard Springs Hunting Reserve,2025-06-17,2025-09-17,2025-06-22,Unknown,Undetermined,Sentinel,0.0481097623182,0.0877390564754,NT,Parks,0.000799999999913,3.99999999913e-08
S111328,Howard Springs Hunting Reserve,2025-06-17,2025-09-17,2025-06-22,Unknown,Undetermined,Sentinel,36.4662872623,7.99330896016,NT,Parks,0.072799994,3.03199996001e-05
S111329,Howard Springs Hunting Reserve,2025-06-17,2025-09-17,2025-06-27,Unknown,Undetermined,Sentinel,0.33681015232,0.26247739846,NT,Parks,0.00239999799987,2.79999599988e-07
S111330,Howard Springs Hunting Reserve,2025-06-17,2025-09-17,2025-06-27,Unknown,Undetermined,Sentinel,0.336783794332,0.263223311104,NT,Parks,0.00239999799999,2.79999200016e-07
S111331,Howard Springs Hunting Reserve,2025-06-27,2025-09-17,2025-06-30,Unknown,Undetermined,Sentinel,0.0481100272294,0.0877392919579,NT,Parks,0.000799997999934,3.99997999934e-08
S111332,Howard Springs Hunting Reserve,2025-07-01,2025-09-17,2025-07-07,Unknown,Undetermined,Sentinel,35.6020867147,4.91729607143,NT,Parks,0.0448000019995,2.9600003e-05
S111333,Howard Springs Hunting Reserve,2025-07-01,2025-09-17,2025-07-12,Unknown,Undetermined,Sentinel,0.0481155436177,0.0877442768255,NT,Parks,0.000799997999934,3.99997999934e-08
S111334,Howard Springs Hunting Reserve,2025-07-01,2025-09-17,2025-07-12,Unknown,Undetermined,Sentinel,0.04811557966,0.0877443131685,NT,Parks,0.000799998000161,3.99998000161e-08
S111335,Howard Springs Hunting Reserve,2025-08-01,2025-09-17,2025-08-06,Unknown,Undetermined,Sentinel,0.577372668367,0.877433325624,NT,Parks,0.00800000200002,4.80000400006e-07
S111336,Howard Springs Hunting Reserve,2025-08-01,2025-09-17,2025-08-06,Unknown,Undetermined,Sentinel,550.972598045,41.4691221248,NT,Parks,0.378000013999,0.0004580800006
S111337,Howard Springs Nature Park,2025-06-02,2025-09-17,2025-06-17,Unknown,Undetermined,Sentinel,1.58748451829,0.962026026687,NT,Parks,0.00880000000006,1.32000140005e-06
S111338,Howard Springs Nature Park,2025-06-02,2025-09-17,2025-06-17,Unknown,Undetermined,Sentinel,20.4453015478,7.53382651757,NT,Parks,0.0688000099999,1.70000060001e-05
S111339,Howard Springs Nature Park,2025-06-17,2025-09-17,2025-06-22,Unknown,Undetermined,Sentinel,1.87613289198,1.4068307602,NT,Parks,0.0128,1.56000060004e-06
S111340,Howard Springs Nature Park,2025-06-17,2025-09-17,2025-06-27,Unknown,Undetermined,Sentinel,6.10962960635,1.40531752569,NT,Parks,0.0128000040003,5.08000220006e-06
S111341,"Howard Springs Rd, Howard Springs",2025-06-04,2025-09-17,2025-06-17,Bushfire,Undetermined,Sentinel,190.539809766,10.4337782602,NT,NTFES,0.0952000020001,0.0001585200038
13234,Jarrahdale,2025-01-01,2025-09-17,2025-01-31,Prescribed burn,Incendiary,Sentinel,18.9805552166,11.2320922857,NT,NTFES,0.102800012001,1.5919997e-05
13234,Jarrahdale,2025-01-06,2025-09-17,2025-01-25,Prescribed burn,Incendiary,Sentinel,130.978998896,13.9350291017,NT,NTFES,0.127614431243,0.000109857398561
14958,"Jawoyn Association Management Area, NITMILUK",2025-05-15,2025-09-17,2025-07-06,Prescribed burn,Incendiary,MODIS,8659.2259615,289.169136483,NT,NTFES,2.64824650382,0.0072512148725
14958,"Jawoyn Association Management Area, NITMILUK",2025-05-15,2025-09-17,2025-07-06,Prescribed burn,Incendiary,MODIS,7.4480084076,1.08613286621,NT,Parks,0.00992919593811,6.22616382254e-06
14958,"Jawoyn Association Management Area, NITMILUK",2025-05-15,2025-09-17,2025-07-06,Prescribed burn,Incendiary,MODIS,648.753608802,29.4086022084,NT,Parks,0.269154733363,0.00054260507625
14958,"Jawoyn Association Management Area, NITMILUK",2025-06-01,2025-09-17,2025-06-04,Prescribed burn,Incendiary,Sentinel,35.7281707276,12.6227075501,NT,NTFES,0.115599998,2.99200001998e-05
14958,"Jawoyn Association Management Area, NITMILUK",2025-06-01,2025-09-17,2025-06-06,Prescribed burn,Incendiary,MODIS,5638.71591431,173.017015444,NT,NTFES,1.584999998,0.004724999975
14958,"Jawoyn Association Management Area, NITMILUK",2025-06-01,2025-09-17,2025-06-06,Prescribed burn,Incendiary,MODIS,29.8330348848,2.73817699384,NT,Parks,0.024999998,2.49999974997e-05
14958,"Jawoyn Association Management Area, NITMILUK",2025-06-01,2025-09-17,2025-06-09,Prescribed burn,Incendiary,MODIS,11022.6624893,519.798501895,NT,NTFES,4.760000012,0.009231250085
14958,"Jawoyn Association Management Area, NITMILUK",2025-06-01,2025-09-17,2025-06-09,Prescribed burn,Incendiary,MODIS,67.124654592,4.36993489179,NT,Parks,0.039999998,5.62499949998e-05
14958,"Jawoyn Association Management Area, NITMILUK",2025-06-01,2025-09-17,2025-06-09,Prescribed burn,Incendiary,MODIS,343.900910737,16.3679519976,NT,Parks,0.15,0.0002874999925
14958,"Jawoyn Association Management Area, NITMILUK",2025-06-01,2025-09-17,2025-06-09,Prescribed burn,Incendiary,Sentinel,20.8623535927,4.62580525082,NT,NTFES,0.0423999980002,1.7480005e-05
14958,"Jawoyn Association Management Area, NITMILUK",2025-06-01,2025-09-17,2025-06-09,Prescribed burn,Incendiary,Sentinel,725.936375735,66.77222455,NT,NTFES,0.610400001998,0.0006075200086
14958,"Jawoyn Association Management Area, NITMILUK",2025-06-01,2025-09-17,2025-06-09,Prescribed burn,Incendiary,Sentinel,0.621153874151,0.438280806995,NT,Parks,0.00400000199988,5.20000599971e-07
14958,"Jawoyn Association Management Area, NITMILUK",2025-06-01,2025-09-17,2025-06-09,Prescribed burn,Incendiary,Sentinel,3.3924533736,1.88375113564,NT,Parks,0.0172000040001,2.84000160002e-06
14958,"Jawoyn Association Management Area, NITMILUK",2025-06-01,2025-09-17,2025-06-14,Prescribed burn,Incendiary,MODIS,30352.058842,763.433856862,NT,NTFES,6.99160667664,0.0254322485833
14958,"Jawoyn Association Management Area, NITMILUK",2025-06-01,2025-09-17,2025-06-14,Prescribed burn,Incendiary,MODIS,7.45752680428,1.09242863905,NT,Parks,0.0100000000001,6.25000000013e-06
14958,"Jawoyn Association Management Area, NITMILUK",2025-06-01,2025-09-17,2025-06-14,Prescribed burn,Incendiary,MODIS,1071.90814881,35.6101117028,NT,Parks,0.326172046103,0.000897959032809
14958,"Jawoyn Association Management Area, NITMILUK",2025-06-01,2025-09-17,2025-06-21,Prescribed burn,Incendiary,MODIS,657.138908221,19.6467733961,NT,NTFES,0.179999996,0.000549999975
14958,"Jawoyn Association Management Area, NITMILUK",2025-06-01,2025-09-17,2025-06-21,Prescribed burn,Incendiary,MODIS,14819.8165843,773.88421775,NT,NTFES,7.09002504682,0.0124179582931
14958,"Jawoyn Association Management Area, NITMILUK",2025-06-01,2025-09-17,2025-06-21,Prescribed burn,Incendiary,MODIS,813.774300711,36.592726151,NT,Parks,0.334999986,0.0006812499825
14958,"Jawoyn Association Management Area, NITMILUK",2025-06-01,2025-09-17,2025-06-30,Prescribed burn,Incendiary,MODIS,2476.74272675,214.437018878,NT,NTFES,1.96499996,0.002074999925
14958,"Jawoyn Association Management Area, NITMILUK",2025-06-01,2025-09-17,2025-06-30,Prescribed burn,Incendiary,MODIS,201.342305608,12.3152622713,NT,Parks,0.112563479356,0.000168453703631
14958,"Jawoyn Association Management Area, NITMILUK",2025-06-01,2025-09-17,2025-06-30,Prescribed burn,Incendiary,MODIS,552.224332616,34.3617487506,NT,Parks,0.314863365616,0.000462453165828
14958,"Jawoyn Association Management Area, NITMILUK",2025-06-09,2025-09-17,2025-06-14,Prescribed burn,Incendiary,Sentinel,94.8616928697,15.7425040208,NT,Parks,0.144160862694,7.94873649102e-05
14958,"Jawoyn Association Management Area, NITMILUK",2025-06-09,2025-09-17,2025-06-14,Prescribed burn,Incendiary,Sentinel,441.264882587,37.3444000526,NT,Parks,0.34199998,0.0003697999988
14958,"Jawoyn Association Management Area, NITMILUK",2025-06-09,2025-09-17,2025-06-14,Prescribed burn,Incendiary,Sentinel,3440.22554582,151.155278037,NT,Parks,1.38224217486,0.00287986550793
14958,"Jawoyn Association Management Area, NITMILUK",2025-06-09,2025-09-17,2025-06-18,Prescribed burn,Incendiary,MODIS,11827.7247866,623.02945389,NT,NTFES,5.70935649141,0.00991167825749
14958,"Jawoyn Association Management Area, NITMILUK",2025-06-09,2025-09-17,2025-06-18,Prescribed burn,Incendiary,MODIS,574.542703965,12.5868840712,NT,Parks,0.115,0.000481250015001
14958,"Jawoyn Association Management Area, NITMILUK",2025-06-09,2025-09-17,2025-06-18,Prescribed burn,Incendiary,MODIS,1317.52176774,72.6953079083,NT,Parks,0.665725332462,0.00110370733987
14958,"Jawoyn Association Management Area, NITMILUK",2025-06-14,2025-09-17,2025-06-19,Prescribed burn,Incendiary,Sentinel,1038.126454,79.2125930052,NT,Parks,0.724978859285,0.000869855993786
14958,"Jawoyn Association Management Area, NITMILUK",2025-06-14,2025-09-17,2025-06-19,Prescribed burn,Incendiary,Sentinel,1861.23648026,184.694165358,NT,Parks,1.69090647906,0.00155954073755
14958,"Jawoyn Association Management Area, NITMILUK",2025-06-14,2025-09-17,2025-06-24,Prescribed burn,Incendiary,Sentinel,19.4878412116,3.5413349785,NT,NTFES,0.0324000020001,1.63200002001e-05
14958,"Jawoyn Association Management Area, NITMILUK",2025-06-14,2025-09-17,2025-06-29,Prescribed burn,Incendiary,Sentinel,259.001210812,14.7814381803,NT,NTFES,0.13519999,0.0002168399958
14958,"Jawoyn Association Management Area, NITMILUK",2025-06-14,2025-09-17,2025-06-29,Prescribed burn,Incendiary,Sentinel,10014.2839296,588.505343543,NT,NTFES,5.3827485702,0.00838176119144
14958,"Jawoyn Association Management Area, NITMILUK",2025-06-14,2025-09-17,2025-06-29,Prescribed burn,Incendiary,Sentinel,142.53278338,10.2765955875,NT,Parks,0.0940000000005,0.00011936
14958,"Jawoyn Association Management Area, NITMILUK",2025-06-14,2025-09-17,2025-06-29,Prescribed burn,Incendiary,Sentinel,69.3238648742,11.6414090432,NT,Parks,0.106420389827,5.7955427813e-05
14958,"Jawoyn Association Management Area, NITMILUK",2025-06-14,2025-09-17,2025-06-30,Prescribed burn,Incendiary,Sentinel,272.577321939,31.5114414488,NT,NTFES,0.288151966001,0.000227935210076
14958,"Jawoyn Association Management Area, NITMILUK",2025-06-14,2025-09-17,2025-06-30,Prescribed burn,Incendiary,Sentinel,17.0505428486,6.20123336186,NT,Parks,0.0567537170816,1.4254818527e-05
14958,"Jawoyn Association Management Area, NITMILUK",2025-06-21,2025-09-17,2025-06-30,Prescribed burn,Incendiary,MODIS,24893.1062602,916.886050059,NT,NTFES,8.39605395257,0.0208570651806
14958,"Jawoyn Association Management Area, NITMILUK",2025-06-21,2025-09-17,2025-06-30,Prescribed burn,Incendiary,MODIS,2713.47314814,81.9467674972,NT,Parks,0.749643470105,0.00227033409902
14958,"Jawoyn Association Management Area, NITMILUK",2025-06-21,2025-09-17,2025-06-30,Prescribed burn,Incendiary,MODIS,4540.93123454,190.736429898,NT,Parks,1.74416596611,0.00379991846936
14958,"Jawoyn Association Management Area, NITMILUK",2025-06-29,2025-09-17,2025-06-30,Prescribed burn,Incendiary,Sentinel,2128.39968814,189.076309242,NT,NTFES,1.72961643578,0.00178246982951
14958,"Jawoyn Association Management Area, NITMILUK",2025-07-01,2025-09-17,2025-07-04,Bushfire,Accidental,Sentinel,106.031883942,8.88276508731,NT,NTFES,0.0810794934387,8.88920338608e-05
14958,"Jawoyn Association Management Area, NITMILUK",2025-07-01,2025-09-17,2025-07-04,Prescribed burn,Incendiary,Sentinel,91.6595416139,6.82355066587,NT,NTFES,0.0624000039996,7.66400032001e-05
14958,"Jawoyn Association Management Area, NITMILUK",2025-07-01,2025-09-17,2025-07-04,Prescribed burn,Incendiary,Sentinel,6931.83910986,263.094814478,NT,NTFES,2.40882322496,0.0058108272433
14958,"Jawoyn Association Management Area, NITMILUK",2025-07-01,2025-09-17,2025-07-10,Prescribed burn,Incendiary,MODIS,514.33085827,23.5319941692,NT,NTFES,0.215000002,0.0004312499925
14958,"Jawoyn Association Management Area, NITMILUK",2025-07-01,2025-09-17,2025-07-10,Prescribed burn,Incendiary,MODIS,529.706895792,20.1381657447,NT,Parks,0.185,0.000443750020001
14958,"Jawoyn Association Management Area, NITMILUK",2025-07-01,2025-09-17,2025-07-14,Prescribed burn,Incendiary,MODIS,1950.92673262,149.737457952,NT,NTFES,1.371309238,0.00163401373061
14958,"Jawoyn Association Management Area, NITMILUK",2025-07-01,2025-09-17,2025-07-14,Prescribed burn,Incendiary,MODIS,22.37607933,2.1850248151,NT,Parks,0.02,1.87499999998e-05
14958,"Jawoyn Association Management Area, NITMILUK",2025-07-01,2025-09-17,2025-07-14,Prescribed burn,Incendiary,MODIS,134.352157891,7.12410209827,NT,Parks,0.0649999999999,0.000112500000001
14958,"Jawoyn Association Management Area, NITMILUK",2025-07-01,2025-09-17,2025-07-16,Prescribed burn,Incendiary,MODIS,663.689557035,23.5218027128,NT,NTFES,0.214999998,0.00055625001
14958,"Jawoyn Association Management Area, NITMILUK",2025-07-04,2025-09-17,2025-07-09,Prescribed burn,Incendiary,Sentinel,5.44012875566,1.31193677875,NT,NTFES,0.0120000000001,4.55999820003e-06
14958,"Jawoyn Association Management Area, NITMILUK",2025-07-04,2025-09-17,2025-07-09,Prescribed burn,Incendiary,Sentinel,11.1554844645,1.8127778207,NT,Parks,0.0165247543041,9.32560679399e-06
14958,"Jawoyn Association Management Area, NITMILUK",2025-07-04,2025-09-17,2025-07-09,Prescribed burn,Incendiary,Sentinel,4518.74204965,242.135200305,NT,Parks,2.2172717624,0.00378719390145
14958,"Jawoyn Association Management Area, NITMILUK",2025-07-09,2025-09-17,2025-07-14,Prescribed burn,Incendiary,Sentinel,508.475921602,65.2701890267,NT,Parks,0.597199982,0.000425800004201
14958,"Jawoyn Association Management Area, NITMILUK",2025-07-14,2025-09-17,2025-07-19,Prescribed burn,Incendiary,Sentinel,23.3213809481,3.56887253248,NT,NTFES,0.0326655291435,1.95541797908e-05
14958,"Jawoyn Association Management Area, NITMILUK",2025-07-14,2025-09-17,2025-07-19,Prescribed burn,Incendiary,Sentinel,25.870032509,4.88973601471,NT,NTFES,0.0447999959996,2.16800029999e-05
14958,"Jawoyn Association Management Area, NITMILUK",2025-07-14,2025-09-17,2025-07-24,Prescribed burn,Incendiary,Sentinel,0.381848943725,0.391610745619,NT,NTFES,0.00359999999978,3.19999399948e-07
14958,"Jawoyn Association Management Area, NITMILUK",2025-07-14,2025-09-17,2025-07-24,Prescribed burn,Incendiary,Sentinel,618.554520822,57.2532572928,NT,NTFES,0.524000016001,0.0005180400018
14958,"Jawoyn Association Management Area, NITMILUK",2025-07-21,2025-09-17,2025-08-01,Prescribed burn,Incendiary,MODIS,223.955053973,9.82148291245,NT,NTFES,0.0900000040001,0.000187500015001
14958,"Jawoyn Association Management Area, NITMILUK",2025-07-21,2025-09-17,2025-08-01,Prescribed burn,Incendiary,MODIS,477.042901232,35.4266793532,NT,NTFES,0.324818218519,0.000399950234668
14958,"Jawoyn Association Management Area, NITMILUK",2025-07-24,2025-09-17,2025-07-31,Prescribed burn,Incendiary,Sentinel,901.881645528,48.3520216168,NT,NTFES,0.442800008,0.0007561599988
12985,"Jawoyn Rangers Management Area, NITMILUK",2025-02-01,2025-09-17,2025-02-28,Prescribed burn,Incendiary,Sentinel,0.0954685679982,0.131656798904,NT,NTFES,0.00119999999981,8.00001999681e-08
12985,"Jawoyn Rangers Management Area, NITMILUK",2025-02-01,2025-09-17,2025-02-28,Prescribed burn,Incendiary,Sentinel,5.25079798048,2.14074258397,NT,NTFES,0.0196000019998,4.40000099989e-06
12985,"Jawoyn Rangers Management Area, NITMILUK",2025-02-01,2025-09-17,2025-02-28,Unknown,Undetermined,Sentinel,0.906879959842,0.566399862877,NT,Parks,0.00520000000006,7.59999999958e-07
12985,"Jawoyn Rangers Management Area, NITMILUK",2025-02-01,2025-09-17,2025-02-28,Unknown,Undetermined,Sentinel,3626.10581136,1651.98903499,NT,Parks,15.1205743498,0.00303785062265
12985,"Jawoyn Rangers Management Area, NITMILUK",2025-02-01,2025-09-17,2025-02-28,Unknown,Undetermined,Sentinel,3208.50390751,1782.01929703,NT,Parks,16.3115159132,0.00268807498603
12985,"Jawoyn Rangers Management Area, NITMILUK",2025-02-01,2025-09-17,2025-03-01,Unknown,Undetermined,MODIS,22943.5741549,918.884108128,NT,Parks,8.40878322016,0.0192038653842
12985,"Jawoyn Rangers Management Area, NITMILUK",2025-02-25,2025-09-17,2025-02-28,Unknown,Undetermined,Sentinel,20.2500297948,6.30423739902,NT,NTFES,0.0576,1.69599981999e-05
12985,"Jawoyn Rangers Management Area, NITMILUK",2025-02-27,2025-09-17,2025-04-01,Unknown,Undetermined,MODIS,9777.50631572,419.621078053,NT,Parks,3.84020930025,0.00818455711012
12985,"Jawoyn Rangers Management Area, NITMILUK",2025-03-01,2025-09-17,2025-03-01,Unknown,Undetermined,Sentinel,79.2870327928,73.4093145438,NT,Parks,0.672000054,6.64400158004e-05
12985,"Jawoyn Rangers Management Area, NITMILUK",2025-03-01,2025-09-17,2025-03-16,Unknown,Undetermined,Sentinel,199.433355173,15.1754674373,NT,NTFES,0.138800008,0.0001669200012
12985,"Jawoyn Rangers Management Area, NITMILUK",2025-03-01,2025-09-17,2025-03-31,Unknown,Undetermined,Sentinel,716.015552117,92.5121849691,NT,NTFES,0.846132921,0.000599386101949
12985,"Jawoyn Rangers Management Area, NITMILUK",2025-03-01,2025-09-17,2025-03-31,Unknown,Undetermined,Sentinel,2077.09033404,283.899061696,NT,NTFES,2.59762886345,0.00173969308842
12985,"Jawoyn Rangers Management Area, NITMILUK",2025-04-01,2025-09-17,2025-04-20,Unknown,Undetermined,Sentinel,520.502680035,45.0733346275,NT,NTFES,0.412115323247,0.000435348093158
12985,"Jawoyn Rangers Management Area, NITMILUK",2025-04-01,2025-09-17,2025-04-20,Unknown,Undetermined,Sentinel,105.428375586,105.728492619,NT,NTFES,0.967097707348,8.81983262303e-05
12985,"Jawoyn Rangers Management Area, NITMILUK",2025-04-01,2025-09-17,2025-04-25,Unknown,Undetermined,Sentinel,7884.83469118,1090.31225213,NT,Parks,9.97617358737,0.00660191248413
12985,"Jawoyn Rangers Management Area, NITMILUK",2025-04-01,2025-09-17,2025-04-27,Unknown,Undetermined,MODIS,15027.2236095,665.05504871,NT,Parks,6.08908757314,0.0125768574141
12985,"Jawoyn Rangers Management Area, NITMILUK",2025-04-01,2025-09-17,2025-04-30,Unknown,Undetermined,MODIS,9450.27849011,440.059323981,NT,Parks,4.02740466689,0.00790843564777
12985,"Jawoyn Rangers Management Area, NITMILUK",2025-04-01,2025-09-17,2025-04-30,Unknown,Undetermined,Sentinel,5.26155489946,1.79300062954,NT,NTFES,0.0164000040003,4.40000359999e-06
12985,"Jawoyn Rangers Management Area, NITMILUK",2025-04-01,2025-09-17,2025-04-30,Unknown,Undetermined,Sentinel,97.6746060642,12.1470262767,NT,NTFES,0.111408108001,8.16815939238e-05
12985,"Jawoyn Rangers Management Area, NITMILUK",2025-04-01,2025-09-17,2025-04-30,Unknown,Undetermined,Sentinel,270.801104914,29.0880824261,NT,NTFES,0.26599999,0.000226400002
12985,"Jawoyn Rangers Management Area, NITMILUK",2025-04-01,2025-09-17,2025-04-30,Unknown,Undetermined,Sentinel,1763.51222525,200.85787902,NT,NTFES,1.83696901909,0.00147616992966
12985,"Jawoyn Rangers Management Area, NITMILUK",2025-04-01,2025-09-17,2025-04-30,Unknown,Undetermined,Sentinel,3575.92750352,491.323344717,NT,NTFES,4.49445316517,0.00299109719001
12985,"Jawoyn Rangers Management Area, NITMILUK",2025-04-17,2025-09-17,2025-04-30,Unknown,Undetermined,MODIS,5002.45819329,310.126721574,NT,Parks,2.84047713493,0.0041862819106
12985,"Jawoyn Rangers Management Area, NITMILUK",2025-04-25,2025-09-17,2025-04-30,Unknown,Undetermined,Sentinel,164.906744863,58.6520107065,NT,NTFES,0.536399982,0.000138040006
12985,"Jawoyn Rangers Management Area, NITMILUK",2025-05-01,2025-09-17,2025-05-05,Unknown,Undetermined,Sentinel,614.301466495,55.000215452,NT,NTFES,0.503199978001,0.0005143199994
12985,"Jawoyn Rangers Management Area, NITMILUK",2025-05-01,2025-09-17,2025-05-10,Unknown,Undetermined,MODIS,25291.5035086,851.063869721,NT,Parks,7.79136921437,0.021159076862
12985,"Jawoyn Rangers Management Area, NITMILUK",2025-05-01,2025-09-17,2025-05-10,Unknown,Undetermined,Sentinel,2180.80800375,149.031835878,NT,NTFES,1.36377557514,0.00182343046205
12985,"Jawoyn Rangers Management Area, NITMILUK",2025-05-01,2025-09-17,2025-05-10,Unknown,Undetermined,Sentinel,12269.8314989,1096.54968067,NT,NTFES,10.0336741003,0.0102714128131
12985,"Jawoyn Rangers Management Area, NITMILUK",2025-05-01,2025-09-17,2025-05-14,Unknown,Undetermined,MODIS,7822.83704315,401.358984425,NT,Parks,3.67501886749,0.00654689340808
12985,"Jawoyn Rangers Management Area, NITMILUK",2025-05-01,2025-09-17,2025-05-15,Unknown,Undetermined,Sentinel,29.6130159207,15.5596167073,NT,NTFES,0.142399984,2.47599966e-05
12985,"Jawoyn Rangers Management Area, NITMILUK",2025-05-01,2025-09-17,2525-05-15,Unknown,Undetermined,Sentinel,9274.73075961,989.651522845,NT,Parks,9.05724372,0.00776043475472
12985,"Jawoyn Rangers Management Area, NITMILUK",2025-05-07,2025-09-17,2025-06-01,Unknown,Undetermined,MODIS,10453.3411637,410.134166676,NT,Parks,3.7544266562,0.00874717810205
12985,"Jawoyn Rangers Management Area, NITMILUK",2025-05-10,2025-09-17,2025-05-15,Unknown,Undetermined,Sentinel,1939.48249191,163.439061834,NT,NTFES,1.49544956983,0.00162325903363
12985,"Jawoyn Rangers Management Area, NITMILUK",2025-05-14,2025-09-17,2025-05-22,Unknown,Undetermined,MODIS,7409.57942896,207.264743178,NT,Parks,1.89871510744,0.00620246922577
12985,"Jawoyn Rangers Management Area, NITMILUK",2025-05-15,2025-09-17,2025-05-25,Unknown,Undetermined,Sentinel,3930.29011994,272.341002759,NT,NTFES,2.49082347409,0.00328816171156
12985,"Jawoyn Rangers Management Area, NITMILUK",2025-05-15,2025-09-17,2025-05-30,Unknown,Undetermined,Sentinel,6888.41402257,632.983364739,NT,NTFES,5.79717807849,0.0057732967415
12985,"Jawoyn Rangers Management Area, NITMILUK",2025-05-15,2025-09-17,2025-05-31,Unknown,Undetermined,Sentinel,82.7946762673,16.8193117049,NT,NTFES,0.154000004,6.93199967996e-05
12985,"Jawoyn Rangers Management Area, NITMILUK",2025-05-15,2025-09-17,2025-05-31,Unknown,Undetermined,Sentinel,1125.48904528,147.973958247,NT,NTFES,1.353600018,0.000942559999801
12985,"Jawoyn Rangers Management Area, NITMILUK",2025-05-15,2025-09-17,2025-05-31,Unknown,Undetermined,Sentinel,383.796455213,50.8239182044,NT,Parks,0.465558360944,0.000321596624766
12985,"Jawoyn Rangers Management Area, NITMILUK",2025-05-15,2025-09-17,2025-05-31,Unknown,Undetermined,Sentinel,7543.00330005,340.912739405,NT,Parks,3.11949514237,0.00630664428241
43325,"Jenkins Rd, Weddell",2025-06-29,2025-09-17,2025-06-29,Bushfire,Undetermined,Sentinel,223.794329969,17.9567054848,NT,NTFES,0.163600015999,0.0001862000054
44309,"Jenkins Road, NOONAMAH",2025-07-19,2025-09-17,2025-07-19,Bushfire,Undetermined,Sentinel,330.220089135,20.6584538059,NT,NTFRS,0.188399995999,0.0002747200108
42261,"Jenkins Road, NOONAMAH",2025-05-24,2025-09-17,2025-05-24,Bushfire,Incendiary,Sentinel,128.524890217,11.5000718285,NT,NTFES,0.104799998,0.0001069199962
43325,"Jenkins Road, WEDDELL",2025-06-29,2025-09-17,2025-06-29,Bushfire,Undetermined,Sentinel,2945.23821003,103.886415816,NT,NTFES,0.946800010001,0.0024501600052
44039,"Jenkins road, WEDELL",2025-07-11,2025-09-17,2025-07-14,Bushfire,Incendiary,Sentinel,0.0961492147301,0.13195837623,NT,NTFES,0.0012000019999,8.00001999805e-08
44039,"Jenkins road, WEDELL",2025-07-11,2025-09-17,2025-07-14,Bushfire,Incendiary,Sentinel,13.2688813929,5.5287803045,NT,NTFES,0.0504000100003,1.10400038002e-05
44039,"Jenkins road, WEDELL",2025-07-11,2025-09-17,2025-07-14,Bushfire,Incendiary,Sentinel,71.1505269138,7.32793112396,NT,NTFES,0.0668000020006,5.91999952e-05
44039,"Jenkins road, WEDELL",2025-07-11,2025-09-17,2025-07-14,Bushfire,Incendiary,Sentinel,251.0538206,21.8521241882,NT,NTFES,0.199200006,0.000208879994
44299,"Jindare Station, DOUGLAS DALY",2025-07-18,2025-09-17,2025-07-20,Bushfire,Accidental,Sentinel,5.88253875266,1.27106483285,NT,NTFES,0.0116000019999,4.91999760001e-06
44299,"Jindare Station, DOUGLAS DALY",2025-07-18,2025-09-17,2025-07-20,Bushfire,Accidental,Sentinel,2812.17324976,75.6801055162,NT,NTFES,0.691999996001,0.0023523200392
44299,"Jindare Station, DOUGLAS DALY",2025-07-18,2025-09-17,2025-07-20,Bushfire,Accidental,Sentinel,3078.70988437,83.4187145799,NT,NTFES,0.762400004,0.0025751200178
44299,"Jindare Station, DOUGLAS DALY",2025-07-18,2025-09-17,2025-07-20,Bushfire,Accidental,Sentinel,4872.40337971,141.899628352,NT,NTFES,1.298400016,0.0040776799872
44299,"Jindare Station, DOUGLAS DALY",2025-07-18,2025-09-17,2025-07-20,Unknown,Undetermined,Sentinel,4.68730921958,3.1710178905,NT,NTFES,0.0288000000003,3.91999979989e-06
44299,"Jindare Station, DOUGLAS DALY",2025-07-18,2025-09-17,2025-07-20,Unknown,Undetermined,Sentinel,4.44737945627,5.4792786745,NT,NTFES,0.0499999939998,3.72000099992e-06
S111342,Judbarra / Gregory National Park,2025-01-01,2025-09-17,2025-01-11,Unknown,Undetermined,MODIS,1103.92234521,24.9904884552,NT,Parks,0.229999998,0.0009312500075
S111343,Judbarra / Gregory National Park,2025-01-01,2025-09-17,2025-01-11,Unknown,Undetermined,MODIS,3339.2269633,63.1733106233,NT,Parks,0.579999994,0.0028187500175
S111344,Judbarra / Gregory National Park,2025-01-01,2025-09-17,2025-02-01,Unknown,Undetermined,MODIS,503.183413292,30.507975722,NT,Parks,0.279999988,0.00042499999
S111345,Judbarra / Gregory National Park,2025-01-11,2025-09-17,2025-01-20,Unknown,Undetermined,MODIS,296.149988697,9.27967428776,NT,Parks,0.085,0.000250000005
S111346,Judbarra / Gregory National Park,2025-02-01,2025-09-17,2025-03-01,Unknown,Undetermined,MODIS,259.462827896,13.0532476989,NT,Parks,0.120000002,0.0002187500025
S111347,Judbarra / Gregory National Park,2025-02-27,2025-09-17,2025-04-01,Unknown,Undetermined,MODIS,355.723540706,14.1228356515,NT,Parks,0.129999998,0.0002999999975
S111348,Judbarra / Gregory National Park,2025-03-01,2025-09-17,2025-03-16,Unknown,Undetermined,MODIS,2253.4950431,47.3540990878,NT,Parks,0.434999996,0.0018999999575
S111349,Judbarra / Gregory National Park,2025-03-01,2025-09-17,2025-03-31,Unknown,Undetermined,MODIS,155.677915395,9.85506476537,NT,Parks,0.090000002,0.000131250005
S111350,Judbarra / Gregory National Park,2025-04-01,2025-09-17,2025-04-27,Unknown,Undetermined,MODIS,1903.40612305,125.62864967,NT,Parks,1.155000002,0.0016062500025
S111351,Judbarra / Gregory National Park,2025-04-01,2025-09-17,2025-04-27,Unknown,Undetermined,MODIS,64488.4705806,776.950368432,NT,Parks,7.139999998,0.05439999998
S111352,Judbarra / Gregory National Park,2025-04-01,2025-09-17,2025-04-30,Unknown,Undetermined,MODIS,140.887356245,12.0000552861,NT,Parks,0.11,0.000118749994999
S111353,Judbarra / Gregory National Park,2025-04-01,2025-09-17,2025-04-30,Unknown,Undetermined,MODIS,1163.43180258,87.0883917732,NT,Parks,0.800000014,0.000981250025001
S111354,Judbarra / Gregory National Park,2025-04-01,2025-09-17,2025-04-30,Unknown,Undetermined,MODIS,8330.37580365,122.582051887,NT,Parks,1.12500002,0.0070250000275
S111355,Judbarra / Gregory National Park,2025-04-01,2025-09-17,2025-04-30,Unknown,Undetermined,MODIS,2355.31319998,153.281579816,NT,Parks,1.41000002,0.00198750002
S111356,Judbarra / Gregory National Park,2025-04-17,2025-09-17,2025-04-30,Unknown,Undetermined,MODIS,571.519055582,15.7284131558,NT,Parks,0.144999998,0.000481249999999
S111357,Judbarra / Gregory National Park,2025-05-01,2025-09-17,2025-05-10,Unknown,Undetermined,MODIS,36202.047431,468.474143962,NT,Parks,4.31360077031,0.0306937500113
S111358,Judbarra / Gregory National Park,2025-05-01,2025-09-17,2025-05-10,Unknown,Undetermined,MODIS,49739.1313528,758.57415699,NT,Parks,6.99499999,0.04217500003
S111359,Judbarra / Gregory National Park,2025-05-01,2025-09-17,2025-05-14,Unknown,Undetermined,MODIS,1846.56040751,43.5628592041,NT,Parks,0.4,0.0015562499625
S111360,Judbarra / Gregory National Park,2025-05-01,2025-09-17,2025-05-14,Unknown,Undetermined,MODIS,10604.461428,570.387607661,NT,Parks,5.260000024,0.00898750002
S111361,Judbarra / Gregory National Park,2025-05-01,2025-09-17,2025-05-19,Unknown,Undetermined,MODIS,3249.33708057,66.4542417872,NT,Parks,0.609999994,0.0027437500075
S111362,Judbarra / Gregory National Park,2025-05-01,2025-09-17,2025-05-19,Unknown,Undetermined,MODIS,5160.41016125,313.220638481,NT,Parks,2.880000012,0.004356250065
S111363,Judbarra / Gregory National Park,2025-05-07,2025-09-17,2025-06-01,Unknown,Undetermined,MODIS,9153.04735721,107.20898869,NT,Parks,0.985,0.00771249998
S111364,Judbarra / Gregory National Park,2025-05-07,2025-09-17,2025-06-01,Unknown,Undetermined,MODIS,3663.39053493,139.605130206,NT,Parks,1.284999984,0.003093750005
S111365,Judbarra / Gregory National Park,2025-05-14,2025-09-17,2025-05-22,Unknown,Undetermined,MODIS,1628.09936881,33.2203098639,NT,Parks,0.304999998,0.0013750000225
S111366,Judbarra / Gregory National Park,2025-05-14,2025-09-17,2025-05-22,Unknown,Undetermined,MODIS,10074.9407392,145.108838496,NT,Parks,1.33500001,0.0085062500475
S111367,Judbarra / Gregory National Park,2025-06-01,2025-09-17,2025-06-09,Unknown,Undetermined,MODIS,362.64596402,18.557014781,NT,Parks,0.169999998,0.000306250042501
S111368,Judbarra / Gregory National Park,2025-06-01,2025-09-17,2025-06-14,Unknown,Undetermined,MODIS,118.427108502,8.17210215014,NT,Parks,0.0750000080002,0.0001000000175
S111369,Judbarra / Gregory National Park,2025-06-01,2025-09-17,2025-06-21,Unknown,Undetermined,MODIS,22.219515987,2.73077494333,NT,Parks,0.0250000000001,1.87500025002e-05
S111370,Judbarra / Gregory National Park,2025-06-01,2025-09-17,2025-06-30,Unknown,Undetermined,MODIS,22.2582942665,2.17935269327,NT,Parks,0.020000002,1.87500050001e-05
S111371,Judbarra / Gregory National Park,2025-06-09,2025-09-17,2025-06-18,Unknown,Undetermined,MODIS,29.6252992938,3.28403420522,NT,Parks,0.0300000000001,2.50000000001e-05
S111372,Judbarra / Gregory National Park,2025-06-21,2025-09-17,2025-06-30,Unknown,Undetermined,MODIS,7.41699716646,1.08949993932,NT,Parks,0.00999999999988,6.24999999985e-06
S111373,Judbarra / Gregory National Park,2025-06-21,2025-09-17,2025-06-30,Unknown,Undetermined,MODIS,96.4275649741,5.98394667254,NT,Parks,0.0550000000001,8.12499975004e-05
S111374,Judbarra / Gregory National Park,2025-07-01,2025-09-17,2025-07-14,Unknown,Undetermined,MODIS,22.2586362187,2.16251335487,NT,Parks,0.0199999979999,1.87499974999e-05
S111375,Judbarra / Gregory National Park,2025-07-01,2025-09-17,2025-07-14,Unknown,Undetermined,MODIS,140.978120291,7.62795314615,NT,Parks,0.0699999980002,0.000118749990001
S111376,Judbarra / Gregory National Park,2025-07-21,2025-09-17,2025-08-01,Unknown,Undetermined,MODIS,14.8195352597,1.64226093746,NT,Parks,0.0149999980001,1.24999950003e-05
S111377,Judbarra / Gregory National Park,2025-07-21,2025-09-17,2025-08-01,Unknown,Undetermined,MODIS,14.8071563802,2.17706082228,NT,Parks,0.0200000020002,1.25000025002e-05
S111378,Judbarra / Gregory National Park,2025-07-21,2025-09-17,2025-08-01,Unknown,Undetermined,MODIS,288.654576181,11.4006181868,NT,Parks,0.105000004,0.000243750004999
S111379,Judbarra / Gregory National Park,2025-08-01,2025-09-17,2025-08-04,Unknown,Undetermined,MODIS,192.43670949,8.67056495255,NT,Parks,0.0799999979999,0.0001624999975
41372,"Juno Horse Centre, TENNANT CREEK",2025-01-14,2025-09-17,2025-01-14,Bushfire,Natural,Sentinel,125.266155555,12.1757779704,NT,NTFES,0.113200001999,0.0001079200014
S111380,"Kaczinsky Rd, Tennant Creek",2025-04-24,2025-09-17,2025-04-24,Unknown,Undetermined,Sentinel,90.9848147717,12.0472449249,NT,NTFES,0.111599994,7.83599953997e-05
43302,"Kakadu Highway, BURRUNDIE",2025-06-28,2025-09-17,2025-07-02,Bushfire,Undetermined,Sentinel,4191.41457301,78.2155150107,NT,NTFES,0.714799938,0.0035014800114
S111381,Kangaroo Flats Desktop,2025-06-05,2025-09-17,2025-06-06,Bushfire,Undetermined,Sentinel,319.557983412,48.4462165767,NT,NTFES,0.441999973998,0.0002660399906
S111382,Kangaroo Flats Desktop,2025-06-05,2025-09-17,2025-06-06,Bushfire,Undetermined,Sentinel,780.279562624,110.769040754,NT,NTFES,1.011199916,0.0006496400132
S111383,Kangaroo Flats Desktop,2025-06-05,2025-09-17,2025-06-06,Bushfire,Undetermined,Sentinel,889.611319246,150.787168508,NT,NTFES,1.375999922,0.0007406799722
S111384,Katherine FPZ Burning 2025,2025-06-14,2025-09-17,2025-06-19,Prescribed burn,Incendiary,Sentinel,137.509912168,11.9845397381,NT,NTFES,0.109999981999,0.0001153600014
S111385,Katherine FPZ Burning 2025,2025-06-14,2025-09-17,2025-06-24,Prescribed burn,Incendiary,Sentinel,64.0841551708,19.9418876246,NT,NTFES,0.18240001,5.37600009997e-05
S111386,Keep River National Park,2025-01-11,2025-09-17,2025-01-20,Unknown,Undetermined,MODIS,1103.66215168,18.9914886914,NT,Parks,0.175,0.000931250007501
S111387,Keep River National Park,2025-04-01,2025-09-17,2025-04-27,Unknown,Undetermined,MODIS,3273.93783452,65.3827853249,NT,Parks,0.599999998,0.00276249996
S111388,Keep River National Park,2025-04-01,2025-09-17,2025-04-27,Unknown,Undetermined,MODIS,3045.45807261,116.520679307,NT,Parks,1.069999988,0.0025687499775
S111389,Keep River National Park,2025-04-01,2025-09-17,2025-04-30,Unknown,Undetermined,MODIS,37.0272134184,3.26599824768,NT,Parks,0.0299999980001,3.12499924999e-05
S111390,Keep River National Park,2025-04-01,2025-09-17,2025-04-30,Unknown,Undetermined,MODIS,451.775319897,19.5790107336,NT,Parks,0.179999998,0.000381250009999
S111391,Keep River National Park,2025-04-01,2025-09-17,2025-04-30,Unknown,Undetermined,MODIS,674.410667072,26.6558927751,NT,Parks,0.245,0.000568750019999
S111392,Keep River National Park,2025-04-01,2025-09-17,2025-04-30,Unknown,Undetermined,MODIS,2349.21725043,61.5932991664,NT,Parks,0.56499999,0.001981249965
S111393,Keep River National Park,2025-04-17,2025-09-17,2025-04-30,Unknown,Undetermined,MODIS,266.789027235,16.3531742479,NT,Parks,0.150000004,0.0002250000125
S111394,Keep River National Park,2025-04-17,2025-09-17,2025-04-30,Unknown,Undetermined,MODIS,933.484906836,59.3010340359,NT,Parks,0.545,0.000787500002499
S111395,Keep River National Park,2025-05-01,2025-09-17,2025-05-10,Unknown,Undetermined,MODIS,473.904299464,15.2949502146,NT,Parks,0.139999998,0.0004000000075
S111396,Keep River National Park,2025-05-01,2025-09-17,2025-05-10,Unknown,Undetermined,MODIS,4808.95304323,94.7608449376,NT,Parks,0.869999981999,0.0040562499425
S111397,Keep River National Park,2025-05-01,2025-09-17,2025-05-14,Unknown,Undetermined,MODIS,540.476746459,18.5233435278,NT,Parks,0.17,0.000456249997499
S111398,Keep River National Park,2025-05-01,2025-09-17,2025-05-14,Unknown,Undetermined,MODIS,2926.08485278,61.0470480333,NT,Parks,0.559999999999,0.002468750005
S111399,Keep River National Park,2025-05-01,2025-09-17,2025-05-19,Unknown,Undetermined,MODIS,244.393365106,11.9935506747,NT,Parks,0.110000004,0.0002062500025
S111400,Keep River National Park,2025-05-07,2025-09-17,2025-06-01,Unknown,Undetermined,MODIS,37.0195597601,3.83700472319,NT,Parks,0.034999998,3.12499924999e-05
S111401,Keep River National Park,2025-05-07,2025-09-17,2025-06-01,Unknown,Undetermined,MODIS,44.4253472445,4.90759598656,NT,Parks,0.0450000000003,3.74999900002e-05
S111402,Keep River National Park,2025-05-14,2025-09-17,2025-05-22,Unknown,Undetermined,MODIS,140.712369706,10.3336450593,NT,Parks,0.0950000020001,0.00011875001
S111403,Keep River National Park Extension (Proposed),2025-04-01,2025-09-17,2025-04-27,Unknown,Undetermined,MODIS,1312.97308001,40.8359667061,NT,Parks,0.374999998,0.001106250015
S111404,Keep River National Park Extension (Proposed),2025-04-01,2025-09-17,2025-04-27,Unknown,Undetermined,MODIS,14071.8423373,298.509587633,NT,Parks,2.739999998,0.0118562499825
S111405,Keep River National Park Extension (Proposed),2025-04-01,2025-09-17,2025-04-30,Unknown,Undetermined,MODIS,3257.32588993,95.8886404708,NT,Parks,0.880000008,0.0027437499975
S111406,Keep River National Park Extension (Proposed),2025-04-01,2025-09-17,2025-04-30,Unknown,Undetermined,MODIS,3257.88247717,138.29855814,NT,Parks,1.270000014,0.0027437499825
S111407,Keep River National Park Extension (Proposed),2025-04-17,2025-09-17,2025-04-30,Unknown,Undetermined,MODIS,51.8850788204,3.82072443324,NT,Parks,0.0349999979999,4.37499899993e-05
S111408,Keep River National Park Extension (Proposed),2025-04-17,2025-09-17,2025-04-30,Unknown,Undetermined,MODIS,1950.58694914,111.546052524,NT,Parks,1.025000004,0.0016437499925
S111409,Keep River National Park Extension (Proposed),2025-05-01,2025-09-17,2025-05-10,Unknown,Undetermined,MODIS,452.936362208,21.7355689273,NT,Parks,0.200000004,0.0003812500175
S111410,Keep River National Park Extension (Proposed),2025-05-01,2025-09-17,2025-05-10,Unknown,Undetermined,MODIS,18992.8729432,510.336137119,NT,Parks,4.685000016,0.015993750035
S111411,Keep River National Park Extension (Proposed),2025-05-01,2025-09-17,2025-05-14,Unknown,Undetermined,MODIS,29.6487024003,2.71417484509,NT,Parks,0.0250000020001,2.50000024999e-05
S111412,Keep River National Park Extension (Proposed),2025-05-01,2025-09-17,2025-05-14,Unknown,Undetermined,MODIS,7074.89930093,145.433517244,NT,Parks,1.334999984,0.00595625007
S111413,Keep River National Park Extension (Proposed),2025-05-07,2025-09-17,2025-06-01,Unknown,Undetermined,MODIS,74.1787811332,9.27011508406,NT,Parks,0.0849999980002,6.24999975005e-05
S111414,Keep River National Park Extension (Proposed),2025-05-07,2025-09-17,2025-06-01,Unknown,Undetermined,MODIS,24664.1109456,255.18508071,NT,Parks,2.340000018,0.02074999993
S111415,Keep River National Park Extension (Proposed),2025-08-04,2025-09-17,2025-08-10,Unknown,Undetermined,MODIS,22.2924891903,3.27149826206,NT,Parks,0.0299999980002,1.87499975003e-05
S111416,Kintore Caves Conservation Reserve,2025-06-29,2025-09-17,2025-06-30,Unknown,Undetermined,Sentinel,0.143178754577,0.174785125617,NT,Parks,0.00160000000005,1.20000000007e-07
S111417,Knuckey Lagoons Conservation Reserve,2025-07-12,2025-09-17,2025-07-31,Unknown,Undetermined,Sentinel,0.0962200544856,0.131228477973,NT,Parks,0.00119999800006,7.99996000095e-08
S111418,Knuckey Lagoons Conservation Reserve,2025-07-12,2025-09-17,2025-07-31,Unknown,Undetermined,Sentinel,7.36095141138,1.6716232554,NT,Parks,0.0152,6.12000019986e-06
41899,"Kostka Road, HUMPTY DOO",2025-05-08,2025-09-17,2025-05-09,Bushfire,Incendiary,Sentinel,1.20210841265,0.65904926334,NT,NTFES,0.00600000200006,9.999995999e-07
41899,"Kostka Road, HUMPTY DOO",2025-05-08,2025-09-17,2025-05-09,Bushfire,Incendiary,Sentinel,58.9039884359,9.07276056502,NT,NTFES,0.0828000039999,4.89999979999e-05
41848,KSA Antenna EMUNGALAN,2025-05-05,2025-09-17,2025-05-10,Bushfire,Undetermined,Sentinel,159.604577737,10.3378015154,NT,NTFES,0.0948000080002,0.0001337599942
41482,"Kurundi Road, DAVENPORT",2025-01-25,2025-09-17,2025-01-31,Bushfire,Natural,MODIS,8818.96846592,71.0150675922,NT,NTFES,0.660000004,0.0076312500275
41678,"Lajamanu Road, SUPPLEJACK",2025-02-26,2025-09-17,2025-03-04,Bushfire,Natural,MODIS,79.9914610129,3.7626185555,NT,NTFES,0.0350000019999,6.87500074999e-05
41678,"Lajamanu Road, SUPPLEJACK",2025-02-26,2025-09-17,2025-03-04,Bushfire,Natural,MODIS,79.9858314497,4.89738680673,NT,NTFES,0.0450000020001,6.87500149996e-05
41678,"Lajamanu Road, SUPPLEJACK",2025-02-26,2025-09-17,2025-03-04,Bushfire,Natural,MODIS,48759.6817068,310.135419101,NT,NTFES,2.880000002,0.0418999999725
41825,"Lajamanu road, TANAMI",2025-05-01,2025-09-17,2025-05-06,Bushfire,Undetermined,MODIS,449.434032394,12.957999788,NT,NTFES,0.119999998,0.000387499995002
41813,"Lambells Lagoon Road, LAMBELLS LAGOON",2025-04-30,2025-09-17,2025-04-30,Bushfire,Incendiary,Sentinel,17.2617208217,2.93883285012,NT,NTFES,0.0268000039995,1.43600032e-05
41485,"Larapinta Drive, HUGH",2025-01-25,2025-09-17,2025-01-27,Bushfire,Incendiary,Sentinel,2.07750976157,0.762192498037,NT,NTFES,0.00720000199988,1.84000020003e-06
42052,"Leaning Tree Nature Reserve, MARRAKAI",2025-05-18,2025-09-17,2025-05-31,Bushfire,Incendiary,Sentinel,0.384486008076,0.526976240035,NT,Parks,0.00479999200013,3.19999000035e-07
42052,"Leaning Tree Nature Reserve, MARRAKAI",2025-05-18,2025-09-17,2025-05-31,Bushfire,Undetermined,Sentinel,7.92999015134,1.97595501474,NT,Parks,0.0179999979999,6.59999939993e-06
42052,"Leaning Tree Nature Reserve, MARRAKAI",2025-05-18,2025-09-17,2025-05-31,Unknown,Undetermined,Sentinel,0.336429628081,0.483535142232,NT,Parks,0.0044000040001,2.80000400005e-07
42052,"Leaning Tree Nature Reserve, MARRAKAI",2025-05-18,2025-09-17,2025-05-31,Unknown,Undetermined,Sentinel,1.34571894788,0.614675053761,NT,Parks,0.00560000400003,1.11999959992e-06
42595,"Leonino Road, DARWIN RIVER",2025-06-07,2025-09-17,2025-06-08,Bushfire,Undetermined,Sentinel,1.24919237482,0.789953363123,NT,NTFES,0.0072000080005,1.04000140004e-06
42595,"Leonino Road, DARWIN RIVER",2025-06-07,2025-09-17,2025-06-08,Bushfire,Undetermined,Sentinel,2.35422178691,1.18492454871,NT,NTFES,0.0107999960001,1.95999980006e-06
42595,"Leonino Road, DARWIN RIVER",2025-06-07,2025-09-17,2025-06-08,Bushfire,Undetermined,Sentinel,8.21570435759,1.53317622157,NT,NTFES,0.0139999959998,6.84000039979e-06
42595,"Leonino Road, DARWIN RIVER",2025-06-07,2025-09-17,2025-06-08,Bushfire,Undetermined,Sentinel,7.68719861714,2.32476708953,NT,NTFES,0.0211999959998,6.39999800009e-06
42595,"Leonino Road, DARWIN RIVER",2025-06-07,2025-09-17,2025-06-08,Bushfire,Undetermined,Sentinel,88.2106159558,9.99724755232,NT,NTFES,0.0912000020002,7.34400096e-05
41809,"Leonino Road, DARWIN RIVER",2025-04-29,2025-09-17,2025-04-30,Prescribed burn,Incendiary,Sentinel,459.858970482,35.7804493294,NT,NTFES,0.326800018001,0.0003828799988
42386,Letchford Road COLLETT CREEK,2025-05-29,2025-09-17,2025-05-29,Bushfire,Incendiary,Sentinel,314.087449281,11.3485606162,NT,NTFES,0.103599985999,0.0002616000008
42128,"Letchford Road, DARWIN RIVER",2025-05-20,2025-09-17,2025-05-31,Bushfire,Accidental,Sentinel,4.9964229609,1.66506266662,NT,NTFES,0.0152000060003,4.16000040008e-06
42128,"Letchford Road, DARWIN RIVER",2025-05-20,2025-09-17,2025-05-31,Bushfire,Accidental,Sentinel,58.3236775755,6.14077776104,NT,NTFES,0.0560000040003,4.85599965999e-05
42599,"Letchford Road, DARWIN RIVER",2025-06-07,2025-09-17,2025-06-08,Bushfire,Incendiary,Sentinel,22.0081024703,2.93548933891,NT,NTFES,0.02680001,1.83200008002e-05
44728,"Levuka Drive, DUNDEE BEACH",2025-08-04,2025-09-17,2025-08-05,Bushfire,Accidental,Sentinel,11.2912980202,1.79709812978,NT,NTFES,0.0164,9.40000180001e-06
42082,"Limbunya Access Road, BUCHANAN",2025-05-19,2025-09-17,2025-05-29,Bushfire,Accidental,MODIS,47370.413877,373.388865394,NT,NTFES,3.440000004,0.0402562500625
42082,"Limbunya Access Road, BUCHANAN",2025-05-19,2025-09-17,2025-05-29,Bushfire,Accidental,MODIS,22.0746935795,2.17051034919,NT,Parks,0.02,1.87499999998e-05
42082,"Limbunya Access Road, BUCHANAN",2025-05-19,2025-09-17,2025-05-29,Bushfire,Accidental,MODIS,4892.91825446,49.1734503504,NT,Parks,0.453600758314,0.00415624997875
42082,"Limbunya Access Road, BUCHANAN",2025-05-19,2025-09-17,2025-05-29,Bushfire,Accidental,MODIS,6533.3773449,114.793951451,NT,Parks,1.059999992,0.0055500000575
S111419,Limmen National Park,2025-01-01,2025-09-17,2025-01-11,Unknown,Undetermined,MODIS,5059.08997034,45.2593603096,NT,Parks,0.415000002,0.004250000005
S111420,Limmen National Park,2025-01-01,2025-09-17,2025-01-11,Unknown,Undetermined,MODIS,16516.1817107,149.808293488,NT,Parks,1.375000006,0.013918750015
S111421,Limmen National Park,2025-01-01,2025-09-17,2025-02-01,Unknown,Undetermined,MODIS,721.712425603,29.4593455108,NT,Parks,0.270000002,0.0006062499875
S111422,Limmen National Park,2025-01-01,2025-09-17,2025-02-01,Unknown,Undetermined,MODIS,6696.88672052,72.0444740474,NT,Parks,0.66000001,0.00563125001
S111423,Limmen National Park,2025-02-01,2025-09-17,2025-03-01,Unknown,Undetermined,MODIS,7.39700552914,1.08805555602,NT,Parks,0.00999999999988,6.24999999985e-06
S111424,Limmen National Park,2025-02-01,2025-09-17,2025-03-01,Unknown,Undetermined,MODIS,10990.35931,176.499330962,NT,Parks,1.619999998,0.00925625007751
S111425,Limmen National Park,2025-03-01,2025-09-17,2025-03-31,Unknown,Undetermined,MODIS,2032.26331663,75.7792266143,NT,Parks,0.694999994,0.00171249996
S111426,Limmen National Park,2025-04-01,2025-09-17,2025-04-30,Unknown,Undetermined,MODIS,281.753917559,15.8164373772,NT,Parks,0.145000006,0.000237500012499
S111427,Limmen National Park,2025-04-17,2025-09-17,2025-04-30,Unknown,Undetermined,MODIS,488.035499563,10.8412476564,NT,Parks,0.100000002,0.0004125
S111428,Limmen National Park,2025-05-01,2025-09-17,2025-05-14,Unknown,Undetermined,MODIS,36.9909462069,3.26442971135,NT,Parks,0.0299999979999,3.12499974998e-05
S111429,Limmen National Park,2025-05-01,2025-09-17,2025-05-14,Unknown,Undetermined,MODIS,15163.7313517,198.545728192,NT,Parks,1.825000006,0.0128124999225
S111430,Limmen National Park,2025-05-01,2025-09-17,2025-05-19,Unknown,Undetermined,MODIS,2311.20773443,153.426324286,NT,Parks,1.409999998,0.0019500000625
S111431,Limmen National Park,2025-05-01,2025-09-17,2025-05-19,Unknown,Undetermined,MODIS,18716.6217676,303.306309306,NT,Parks,2.785000014,0.015812499935
S111432,Limmen National Park,2025-05-07,2025-09-17,2025-06-01,Unknown,Undetermined,MODIS,10632.9433976,205.880052863,NT,Parks,1.890000004,0.0089437499325
S111433,Limmen National Park,2025-05-07,2025-09-17,2025-06-01,Unknown,Undetermined,MODIS,25988.0015456,380.730415527,NT,Parks,3.495000002,0.0219374998825
S111434,Limmen National Park,2025-05-14,2025-09-17,2025-05-22,Unknown,Undetermined,MODIS,156.272012281,5.99439480982,NT,Parks,0.0550000019999,0.000131250005
S111435,Limmen National Park,2025-05-15,2025-09-17,2025-07-06,Unknown,Undetermined,MODIS,2362.57592877,144.424534034,NT,Parks,1.32500001,0.001987499985
S111436,Limmen National Park,2025-06-01,2025-09-17,2025-06-09,Unknown,Undetermined,MODIS,1271.69397648,38.6919128587,NT,Parks,0.354999996,0.0010687500175
S111437,Limmen National Park,2025-06-01,2025-09-17,2025-06-09,Unknown,Undetermined,MODIS,1321.01754183,49.7148479089,NT,Parks,0.455000004,0.0011125000025
S111438,Limmen National Park,2025-06-01,2025-09-17,2025-06-14,Unknown,Undetermined,MODIS,2262.9708822,69.7726123922,NT,Parks,0.639999992,0.0019062499725
S111439,Limmen National Park,2025-06-01,2025-09-17,2025-06-14,Unknown,Undetermined,MODIS,19168.0852669,342.288952807,NT,Parks,3.140000002,0.0161562500275
S111440,Limmen National Park,2025-06-01,2025-09-17,2025-06-21,Unknown,Undetermined,MODIS,1129.97257285,34.8413669933,NT,Parks,0.319999996,0.000949999972499
S111441,Limmen National Park,2025-06-01,2025-09-17,2025-06-21,Unknown,Undetermined,MODIS,12254.7791258,454.503418647,NT,Parks,4.170000016,0.0103249999925
S111442,Limmen National Park,2025-06-01,2025-09-17,2025-06-30,Unknown,Undetermined,MODIS,14.8908844639,1.64478773792,NT,Parks,0.0150000000002,1.25000000004e-05
S111443,Limmen National Park,2025-06-01,2025-09-17,2025-06-30,Unknown,Undetermined,MODIS,281.796268499,26.1647722519,NT,Parks,0.239999992001,0.000237499987501
S111444,Limmen National Park,2025-06-09,2025-09-17,2025-06-18,Unknown,Undetermined,MODIS,699.22534776,24.5716221828,NT,Parks,0.225000002,0.000587500017501
S111445,Limmen National Park,2025-06-09,2025-09-17,2025-06-18,Unknown,Undetermined,MODIS,5756.15239352,181.47616434,NT,Parks,1.664999986,0.004837500015
S111446,Limmen National Park,2025-06-21,2025-09-17,2025-06-30,Unknown,Undetermined,MODIS,16219.6045659,411.619117137,NT,Parks,3.775000012,0.0136437501325
S111447,Limmen National Park,2025-06-21,2025-09-17,2025-06-30,Unknown,Undetermined,MODIS,58543.4123439,769.904834566,NT,Parks,7.059999974,0.0492937500225
S111448,Limmen National Park,2025-07-01,2025-09-17,2025-07-10,Unknown,Undetermined,MODIS,744.133999559,23.9765371378,NT,Parks,0.220000004,0.000625000007499
S111449,Limmen National Park,2025-07-01,2025-09-17,2025-07-10,Unknown,Undetermined,MODIS,5257.96232969,91.4259960815,NT,Parks,0.83999999,0.0044250000025
S111450,Limmen National Park,2025-07-01,2025-09-17,2025-07-14,Unknown,Undetermined,MODIS,67.0023163266,8.19354628033,NT,Parks,0.075000002,5.62500050003e-05
S111451,Limmen National Park,2025-07-01,2025-09-17,2025-07-14,Unknown,Undetermined,MODIS,311.671806791,24.5841388258,NT,Parks,0.225000002,0.000262500002499
S111452,Limmen National Park,2025-07-01,2025-09-17,2025-07-16,Unknown,Undetermined,MODIS,10894.8010106,102.355916787,NT,Parks,0.939999994,0.0091625000125
S111453,Limmen National Park,2025-07-01,2025-09-17,2025-07-16,Unknown,Undetermined,MODIS,2711.27722703,135.670605109,NT,Parks,1.245000008,0.002281250045
S111454,Limmen National Park,2025-07-15,2025-09-17,2025-07-21,Unknown,Undetermined,MODIS,304.72437312,13.0714106769,NT,Parks,0.120000002,0.0002562500075
S111455,Limmen National Park,2025-07-15,2025-09-17,2025-07-21,Unknown,Undetermined,MODIS,2446.33914238,32.2197391114,NT,Parks,0.295000002,0.0020562500275
S111456,Limmen National Park,2025-07-21,2025-09-17,2025-08-01,Unknown,Undetermined,MODIS,334.564638574,14.7132719985,NT,Parks,0.135000004,0.000281250022501
S111457,Limmen National Park,2025-07-21,2025-09-17,2025-08-01,Unknown,Undetermined,MODIS,245.399834448,16.8699908789,NT,Parks,0.154999996,0.000206250002501
S111458,Limmen National Park,2025-07-21,2025-09-17,2025-08-01,Unknown,Undetermined,MODIS,3187.72362035,91.141430764,NT,Parks,0.834999997999,0.00268124999
S111459,Limmen National Park,2025-07-21,2025-09-17,2025-08-01,Unknown,Undetermined,MODIS,1776.90283437,133.992909436,NT,Parks,1.230000012,0.0014937499925
S111460,Limmen National Park,2025-08-01,2025-09-17,2025-08-04,Unknown,Undetermined,MODIS,459.608991015,16.9209366998,NT,Parks,0.154999994,0.00038749997
S111461,Limmen National Park,2025-08-01,2025-09-17,2025-08-04,Unknown,Undetermined,MODIS,777.094495978,48.927740121,NT,Parks,0.449999991999,0.000656249999999
S111462,Limmen National Park,2025-08-04,2025-09-17,2025-08-10,Unknown,Undetermined,MODIS,1309.4209,40.2427944512,NT,Parks,0.369999988,0.0011062499725
42931,"Lionel Road, BYNOE",2025-06-14,2025-09-17,2025-06-15,Bushfire,Undetermined,Sentinel,4.61229650523,1.71100176661,NT,NTFES,0.0156000000001,3.84000180008e-06
S111463,Litchfield National Park,2025-04-01,2025-09-17,2025-04-30,Unknown,Undetermined,Sentinel,1771.05392198,250.737268088,NT,Parks,2.28840007,0.0014771999934
S111464,Litchfield National Park,2025-05-01,2025-09-17,2025-05-03,Unknown,Undetermined,Sentinel,3.64103313162,1.39996221071,NT,Parks,0.0128000039999,3.03999879992e-06
S111465,Litchfield National Park,2025-05-01,2025-09-17,2525-05-03,Unknown,Undetermined,Sentinel,0.287978871732,0.262909973162,NT,Parks,0.00240000200017,2.40000600033e-07
S111466,Litchfield National Park,2025-05-01,2025-09-17,2525-05-03,Unknown,Undetermined,Sentinel,901.845464852,103.034173292,NT,Parks,0.941199996001,0.000751919988001
S111467,Litchfield National Park,2025-05-03,2025-09-17,2025-05-13,Unknown,Undetermined,Sentinel,87.5264608598,10.5895167398,NT,Parks,0.0968000239999,7.30800004e-05
S111468,Litchfield National Park,2025-05-03,2025-09-17,2025-05-13,Unknown,Undetermined,Sentinel,120.109216294,14.1129788543,NT,Parks,0.128800004,0.0001002799992
S111469,Litchfield National Park,2025-05-03,2025-09-17,2025-05-31,Unknown,Undetermined,Sentinel,935.405313213,99.4040580767,NT,Parks,0.907999934001,0.000780440009199
S111470,Litchfield National Park,2025-05-03,2025-09-17,2025-05-31,Unknown,Undetermined,Sentinel,22188.7064153,969.525957823,NT,Parks,8.85560005,0.018517440036
S111471,Litchfield National Park,2025-05-08,2025-09-17,2025-05-31,Unknown,Undetermined,Sentinel,720.218361318,118.042607533,NT,Parks,1.077600008,0.0006003200142
S111472,Litchfield National Park,2025-05-08,2025-09-17,2025-05-31,Unknown,Undetermined,Sentinel,5830.87883209,568.56767619,NT,Parks,5.192399964,0.0048639599812
S111473,Litchfield National Park,2025-06-01,2025-09-17,2025-06-12,Unknown,Undetermined,Sentinel,13.0555751411,3.9054618153,NT,Parks,0.035600002,1.08800032001e-05
S111474,Litchfield National Park,2025-06-01,2025-09-17,2025-06-12,Unknown,Undetermined,Sentinel,114.131272226,14.3312039732,NT,Parks,0.130828569948,9.51963568645e-05
S111475,Litchfield National Park,2025-06-01,2025-09-17,2025-06-12,Unknown,Undetermined,Sentinel,208.686465615,49.4738827989,NT,Parks,0.451600018001,0.000174040005801
S111476,Litchfield National Park,2025-06-02,2025-09-17,2025-06-17,Unknown,Undetermined,Sentinel,288.983934011,28.9465660307,NT,Parks,0.264400024,0.000241080007801
S111477,Litchfield National Park,2025-06-02,2025-09-17,2025-06-17,Unknown,Undetermined,Sentinel,23674.7498638,1079.79718934,NT,Parks,9.859200078,0.019751120015
S111478,Litchfield National Park,2025-06-17,2025-09-17,2025-06-22,Unknown,Undetermined,Sentinel,1340.44510034,60.6312127353,NT,Parks,0.553600015999,0.001118040005
S111479,Litchfield National Park,2025-06-17,2025-09-17,2025-06-22,Unknown,Undetermined,Sentinel,3580.82218446,217.729125708,NT,Parks,1.987999994,0.0029866799996
S111480,Litchfield National Park,2025-06-17,2025-09-17,2025-06-27,Unknown,Undetermined,Sentinel,2199.07080678,158.044077485,NT,Parks,1.442399954,0.0018339600134
S111481,Litchfield National Park,2025-06-27,2025-09-17,2025-06-30,Unknown,Undetermined,Sentinel,2.39988990261,0.789607928787,NT,Parks,0.0072000020001,2.00000060012e-06
S111482,Litchfield National Park,2025-06-27,2025-09-17,2025-06-30,Unknown,Undetermined,Sentinel,25.5823377829,3.42218191532,NT,Parks,0.0312000000002,2.13199990002e-05
S111483,Litchfield National Park,2025-06-27,2025-09-17,2025-06-30,Unknown,Undetermined,Sentinel,1154.3085507,101.482215035,NT,Parks,0.925999995998,0.0009625599896
S111484,Litchfield National Park,2025-07-01,2025-09-17,2025-07-02,Unknown,Undetermined,Sentinel,96.5212506469,6.2628167176,NT,Parks,0.0572000040003,8.05600016002e-05
S111485,Litchfield National Park,2025-07-01,2025-09-17,2025-07-02,Unknown,Undetermined,Sentinel,106.368710364,19.6204232589,NT,Parks,0.179199994,8.86799924001e-05
S111486,Litchfield National Park,2025-07-01,2025-09-17,2025-07-07,Unknown,Undetermined,Sentinel,0.0479620370343,0.0876055699331,NT,Parks,0.000799996000069,3.99996000079e-08
S111487,Litchfield National Park,2025-07-01,2025-09-17,2025-07-12,Unknown,Undetermined,Sentinel,14.0567144875,5.69668388738,NT,Parks,0.0520000020001,1.17200008001e-05
S111488,Litchfield National Park,2025-07-12,2025-09-17,2025-07-27,Unknown,Undetermined,Sentinel,15.1533489599,3.24112429474,NT,Parks,0.029600004,1.26400006001e-05
S111489,Litchfield National Park,2025-07-12,2025-09-17,2025-07-31,Unknown,Undetermined,Sentinel,0.432015110469,0.393090727826,NT,Parks,0.0036000020001,3.60001400021e-07
S111490,Litchfield National Park,2025-08-01,2025-09-17,2025-08-06,Unknown,Undetermined,Sentinel,0.862633321661,0.48211027362,NT,Parks,0.0044000019999,7.19999999968e-07
42487,"Litchfield Park Road, BLACKMORE",2025-06-01,2025-09-17,2025-06-03,Bushfire,Incendiary,Sentinel,0.144147754026,0.263053129518,NT,NTFES,0.00239999799987,1.19999799986e-07
42487,"Litchfield Park Road, BLACKMORE",2025-06-01,2025-09-17,2025-06-03,Bushfire,Incendiary,Sentinel,17.3458921966,4.03185654209,NT,NTFES,0.0368000020001,1.44400062002e-05
42487,"Litchfield Park Road, BLACKMORE",2025-06-01,2025-09-17,2025-06-03,Unknown,Undetermined,Sentinel,0.384397060929,0.483493304671,NT,NTFES,0.00439999999981,3.19999600002e-07
42487,"Litchfield Park Road, BLACKMORE",2025-06-01,2025-09-17,2025-06-03,Unknown,Undetermined,Sentinel,1.48945178973,0.70309874876,NT,NTFES,0.00639999999987,1.24000039988e-06
42487,"Litchfield Park Road, BLACKMORE",2025-06-01,2025-09-17,2025-06-03,Unknown,Undetermined,Sentinel,2081.3894577,79.1227705708,NT,NTFES,0.721820677171,0.0017326199417
43288,"Litchfield Park Road, CHARLOTTE",2025-06-27,2025-09-17,2025-06-29,Bushfire,Undetermined,Sentinel,26.7464737384,3.37690519355,NT,NTFES,0.0307999940001,2.22799976001e-05
43288,"Litchfield Park Road, CHARLOTTE",2025-06-27,2025-09-17,2025-06-29,Bushfire,Undetermined,Sentinel,5367.12755409,115.566157548,NT,NTFES,1.053600016,0.0044699199864
44041,"Litchfield Park Road, CHARLOTTE",2025-07-11,2025-09-17,2025-07-16,Bushfire,Undetermined,Sentinel,3.12044542971,2.18943868085,NT,NTFES,0.0199999859996,2.600001e-06
44041,"Litchfield Park Road, CHARLOTTE",2025-07-11,2025-09-17,2025-07-16,Bushfire,Undetermined,Sentinel,197.976213498,14.5464961094,NT,NTFES,0.132799996,0.0001649600058
44041,"Litchfield Park Road, CHARLOTTE",2025-07-11,2025-09-17,2025-07-16,Bushfire,Undetermined,Sentinel,1814.9875973,47.284442452,NT,NTFES,0.431599998,0.001512240007
44041,"Litchfield Park Road, CHARLOTTE",2025-07-11,2025-09-17,2025-07-16,Bushfire,Undetermined,Sentinel,3098.66416453,82.0923600156,NT,NTFES,0.748799973999,0.0025817199734
43127,"Litchfield Park road, FINNIS VALLEY",2025-06-22,2025-09-17,2025-06-22,Bushfire,Undetermined,Sentinel,14.3040126291,2.65874813141,NT,NTFES,0.024399988,1.19199989999e-05
43127,"Litchfield Park road, FINNIS VALLEY",2025-06-22,2025-09-17,2025-06-22,Bushfire,Undetermined,Sentinel,199.106762968,16.9449981591,NT,NTFES,0.154799999999,0.000165920008
43127,"Litchfield Park road, FINNIS VALLEY",2025-06-22,2025-09-17,2025-06-22,Bushfire,Undetermined,Sentinel,463.798345005,39.619910169,NT,NTFES,0.361600026,0.0003865200078
44412,"Litchfield Park Road, Florence Falls Access Road, LITCHFIELD PARK",2025-07-22,2025-09-17,2025-07-23,Bushfire,Incendiary,Sentinel,89.4948265843,6.36748275849,NT,Parks,0.0579999999997,7.46000002001e-05
42454,"Litchfield Park Road, Litchfield National Park",2025-05-31,2025-09-17,2025-06-04,Bushfire,Incendiary,Sentinel,555.320589374,25.7995618855,NT,Parks,0.236000010001,0.000462759997401
42454,"Litchfield Park Road, Litchfield National Park",2025-05-31,2025-09-17,2025-06-04,Bushfire,Incendiary,Sentinel,715.990157308,36.3499860687,NT,Parks,0.332000006,0.0005966800106
42979,"Litchfield Park Road, Litchfield National Park",2025-06-15,2025-09-17,2025-06-16,Bushfire,Incendiary,Sentinel,328.924974728,23.2248358765,NT,Parks,0.212,0.0002741200024
42561,"Litchfield Park Road, LITCHFIELD PARK",2025-06-05,2025-09-17,2025-06-05,Bushfire,Incendiary,Sentinel,0.479707953583,0.436282807042,NT,Parks,0.00399999799993,4.00000000014e-07
42561,"Litchfield Park Road, LITCHFIELD PARK",2025-06-05,2025-09-17,2025-06-05,Bushfire,Incendiary,Sentinel,4079.32614207,301.195439057,NT,Parks,2.75058441025,0.00340099526058
43863,"Litchfield Park Road, LITCHFIELD PARK -  Magnetic Termite Mounds",2025-05-08,2025-09-17,2025-05-31,Bushfire,Incendiary,Sentinel,2.83125286359,1.22592209727,NT,Parks,0.011200004,2.35999879995e-06
43863,"Litchfield Park Road, LITCHFIELD PARK -  Magnetic Termite Mounds",2025-05-08,2025-09-17,2025-05-31,Bushfire,Incendiary,Sentinel,33.3515791417,6.354400704,NT,Parks,0.0580000100002,2.78000048e-05
43863,"Litchfield Park Road, LITCHFIELD PARK -  Magnetic Termite Mounds",2025-05-08,2025-09-17,2025-05-31,Unknown,Undetermined,Sentinel,4.99080263956,1.84809904496,NT,Parks,0.0168000019995,4.16000079998e-06
43863,"Litchfield Park Road, LITCHFIELD PARK -  Magnetic Termite Mounds",2025-05-08,2025-09-17,2025-05-31,Unknown,Undetermined,Sentinel,1.77554892791,1.97471627998,NT,Parks,0.0179999879998,1.47999699997e-06
43855,"Litchfield Park Road, LITCHFIELD PARK - Aida Jump up",2025-06-20,2025-09-17,2025-05-31,Bushfire,Incendiary,Sentinel,51.5966851851,13.5907061254,NT,Parks,0.124000004,4.29999964e-05
43855,"Litchfield Park Road, LITCHFIELD PARK - Aida Jump up",2025-06-20,2025-09-17,2025-05-31,Bushfire,Incendiary,Sentinel,101.561745621,20.0229312653,NT,Parks,0.182799983999,8.46400002003e-05
43855,"Litchfield Park Road, LITCHFIELD PARK - Aida Jump up",2025-06-20,2025-09-17,2025-06-17,Bushfire,Incendiary,Sentinel,28.5112160536,5.91517735128,NT,Parks,0.0540000020001,2.37600035999e-05
43855,"Litchfield Park Road, LITCHFIELD PARK - Aida Jump up",2025-06-20,2025-09-17,2525-05-03,Bushfire,Incendiary,Sentinel,64.5087187106,11.5204420952,NT,Parks,0.105199991999,5.37600018e-05
42775,"Litchfield Park Road, RAKULA",2025-06-09,2025-09-17,2025-06-12,Bushfire,Undetermined,Sentinel,9.69751138687,6.17701039121,NT,NTFES,0.056400008,8.07999939997e-06
42775,"Litchfield Park Road, RAKULA",2025-06-09,2025-09-17,2025-06-12,Bushfire,Undetermined,Sentinel,6391.77113545,215.226035263,NT,NTFES,1.964000024,0.0053260399732
42775,"Litchfield Park Road, RAKULA",2025-06-09,2025-09-17,2025-06-12,Bushfire,Undetermined,Sentinel,3.16803427066,1.83785576834,NT,Parks,0.016800008,2.64000199987e-06
41972,"Litchfield Park Road, RUM JUNGLE",2025-05-13,2025-09-17,2025-05-31,Bushfire,Incendiary,Sentinel,2.25613121605,0.787919368343,NT,NTFES,0.00719999800003,1.88000000007e-06
13569,Litchfield Road East VCL APB,2025-06-01,2025-09-17,2025-06-03,Prescribed burn,Incendiary,Sentinel,540.239850098,35.761725466,NT,NTFES,0.326220913171,0.0004498200249
13569,Litchfield Road East VCL APB,2025-06-02,2025-09-17,2025-06-17,Prescribed burn,Incendiary,Sentinel,19.0704504894,3.76909458043,NT,NTFES,0.0344000039998,1.58800010001e-05
44323,"Litchfield Road, LITCHFIELD PARK",2025-07-20,2025-09-17,2025-07-22,Bushfire,Incendiary,Sentinel,230.185915835,13.6316612812,NT,NTFES,0.124399998,0.0001918799998
43106,Livingstone road LIVINGSTONE,2025-06-17,2025-09-17,2025-06-27,Bushfire,Undetermined,Sentinel,6.34358690612,1.27274705264,NT,NTFES,0.0116000000003,5.28000380004e-06
43106,Livingstone road LIVINGSTONE,2025-06-19,2025-09-17,2025-06-21,Bushfire,Undetermined,Sentinel,2.06644994876,0.658090524273,NT,NTFES,0.00599999799999,1.72000040002e-06
14085,"Lizzy Downs, Tipperary and Litchfield. APB",2025-01-01,2025-09-17,2025-01-31,Prescribed burn,Undetermined,Sentinel,195.05621574,18.6473936304,NT,NTFES,0.170399974,0.0001630399976
14085,"Lizzy Downs, Tipperary and Litchfield. APB",2025-01-01,2025-09-17,2025-01-31,Prescribed burn,Undetermined,Sentinel,594.592615328,45.8164758346,NT,NTFES,0.418799996,0.0004969599852
14085,"Lizzy Downs, Tipperary and Litchfield. APB",2025-01-01,2025-09-17,2025-01-31,Prescribed burn,Undetermined,Sentinel,6.26957141225,3.80829080323,NT,Parks,0.0347999859999,5.23999800005e-06
14085,"Lizzy Downs, Tipperary and Litchfield. APB",2025-01-01,2025-09-17,2025-01-31,Prescribed burn,Undetermined,Sentinel,55.6128314688,10.5468097335,NT,Parks,0.0963999899999,4.64800022e-05
14085,"Lizzy Downs, Tipperary and Litchfield. APB",2025-01-03,2025-09-17,2025-01-31,Prescribed burn,Undetermined,Sentinel,8.02400776402,2.09819949118,NT,NTFES,0.0192000000003,6.7199988e-06
14085,"Lizzy Downs, Tipperary and Litchfield. APB",2025-04-01,2025-09-17,2025-04-23,Prescribed burn,Undetermined,Sentinel,0.382150141265,0.350805672623,NT,NTFES,0.00319999599992,3.19999200018e-07
14085,"Lizzy Downs, Tipperary and Litchfield. APB",2025-04-01,2025-09-17,2025-04-25,Prescribed burn,Undetermined,Sentinel,23.5979314114,4.80330988125,NT,NTFES,0.0440000000001,1.97599995999e-05
14085,"Lizzy Downs, Tipperary and Litchfield. APB",2025-04-01,2025-09-17,2025-04-25,Prescribed burn,Undetermined,Sentinel,173.834714875,81.9983839831,NT,NTFES,0.749999959998,0.0001450799842
14085,"Lizzy Downs, Tipperary and Litchfield. APB",2025-04-01,2025-09-17,2025-04-30,Prescribed burn,Undetermined,Sentinel,832.852557788,121.200256238,NT,NTFES,1.10800001,0.000695520060999
14085,"Lizzy Downs, Tipperary and Litchfield. APB",2025-04-01,2025-09-17,2025-04-30,Prescribed burn,Undetermined,Sentinel,0.573497755744,0.481513411396,NT,Parks,0.00440000200001,4.80000400027e-07
14085,"Lizzy Downs, Tipperary and Litchfield. APB",2025-04-01,2025-09-17,2025-04-30,Prescribed burn,Undetermined,Sentinel,5.54391271835,2.66570378091,NT,Parks,0.0244000079999,4.64000460003e-06
14085,"Lizzy Downs, Tipperary and Litchfield. APB",2025-04-25,2025-09-17,2025-04-30,Prescribed burn,Undetermined,Sentinel,50.3015044663,8.88826932296,NT,Parks,0.0811999979994,4.20000012e-05
14085,"Lizzy Downs, Tipperary and Litchfield. APB",2025-05-01,2025-09-17,2025-05-03,Prescribed burn,Undetermined,Sentinel,11.4952672341,1.79615089273,NT,NTFES,0.0164000019998,9.60000339989e-06
14085,"Lizzy Downs, Tipperary and Litchfield. APB",2025-05-01,2025-09-17,2025-05-03,Prescribed burn,Undetermined,Sentinel,12.2170265169,1.83872873,NT,Parks,0.0168000039999,1.0199998e-05
14085,"Lizzy Downs, Tipperary and Litchfield. APB",2025-05-01,2025-09-17,2525-05-03,Prescribed burn,Undetermined,Sentinel,117.617451044,35.732201203,NT,NTFES,0.326400006001,9.82400086003e-05
14085,"Lizzy Downs, Tipperary and Litchfield. APB",2025-05-03,2025-09-17,2025-05-13,Prescribed burn,Undetermined,Sentinel,36.90279671,19.3280165627,NT,NTFES,0.176399988001,3.08000002e-05
14085,"Lizzy Downs, Tipperary and Litchfield. APB",2025-05-03,2025-09-17,2025-05-13,Prescribed burn,Undetermined,Sentinel,2951.62514998,237.995664539,NT,NTFES,2.175199982,0.0024643200348
14085,"Lizzy Downs, Tipperary and Litchfield. APB",2025-05-03,2025-09-17,2025-05-13,Prescribed burn,Undetermined,Sentinel,13.4146610417,2.93652248833,NT,Parks,0.0267999980003,1.12000006001e-05
14085,"Lizzy Downs, Tipperary and Litchfield. APB",2025-05-03,2025-09-17,2025-05-13,Prescribed burn,Undetermined,Sentinel,14.8025568902,3.62918373495,NT,Parks,0.0331999999999,1.23600034002e-05
14085,"Lizzy Downs, Tipperary and Litchfield. APB",2025-05-03,2025-09-17,2025-05-23,Prescribed burn,Undetermined,Sentinel,2725.51382492,133.746393371,NT,NTFES,1.225200038,0.0022824400046
14085,"Lizzy Downs, Tipperary and Litchfield. APB",2025-05-03,2025-09-17,2025-05-28,Prescribed burn,Undetermined,Sentinel,2163.66193934,184.812415435,NT,NTFES,1.693200012,0.0018119599856
14085,"Lizzy Downs, Tipperary and Litchfield. APB",2025-05-03,2025-09-17,2025-05-31,Prescribed burn,Undetermined,Sentinel,24.2185594407,18.4207778743,NT,NTFES,0.168800058001,2.02800024001e-05
14085,"Lizzy Downs, Tipperary and Litchfield. APB",2025-05-03,2025-09-17,2025-05-31,Prescribed burn,Undetermined,Sentinel,24965.0007534,1566.78767366,NT,NTFES,14.323600018,0.0208586399726
14085,"Lizzy Downs, Tipperary and Litchfield. APB",2025-05-03,2025-09-17,2025-05-31,Prescribed burn,Undetermined,Sentinel,6.94759244304,2.67208972564,NT,Parks,0.0244000100001,5.79999919998e-06
14085,"Lizzy Downs, Tipperary and Litchfield. APB",2025-05-03,2025-09-17,2025-05-31,Prescribed burn,Undetermined,Sentinel,686.275821489,44.8226041106,NT,Parks,0.409599981999,0.000573039997
14085,"Lizzy Downs, Tipperary and Litchfield. APB",2025-05-08,2025-09-17,2025-05-31,Prescribed burn,Undetermined,Sentinel,10461.8017689,564.151778217,NT,NTFES,5.15320007801,0.0087281199796
14085,"Lizzy Downs, Tipperary and Litchfield. APB",2025-05-08,2025-09-17,2025-05-31,Prescribed burn,Undetermined,Sentinel,5.03332862882,1.22615434443,NT,Parks,0.0111999980002,4.19999900011e-06
14085,"Lizzy Downs, Tipperary and Litchfield. APB",2025-05-13,2025-09-17,2025-05-23,Prescribed burn,Undetermined,Sentinel,3738.64423738,259.986503322,NT,NTFES,2.380399952,0.0031297200056
14085,"Lizzy Downs, Tipperary and Litchfield. APB",2025-05-13,2025-09-17,2025-05-28,Prescribed burn,Undetermined,Sentinel,8188.365117,447.455673035,NT,NTFES,4.095599872,0.0068547999414
14085,"Lizzy Downs, Tipperary and Litchfield. APB",2025-05-13,2025-09-17,2025-05-31,Prescribed burn,Undetermined,Sentinel,1.4815388792,0.788124648128,NT,NTFES,0.00719999800015,1.23999940003e-06
14085,"Lizzy Downs, Tipperary and Litchfield. APB",2025-06-01,2025-09-17,2025-06-02,Prescribed burn,Undetermined,Sentinel,956.384780537,100.590213131,NT,NTFES,0.919199968001,0.0007982400112
14085,"Lizzy Downs, Tipperary and Litchfield. APB",2025-06-01,2025-09-17,2025-06-12,Prescribed burn,Undetermined,Sentinel,422.943306934,68.9582600137,NT,NTFES,0.630000060003,0.000352880001601
14085,"Lizzy Downs, Tipperary and Litchfield. APB",2025-06-02,2025-09-17,2025-06-07,Prescribed burn,Undetermined,Sentinel,526.152561726,34.1795356309,NT,NTFES,0.313199993999,0.0004405200066
14085,"Lizzy Downs, Tipperary and Litchfield. APB",2025-06-02,2025-09-17,2025-06-07,Prescribed burn,Undetermined,Sentinel,4.15664033294,1.30728723542,NT,Parks,0.0120000040002,3.48000140016e-06
14085,"Lizzy Downs, Tipperary and Litchfield. APB",2025-06-02,2025-09-17,2025-06-07,Prescribed burn,Undetermined,Sentinel,23.5024684339,9.99526960665,NT,Parks,0.0915999919995,1.96799969999e-05
14085,"Lizzy Downs, Tipperary and Litchfield. APB",2025-06-02,2025-09-17,2025-06-17,Prescribed burn,Undetermined,Sentinel,0.861515596847,0.921212338599,NT,NTFES,0.00839999599987,7.19998399952e-07
14085,"Lizzy Downs, Tipperary and Litchfield. APB",2025-06-02,2025-09-17,2025-06-17,Prescribed burn,Undetermined,Sentinel,5245.1902136,386.683911597,NT,NTFES,3.533600032,0.004377439948
14085,"Lizzy Downs, Tipperary and Litchfield. APB",2025-06-07,2025-09-17,2025-06-12,Prescribed burn,Undetermined,Sentinel,354.734208861,28.9853767896,NT,NTFES,0.265200002,0.0002969599948
14085,"Lizzy Downs, Tipperary and Litchfield. APB",2025-06-07,2025-09-17,2025-06-12,Prescribed burn,Undetermined,Sentinel,3256.83977167,222.116839773,NT,NTFES,2.03000008,0.002719240011
14085,"Lizzy Downs, Tipperary and Litchfield. APB",2025-06-07,2025-09-17,2025-06-12,Prescribed burn,Undetermined,Sentinel,155.428466057,22.1977735763,NT,Parks,0.203199992,0.0001301200032
14085,"Lizzy Downs, Tipperary and Litchfield. APB",2025-06-17,2025-09-17,2025-06-22,Prescribed burn,Undetermined,Sentinel,33.4952361083,8.72842171827,NT,NTFES,0.0795999899992,2.79599953998e-05
14085,"Lizzy Downs, Tipperary and Litchfield. APB",2025-06-17,2025-09-17,2025-06-22,Prescribed burn,Undetermined,Sentinel,9036.41509838,484.659467623,NT,NTFES,4.42959995,0.0075491600246
14085,"Lizzy Downs, Tipperary and Litchfield. APB",2025-06-17,2025-09-17,2025-06-27,Prescribed burn,Undetermined,Sentinel,13228.6547954,699.599104996,NT,NTFES,6.393599934,0.0110540000278
14085,"Lizzy Downs, Tipperary and Litchfield. APB",2025-06-17,2025-09-17,2025-06-27,Prescribed burn,Undetermined,Sentinel,17.5029013731,3.14896445407,NT,Parks,0.0288000040001,1.46000032e-05
14085,"Lizzy Downs, Tipperary and Litchfield. APB",2025-06-27,2025-09-17,2025-06-30,Prescribed burn,Undetermined,Sentinel,33.4407795431,4.71606081136,NT,NTFES,0.0431999939998,2.79999986e-05
14085,"Lizzy Downs, Tipperary and Litchfield. APB",2025-06-27,2025-09-17,2025-06-30,Prescribed burn,Undetermined,Sentinel,2226.34482772,112.643383039,NT,NTFES,1.028800008,0.0018591199564
14085,"Lizzy Downs, Tipperary and Litchfield. APB",2025-06-27,2025-09-17,2025-06-30,Prescribed burn,Undetermined,Sentinel,2851.83016252,144.266928549,NT,NTFES,1.319999982,0.0023874800012
14085,"Lizzy Downs, Tipperary and Litchfield. APB",2025-07-01,2025-09-17,2025-07-02,Unknown,Undetermined,Sentinel,438.826891176,31.3995171103,NT,Parks,0.286800003999,0.0003663200014
14085,"Lizzy Downs, Tipperary and Litchfield. APB",2025-07-01,2025-09-17,2025-07-07,Unknown,Undetermined,Sentinel,4325.57687018,299.016259558,NT,NTFES,2.734000012,0.0036159199918
14085,"Lizzy Downs, Tipperary and Litchfield. APB",2025-07-01,2025-09-17,2025-07-07,Unknown,Undetermined,Sentinel,0.143766714168,0.218455121641,NT,Parks,0.00200000200016,1.20000200015e-07
14085,"Lizzy Downs, Tipperary and Litchfield. APB",2025-07-01,2025-09-17,2025-07-12,Unknown,Undetermined,Sentinel,2356.67790286,206.499123326,NT,NTFES,1.88800001,0.0019715200304
14085,"Lizzy Downs, Tipperary and Litchfield. APB",2025-07-12,2025-09-17,2025-07-17,Unknown,Undetermined,Sentinel,2336.93076776,133.902864231,NT,NTFES,1.224400004,0.0019511600168
14085,"Lizzy Downs, Tipperary and Litchfield. APB",2025-07-12,2025-09-17,2025-07-22,Unknown,Undetermined,Sentinel,844.171420783,53.0334556979,NT,NTFES,0.485200016001,0.000706600008399
14085,"Lizzy Downs, Tipperary and Litchfield. APB",2025-07-12,2025-09-17,2025-07-22,Unknown,Undetermined,Sentinel,0.430060086308,0.305524602409,NT,Parks,0.002799998,3.59999000001e-07
14085,"Lizzy Downs, Tipperary and Litchfield. APB",2025-07-12,2025-09-17,2025-07-27,Unknown,Undetermined,Sentinel,12905.5865822,527.949800873,NT,NTFES,4.827199992,0.0107844799932
14085,"Lizzy Downs, Tipperary and Litchfield. APB",2025-07-12,2025-09-17,2025-07-27,Unknown,Undetermined,Sentinel,0.143356059319,0.218081449798,NT,Parks,0.00199999999973,1.20000199972e-07
14085,"Lizzy Downs, Tipperary and Litchfield. APB",2025-07-12,2025-09-17,2025-07-27,Unknown,Undetermined,Sentinel,10.9434895566,4.76855403551,NT,Parks,0.0435999940006,9.1600002002e-06
14085,"Lizzy Downs, Tipperary and Litchfield. APB",2025-07-12,2025-09-17,2025-07-31,Unknown,Undetermined,Sentinel,21.2667883582,4.84587650734,NT,NTFES,0.0444000020002,1.77999959999e-05
14085,"Lizzy Downs, Tipperary and Litchfield. APB",2025-07-12,2025-09-17,2025-07-31,Unknown,Undetermined,Sentinel,11.0987269714,5.64402444036,NT,NTFES,0.0516000139996,9.27999859991e-06
14085,"Lizzy Downs, Tipperary and Litchfield. APB",2025-07-12,2025-09-17,2025-07-31,Unknown,Undetermined,Sentinel,145.861099033,48.1377457177,NT,NTFES,0.440000003998,0.0001218000024
14085,"Lizzy Downs, Tipperary and Litchfield. APB",2025-07-12,2025-09-17,2025-07-31,Unknown,Undetermined,Sentinel,5905.13985172,307.607779704,NT,NTFES,2.81119997,0.0049283600038
14085,"Lizzy Downs, Tipperary and Litchfield. APB",2025-08-01,2025-09-17,2025-08-01,Unknown,Undetermined,Sentinel,2005.15820232,100.223394613,NT,NTFES,0.915199973999,0.0016731199926
14085,"Lizzy Downs, Tipperary and Litchfield. APB",2025-08-01,2025-09-17,2025-08-06,Unknown,Undetermined,Sentinel,9356.36409358,402.074068124,NT,NTFES,3.674000034,0.0078101200216
14085,"Lizzy Downs, Tipperary and Litchfield. APB",2025-08-01,2025-09-17,2025-08-06,Unknown,Undetermined,Sentinel,0.574309329361,0.438559078048,NT,Parks,0.00399999999991,4.80000600003e-07
S111491,LNP 2025 Wildfire Summary,2025-05-08,2025-09-17,2025-05-31,Unknown,Undetermined,Sentinel,1.0072042732,0.569886791145,NT,NTFES,0.0051999960001,8.39998800025e-07
S111492,LNP 2025 Wildfire Summary,2025-05-08,2025-09-17,2025-05-31,Unknown,Undetermined,Sentinel,772.920711417,67.8433509295,NT,Parks,0.619199958,0.0006446400028
14274,"Lot 4477, Mocatto Road, Acacia Hills",2025-06-01,2025-09-17,2025-06-12,Prescribed burn,Incendiary,Sentinel,115.823984661,13.33591299,NT,NTFES,0.121599998,9.63999939991e-05
14274,"Lot 4477, Mocatto Road, Acacia Hills",2025-06-02,2025-09-17,2025-06-17,Prescribed burn,Incendiary,Sentinel,411.061471206,29.6269717262,NT,NTFES,0.270242520689,0.000342119019476
13663,"Lots 3310,3595,3675 and 3135 Stuart Hwy",2025-05-03,2025-09-17,2025-05-31,Prescribed burn,Incendiary,Sentinel,158.31626089,29.2844684847,NT,NTFES,0.266799986,0.000131799984
13663,"Lots 3310,3595,3675 and 3135 Stuart Hwy",2025-05-08,2025-09-17,2025-05-31,Prescribed burn,Incendiary,Sentinel,7.63965389971,6.40743644885,NT,NTFES,0.0583999919996,6.36000279987e-06
42798,"Mahoney Road, COSSACK",2025-06-10,2025-09-17,2025-06-14,Bushfire,Incendiary,Sentinel,169.071082768,13.4349663224,NT,NTFES,0.123199986001,0.000141720004
44586,"Malaplains Road, BERRY SPRINGS",2025-07-30,2025-09-17,2025-07-31,Bushfire,Undetermined,Sentinel,28.3577833243,2.84896956886,NT,NTFES,0.0260000019997,2.36000013996e-05
S111493,Manton Dam Recreation Area,2025-04-01,2025-09-17,2025-04-30,Unknown,Undetermined,Sentinel,0.192100127727,0.175324991526,NT,Parks,0.00160000000005,1.6000000001e-07
S111494,Manton Dam Recreation Area,2025-05-03,2025-09-17,2025-05-31,Unknown,Undetermined,Sentinel,44.8545191125,8.40819839397,NT,Parks,0.0768000079999,3.73599993998e-05
S111495,Manton Dam Recreation Area,2025-05-08,2025-09-17,2025-05-31,Unknown,Undetermined,Sentinel,1.44062944362,1.35829028329,NT,Parks,0.012400008,1.20000100004e-06
S111496,Manton Dam Recreation Area,2025-06-17,2025-09-17,2025-06-27,Unknown,Undetermined,Sentinel,16.0414604392,2.8520603131,NT,Parks,0.0260000079998,1.33600023999e-05
S111497,Manton Dam Recreation Area,2025-06-27,2025-09-17,2025-06-30,Unknown,Undetermined,Sentinel,0.0960741034328,0.175346713248,NT,Parks,0.0016000039999,8.00003999907e-08
S111498,Manton Dam Recreation Area,2025-07-01,2025-09-17,2025-07-02,Unknown,Undetermined,Sentinel,96.5570752309,11.8501327152,NT,Parks,0.108000002,8.04000007997e-05
S111499,Manton Dam Recreation Area,2025-07-01,2025-09-17,2025-07-02,Unknown,Undetermined,Sentinel,397.570664393,34.1663788684,NT,Parks,0.312000038001,0.000331079995601
S111500,Manton Dam Recreation Area,2025-07-01,2025-09-17,2025-07-07,Unknown,Undetermined,Sentinel,48.9027053985,6.32330994079,NT,Parks,0.0575999900001,4.07200008004e-05
S111501,Manton Dam Recreation Area,2025-07-01,2025-09-17,2025-07-07,Unknown,Undetermined,Sentinel,1073.59977149,66.1217857578,NT,Parks,0.604000021999,0.0008941199938
S111502,Manton Dam Recreation Area,2025-07-12,2025-09-17,2025-07-31,Unknown,Undetermined,Sentinel,2.64140975611,1.3166226143,NT,Parks,0.0119999959998,2.2000008e-06
43249,"Manton Dam, DARWIN RIVER DAM MANAGMENT AREA",2025-06-24,2025-09-17,2025-07-06,Bushfire,Incendiary,Sentinel,0.0480335645614,0.0876702078773,NT,Parks,0.000800003999871,4.00003999881e-08
43249,"Manton Dam, DARWIN RIVER DAM MANAGMENT AREA",2025-06-24,2025-09-17,2025-07-06,Bushfire,Incendiary,Sentinel,2468.31011159,69.490208805,NT,Parks,0.634400044,0.0020552799996
43249,"Manton Dam, DARWIN RIVER DAM MANAGMENT AREA",2025-06-24,2025-09-17,2025-07-06,Bushfire,Incendiary,Sentinel,3618.77036191,123.692752055,NT,Parks,1.13000002,0.0030133999706
43249,"Manton Dam, DARWIN RIVER DAM MANAGMENT AREA",2025-06-24,2025-09-17,2025-07-06,Unknown,Undetermined,Sentinel,118.274782508,13.0372717007,NT,NTFES,0.119200004,9.84799900001e-05
43249,"Manton Dam, DARWIN RIVER DAM MANAGMENT AREA",2025-06-24,2025-09-17,2025-07-06,Unknown,Undetermined,Sentinel,48.4743314584,13.6636852161,NT,NTFES,0.124800004,4.03600036003e-05
43249,"Manton Dam, DARWIN RIVER DAM MANAGMENT AREA",2025-06-24,2025-09-17,2025-07-06,Unknown,Undetermined,Sentinel,188.563412643,26.5576633575,NT,NTFES,0.242800004001,0.0001569999954
43739,"Manton Valley road, MANTON",2025-07-04,2025-09-17,2025-07-06,Bushfire,Incendiary,Sentinel,181.332054261,16.6308062639,NT,NTFES,0.151599988,0.0001509999984
44356,"Manton Valley Road, MANTON",2025-07-21,2025-09-17,2025-07-25,Bushfire,Incendiary,Sentinel,577.494214787,37.093274844,NT,NTFES,0.338400002,0.0004809199992
42445,"Marrakai Access Road, MARRAKAI",2025-05-30,2025-09-17,2025-05-31,Bushfire,Incendiary,Sentinel,54.103050608,7.67358059068,NT,NTFES,0.0699999900008,4.50400002e-05
42611,"Marrakai Road, LAKE BENNETT",2025-06-07,2025-09-17,2025-06-17,Bushfire,Incendiary,Sentinel,117.941654357,16.0239702741,NT,NTFES,0.1464,9.82399994001e-05
43301,"Marrakai Road, LAKE BENNETT",2025-06-28,2025-09-17,2025-06-30,Bushfire,Incendiary,Sentinel,73.3638259132,6.65894073197,NT,NTFES,0.0605836053753,6.11061157054e-05
43301,"Marrakai Road, LAKE BENNETT",2025-06-28,2025-09-17,2025-06-30,Bushfire,Incendiary,Sentinel,478.928673493,26.0330166488,NT,NTFES,0.237199999999,0.000398920007
42226,"Marrakai Road, MARRAKAI",2025-05-22,2025-09-17,2025-05-29,Bushfire,Accidental,Sentinel,573.737260112,21.3597775641,NT,NTFES,0.19520002,0.0004777199938
44081,"Marrakai Road, MARRAKAI",2025-07-13,2025-09-17,2025-07-14,Bushfire,Undetermined,Sentinel,82.7301218343,5.81868121184,NT,NTFES,0.053200004,6.88800009998e-05
44658,"Marrakai Road, MARRAKAI",2025-08-02,2025-09-17,2025-08-03,Bushfire,Undetermined,Sentinel,11.2915172066,2.63134450336,NT,NTFES,0.0240000039998,9.39999740006e-06
S111503,Mary River National Park,2025-04-01,2025-09-17,2025-04-30,Unknown,Undetermined,Sentinel,30.3588054838,6.52514201509,NT,Parks,0.0596000039997,2.5320003e-05
S111504,Mary River National Park,2025-04-01,2025-09-17,2025-04-30,Unknown,Undetermined,Sentinel,492.725158006,34.5584423504,NT,Parks,0.315599967999,0.0004108800056
S111505,Mary River National Park,2025-04-25,2025-09-17,2025-05-15,Unknown,Undetermined,Sentinel,1.00716016139,1.36011438151,NT,Parks,0.0123999899999,8.39997999978e-07
S111506,Mary River National Park,2025-05-01,2025-09-17,2025-05-15,Unknown,Undetermined,Sentinel,707.096666642,50.6542871997,NT,Parks,0.461999984,0.000589679989
S111507,Mary River National Park,2025-05-01,2025-09-17,2025-05-15,Unknown,Undetermined,Sentinel,829.38090294,207.981877526,NT,Parks,1.89840002,0.0006913999668
S111508,Mary River National Park,2025-05-01,2025-09-17,2525-05-03,Unknown,Undetermined,Sentinel,10.7054571137,2.72217096609,NT,Parks,0.024800002,8.92000040008e-06
S111509,Mary River National Park,2025-05-01,2025-09-17,2525-05-03,Unknown,Undetermined,Sentinel,8.88174809216,4.08805309316,NT,Parks,0.0371999899997,7.39999799995e-06
S111510,Mary River National Park,2025-05-01,2025-09-17,2525-05-15,Unknown,Undetermined,Sentinel,34.219974286,8.85333459128,NT,Parks,0.0808000140001,2.85200039998e-05
S111511,Mary River National Park,2025-05-01,2025-09-17,2525-05-15,Unknown,Undetermined,Sentinel,1109.92698153,97.5746056371,NT,Parks,0.890400029999,0.000924840010802
S111512,Mary River National Park,2025-05-03,2025-09-17,2025-05-31,Unknown,Undetermined,Sentinel,56.8768868471,16.5247484873,NT,Parks,0.150800018,4.73600028e-05
S111513,Mary River National Park,2025-05-03,2025-09-17,2025-05-31,Unknown,Undetermined,Sentinel,1144.17465547,182.150758159,NT,Parks,1.661199968,0.000952720007
S111514,Mary River National Park,2025-05-15,2025-09-17,2025-05-20,Unknown,Undetermined,Sentinel,4.22170567384,1.09209135792,NT,Parks,0.00999999800001,3.52000000004e-06
S111515,Mary River National Park,2025-05-15,2025-09-17,2025-05-20,Unknown,Undetermined,Sentinel,17674.4368062,637.389115638,NT,Parks,5.816399946,0.0147323199894
S111516,Mary River National Park,2025-05-15,2025-09-17,2025-05-31,Unknown,Undetermined,Sentinel,996.545915555,106.985473835,NT,Parks,0.975999958001,0.000829600002199
S111517,Mary River National Park,2025-05-15,2025-09-17,2025-05-31,Unknown,Undetermined,Sentinel,1111.16564489,359.85079808,NT,Parks,3.284399946,0.000926200008799
S111518,Mary River National Park,2025-06-02,2025-09-17,2025-06-17,Unknown,Undetermined,Sentinel,30.6115693896,8.58992908168,NT,Parks,0.0783999800001,2.54799994e-05
S111519,Mary River National Park,2025-06-02,2025-09-17,2025-06-17,Unknown,Undetermined,Sentinel,178.817002102,20.4885413224,NT,Parks,0.186800004,0.0001486799918
S111520,Mary River National Park,2025-06-09,2025-09-17,2025-06-14,Unknown,Undetermined,Sentinel,8.89317258165,2.50555435775,NT,Parks,0.0228000019999,7.40000179978e-06
S111521,Mary River National Park,2025-06-09,2025-09-17,2025-06-14,Unknown,Undetermined,Sentinel,158.398256049,32.5239664087,NT,Parks,0.296800034001,0.0001318800106
S111522,Mary River National Park,2025-06-14,2025-09-17,2025-06-19,Unknown,Undetermined,Sentinel,48.3124582072,9.83114880843,NT,Parks,0.0895999840005,4.02799951998e-05
S111523,Mary River National Park,2025-06-14,2025-09-17,2025-06-19,Unknown,Undetermined,Sentinel,86.4615814903,11.7406776492,NT,Parks,0.107199991999,7.20799957999e-05
S111524,Mary River National Park,2025-06-14,2025-09-17,2025-06-24,Unknown,Undetermined,Sentinel,1.54055967903,0.792110812442,NT,Parks,0.00720000199999,1.27999840002e-06
S111525,Mary River National Park,2025-06-14,2025-09-17,2025-06-30,Unknown,Undetermined,Sentinel,0.673999525941,0.439575093197,NT,Parks,0.00400000000013,5.60000400056e-07
S111526,Mary River National Park,2025-06-17,2025-09-17,2025-06-22,Unknown,Undetermined,Sentinel,18.5458257065,3.59330019123,NT,Parks,0.0327999959999,1.5440001e-05
S111527,Mary River National Park,2025-07-04,2025-09-17,2025-07-09,Unknown,Undetermined,Sentinel,21.8434335568,6.74830149762,NT,Parks,0.0611999939998,1.81599992e-05
S111528,Mary River National Park,2025-07-12,2025-09-17,2025-07-22,Unknown,Undetermined,Sentinel,1.48929734751,0.655518730521,NT,Parks,0.0059999959999,1.23999980006e-06
S111529,Mary River National Park,2025-07-12,2025-09-17,2025-07-31,Unknown,Undetermined,Sentinel,0.0480147740934,0.0876532292431,NT,Parks,0.000799999999913,3.99999999903e-08
S111530,Mary River National Park,2025-07-12,2025-09-17,2025-07-31,Unknown,Undetermined,Sentinel,0.240074237918,0.262108931134,NT,Parks,0.00240000200006,2.00000399997e-07
S111531,Mary River National Park,2025-07-14,2025-09-17,2025-07-24,Unknown,Undetermined,Sentinel,4150.1093094,69.4678265291,NT,Parks,0.633600030002,0.0034590800046
S111532,Mary River National Park,2025-07-24,2025-09-17,2025-07-31,Unknown,Undetermined,Sentinel,44.1825904378,9.04384884855,NT,Parks,0.0824000160005,3.67599949999e-05
S111533,Mary River National Park,2025-07-24,2025-09-17,2025-07-31,Unknown,Undetermined,Sentinel,943.639891758,26.8669646192,NT,Parks,0.245200018001,0.000786400000401
S111534,Mary River National Park,2025-08-01,2025-09-17,2025-08-03,Unknown,Undetermined,Sentinel,2.02051918047,0.880425723209,NT,Parks,0.00799999799983,1.67999859995e-06
S111535,Mary River National Park,2025-08-01,2025-09-17,2025-08-03,Unknown,Undetermined,Sentinel,10.0571350304,3.91645626452,NT,Parks,0.0355999980007,8.35999980011e-06
43409,"Mcadam rd, EMUNGALAN",2025-06-30,2025-09-17,2025-07-01,Bushfire,Incendiary,Sentinel,0.715830745743,0.391560835561,NT,NTFES,0.0036000020001,6.00000000028e-07
42265,"McAdam Road, NITMILUK",2025-05-24,2025-09-17,2025-05-30,Bushfire,Undetermined,Sentinel,1253.85844703,112.956794718,NT,NTFES,1.035599936,0.0010506399942
43354,"McGorrie Road, MARRAKAI",2025-06-28,2025-09-17,2025-06-28,Unknown,Undetermined,Sentinel,4.51740378326,1.62270461941,NT,NTFES,0.014799994,3.75999919999e-06
41980,Meneling Road South FINNIS VALLEY,2025-05-13,2025-09-17,2025-05-15,Bushfire,Incendiary,Sentinel,259.666392512,24.8187351288,NT,NTFES,0.226400008,0.000216399997
S111536,"Meneling road, FINNISS VALLEY",2025-05-03,2025-09-17,2025-05-31,Bushfire,Incendiary,Sentinel,36.0493516763,6.26852180445,NT,NTFES,0.0572000039999,3.00400024001e-05
S111537,"Meneling road, FINNISS VALLEY",2025-05-08,2025-09-17,2025-05-31,Bushfire,Incendiary,Sentinel,28.1765146429,5.82421597699,NT,NTFES,0.0531999980004,2.34799968002e-05
41911,"Meneling road, FINNISS VALLEY",2025-05-09,2025-09-17,2025-05-13,Bushfire,Incendiary,Sentinel,81.5530472947,8.93501401295,NT,NTFES,0.0816000120005,6.79599913999e-05
41921,Middle Arm Road WEDDELL,2025-05-10,2025-09-17,2025-05-10,Bushfire,Undetermined,Sentinel,0.0961571380039,0.131961765184,NT,NTFES,0.00119999799995,7.99995999868e-08
41921,Middle Arm Road WEDDELL,2025-05-10,2025-09-17,2025-05-10,Bushfire,Undetermined,Sentinel,2.59625489742,1.9707300462,NT,NTFES,0.01799999,2.15999959992e-06
41921,Middle Arm Road WEDDELL,2025-05-10,2025-09-17,2025-05-10,Bushfire,Undetermined,Sentinel,120.088667278,15.3123782684,NT,NTFES,0.139600016,9.99199991999e-05
41921,Middle Arm Road WEDDELL,2025-05-10,2025-09-17,2025-05-10,Bushfire,Undetermined,Sentinel,929.31315325,92.7100885208,NT,NTFES,0.845199973999,0.000773239995999
41921,Middle Arm Road WEDDELL,2025-05-10,2025-09-17,2025-05-10,Bushfire,Undetermined,Sentinel,182.440414786,100.488959782,NT,NTFES,0.916399929997,0.000151799982799
42334,"Miles Road, BATCHELOR",2025-05-26,2025-09-17,2025-05-27,Bushfire,Incendiary,Sentinel,3.2257646188,0.816167878047,NT,NTFES,0.00748143100759,2.68882299769e-06
42502,"Miles Road, EVA VALLEY",2025-06-01,2025-09-17,2025-06-08,Bushfire,Accidental,Sentinel,1.1516603663,0.568259174134,NT,NTFES,0.00520000000006,9.59999399992e-07
43981,"Milton Road, Stapleton",2025-07-10,2025-09-17,2025-07-11,Unknown,Undetermined,Sentinel,20.0988015731,3.0203585073,NT,NTFES,0.0275999980005,1.67600043999e-05
42369,"Milton Road, STAPLETON",2025-05-27,2025-09-17,2025-05-27,Prescribed burn,Incendiary,Sentinel,12.1845206104,3.23811830774,NT,NTFES,0.0296000000001,1.01600014e-05
44056,"Milton road, STAPLETON (Coach road)",2025-07-12,2025-09-17,2025-07-12,Unknown,Undetermined,Sentinel,16.8863123301,3.49480442513,NT,NTFES,0.032000004,1.40799983999e-05
41815,"Mira road south, DARWIN RIVER (DARWIN RIVER RAIL CORRIDOR)",2025-04-30,2025-09-17,2025-04-30,Unknown,Undetermined,Sentinel,122.988017138,13.9848835893,NT,NTFES,0.12760001,0.0001024400012
41815,"Mira road south, DARWIN RIVER DARWIN RIVER",2025-04-30,2025-09-17,2025-04-30,Bushfire,Undetermined,Sentinel,11.1885962525,2.05783924085,NT,NTFES,0.0187999959994,9.31999819995e-06
42118,"Mira Road South, TUMBLING WATERS",2025-05-20,2025-09-17,2025-05-21,Bushfire,Incendiary,Sentinel,136.836761144,8.77723869571,NT,NTFES,0.0799999919998,0.0001139199928
43348,"Morey Road, COSSACK",2025-06-29,2025-09-17,2025-07-02,Bushfire,Incendiary,Sentinel,1.47926888097,0.745598950249,NT,NTFES,0.00679999599993,1.24000040001e-06
43348,"Morey Road, COSSACK",2025-06-29,2025-09-17,2025-07-02,Bushfire,Incendiary,Sentinel,2343.0896412,88.5495736478,NT,NTFES,0.810970333393,0.0019639084881
43348,"Morey Road, COSSACK",2025-06-29,2025-09-17,2025-07-02,Unknown,Undetermined,Sentinel,0.0671563133483,0.264175112507,NT,NTFES,0.00241751871648,5.62901795978e-08
43501,"Morgan Road, COOLALINGA",2025-07-02,2025-09-17,2025-07-02,Bushfire,Undetermined,Sentinel,25.0583340415,4.96393473853,NT,NTFES,0.0451999940003,2.08399951999e-05
41562,"Mount Doreen, LAKE MACKAY",2025-02-01,2025-09-17,2025-02-13,Bushfire,Natural,MODIS,306635.444828,2558.87108579,NT,NTFES,23.999999984,0.267993749733
41562,"Mount Doreen, LAKE MACKAY",2025-02-01,2025-09-17,2025-02-13,Bushfire,Natural,MODIS,300651.64273,4511.19612621,NT,NTFES,42.279999976,0.26256875028
41562,"Mount Doreen, LAKE MACKAY",2025-02-01,2025-09-17,2025-02-13,Bushfire,Natural,MODIS,14829.9010112,234.325963407,WA,BFNT,2.190000014,0.0129374999225
41409,"Mt Denison Road, YUENDUMU",2025-01-20,2025-09-17,2025-01-27,Bushfire,Undetermined,MODIS,1712.18833714,39.4025708887,NT,NTFES,0.37,0.001499999995
41714,"Neutral Junction, DAVENPORT",2025-03-11,2025-09-17,2025-03-16,Bushfire,Undetermined,MODIS,19281.4541665,228.503047567,NT,NTFES,2.129999994,0.016749999975
41505,"Newcastle Waters, ELLIOTT",2025-01-28,2025-09-17,2025-02-07,Unknown,Undetermined,MODIS,3596.45752769,44.555198789,NT,NTFES,0.409999998,0.0030624999775
44425,"Newhaven Propacc, NGALURRTJU",2025-07-21,2025-09-17,2025-07-31,Bushfire,Accidental,MODIS,25048.4338647,266.294495996,NT,NTFES,2.504999998,0.02200624999
42526,"NICHOLSON, WAANYI/GARWA ALT",2025-06-03,2025-09-17,2025-06-03,Bushfire,Undetermined,MODIS,7.34060050586,1.08398112674,NT,NTFES,0.0099999979999,6.24999749987e-06
42526,"NICHOLSON, WAANYI/GARWA ALT",2025-06-03,2025-09-17,2025-06-03,Bushfire,Undetermined,MODIS,7.33931368649,1.08388818708,NT,NTFES,0.0100000019999,6.25000249982e-06
42526,"NICHOLSON, WAANYI/GARWA ALT",2025-06-03,2025-09-17,2025-06-03,Bushfire,Undetermined,MODIS,14.68101111,1.61456702292,NT,NTFES,0.015000002,1.25000025e-05
42526,"NICHOLSON, WAANYI/GARWA ALT",2025-06-03,2025-09-17,2025-06-03,Bushfire,Undetermined,MODIS,14.6810081735,2.16794832612,NT,NTFES,0.0199999999998,1.24999999997e-05
42526,"NICHOLSON, WAANYI/GARWA ALT",2025-06-03,2025-09-17,2025-06-03,Bushfire,Undetermined,MODIS,14.6800137136,2.1678765017,NT,NTFES,0.0200000000002,1.25000000003e-05
42526,"NICHOLSON, WAANYI/GARWA ALT",2025-06-03,2025-09-17,2025-06-03,Bushfire,Undetermined,MODIS,22.0209247999,2.19072361097,NT,NTFES,0.0200000020002,1.87500075005e-05
42526,"NICHOLSON, WAANYI/GARWA ALT",2025-06-03,2025-09-17,2025-06-03,Bushfire,Undetermined,MODIS,44.0505635566,3.2295027242,NT,NTFES,0.029999998,3.7499995e-05
42526,"NICHOLSON, WAANYI/GARWA ALT",2025-06-03,2025-09-17,2025-06-03,Bushfire,Undetermined,MODIS,51.3750757088,4.31266614814,NT,NTFES,0.0399999999998,4.37500000001e-05
42526,"NICHOLSON, WAANYI/GARWA ALT",2025-06-03,2025-09-17,2025-06-03,Bushfire,Undetermined,MODIS,66.0688079221,4.31328122031,NT,NTFES,0.0399999999998,5.62499999995e-05
42526,"NICHOLSON, WAANYI/GARWA ALT",2025-06-03,2025-09-17,2025-06-03,Bushfire,Undetermined,MODIS,139.480999301,5.42009331894,NT,NTFES,0.0500000000001,0.00011875
42526,"NICHOLSON, WAANYI/GARWA ALT",2025-06-03,2025-09-17,2025-06-03,Bushfire,Undetermined,MODIS,110.105377968,5.92760957608,NT,NTFES,0.0549999999999,9.37500025007e-05
42526,"NICHOLSON, WAANYI/GARWA ALT",2025-06-03,2025-09-17,2025-06-03,Bushfire,Undetermined,MODIS,88.0841666407,5.97319159723,NT,NTFES,0.0550000019999,7.50000050002e-05
42526,"NICHOLSON, WAANYI/GARWA ALT",2025-06-03,2025-09-17,2025-06-03,Bushfire,Undetermined,MODIS,249.545818286,9.22463682826,NT,NTFES,0.0849999979999,0.0002125
42526,"NICHOLSON, WAANYI/GARWA ALT",2025-06-03,2025-09-17,2025-06-03,Bushfire,Undetermined,MODIS,352.307807132,10.1944261775,NT,NTFES,0.0949999980002,0.000299999997501
42526,"NICHOLSON, WAANYI/GARWA ALT",2025-06-03,2025-09-17,2025-06-03,Bushfire,Undetermined,MODIS,249.602180677,10.3778519724,NT,NTFES,0.0949999999999,0.000212500014999
42526,"NICHOLSON, WAANYI/GARWA ALT",2025-06-03,2025-09-17,2025-06-03,Bushfire,Undetermined,MODIS,315.567351661,13.6283008764,NT,NTFES,0.125000002,0.000268749995
42526,"NICHOLSON, WAANYI/GARWA ALT",2025-06-03,2025-09-17,2025-06-03,Bushfire,Undetermined,MODIS,3582.03873103,47.7394554688,NT,NTFES,0.439999998,0.0030499999675
42526,"NICHOLSON, WAANYI/GARWA ALT",2025-06-03,2025-09-17,2025-06-03,Bushfire,Undetermined,MODIS,4410.62532981,51.9795137713,NT,NTFES,0.480000002,0.0037562500075
42526,"NICHOLSON, WAANYI/GARWA ALT",2025-06-03,2025-09-17,2025-06-03,Bushfire,Undetermined,MODIS,6781.19417392,83.781143052,NT,NTFES,0.774999998001,0.00577500004
S111538,Nitmiluk (Katherine Gorge) National Park,2025-02-01,2025-09-17,2025-02-28,Unknown,Undetermined,Sentinel,0.0954816260346,0.131662579905,NT,Parks,0.00119999999993,8.00001999795e-08
S111539,Nitmiluk (Katherine Gorge) National Park,2025-02-01,2025-09-17,2025-02-28,Unknown,Undetermined,Sentinel,0.190936503277,0.219056325486,NT,Parks,0.00199999799975,1.59999799956e-07
S111540,Nitmiluk (Katherine Gorge) National Park,2025-02-01,2025-09-17,2025-02-28,Unknown,Undetermined,Sentinel,7.4471218451,3.97850557769,NT,Parks,0.0364000059998,6.23999979985e-06
S111541,Nitmiluk (Katherine Gorge) National Park,2025-02-01,2025-09-17,2025-02-28,Unknown,Undetermined,Sentinel,12.650386198,12.1024772631,NT,Parks,0.110799982,1.05999996e-05
S111542,Nitmiluk (Katherine Gorge) National Park,2025-02-01,2025-09-17,2025-03-01,Unknown,Undetermined,MODIS,3195.02824883,125.776616017,NT,Parks,1.149999992,0.0026750000225
S111543,Nitmiluk (Katherine Gorge) National Park,2025-02-27,2025-09-17,2025-04-01,Unknown,Undetermined,MODIS,388.057490276,10.927963218,NT,Parks,0.0999999999997,0.000324999995
S111544,Nitmiluk (Katherine Gorge) National Park,2025-04-01,2025-09-17,2025-04-27,Unknown,Undetermined,MODIS,44.7739303454,4.35754829942,NT,Parks,0.0400000020001,3.75000025002e-05
S111545,Nitmiluk (Katherine Gorge) National Park,2025-04-01,2025-09-17,2025-04-27,Unknown,Undetermined,MODIS,149.272518217,7.08332559604,NT,Parks,0.0650000020001,0.0001249999975
S111546,Nitmiluk (Katherine Gorge) National Park,2025-04-01,2025-09-17,2025-04-30,Unknown,Undetermined,MODIS,231.503015444,10.891724343,NT,Parks,0.100000004,0.0001937500125
S111547,Nitmiluk (Katherine Gorge) National Park,2025-04-01,2025-09-17,2025-04-30,Unknown,Undetermined,MODIS,963.491168862,39.3433364402,NT,Parks,0.359999994,0.000806249985
S111548,Nitmiluk (Katherine Gorge) National Park,2025-04-17,2025-09-17,2025-04-30,Unknown,Undetermined,MODIS,231.559499846,15.2535571636,NT,Parks,0.140000002,0.0001937499925
S111549,Nitmiluk (Katherine Gorge) National Park,2025-05-01,2025-09-17,2025-05-10,Unknown,Undetermined,MODIS,268.670403073,14.7462576697,NT,Parks,0.134999996,0.000225
S111550,Nitmiluk (Katherine Gorge) National Park,2025-05-01,2025-09-17,2025-05-10,Unknown,Undetermined,MODIS,4576.05997366,155.010759168,NT,Parks,1.420000014,0.00383125009
S111551,Nitmiluk (Katherine Gorge) National Park,2025-05-01,2025-09-17,2025-05-10,Unknown,Undetermined,Sentinel,0.620604947995,0.392762938578,NT,Parks,0.00360000199998,5.19999799981e-07
S111552,Nitmiluk (Katherine Gorge) National Park,2025-05-01,2025-09-17,2025-05-14,Unknown,Undetermined,MODIS,97.0952162823,6.03258833792,NT,Parks,0.0549999960002,8.12499925001e-05
S111553,Nitmiluk (Katherine Gorge) National Park,2025-05-01,2025-09-17,2025-05-14,Unknown,Undetermined,MODIS,791.371275534,45.2729021771,NT,Parks,0.415000004,0.000662500015003
S111554,Nitmiluk (Katherine Gorge) National Park,2025-05-07,2025-09-17,2025-06-01,Unknown,Undetermined,MODIS,1268.53995523,51.7750458476,NT,Parks,0.474999998,0.0010624999975
S111555,Nitmiluk (Katherine Gorge) National Park,2025-05-14,2025-09-17,2025-05-22,Unknown,Undetermined,MODIS,626.79345903,22.3942616035,NT,Parks,0.204999994,0.000524999995
S111556,Nitmiluk (Katherine Gorge) National Park,2025-05-14,2025-09-17,2025-05-22,Unknown,Undetermined,MODIS,1724.01785439,43.1341020012,NT,Parks,0.395000002,0.0014437500325
S111557,Nitmiluk (Katherine Gorge) National Park,2025-06-21,2025-09-17,2025-06-30,Unknown,Undetermined,MODIS,7.4705453061,1.09336949623,NT,Parks,0.0100000019999,6.25000249982e-06
12997,No Name,2025-02-01,2025-09-17,2025-03-01,Prescribed burn,Incendiary,MODIS,869.943200855,19.471416048,NT,NTFES,0.180000002,0.000737499995
13621,No Name,2025-04-01,2025-09-17,2025-04-23,Unknown,Undetermined,Sentinel,70.3496571484,18.2136034062,NT,NTFES,0.16560001,5.88000062e-05
13621,No Name,2025-04-01,2025-09-17,2025-04-25,Unknown,Undetermined,Sentinel,50.6695161586,12.7290666912,NT,NTFES,0.11600001,4.23200078004e-05
12997,No Name,2025-04-01,2025-09-17,2025-04-30,Prescribed burn,Incendiary,MODIS,678.349722884,18.4475567279,NT,NTFES,0.170000004,0.0005749999925
13621,No Name,2025-04-01,2025-09-17,2025-04-30,Unknown,Undetermined,Sentinel,28.8387600599,13.0388628951,NT,NTFES,0.119200006,2.40800004e-05
13621,No Name,2025-04-01,2025-09-17,2025-04-30,Unknown,Undetermined,Sentinel,72.6032444116,38.6221205255,NT,NTFES,0.351999982002,6.06399996006e-05
13621,No Name,2025-04-25,2025-09-17,2025-04-30,Unknown,Undetermined,Sentinel,581.649664771,71.9774255868,NT,NTFES,0.657600006001,0.0004855199948
13621,No Name,2025-05-01,2025-09-17,2025-05-03,Unknown,Undetermined,Sentinel,142.999995966,24.8772594424,NT,NTFES,0.227200022,0.0001193600012
12997,No Name,2025-05-01,2025-09-17,2025-05-14,Prescribed burn,Incendiary,MODIS,4513.34413049,58.1939598445,NT,NTFES,0.535,0.003831250025
12997,No Name,2025-05-01,2025-09-17,2025-05-19,Prescribed burn,Incendiary,MODIS,44.2404861423,3.25905396529,NT,NTFES,0.0300000020001,3.75000050002e-05
13621,No Name,2025-05-01,2025-09-17,2525-05-03,Unknown,Undetermined,Sentinel,15.6214430318,8.45448318743,NT,NTFES,0.0772000140003,1.30399974e-05
13621,No Name,2025-05-03,2025-09-17,2025-05-13,Unknown,Undetermined,Sentinel,374.624091225,36.6533572275,NT,NTFES,0.334799986,0.0003127200068
13621,No Name,2025-05-03,2025-09-17,2025-05-31,Unknown,Undetermined,Sentinel,22211.9668411,1106.8935091,NT,NTFES,10.108799938,0.0185436400158
13621,No Name,2025-05-08,2025-09-17,2025-05-31,Unknown,Undetermined,Sentinel,3943.7391147,416.560711155,NT,NTFES,3.803600018,0.003290399991
13621,No Name,2025-05-13,2025-09-17,2025-05-23,Unknown,Undetermined,Sentinel,6.74717427751,1.40311350054,NT,NTFES,0.0127999980001,5.63999799992e-06
13621,No Name,2025-05-13,2025-09-17,2025-05-31,Unknown,Undetermined,Sentinel,9.23553428524,3.37352089667,NT,NTFES,0.0307999939998,7.71999699994e-06
13621,No Name,2025-06-01,2025-09-17,2025-06-02,Unknown,Undetermined,Sentinel,0.0479317917612,0.0875782475325,NT,NTFES,0.000799999999799,3.99999999799e-08
12997,No Name,2025-06-01,2025-09-17,2025-06-06,Prescribed burn,Incendiary,MODIS,117.834776748,11.3683867111,NT,NTFES,0.105000002,0.0001
13621,No Name,2025-06-01,2025-09-17,2025-06-12,Unknown,Undetermined,Sentinel,177.994689207,44.2857388037,NT,NTFES,0.404399997999,0.0001484799932
13621,No Name,2025-06-02,2025-09-17,2025-06-17,Unknown,Undetermined,Sentinel,7884.13018972,358.175896883,NT,NTFES,3.268399962,0.0065809200252
13621,No Name,2025-06-07,2025-09-17,2025-06-12,Unknown,Undetermined,Sentinel,2923.76185912,145.838639504,NT,NTFES,1.331599992,0.0024402399988
13621,No Name,2025-06-09,2025-09-17,2025-06-14,Unknown,Undetermined,Sentinel,433.98246094,43.2882784475,NT,NTFES,0.395199992,0.0003623600126
13621,No Name,2025-06-14,2025-09-17,2025-06-29,Unknown,Undetermined,Sentinel,0.0958107068234,0.131808269443,NT,NTFES,0.00119999800006,7.99998000188e-08
13621,No Name,2025-06-17,2025-09-17,2025-06-22,Unknown,Undetermined,Sentinel,46.567054694,10.7985499204,NT,NTFES,0.0987999839998,3.88799956002e-05
13621,No Name,2025-06-17,2025-09-17,2025-06-27,Unknown,Undetermined,Sentinel,264.13182827,30.2203063476,NT,NTFES,0.276000012,0.0002203600014
13621,No Name,2025-06-27,2025-09-17,2025-06-30,Unknown,Undetermined,Sentinel,0.287479116324,0.392606971825,NT,NTFES,0.00359999799991,2.39999799995e-07
13621,No Name,2025-06-27,2025-09-17,2025-06-30,Unknown,Undetermined,Sentinel,947.732885297,103.509256199,NT,NTFES,0.944800006,0.000790919999201
13621,No Name,2025-07-01,2025-09-17,2025-07-02,Unknown,Undetermined,Sentinel,458.400559446,39.9767657299,NT,NTFES,0.365600014001,0.000382680011
13621,No Name,2025-07-01,2025-09-17,2025-07-07,Unknown,Undetermined,Sentinel,289.250507818,33.9729956564,NT,NTFES,0.310800012001,0.000241479992
13621,No Name,2025-07-01,2025-09-17,2025-07-12,Unknown,Undetermined,Sentinel,90.7096961565,13.1496250004,NT,NTFES,0.120000004,7.56799867998e-05
13621,No Name,2025-07-12,2025-09-17,2025-07-17,Unknown,Undetermined,Sentinel,188.968273511,25.5298934606,NT,NTFES,0.23319999,0.0001577200024
13621,No Name,2025-07-12,2025-09-17,2025-07-27,Unknown,Undetermined,Sentinel,811.11087195,86.3679037799,NT,NTFES,0.788799981997,0.0006770800044
13621,No Name,2025-07-12,2025-09-17,2025-07-31,Unknown,Undetermined,Sentinel,2.54114021665,1.6633167166,NT,NTFES,0.0151999960001,2.11999880005e-06
13621,No Name,2025-07-12,2025-09-17,2025-07-31,Unknown,Undetermined,Sentinel,1154.14392367,77.7050158962,NT,NTFES,0.709200018,0.0009632000006
13621,No Name,2025-07-14,2025-09-17,2025-07-24,Unknown,Undetermined,Sentinel,46.320783402,22.6759170165,NT,NTFES,0.207600011999,3.86800012003e-05
13621,No Name,2025-07-24,2025-09-17,2025-07-31,Unknown,Undetermined,Sentinel,22.4643360809,16.24062948,NT,NTFES,0.148400008,1.8760003e-05
13621,No Name,2025-08-01,2025-09-17,2025-08-06,Unknown,Undetermined,Sentinel,720.141424854,37.0763112287,NT,NTFES,0.338800009999,0.0006011599906
42533,"North Fog Bay Road, DUNDEE",2025-06-03,2025-09-17,2025-06-08,Bushfire,Natural,Sentinel,3716.98620567,147.632318999,NT,NTFES,1.3464109673,0.00309428555237
42533,"North Fog Bay Road, DUNDEE",2025-06-03,2025-09-17,2025-06-08,Unknown,Undetermined,Sentinel,0.00225669698663,0.0324760806306,NT,NTFES,0.000296648981706,1.87889821379e-09
42533,"North Fog Bay Road, DUNDEE",2025-06-17,2025-09-17,2025-06-22,Bushfire,Natural,Sentinel,158.837644508,13.9830664812,NT,NTFES,0.12760001,0.0001322400018
42533,"North Fog Bay Road, DUNDEE",2025-06-17,2025-09-17,2025-06-27,Bushfire,Natural,Sentinel,0.576563097833,0.744889377972,NT,NTFES,0.00680000400007,4.8000000001e-07
44904,Northstar Road ACACIA HILLS,2025-08-10,2025-09-17,2025-08-10,Bushfire,Incendiary,Sentinel,1.00927825771,0.57122824139,NT,NTFES,0.00519999999995,8.39998800047e-07
44904,Northstar Road ACACIA HILLS,2025-08-10,2025-09-17,2025-08-10,Bushfire,Incendiary,Sentinel,0.480607794707,0.569608534829,NT,NTFES,0.00520000199992,4.00001600025e-07
42780,"Northstar Road, ACACIA HILLS",2025-06-10,2025-09-17,2025-06-10,Bushfire,Undetermined,Sentinel,9.0828471783,5.88663438514,NT,NTFES,0.0536000240002,7.56000739997e-06
42780,"Northstar Road, ACACIA HILLS",2025-06-10,2025-09-17,2025-06-10,Bushfire,Undetermined,Sentinel,2083.80970573,46.828000787,NT,NTFES,0.426458220718,0.00173446324525
42899,"Northstar Road, ACACIA HILLS",2025-06-13,2025-09-17,2025-06-13,Prescribed burn,Incendiary,Sentinel,11.4274316768,2.27093607432,NT,NTFES,0.0207092867955,9.51154324591e-06
44418,"Northstar Road, ACACIA HILLS",2025-07-22,2025-09-17,2025-07-24,Bushfire,Accidental,Sentinel,18.165397275,2.72166818415,NT,NTFES,0.0247999999999,1.51199970001e-05
44418,"Northstar Road, ACACIA HILLS",2025-07-22,2025-09-17,2025-07-24,Bushfire,Incendiary,Sentinel,0.961121942201,0.481080314302,NT,NTFES,0.00439999999992,7.99999199971e-07
44418,"Northstar Road, ACACIA HILLS",2025-07-22,2025-09-17,2025-07-24,Bushfire,Incendiary,Sentinel,2.54698153182,1.35798765659,NT,NTFES,0.0123999899998,2.11999799992e-06
13385,"NT part Por 1646, Mardbalk Rangers Management Area, ARNHEM",2020-10-13,2025-09-17,2020-10-13,Bushfire,Undetermined,MODIS,2205.51890726,52.1214592993,NT,Carbon Project,0.475000006,0.0018312500325
13385,"NT part Por 1646, Mardbalk Rangers Management Area, ARNHEM",2020-10-13,2025-09-17,2020-10-13,Bushfire,Undetermined,MODIS,5526.49957886,184.251825035,NT,Carbon Project,1.68000001,0.004587500015
13385,"NT part Por 1646, Mardbalk Rangers Management Area, ARNHEM",2020-10-13,2025-09-17,2020-10-13,Bushfire,Undetermined,MODIS,2054.60823869,188.086594295,NT,Carbon Project,1.714999988,0.001706250025
13385,"NT part Por 1646, Mardbalk Rangers Management Area, ARNHEM",2020-10-13,2025-09-17,2020-10-13,Prescribed burn,Incendiary,MODIS,37.6123746093,2.73824897562,NT,Carbon Project,0.0249999979999,3.12499949996e-05
13385,"NT part Por 1646, Mardbalk Rangers Management Area, ARNHEM",2020-10-13,2025-09-17,2020-10-13,Prescribed burn,Incendiary,MODIS,120.462238869,7.13866348658,NT,Carbon Project,0.0650000020003,0.0001000000075
13385,"NT part Por 1646, Mardbalk Rangers Management Area, ARNHEM",2020-10-13,2025-09-17,2020-10-13,Prescribed burn,Undetermined,MODIS,120.317118861,6.58158720827,NT,Carbon Project,0.0600000019999,0.000100000005
13385,"NT part Por 1646, Mardbalk Rangers Management Area, ARNHEM",2020-10-13,2025-09-17,2020-10-13,Prescribed burn,Undetermined,MODIS,338.374336475,12.6003407637,NT,Carbon Project,0.115000002,0.000281249995
13385,"NT part Por 1646, Mardbalk Rangers Management Area, ARNHEM",2020-10-13,2025-09-17,2020-10-13,Prescribed burn,Undetermined,MODIS,1331.64843924,81.7005624419,NT,Carbon Project,0.745000008,0.001106250015
13385,"NT part Por 1646, Mardbalk Rangers Management Area, ARNHEM",2020-10-13,2025-09-17,2020-10-13,Prescribed burn,Undetermined,MODIS,3755.43082966,127.658706736,NT,Carbon Project,1.165,0.00311874995
13385,"NT part Por 1646, Mardbalk Rangers Management Area, ARNHEM",2020-10-13,2025-09-17,2020-10-13,Prescribed burn,Undetermined,MODIS,5660.95549527,150.912222556,NT,Carbon Project,1.375000012,0.00470000002
13385,"NT part Por 1646, Mardbalk Rangers Management Area, ARNHEM",2020-10-13,2025-09-17,2020-10-13,Prescribed burn,Undetermined,MODIS,2421.67479574,159.5716857,NT,Carbon Project,1.454999988,0.00201250005
13385,"NT part Por 1646, Mardbalk Rangers Management Area, ARNHEM",2020-10-13,2025-09-17,2020-10-13,Prescribed burn,Undetermined,MODIS,6815.04907462,247.449084393,NT,Carbon Project,2.255000012,0.00566250000499
13385,"NT part Por 1646, Mardbalk Rangers Management Area, ARNHEM",2020-10-13,2025-09-17,2020-10-13,Prescribed burn,Undetermined,MODIS,9595.56879565,348.307544454,NT,Carbon Project,3.175,0.0079687500025
13385,"NT part Por 1646, Mardbalk Rangers Management Area, ARNHEM",2020-10-13,2025-09-17,2020-10-13,Prescribed burn,Undetermined,MODIS,9105.35742533,352.183121093,NT,Carbon Project,3.210000006,0.00756250000501
13385,"NT part Por 1646, Mardbalk Rangers Management Area, ARNHEM",2020-10-13,2025-09-17,2020-10-13,Prescribed burn,Undetermined,MODIS,6459.66020864,561.107048929,NT,Carbon Project,5.114999916,0.00536249987
13385,"NT part Por 1646, Mardbalk Rangers Management Area, ARNHEM",2020-10-13,2025-09-17,2020-10-13,Prescribed burn,Undetermined,MODIS,13085.5936843,711.896674192,NT,Carbon Project,6.489999978,0.01086874999
13385,"NT part Por 1646, Mardbalk Rangers Management Area, ARNHEM",2020-10-13,2025-09-17,2020-10-13,Prescribed burn,Undetermined,MODIS,19095.1138618,1401.71729751,NT,Carbon Project,12.774999958,0.0158499998975
13385,"NT part Por 1646, Mardbalk Rangers Management Area, ARNHEM",2020-10-13,2025-09-17,2020-10-13,Prescribed burn,Undetermined,MODIS,53069.3749919,1863.00624457,NT,Carbon Project,16.974999998,0.044056249955
13385,"NT part Por 1646, Mardbalk Rangers Management Area, ARNHEM",2020-10-13,2025-09-17,2020-10-13,Prescribed burn,Undetermined,MODIS,91124.8415037,2171.57256643,NT,Carbon Project,19.794999984,0.07563750015
13385,"NT part Por 1646, Mardbalk Rangers Management Area, ARNHEM",2020-10-13,2025-09-17,2020-10-13,Prescribed burn,Undetermined,MODIS,145098.626568,3379.30280546,NT,Carbon Project,30.80000001,0.120443750015
14961,"NT part Portion 1646, Mimal Land Management Area, ARNHEM",2025-05-01,2025-09-17,2025-05-14,Prescribed burn,Undetermined,MODIS,44.8388869274,3.28067567015,NT,NTFES,0.0299999979999,3.7499995e-05
14961,"NT part Portion 1646, Mimal Land Management Area, ARNHEM",2025-05-01,2025-09-17,2025-05-19,Prescribed burn,Undetermined,MODIS,440.777432173,19.088782972,NT,Carbon Project,0.174999996,0.000368749995
14961,"NT part Portion 1646, Mimal Land Management Area, ARNHEM",2025-05-01,2025-09-17,2025-05-19,Prescribed burn,Undetermined,MODIS,283.892741785,15.3337801427,NT,NTFES,0.14,0.000237499982501
14961,"NT part Portion 1646, Mimal Land Management Area, ARNHEM",2025-05-07,2025-09-17,2025-06-01,Prescribed burn,Undetermined,MODIS,29672.1946227,1001.3616416,NT,Carbon Project,9.16,0.0247875000275
14961,"NT part Portion 1646, Mimal Land Management Area, ARNHEM",2025-05-14,2025-09-17,2025-05-22,Prescribed burn,Undetermined,MODIS,14337.4537906,634.288848391,NT,Carbon Project,5.799999962,0.0119687500075
14961,"NT part Portion 1646, Mimal Land Management Area, ARNHEM",2025-05-14,2025-09-17,2025-05-22,Prescribed burn,Undetermined,MODIS,22.4113190178,2.73992124957,NT,NTFES,0.0250000040002,1.87500075003e-05
14961,"NT part Portion 1646, Mimal Land Management Area, ARNHEM",2025-05-15,2025-09-17,2025-07-06,Prescribed burn,Undetermined,MODIS,63580.5705284,1701.91866087,NT,Carbon Project,15.559999966,0.0531062500875
14961,"NT part Portion 1646, Mimal Land Management Area, ARNHEM",2025-06-01,2025-09-17,2025-06-06,Prescribed burn,Undetermined,MODIS,697.174191476,22.4803448281,NT,Carbon Project,0.205000004,0.000581250007499
14961,"NT part Portion 1646, Mimal Land Management Area, ARNHEM",2025-06-01,2025-09-17,2025-06-09,Prescribed burn,Undetermined,MODIS,2136.4357261,123.80479027,NT,Carbon Project,1.130000002,0.0017812500175
14961,"NT part Portion 1646, Mimal Land Management Area, ARNHEM",2025-06-01,2025-09-17,2025-06-14,Prescribed burn,Undetermined,MODIS,100079.942623,2313.30881562,NT,Carbon Project,21.145000058,0.0835562499075
14961,"NT part Portion 1646, Mimal Land Management Area, ARNHEM",2025-06-01,2025-09-17,2025-06-14,Prescribed burn,Undetermined,MODIS,29.9054761931,3.28137397817,NT,NTFES,0.0300000060003,2.50000100004e-05
14961,"NT part Portion 1646, Mimal Land Management Area, ARNHEM",2025-06-01,2025-09-17,2025-06-21,Prescribed burn,Undetermined,MODIS,18651.590097,915.660955142,NT,Carbon Project,8.365000018,0.01555625005
14961,"NT part Portion 1646, Mimal Land Management Area, ARNHEM",2025-06-01,2025-09-17,2025-06-30,Prescribed burn,Undetermined,MODIS,5386.74413954,498.59267638,NT,Carbon Project,4.554999984,0.0044937499825
14961,"NT part Portion 1646, Mimal Land Management Area, ARNHEM",2025-06-01,2025-09-17,2025-06-30,Prescribed burn,Undetermined,MODIS,29.904835255,3.26873877983,NT,NTFES,0.029999998,2.49999975e-05
14961,"NT part Portion 1646, Mimal Land Management Area, ARNHEM",2025-06-09,2025-09-17,2025-06-18,Prescribed burn,Undetermined,MODIS,21162.9813779,884.454720613,NT,Carbon Project,8.084999978,0.01766874986
14961,"NT part Portion 1646, Mimal Land Management Area, ARNHEM",2025-06-09,2025-09-17,2025-06-18,Prescribed burn,Undetermined,MODIS,22.4295642322,2.7282164411,NT,NTFES,0.0249999979999,1.87499974999e-05
14961,"NT part Portion 1646, Mimal Land Management Area, ARNHEM",2025-06-21,2025-09-17,2025-06-30,Prescribed burn,Undetermined,MODIS,103945.976623,2348.55545412,NT,Carbon Project,21.464999958,0.08681249976
14961,"NT part Portion 1646, Mimal Land Management Area, ARNHEM",2025-07-01,2025-09-17,2025-07-10,Prescribed burn,Undetermined,MODIS,57404.9941562,1986.0536161,NT,Carbon Project,18.160000008,0.0479625001575
14961,"NT part Portion 1646, Mimal Land Management Area, ARNHEM",2025-07-01,2025-09-17,2025-07-10,Prescribed burn,Undetermined,MODIS,37.3778451687,4.92811533142,NT,NTFES,0.0450000020003,3.12500050005e-05
14961,"NT part Portion 1646, Mimal Land Management Area, ARNHEM",2025-07-01,2025-09-17,2025-07-14,Prescribed burn,Undetermined,MODIS,26193.6392859,2364.32020271,NT,Carbon Project,21.605000004,0.0218500001075
14961,"NT part Portion 1646, Mimal Land Management Area, ARNHEM",2025-07-01,2025-09-17,2025-07-14,Prescribed burn,Undetermined,MODIS,82.2170978828,7.63021841013,NT,NTFES,0.0699999939999,6.87499924998e-05
14961,"NT part Portion 1646, Mimal Land Management Area, ARNHEM",2025-07-01,2025-09-17,2025-07-16,Prescribed burn,Undetermined,MODIS,166178.434156,5372.24159189,NT,Carbon Project,49.089999894,0.138612499712
14961,"NT part Portion 1646, Mimal Land Management Area, ARNHEM",2025-07-01,2025-09-17,2025-07-16,Prescribed burn,Undetermined,MODIS,97.1756499233,7.65547172362,NT,NTFES,0.070000004,8.12500175004e-05
14961,"NT part Portion 1646, Mimal Land Management Area, ARNHEM",2025-07-15,2025-09-17,2025-07-21,Prescribed burn,Undetermined,MODIS,29732.1952504,923.122169916,NT,Carbon Project,8.434999986,0.0247937498725
14961,"NT part Portion 1646, Mimal Land Management Area, ARNHEM",2025-07-21,2025-09-17,2025-08-01,Prescribed burn,Undetermined,MODIS,72310.6529235,2365.36251876,NT,Carbon Project,21.620000064,0.0603375000675
14961,"NT part Portion 1646, Mimal Land Management Area, ARNHEM",2025-07-21,2025-09-17,2025-08-01,Prescribed burn,Undetermined,MODIS,34755.9137627,2703.53229141,NT,Carbon Project,24.704999996,0.02898125
14961,"NT part Portion 1646, Mimal Land Management Area, ARNHEM",2025-08-01,2025-09-17,2025-08-04,Bushfire,Undetermined,MODIS,6622.12156337,159.79498446,NT,Carbon Project,1.459999996,0.00552500001
14961,"NT part Portion 1646, Mimal Land Management Area, ARNHEM",2025-08-01,2025-09-17,2025-08-04,Bushfire,Undetermined,MODIS,3475.52632772,320.107992016,NT,Carbon Project,2.92500001,0.00290000003
14961,"NT part Portion 1646, Mimal Land Management Area, ARNHEM",2025-08-01,2025-09-17,2025-08-04,Prescribed burn,Undetermined,MODIS,3132.72498224,86.4963916747,NT,Carbon Project,0.79,0.002612499975
14961,"NT part Portion 1646, Mimal Land Management Area, ARNHEM",2025-08-01,2025-09-17,2025-08-04,Prescribed burn,Undetermined,MODIS,2744.44781285,249.03967083,NT,Carbon Project,2.275,0.00228749999
14961,"NT part Portion 1646, Mimal Land Management Area, ARNHEM",2025-08-04,2025-09-17,2025-08-10,Bushfire,Undetermined,MODIS,3331.88071219,95.7499555365,NT,Carbon Project,0.875000004,0.00278125004
14961,"NT part Portion 1646, Mimal Land Management Area, ARNHEM",2025-08-04,2025-09-17,2025-08-10,Prescribed burn,Undetermined,MODIS,3180.6846936,70.5773364813,NT,Carbon Project,0.645000002,0.00264999994
14139,"NT Por 1333, Lorella Springs Station, MCARTHUR",2025-06-01,2025-09-17,2025-06-09,Prescribed burn,Incendiary,MODIS,2107.63159061,39.8856423333,NT,NTFES,0.365000002,0.0017750000125
14139,"NT Por 1333, Lorella Springs Station, MCARTHUR",2025-06-01,2025-09-17,2025-06-14,Prescribed burn,Incendiary,MODIS,2501.17204726,47.953912311,NT,NTFES,0.440000004,0.00210624998
14139,"NT Por 1333, Lorella Springs Station, MCARTHUR",2025-06-01,2025-09-17,2025-06-21,Prescribed burn,Incendiary,MODIS,1127.86364852,63.2071331125,NT,NTFES,0.58000001,0.000949999997501
14139,"NT Por 1333, Lorella Springs Station, MCARTHUR",2025-06-01,2025-09-17,2025-06-30,Prescribed burn,Incendiary,MODIS,178.005182831,14.2145097224,NT,NTFES,0.13,0.000149999987499
14139,"NT Por 1333, Lorella Springs Station, MCARTHUR",2025-06-09,2025-09-17,2025-06-18,Prescribed burn,Incendiary,MODIS,1113.14704602,34.3367358596,NT,NTFES,0.315000008,0.0009375000075
14139,"NT Por 1333, Lorella Springs Station, MCARTHUR",2025-06-21,2025-09-17,2025-06-30,Prescribed burn,Incendiary,MODIS,2455.5221393,105.690352381,NT,NTFES,0.969999988,0.0020687499825
14457,"NT Por 1647 and NT part Por 1646 Croker Island, ARNHEM",2025-06-01,2025-09-17,2025-06-21,Prescribed burn,Incendiary,MODIS,105.702870153,4.94959592281,NT,Carbon Project,0.0450000000001,8.75000025002e-05
14457,"NT Por 1647 and NT part Por 1646 Croker Island, ARNHEM",2025-06-21,2025-09-17,2025-06-30,Prescribed burn,Incendiary,MODIS,15.0836493559,2.19704410341,NT,Carbon Project,0.019999998,1.24999975e-05
14457,"NT Por 1647 and NT part Por 1646 Croker Island, ARNHEM",2025-07-01,2025-09-17,2025-07-14,Prescribed burn,Incendiary,MODIS,324.306345855,17.0158413585,NT,Carbon Project,0.155000004,0.000268750005
14457,"NT Por 1647 and NT part Por 1646 Croker Island, ARNHEM",2025-07-15,2025-09-17,2025-07-21,Prescribed burn,Incendiary,MODIS,785.416325468,26.9285296578,NT,Carbon Project,0.245,0.000650000025
14457,"NT Por 1647 and NT part Por 1646 Croker Island, ARNHEM",2025-07-21,2025-09-17,2025-08-01,Prescribed burn,Incendiary,MODIS,211.359308297,17.5915711737,NT,Carbon Project,0.16,0.00017499999
14457,"NT Por 1647 and NT part Por 1646 Croker Island, ARNHEM",2025-07-21,2025-09-17,2025-08-01,Prescribed burn,Incendiary,MODIS,1494.67838335,33.5611255798,NT,Carbon Project,0.305000002,0.001237500065
14457,"NT Por 1647 and NT part Por 1646 Croker Island, ARNHEM",2025-08-01,2025-09-17,2025-08-04,Bushfire,Undetermined,MODIS,128.330879072,8.79230053592,NT,Carbon Project,0.0800000019999,0.000106250005
14457,"NT Por 1647 and NT part Por 1646 Croker Island, ARNHEM",2025-08-01,2025-09-17,2025-08-04,Bushfire,Undetermined,MODIS,2423.53358388,70.8470432036,NT,Carbon Project,0.644999996,0.00200624999
14457,"NT Por 1647 and NT part Por 1646 Croker Island, ARNHEM",2025-08-04,2025-09-17,2025-08-10,Bushfire,Undetermined,MODIS,490.744838008,18.6495497681,NT,Carbon Project,0.17,0.000406249997499
14115,"NT Por 745, Roper Highway, WILTON - Urapunga ALT",2025-05-01,2025-09-17,2025-05-14,Prescribed burn,Incendiary,MODIS,872.765721985,40.3851533039,NT,Carbon Project,0.369999996001,0.00073125
14115,"NT Por 745, Roper Highway, WILTON - Urapunga ALT",2025-05-01,2025-09-17,2025-05-19,Prescribed burn,Incendiary,MODIS,768.39696323,47.4947780564,NT,Carbon Project,0.435000008,0.000643750015
14115,"NT Por 745, Roper Highway, WILTON - Urapunga ALT",2025-05-07,2025-09-17,2025-06-01,Prescribed burn,Incendiary,MODIS,372.626693157,13.6291382487,NT,Carbon Project,0.125000002,0.000312500005
14115,"NT Por 745, Roper Highway, WILTON - Urapunga ALT",2025-05-14,2025-09-17,2025-05-22,Prescribed burn,Incendiary,MODIS,223.723156649,19.6219062403,NT,Carbon Project,0.179999998,0.0001874999925
14115,"NT Por 745, Roper Highway, WILTON - Urapunga ALT",2025-05-14,2025-09-17,2025-05-22,Prescribed burn,Incendiary,MODIS,22.3840245657,3.27811297505,NT,NTFES,0.0300000020003,1.87500025004e-05
14115,"NT Por 745, Roper Highway, WILTON - Urapunga ALT",2025-05-15,2025-09-17,2025-07-06,Prescribed burn,Incendiary,MODIS,745.129424476,48.5702436857,NT,Carbon Project,0.445000002,0.0006250000125
14115,"NT Por 745, Roper Highway, WILTON - Urapunga ALT",2025-06-01,2025-09-17,2025-06-09,Prescribed burn,Incendiary,MODIS,1698.70658203,64.8457289776,NT,NTFES,0.595000002,0.001425
14115,"NT Por 745, Roper Highway, WILTON - Urapunga ALT",2025-06-01,2025-09-17,2025-06-14,Prescribed burn,Incendiary,MODIS,119.223023045,5.44548802441,NT,NTFES,0.0500000019999,9.99999949996e-05
14115,"NT Por 745, Roper Highway, WILTON - Urapunga ALT",2025-06-01,2025-09-17,2025-06-21,Prescribed burn,Incendiary,MODIS,18079.933802,485.628199437,NT,NTFES,4.450000014,0.0151562499425
14115,"NT Por 745, Roper Highway, WILTON - Urapunga ALT",2025-06-01,2025-09-17,2025-06-30,Prescribed burn,Incendiary,MODIS,551.794454068,52.9142318388,NT,NTFES,0.485000012,0.000462500032501
14115,"NT Por 745, Roper Highway, WILTON - Urapunga ALT",2025-06-09,2025-09-17,2025-06-18,Prescribed burn,Incendiary,MODIS,29.7909306711,3.26042516108,NT,Carbon Project,0.029999998,2.49999975e-05
14115,"NT Por 745, Roper Highway, WILTON - Urapunga ALT",2025-06-09,2025-09-17,2025-06-18,Prescribed burn,Incendiary,MODIS,350.076030638,17.9773741564,NT,NTFES,0.165,0.000293750002499
14115,"NT Por 745, Roper Highway, WILTON - Urapunga ALT",2025-06-21,2025-09-17,2025-06-30,Prescribed burn,Incendiary,MODIS,253.60730916,11.4216574133,NT,Carbon Project,0.105000002,0.000212499995001
14115,"NT Por 745, Roper Highway, WILTON - Urapunga ALT",2025-06-21,2025-09-17,2025-06-30,Prescribed burn,Incendiary,MODIS,31128.1971075,895.882814639,NT,NTFES,8.21130826588,0.02609785714
14115,"NT Por 745, Roper Highway, WILTON - Urapunga ALT",2025-07-01,2025-09-17,2025-07-14,Prescribed burn,Incendiary,MODIS,29.8013659925,3.82902647147,NT,Carbon Project,0.0350000000001,2.50000000002e-05
14115,"NT Por 745, Roper Highway, WILTON - Urapunga ALT",2025-07-01,2025-09-17,2025-07-16,Prescribed burn,Incendiary,MODIS,745.170537794,44.2178535074,NT,Carbon Project,0.404999992,0.000624999977499
14115,"NT Por 745, Roper Highway, WILTON - Urapunga ALT",2025-07-21,2025-09-17,2025-08-01,Prescribed burn,Incendiary,MODIS,357.718121072,11.9983017499,NT,Carbon Project,0.11,0.0002999999975
14115,"NT Por 745, Roper Highway, WILTON - Urapunga ALT",2025-07-21,2025-09-17,2025-08-01,Prescribed burn,Incendiary,MODIS,394.98616908,28.8770672588,NT,Carbon Project,0.265,0.0003312500025
14115,"NT Por 745, Roper Highway, WILTON - Urapunga ALT",2025-08-01,2025-09-17,2025-08-04,Prescribed burn,Incendiary,MODIS,186.423411529,7.09349043841,NT,Carbon Project,0.065000002,0.0001562499975
14115,"NT Por 745, Roper Highway, WILTON - Urapunga ALT",2025-08-01,2025-09-17,2025-08-04,Prescribed burn,Incendiary,MODIS,298.043136733,18.577623747,NT,Carbon Project,0.170000002,0.000249999995
14918,"NT Port 1718, 1717, 1713, Cox Peninsula Road, DARWIN RIVER",2025-07-01,2025-09-17,2025-07-12,Prescribed burn,Incendiary,Sentinel,21.9116882269,2.89040391608,NT,NTFES,0.0263999999999,1.82399945998e-05
12731,"NT Portion 4061, 1663, 2375, 2283, 2253, 2376, 7127, 1641, 1662, 4774, 220, Arnhem Highway, Kakadu, NT 0886",2025-04-01,2025-09-17,2025-04-27,Prescribed burn,Incendiary,MODIS,112.082658471,7.11410981321,NT,Parks,0.0649999999997,9.37500099999e-05
12731,"NT Portion 4061, 1663, 2375, 2283, 2253, 2376, 7127, 1641, 1662, 4774, 220, Arnhem Highway, Kakadu, NT 0886",2025-04-01,2025-09-17,2025-04-30,Prescribed burn,Incendiary,MODIS,509.071326908,31.7291866021,NT,Parks,0.289999994,0.000424999995001
12731,"NT Portion 4061, 1663, 2375, 2283, 2253, 2376, 7127, 1641, 1662, 4774, 220, Arnhem Highway, Kakadu, NT 0886",2025-04-01,2025-09-17,2025-04-30,Prescribed burn,Incendiary,MODIS,9883.54108923,263.718308298,NT,Parks,2.41091853667,0.00825571157212
12731,"NT Portion 4061, 1663, 2375, 2283, 2253, 2376, 7127, 1641, 1662, 4774, 220, Arnhem Highway, Kakadu, NT 0886",2025-04-01,2025-09-17,2025-04-30,Prescribed burn,Incendiary,Sentinel,10.7444018725,4.11763422669,NT,Parks,0.037599998,8.95999800003e-06
12731,"NT Portion 4061, 1663, 2375, 2283, 2253, 2376, 7127, 1641, 1662, 4774, 220, Arnhem Highway, Kakadu, NT 0886",2025-04-01,2025-09-17,2025-04-30,Prescribed burn,Incendiary,Sentinel,2985.42501595,356.238025969,NT,Parks,3.25734002026,0.00249332748642
12731,"NT Portion 4061, 1663, 2375, 2283, 2253, 2376, 7127, 1641, 1662, 4774, 220, Arnhem Highway, Kakadu, NT 0886",2025-04-17,2025-09-17,2025-04-30,Prescribed burn,Incendiary,MODIS,1182.46629576,61.189602513,NT,Parks,0.559999992,0.000987499975
12731,"NT Portion 4061, 1663, 2375, 2283, 2253, 2376, 7127, 1641, 1662, 4774, 220, Arnhem Highway, Kakadu, NT 0886",2025-05-01,2025-09-17,2025-05-05,Prescribed burn,Incendiary,Sentinel,9.3896120011,2.63046623606,NT,Parks,0.0240000020001,7.83999639995e-06
12731,"NT Portion 4061, 1663, 2375, 2283, 2253, 2376, 7127, 1641, 1662, 4774, 220, Arnhem Highway, Kakadu, NT 0886",2025-05-01,2025-09-17,2025-05-10,Prescribed burn,Incendiary,MODIS,15215.6299386,612.471879442,NT,Parks,5.60190217285,0.0127142358252
12731,"NT Portion 4061, 1663, 2375, 2283, 2253, 2376, 7127, 1641, 1662, 4774, 220, Arnhem Highway, Kakadu, NT 0886",2025-05-01,2025-09-17,2025-05-14,Prescribed burn,Incendiary,MODIS,8799.72796752,301.708655873,NT,Parks,2.75783267627,0.00734600476605
12731,"NT Portion 4061, 1663, 2375, 2283, 2253, 2376, 7127, 1641, 1662, 4774, 220, Arnhem Highway, Kakadu, NT 0886",2025-05-01,2025-09-17,2025-05-15,Prescribed burn,Incendiary,Sentinel,4.41203435958,2.66776674322,NT,Parks,0.0243999919996,3.6799996e-06
12731,"NT Portion 4061, 1663, 2375, 2283, 2253, 2376, 7127, 1641, 1662, 4774, 220, Arnhem Highway, Kakadu, NT 0886",2025-05-01,2025-09-17,2025-05-19,Prescribed burn,Incendiary,MODIS,4330.81932509,224.840063939,NT,Parks,2.055000004,0.00361250004
12731,"NT Portion 4061, 1663, 2375, 2283, 2253, 2376, 7127, 1641, 1662, 4774, 220, Arnhem Highway, Kakadu, NT 0886",2025-05-01,2025-09-17,2525-05-15,Prescribed burn,Incendiary,Sentinel,29191.6579541,1853.98521999,NT,Parks,16.9326928711,0.0243497832964
12731,"NT Portion 4061, 1663, 2375, 2283, 2253, 2376, 7127, 1641, 1662, 4774, 220, Arnhem Highway, Kakadu, NT 0886",2025-05-07,2025-09-17,2025-06-01,Prescribed burn,Incendiary,MODIS,33499.117778,1109.21538685,NT,Parks,10.1295489505,0.0279173985537
12731,"NT Portion 4061, 1663, 2375, 2283, 2253, 2376, 7127, 1641, 1662, 4774, 220, Arnhem Highway, Kakadu, NT 0886",2025-05-07,2025-09-17,2025-06-01,Prescribed burn,Undetermined,Sentinel,217.808862011,10.9726898061,NT,Parks,0.099999998,0.000181249985
12731,"NT Portion 4061, 1663, 2375, 2283, 2253, 2376, 7127, 1641, 1662, 4774, 220, Arnhem Highway, Kakadu, NT 0886",2025-05-14,2025-09-17,2025-05-22,Prescribed burn,Incendiary,MODIS,71723.7239603,1655.40955401,NT,Parks,15.1231836411,0.0598652933581
12731,"NT Portion 4061, 1663, 2375, 2283, 2253, 2376, 7127, 1641, 1662, 4774, 220, Arnhem Highway, Kakadu, NT 0886",2025-05-14,2025-09-17,2025-05-22,Prescribed burn,Undetermined,MODIS,22.5190138546,2.73472142041,NT,Parks,0.0250000000001,1.87500000001e-05
12731,"NT Portion 4061, 1663, 2375, 2283, 2253, 2376, 7127, 1641, 1662, 4774, 220, Arnhem Highway, Kakadu, NT 0886",2025-05-14,2025-09-17,2025-05-22,Prescribed burn,Undetermined,Sentinel,157.729934174,7.11090423645,NT,Parks,0.064999998,0.0001312499925
12731,"NT Portion 4061, 1663, 2375, 2283, 2253, 2376, 7127, 1641, 1662, 4774, 220, Arnhem Highway, Kakadu, NT 0886",2025-05-15,2025-09-17,2025-05-31,Prescribed burn,Incendiary,Sentinel,1709.84862993,686.719824024,NT,Parks,6.26891519414,0.0014259274336
12731,"NT Portion 4061, 1663, 2375, 2283, 2253, 2376, 7127, 1641, 1662, 4774, 220, Arnhem Highway, Kakadu, NT 0886",2025-05-15,2025-09-17,2025-07-06,Prescribed burn,Incendiary,MODIS,42239.7373261,1109.42816399,NT,Parks,10.1201026014,0.0351504154095
12731,"NT Portion 4061, 1663, 2375, 2283, 2253, 2376, 7127, 1641, 1662, 4774, 220, Arnhem Highway, Kakadu, NT 0886",2025-05-15,2025-09-17,2025-07-06,Prescribed burn,Undetermined,MODIS,240.492923784,14.7992697329,NT,Parks,0.134999998,0.0002000000025
12731,"NT Portion 4061, 1663, 2375, 2283, 2253, 2376, 7127, 1641, 1662, 4774, 220, Arnhem Highway, Kakadu, NT 0886",2025-06-01,2025-09-17,2025-06-06,Prescribed burn,Incendiary,MODIS,13449.69808,386.632136323,NT,Parks,3.529999998,0.0112000000125
12731,"NT Portion 4061, 1663, 2375, 2283, 2253, 2376, 7127, 1641, 1662, 4774, 220, Arnhem Highway, Kakadu, NT 0886",2025-06-01,2025-09-17,2025-06-06,Prescribed burn,Undetermined,MODIS,179.972678019,8.80686575581,NT,Parks,0.080000002,0.0001500000275
12731,"NT Portion 4061, 1663, 2375, 2283, 2253, 2376, 7127, 1641, 1662, 4774, 220, Arnhem Highway, Kakadu, NT 0886",2025-06-01,2025-09-17,2025-06-06,Prescribed burn,Undetermined,Sentinel,45.0614552853,2.73557733602,NT,Parks,0.0249999979999,3.74999949997e-05
12731,"NT Portion 4061, 1663, 2375, 2283, 2253, 2376, 7127, 1641, 1662, 4774, 220, Arnhem Highway, Kakadu, NT 0886",2025-06-01,2025-09-17,2025-06-09,Prescribed burn,Incendiary,MODIS,54481.5225183,2114.27571072,NT,Parks,19.3088647288,0.0454562653221
12731,"NT Portion 4061, 1663, 2375, 2283, 2253, 2376, 7127, 1641, 1662, 4774, 220, Arnhem Highway, Kakadu, NT 0886",2025-06-01,2025-09-17,2025-06-09,Prescribed burn,Incendiary,Sentinel,8639.754022,720.968743431,NT,Parks,6.58428485851,0.00720805477143
12731,"NT Portion 4061, 1663, 2375, 2283, 2253, 2376, 7127, 1641, 1662, 4774, 220, Arnhem Highway, Kakadu, NT 0886",2025-06-01,2025-09-17,2025-06-09,Prescribed burn,Undetermined,Sentinel,67.5966024427,7.65391530938,NT,Parks,0.0699999959999,5.62499949998e-05
12731,"NT Portion 4061, 1663, 2375, 2283, 2253, 2376, 7127, 1641, 1662, 4774, 220, Arnhem Highway, Kakadu, NT 0886",2025-06-01,2025-09-17,2025-06-14,Prescribed burn,Incendiary,MODIS,49065.8965499,1531.58871979,NT,Parks,13.97358714,0.0408482340207
12731,"NT Portion 4061, 1663, 2375, 2283, 2253, 2376, 7127, 1641, 1662, 4774, 220, Arnhem Highway, Kakadu, NT 0886",2025-06-01,2025-09-17,2025-06-14,Prescribed burn,Undetermined,MODIS,443.390197201,21.4172862075,NT,Parks,0.194999998,0.000368749985
12731,"NT Portion 4061, 1663, 2375, 2283, 2253, 2376, 7127, 1641, 1662, 4774, 220, Arnhem Highway, Kakadu, NT 0886",2025-06-01,2025-09-17,2025-06-14,Prescribed burn,Undetermined,Sentinel,120.165268155,4.93811526006,NT,Parks,0.045,0.000100000004999
12731,"NT Portion 4061, 1663, 2375, 2283, 2253, 2376, 7127, 1641, 1662, 4774, 220, Arnhem Highway, Kakadu, NT 0886",2025-06-01,2025-09-17,2025-06-21,Prescribed burn,Incendiary,MODIS,37160.8625358,1499.85575828,NT,Parks,13.6953666705,0.0309522055962
12731,"NT Portion 4061, 1663, 2375, 2283, 2253, 2376, 7127, 1641, 1662, 4774, 220, Arnhem Highway, Kakadu, NT 0886",2025-06-01,2025-09-17,2025-06-21,Prescribed burn,Undetermined,MODIS,1029.28253252,56.4705882499,NT,Parks,0.514999996,0.000856249989999
12731,"NT Portion 4061, 1663, 2375, 2283, 2253, 2376, 7127, 1641, 1662, 4774, 220, Arnhem Highway, Kakadu, NT 0886",2025-06-01,2025-09-17,2025-06-21,Prescribed burn,Undetermined,Sentinel,90.1293869345,3.83197301048,NT,Parks,0.035,7.49999999999e-05
12731,"NT Portion 4061, 1663, 2375, 2283, 2253, 2376, 7127, 1641, 1662, 4774, 220, Arnhem Highway, Kakadu, NT 0886",2025-06-01,2025-09-17,2025-06-30,Prescribed burn,Incendiary,MODIS,1371.14766157,119.281333118,NT,Parks,1.0896091821,0.00114324573375
12731,"NT Portion 4061, 1663, 2375, 2283, 2253, 2376, 7127, 1641, 1662, 4774, 220, Arnhem Highway, Kakadu, NT 0886",2025-06-01,2025-09-17,2025-06-30,Prescribed burn,Undetermined,MODIS,15.0098422857,2.19170834516,NT,Parks,0.019999998,1.24999975e-05
12731,"NT Portion 4061, 1663, 2375, 2283, 2253, 2376, 7127, 1641, 1662, 4774, 220, Arnhem Highway, Kakadu, NT 0886",2025-06-09,2025-09-17,2025-06-14,Prescribed burn,Incendiary,Sentinel,621.907689265,53.0393532522,NT,Parks,0.484399984,0.000518359990799
12731,"NT Portion 4061, 1663, 2375, 2283, 2253, 2376, 7127, 1641, 1662, 4774, 220, Arnhem Highway, Kakadu, NT 0886",2025-06-09,2025-09-17,2025-06-18,Prescribed burn,Incendiary,MODIS,39670.9067266,1416.17661606,NT,Parks,12.9355369453,0.0330851722541
12731,"NT Portion 4061, 1663, 2375, 2283, 2253, 2376, 7127, 1641, 1662, 4774, 220, Arnhem Highway, Kakadu, NT 0886",2025-06-09,2025-09-17,2025-06-18,Prescribed burn,Undetermined,MODIS,2291.16803451,59.2037424095,NT,Parks,0.539999996,0.00190624999
12731,"NT Portion 4061, 1663, 2375, 2283, 2253, 2376, 7127, 1641, 1662, 4774, 220, Arnhem Highway, Kakadu, NT 0886",2025-06-14,2025-09-17,2025-06-19,Prescribed burn,Incendiary,Sentinel,9888.02842141,592.333299382,NT,Parks,5.40692514316,0.00823770903043
12731,"NT Portion 4061, 1663, 2375, 2283, 2253, 2376, 7127, 1641, 1662, 4774, 220, Arnhem Highway, Kakadu, NT 0886",2025-06-14,2025-09-17,2025-06-24,Prescribed burn,Incendiary,Sentinel,1754.02865897,121.0862701,NT,Parks,1.1049105704,0.00146077970477
12731,"NT Portion 4061, 1663, 2375, 2283, 2253, 2376, 7127, 1641, 1662, 4774, 220, Arnhem Highway, Kakadu, NT 0886",2025-06-14,2025-09-17,2025-06-29,Prescribed burn,Incendiary,Sentinel,16589.657229,915.706407452,NT,Parks,8.3665463848,0.0138441701194
12731,"NT Portion 4061, 1663, 2375, 2283, 2253, 2376, 7127, 1641, 1662, 4774, 220, Arnhem Highway, Kakadu, NT 0886",2025-06-14,2025-09-17,2025-06-30,Prescribed burn,Incendiary,Sentinel,11280.1407948,848.33313208,NT,Parks,7.75113519256,0.00941460791918
12731,"NT Portion 4061, 1663, 2375, 2283, 2253, 2376, 7127, 1641, 1662, 4774, 220, Arnhem Highway, Kakadu, NT 0886",2025-06-21,2025-09-17,2025-06-30,Prescribed burn,Incendiary,MODIS,174051.449644,3700.21245253,NT,Parks,33.7807039196,0.145035598368
12731,"NT Portion 4061, 1663, 2375, 2283, 2253, 2376, 7127, 1641, 1662, 4774, 220, Arnhem Highway, Kakadu, NT 0886",2025-06-21,2025-09-17,2025-06-30,Prescribed burn,Undetermined,MODIS,16776.5051059,262.022525544,NT,Parks,2.389999984,0.01396874999
12731,"NT Portion 4061, 1663, 2375, 2283, 2253, 2376, 7127, 1641, 1662, 4774, 220, Arnhem Highway, Kakadu, NT 0886",2025-07-01,2025-09-17,2025-07-04,Prescribed burn,Incendiary,Sentinel,1607.48681125,97.2652892875,NT,Parks,0.888040579863,0.00134039898497
12731,"NT Portion 4061, 1663, 2375, 2283, 2253, 2376, 7127, 1641, 1662, 4774, 220, Arnhem Highway, Kakadu, NT 0886",2025-07-01,2025-09-17,2025-07-10,Prescribed burn,Incendiary,MODIS,7854.40025763,176.875167153,NT,Parks,1.61499999,0.00654374994499
12731,"NT Portion 4061, 1663, 2375, 2283, 2253, 2376, 7127, 1641, 1662, 4774, 220, Arnhem Highway, Kakadu, NT 0886",2025-07-01,2025-09-17,2025-07-14,Prescribed burn,Incendiary,MODIS,5181.68475851,389.738397028,NT,Parks,3.55499996,0.004312499995
12731,"NT Portion 4061, 1663, 2375, 2283, 2253, 2376, 7127, 1641, 1662, 4774, 220, Arnhem Highway, Kakadu, NT 0886",2025-07-01,2025-09-17,2025-07-16,Prescribed burn,Incendiary,MODIS,39540.5134982,1116.11735631,NT,Parks,10.1816197552,0.0329229814505
12731,"NT Portion 4061, 1663, 2375, 2283, 2253, 2376, 7127, 1641, 1662, 4774, 220, Arnhem Highway, Kakadu, NT 0886",2025-07-04,2025-09-17,2025-07-09,Prescribed burn,Incendiary,Sentinel,170.431281584,23.673300461,NT,Parks,0.216000022,0.0001421199968
12731,"NT Portion 4061, 1663, 2375, 2283, 2253, 2376, 7127, 1641, 1662, 4774, 220, Arnhem Highway, Kakadu, NT 0886",2025-07-09,2025-09-17,2025-07-14,Prescribed burn,Incendiary,Sentinel,4399.00156537,204.389438254,NT,Parks,1.86328939679,0.00365809654927
12731,"NT Portion 4061, 1663, 2375, 2283, 2253, 2376, 7127, 1641, 1662, 4774, 220, Arnhem Highway, Kakadu, NT 0886",2025-07-14,2025-09-17,2025-07-19,Prescribed burn,Incendiary,Sentinel,7935.32900768,464.936451366,NT,Parks,4.23785797939,0.00660265449472
12731,"NT Portion 4061, 1663, 2375, 2283, 2253, 2376, 7127, 1641, 1662, 4774, 220, Arnhem Highway, Kakadu, NT 0886",2025-07-14,2025-09-17,2025-07-24,Prescribed burn,Incendiary,Sentinel,6916.89547504,460.071066942,NT,Parks,4.19578512744,0.00575667184738
12731,"NT Portion 4061, 1663, 2375, 2283, 2253, 2376, 7127, 1641, 1662, 4774, 220, Arnhem Highway, Kakadu, NT 0886",2025-07-15,2025-09-17,2025-07-21,Prescribed burn,Incendiary,MODIS,19099.6670572,476.294390045,NT,Parks,4.34428479398,0.015896868233
12731,"NT Portion 4061, 1663, 2375, 2283, 2253, 2376, 7127, 1641, 1662, 4774, 220, Arnhem Highway, Kakadu, NT 0886",2025-07-21,2025-09-17,2025-08-01,Prescribed burn,Incendiary,MODIS,15094.7983489,360.96764878,NT,Parks,3.29424437541,0.0125787573417
12731,"NT Portion 4061, 1663, 2375, 2283, 2253, 2376, 7127, 1641, 1662, 4774, 220, Arnhem Highway, Kakadu, NT 0886",2025-07-21,2025-09-17,2025-08-01,Prescribed burn,Incendiary,MODIS,15996.5141402,972.021384443,NT,Parks,8.87098127192,0.0133226665595
12731,"NT Portion 4061, 1663, 2375, 2283, 2253, 2376, 7127, 1641, 1662, 4774, 220, Arnhem Highway, Kakadu, NT 0886",2025-07-24,2025-09-17,2025-07-31,Prescribed burn,Incendiary,Sentinel,912.685689192,110.279466394,NT,Parks,1.00509913663,0.000759444077514
12731,"NT Portion 4061, 1663, 2375, 2283, 2253, 2376, 7127, 1641, 1662, 4774, 220, Arnhem Highway, Kakadu, NT 0886",2025-08-01,2025-09-17,2025-08-03,Bushfire,Undetermined,Sentinel,269.158532279,30.8057746624,NT,Parks,0.280829683692,0.000223906313636
12731,"NT Portion 4061, 1663, 2375, 2283, 2253, 2376, 7127, 1641, 1662, 4774, 220, Arnhem Highway, Kakadu, NT 0886",2025-08-01,2025-09-17,2025-08-04,Bushfire,Undetermined,MODIS,1914.37314375,77.9335772821,NT,Parks,0.709999996,0.0015937499725
12731,"NT Portion 4061, 1663, 2375, 2283, 2253, 2376, 7127, 1641, 1662, 4774, 220, Arnhem Highway, Kakadu, NT 0886",2025-08-01,2025-09-17,2025-08-04,Bushfire,Undetermined,MODIS,4013.16483864,307.594056567,NT,Parks,2.8067454857,0.00334097498119
12731,"NT Portion 4061, 1663, 2375, 2283, 2253, 2376, 7127, 1641, 1662, 4774, 220, Arnhem Highway, Kakadu, NT 0886",2025-08-01,2025-09-17,2025-08-04,Prescribed burn,Undetermined,MODIS,37.5601452598,3.84230725151,NT,Parks,0.0350000020001,3.1250005e-05
12731,"NT Portion 4061, 1663, 2375, 2283, 2253, 2376, 7127, 1641, 1662, 4774, 220, Arnhem Highway, Kakadu, NT 0886",2025-08-01,2025-09-17,2025-08-04,Prescribed burn,Undetermined,Sentinel,7.51021061364,1.09623653414,NT,Parks,0.0100000020001,6.2500025001e-06
12731,"NT Portion 4061, 1663, 2375, 2283, 2253, 2376, 7127, 1641, 1662, 4774, 220, Arnhem Highway, Kakadu, NT 0886",2025-08-04,2025-09-17,2025-08-10,Bushfire,Undetermined,MODIS,5642.61898069,132.658311167,NT,Parks,1.21020422327,0.00469866525086
14812,"NTP 6663, Hatt Road, KUYUNBA RESERVE",2025-06-21,2025-09-17,2025-06-30,Prescribed burn,Incendiary,Sentinel,16.4773505938,4.80601089723,NT,Parks,0.0456000080001,1.46000014e-05
14827,"NTP 7055, Gorge Road, LANSDOWNE",2025-02-01,2025-09-17,2025-02-28,Prescribed burn,Incendiary,Sentinel,0.0477325422777,0.0873982336587,NT,NTFES,0.000799995999841,3.99995999851e-08
14827,"NTP 7055, Gorge Road, LANSDOWNE",2025-02-01,2025-09-17,2025-02-28,Prescribed burn,Incendiary,Sentinel,0.62050462305,0.480124286379,NT,NTFES,0.00439999799994,5.20000199978e-07
14827,"NTP 7055, Gorge Road, LANSDOWNE",2025-06-09,2025-09-17,2025-06-14,Prescribed burn,Incendiary,Sentinel,0.859166431741,0.611780892901,NT,NTFES,0.00560000000007,7.20000200024e-07
14827,"NTP 7055, Gorge Road, LANSDOWNE",2025-06-14,2025-09-17,2025-06-29,Prescribed burn,Incendiary,Sentinel,42.0061774786,8.23121963291,NT,NTFES,0.0751999919997,3.51999979999e-05
14480,"NTPor 2123, Garig Gunak Barlu National Park",2025-05-15,2025-09-17,2025-07-06,Prescribed burn,Incendiary,MODIS,1788.85905274,58.2514029379,NT,Parks,0.529999996,0.00148124998
14480,"NTPor 2123, Garig Gunak Barlu National Park",2025-06-01,2025-09-17,2025-06-09,Prescribed burn,Incendiary,MODIS,935.846167489,57.6723691469,NT,Parks,0.525000012,0.0007750000175
14480,"NTPor 2123, Garig Gunak Barlu National Park",2025-06-01,2025-09-17,2025-06-14,Prescribed burn,Incendiary,MODIS,16351.8855403,339.322796522,NT,Parks,3.089999976,0.01354374989
14480,"NTPor 2123, Garig Gunak Barlu National Park",2025-06-01,2025-09-17,2025-06-21,Prescribed burn,Incendiary,MODIS,4527.36346437,185.02185329,NT,Parks,1.684999992,0.003750000025
14480,"NTPor 2123, Garig Gunak Barlu National Park",2025-06-01,2025-09-17,2025-06-30,Prescribed burn,Incendiary,MODIS,626.586728569,40.1476381031,NT,Parks,0.365000008,0.000518750019999
14480,"NTPor 2123, Garig Gunak Barlu National Park",2025-06-21,2025-09-17,2025-06-30,Prescribed burn,Incendiary,MODIS,9621.69170788,230.153988971,NT,Parks,2.094999992,0.0079687500225
14480,"NTPor 2123, Garig Gunak Barlu National Park",2025-07-01,2025-09-17,2025-07-14,Prescribed burn,Incendiary,MODIS,7594.6224751,104.416576358,NT,Parks,0.950000003999,0.00628750002
14480,"NTPor 2123, Garig Gunak Barlu National Park",2025-07-15,2025-09-17,2025-07-21,Prescribed burn,Incendiary,MODIS,694.449531869,22.5402250769,NT,Parks,0.204999996,0.000575000004999
14480,"NTPor 2123, Garig Gunak Barlu National Park",2025-07-21,2025-09-17,2025-08-01,Prescribed burn,Incendiary,MODIS,264.071352991,12.6244396229,NT,Parks,0.114999996,0.0002187499975
14480,"NTPor 2123, Garig Gunak Barlu National Park",2025-07-21,2025-09-17,2025-08-01,Prescribed burn,Incendiary,MODIS,3389.041059,90.0715291501,NT,Parks,0.819999996,0.002806249985
14480,"NTPor 2123, Garig Gunak Barlu National Park",2025-08-01,2025-09-17,2025-08-04,Prescribed burn,Incendiary,MODIS,279.204158775,25.2361942617,NT,Parks,0.230000002,0.000231249992501
14480,"NTPor 2123, Garig Gunak Barlu National Park",2025-08-01,2025-09-17,2025-08-04,Prescribed burn,Incendiary,MODIS,1788.40215924,41.75586823,NT,Parks,0.380000016,0.001481250045
14480,"NTPor 2123, Garig Gunak Barlu National Park",2025-08-04,2025-09-17,2025-08-10,Prescribed burn,Incendiary,MODIS,505.470236839,13.7225680994,NT,Parks,0.124999998,0.000418749992499
15024,"NTPor 5800, 255 Emungalan Road, EMUNGALAN",2025-07-14,2025-09-17,2025-07-19,Prescribed burn,Incendiary,Sentinel,72.8334593357,11.3702501303,NT,NTFES,0.104000002,6.10399997998e-05
15024,"NTPor 5800, 255 Emungalan Road, EMUNGALAN",2025-07-14,2025-09-17,2025-07-24,Prescribed burn,Incendiary,Sentinel,92.6458422517,17.0910400151,NT,NTFES,0.156400020001,7.76400080004e-05
42516,"Old North Australia Railway, RUM JUNGLE",2025-06-03,2025-09-17,2025-06-08,Bushfire,Undetermined,Sentinel,4.03349770718,1.27058732948,NT,NTFES,0.0115999980001,3.36000039999e-06
S111558,Owen Springs Reserve,2025-03-03,2025-09-17,2025-03-31,Unknown,Undetermined,Sentinel,3.65433708265,1.6671315739,NT,Parks,0.0156000039999,3.23999939994e-06
S111559,Owen Springs Reserve,2025-07-01,2025-09-17,2025-07-31,Unknown,Undetermined,Sentinel,25.0505546078,22.2824532304,NT,Parks,0.210800036,2.22000034e-05
S111560,Owen Springs Reserve,2025-07-06,2025-09-17,2025-07-16,Unknown,Undetermined,Sentinel,69.7214382236,30.6344708268,NT,Parks,0.288799945999,6.17999920002e-05
S111561,Owen Springs Reserve,2025-07-06,2025-09-17,2025-07-16,Unknown,Undetermined,Sentinel,1570.51706961,256.288613783,NT,Parks,2.417600002,0.0013918799442
S111562,Owen Springs Reserve,2025-07-06,2025-09-17,2025-07-21,Unknown,Undetermined,Sentinel,49.245789425,12.7126030534,NT,Parks,0.119600008001,4.36799984001e-05
S111563,Owen Springs Reserve,2025-07-06,2025-09-17,2025-07-21,Unknown,Undetermined,Sentinel,545.078714132,157.050959802,NT,Parks,1.481200024,0.000483480027
13426,"Part NT Por 1646, Yirralka Rangers Operational Area, Laynhapuy IPA, ARNHEM",2025-07-01,2025-09-17,2025-07-16,Prescribed burn,Undetermined,MODIS,3804.29819815,70.8160231606,NT,Carbon Project,0.645000006,0.003162499985
13426,"Part NT Por 1646, Yirralka Rangers Operational Area, Laynhapuy IPA, ARNHEM",2025-07-15,2025-09-17,2025-07-21,Prescribed burn,Undetermined,MODIS,1441.34250397,39.4557069623,NT,Carbon Project,0.360000004,0.0012000000475
13426,"Part NT Por 1646, Yirralka Rangers Operational Area, Laynhapuy IPA, ARNHEM",2025-07-21,2025-09-17,2025-08-01,Prescribed burn,Undetermined,MODIS,27906.2982131,2183.60571726,NT,Carbon Project,19.935000094,0.0232312501075
13426,"Part NT Por 1646, Yirralka Rangers Operational Area, Laynhapuy IPA, ARNHEM",2025-07-21,2025-09-17,2025-08-01,Prescribed burn,Undetermined,MODIS,79806.1553325,2345.66409647,NT,Carbon Project,21.40999999,0.0664812501775
13426,"Part NT Por 1646, Yirralka Rangers Operational Area, Laynhapuy IPA, ARNHEM",2025-08-01,2025-09-17,2025-08-04,Prescribed burn,Undetermined,MODIS,27275.6315045,819.602569731,NT,Carbon Project,7.47500005,0.0226937500625
13426,"Part NT Por 1646, Yirralka Rangers Operational Area, Laynhapuy IPA, ARNHEM",2025-08-01,2025-09-17,2025-08-04,Prescribed burn,Undetermined,MODIS,13684.1856874,1199.41027724,NT,Carbon Project,10.94500008,0.011387500255
14138,"Part NT Por 5417, Cave Creek Station, Roper Highway, ELSEY",2025-05-15,2025-09-17,2025-07-06,Prescribed burn,Incendiary,MODIS,691.939510256,22.3622436789,NT,NTFES,0.20500001,0.0005812500025
14138,"Part NT Por 5417, Cave Creek Station, Roper Highway, ELSEY",2025-06-01,2025-09-17,2025-06-14,Prescribed burn,Incendiary,MODIS,89.2762761538,4.91779912247,NT,NTFES,0.045,7.50000024996e-05
14138,"Part NT Por 5417, Cave Creek Station, Roper Highway, ELSEY",2025-06-01,2025-09-17,2025-06-21,Prescribed burn,Incendiary,MODIS,66.984320432,4.3503146378,NT,NTFES,0.0399999999998,5.62499999998e-05
14138,"Part NT Por 5417, Cave Creek Station, Roper Highway, ELSEY",2025-06-09,2025-09-17,2025-06-18,Prescribed burn,Incendiary,MODIS,148.82985817,8.72999718098,NT,NTFES,0.079999996,0.000125
14138,"Part NT Por 5417, Cave Creek Station, Roper Highway, ELSEY",2025-06-21,2025-09-17,2025-06-30,Prescribed burn,Incendiary,MODIS,245.586101637,22.3488680055,NT,NTFES,0.205000001999,0.000206250007499
14138,"Part NT Por 5417, Cave Creek Station, Roper Highway, ELSEY",2025-07-01,2025-09-17,2025-07-16,Prescribed burn,Incendiary,MODIS,290.14711634,12.5409603593,NT,NTFES,0.115000002,0.000243750010001
14138,"Part NT Por 5417, Cave Creek Station, Roper Highway, ELSEY",2025-07-15,2025-09-17,2025-07-21,Prescribed burn,Incendiary,MODIS,1614.68789195,37.5949270598,NT,NTFES,0.345000004,0.001356250015
14138,"Part NT Por 5417, Cave Creek Station, Roper Highway, ELSEY",2025-07-21,2025-09-17,2025-08-01,Prescribed burn,Incendiary,MODIS,624.941484874,21.2696978702,NT,NTFES,0.195,0.00052499998
14138,"Part NT Por 5417, Cave Creek Station, Roper Highway, ELSEY",2025-07-21,2025-09-17,2025-08-01,Prescribed burn,Incendiary,MODIS,632.396784193,24.4979132974,NT,NTFES,0.224999992,0.000531250005
14138,"Part NT Por 5417, Cave Creek Station, Roper Highway, ELSEY",2025-08-01,2025-09-17,2025-08-04,Prescribed burn,Incendiary,MODIS,334.917388136,10.9135039332,NT,NTFES,0.099999996,0.000281249987499
13259,"Part NT Portion 1646, Warddeken IPA, ARNHEM",2025-05-01,2025-09-17,2025-05-14,Prescribed burn,Undetermined,MODIS,1649.22278667,69.4110124923,NT,Carbon Project,0.635000008,0.0013750000125
13259,"Part NT Portion 1646, Warddeken IPA, ARNHEM",2025-05-07,2025-09-17,2025-06-01,Prescribed burn,Undetermined,MODIS,7306.73514021,254.583519114,NT,Carbon Project,2.325,0.00608749998
13259,"Part NT Portion 1646, Warddeken IPA, ARNHEM",2025-05-14,2025-09-17,2025-05-22,Prescribed burn,Undetermined,MODIS,19046.7247469,568.332599625,NT,Carbon Project,5.190000014,0.0158687500725
13259,"Part NT Portion 1646, Warddeken IPA, ARNHEM",2025-05-15,2025-09-17,2025-07-06,Prescribed burn,Undetermined,MODIS,23139.4842914,1033.68201168,NT,Carbon Project,9.429999956,0.019256249825
13259,"Part NT Portion 1646, Warddeken IPA, ARNHEM",2025-06-01,2025-09-17,2025-06-09,Prescribed burn,Undetermined,MODIS,2779.57859867,198.358828834,NT,Carbon Project,1.809999966,0.00231249996
13259,"Part NT Portion 1646, Warddeken IPA, ARNHEM",2025-06-01,2025-09-17,2025-06-14,Prescribed burn,Undetermined,MODIS,84552.5885574,1932.19018354,NT,Carbon Project,17.624999996,0.07035000007
13259,"Part NT Portion 1646, Warddeken IPA, ARNHEM",2025-06-01,2025-09-17,2025-06-21,Prescribed burn,Undetermined,MODIS,36768.7568049,2063.52967262,NT,Carbon Project,18.835000004,0.03061875006
13259,"Part NT Portion 1646, Warddeken IPA, ARNHEM",2025-06-01,2025-09-17,2025-06-30,Prescribed burn,Undetermined,MODIS,6572.85800926,570.511480453,NT,Carbon Project,5.20500004,0.005468750015
13259,"Part NT Portion 1646, Warddeken IPA, ARNHEM",2025-06-09,2025-09-17,2025-06-18,Prescribed burn,Undetermined,MODIS,30649.3895202,1074.02894887,NT,Carbon Project,9.80499999,0.025531249845
13259,"Part NT Portion 1646, Warddeken IPA, ARNHEM",2025-06-21,2025-09-17,2025-06-30,Prescribed burn,Undetermined,MODIS,141060.841927,3796.667012,NT,Carbon Project,34.655000006,0.117512499577
13259,"Part NT Portion 1646, Warddeken IPA, ARNHEM",2025-07-01,2025-09-17,2025-07-10,Prescribed burn,Undetermined,MODIS,5981.79580416,130.3098461,NT,Carbon Project,1.19,0.004981249975
13259,"Part NT Portion 1646, Warddeken IPA, ARNHEM",2025-07-01,2025-09-17,2025-07-14,Prescribed burn,Undetermined,MODIS,16990.9539857,1227.4998259,NT,Carbon Project,11.199999976,0.014137499935
13259,"Part NT Portion 1646, Warddeken IPA, ARNHEM",2025-07-01,2025-09-17,2025-07-16,Prescribed burn,Undetermined,MODIS,64756.5969413,1527.85570084,NT,Carbon Project,13.944999962,0.05391250018
13259,"Part NT Portion 1646, Warddeken IPA, ARNHEM",2025-07-15,2025-09-17,2025-07-21,Prescribed burn,Undetermined,MODIS,1486.20055761,26.8453620517,NT,Carbon Project,0.244999998,0.0012374999975
13259,"Part NT Portion 1646, Warddeken IPA, ARNHEM",2025-07-21,2025-09-17,2025-08-01,Prescribed burn,Undetermined,MODIS,5068.08161603,156.173519437,NT,Carbon Project,1.424999998,0.0042187499725
13259,"Part NT Portion 1646, Warddeken IPA, ARNHEM",2025-07-21,2025-09-17,2025-08-01,Prescribed burn,Undetermined,MODIS,6503.44921828,338.598974759,NT,Carbon Project,3.09,0.0054125000375
13259,"Part NT Portion 1646, Warddeken IPA, ARNHEM",2025-08-01,2025-09-17,2025-08-04,Bushfire,Undetermined,MODIS,353.219974988,34.00347428,NT,Carbon Project,0.310000018,0.000293750055001
41329,"Peko Road, WARUMUNGU",2025-01-09,2025-09-17,2025-01-27,Bushfire,Natural,Sentinel,9331.1139209,399.461684077,NT,NTFES,3.710800024,0.0080358800116
13756,Permit,2025-05-03,2025-09-17,2025-05-31,Prescribed burn,Incendiary,Sentinel,3.79688736547,1.18671612394,NT,NTFES,0.0107999999999,3.16000119994e-06
14469,Permit,2025-06-01,2025-09-17,2025-06-12,Prescribed burn,Incendiary,Sentinel,3.46047719902,1.32027852491,NT,NTFES,0.0119999980005,2.88000120005e-06
41362,"Pine Hill, ANMATJERE",2025-01-13,2025-09-17,2025-01-31,Bushfire,Natural,MODIS,7556.47533319,56.5625764215,NT,NTFES,0.530000002,0.00662500002
41476,"Pingala Access Road, TANAMI EAST",2025-01-23,2025-09-17,2025-01-31,Bushfire,Undetermined,MODIS,5161.99331043,56.0317511441,NT,NTFES,0.52,0.0044312499925
43131,"Poett Road, RUM JUNGLE",2025-06-22,2025-09-17,2025-06-22,Bushfire,Incendiary,Sentinel,8.01619689998,2.45308451078,NT,NTFES,0.0224000019998,6.67999859993e-06
14584,PWC Darwin River Burn,2025-04-01,2025-09-17,2025-04-30,Unknown,Undetermined,Sentinel,0.384115578803,0.262107819914,NT,NTFES,0.00239999799999,3.19999199984e-07
14584,PWC Darwin River Burn,2025-06-01,2025-09-17,2025-06-12,Prescribed burn,Incendiary,Sentinel,21.7043437118,5.08747150904,NT,NTFES,0.0464000059998,1.80799984e-05
14584,PWC Darwin River Burn,2025-06-02,2025-09-17,2025-06-17,Prescribed burn,Incendiary,Sentinel,5592.99244074,207.178818485,NT,NTFES,1.89092499627,0.00465897794358
14584,PWC Darwin River Burn,2025-06-17,2025-09-17,2025-06-22,Prescribed burn,Incendiary,Sentinel,76.5887105537,8.17931161742,NT,NTFES,0.0748000000001,6.38000114e-05
14584,PWC Darwin River Burn,2025-06-27,2025-09-17,2025-06-30,Prescribed burn,Incendiary,Sentinel,11.7172184588,3.14812884931,NT,NTFES,0.0288000039998,9.76000159999e-06
43901,"Quarry Road, LANDSDOWNE",2025-07-08,2025-09-17,2025-07-08,Bushfire,Accidental,Sentinel,1.86101594349,0.699083641504,NT,NTFES,0.0064000000001,1.559999e-06
42947,Quinine Close DARWIN RIVER,2025-06-15,2025-09-17,2025-06-15,Bushfire,Incendiary,Sentinel,21.2824667333,2.62454664441,NT,NTFES,0.0239999979999,1.77200013998e-05
14605,"RAAF Tindal Base, Stuart Highway, TINDAL",2025-01-01,2025-09-17,2025-01-31,Prescribed burn,Incendiary,Sentinel,191.968436251,50.7966737951,NT,NTFES,0.465199992001,0.000160999992
14605,"RAAF Tindal Base, Stuart Highway, TINDAL",2025-01-06,2025-09-17,2025-01-25,Prescribed burn,Incendiary,Sentinel,1.90772775662,1.13456288932,NT,NTFES,0.0104000000001,1.60000020002e-06
14605,"RAAF Tindal Base, Stuart Highway, TINDAL",2025-01-06,2025-09-17,2025-01-25,Prescribed burn,Incendiary,Sentinel,65.5026415576,9.73844288131,NT,NTFES,0.0892000059997,5.49200030001e-05
14605,"RAAF Tindal Base, Stuart Highway, TINDAL",2025-01-06,2025-09-17,2025-01-25,Prescribed burn,Incendiary,Sentinel,1458.20181459,172.561490483,NT,NTFES,1.579600038,0.0012227999986
14605,"RAAF Tindal Base, Stuart Highway, TINDAL",2025-01-06,2025-09-17,2025-01-25,Unknown,Undetermined,Sentinel,131.70830305,18.1395839594,NT,NTFES,0.166147019244,0.00011046260124
14605,"RAAF Tindal Base, Stuart Highway, TINDAL",2025-04-01,2025-09-17,2025-04-30,Prescribed burn,Incendiary,Sentinel,5.20051357635,5.02259330088,NT,NTFES,0.0459999919999,4.35999979994e-06
14605,"RAAF Tindal Base, Stuart Highway, TINDAL",2025-04-01,2025-09-17,2025-04-30,Prescribed burn,Incendiary,Sentinel,278.968874153,147.6948336,NT,NTFES,1.352799944,0.0002339199866
14605,"RAAF Tindal Base, Stuart Highway, TINDAL",2025-04-25,2025-09-17,2025-04-30,Prescribed burn,Incendiary,Sentinel,0.286277588781,0.261006832701,NT,NTFES,0.00240000000008,2.40000399989e-07
14605,"RAAF Tindal Base, Stuart Highway, TINDAL",2025-04-25,2025-09-17,2025-04-30,Prescribed burn,Incendiary,Sentinel,1068.88976066,128.54756425,NT,NTFES,1.177599944,0.0008962399924
14605,"RAAF Tindal Base, Stuart Highway, TINDAL",2025-06-01,2025-09-17,2025-06-09,Prescribed burn,Incendiary,Sentinel,63.9231906876,14.149745746,NT,NTFES,0.1296,5.36000001997e-05
43363,"Rail Corridor, DARWIN RIVER",2025-06-29,2025-09-17,2025-07-02,Bushfire,Incendiary,Sentinel,442.593497706,15.3267201452,NT,NTFES,0.13960001,0.000368600005
43363,"Rail Corridor, DARWIN RIVER",2025-06-29,2025-09-17,2025-07-02,Bushfire,Incendiary,Sentinel,1514.76758649,54.83186581,NT,NTFES,0.500000004,0.0012614800048
42744,"Redcliff Road, LLOYD CREEK",2025-06-09,2025-09-17,2025-06-17,Bushfire,Incendiary,Sentinel,180.64365965,12.1388725276,NT,NTFES,0.110744557785,0.000150299968303
42215,"Redcliffe Road, HUGHES",2025-05-22,2025-09-17,2025-05-22,Bushfire,Undetermined,Sentinel,0.240323868706,0.21964786744,NT,NTFES,0.00200000000007,2.000002e-07
42215,"Redcliffe Road, HUGHES",2025-05-22,2025-09-17,2025-05-22,Bushfire,Undetermined,Sentinel,0.576773849081,0.526992941574,NT,NTFES,0.00479999800007,4.7999960006e-07
42019,"Redcliffe Road, LIVINGSTONE",2025-05-16,2025-09-17,2025-05-17,Bushfire,Incendiary,Sentinel,26.0515311616,4.02612956755,NT,NTFES,0.0367999959998,2.16799995999e-05
42019,"Redcliffe Road, LIVINGSTONE",2025-05-16,2025-09-17,2025-05-17,Bushfire,Incendiary,Sentinel,22.5430786955,11.7896120513,NT,NTFES,0.107600012,1.87599946001e-05
42574,"Redcliffe Road, LLOYD CREEK",2025-06-04,2025-09-17,2025-06-08,Bushfire,Accidental,Sentinel,39.4021805369,3.77296428153,NT,NTFES,0.0344000020001,3.28000019999e-05
42574,"Redcliffe Road, LLOYD CREEK",2025-06-04,2025-09-17,2025-06-08,Bushfire,Accidental,Sentinel,764.606909017,47.0370960692,NT,NTFES,0.428615068138,0.000636489784666
42574,"Redcliffe Road, LLOYD CREEK",2025-06-04,2025-09-17,2025-06-08,Unknown,Undetermined,Sentinel,30.4201318315,6.84884921479,NT,NTFES,0.0624000039996,2.53199973999e-05
42574,"Redcliffe Road, LLOYD CREEK",2025-06-04,2025-09-17,2025-06-08,Unknown,Undetermined,Sentinel,15.1431171679,7.67938249517,NT,NTFES,0.0700000240001,1.26000077998e-05
42574,"Redcliffe Road, LLOYD CREEK",2025-06-04,2025-09-17,2025-06-08,Unknown,Undetermined,Sentinel,944.558198021,32.1678895156,NT,NTFES,0.293073199681,0.000785958289506
44640,"Redcliffe Road, LLOYD CREEK",2025-08-01,2025-09-17,2025-08-07,Bushfire,Undetermined,Sentinel,195.751119303,22.929004871,NT,NTFES,0.209200018,0.0001628799934
43452,"Reedbed Road, BERRY SPRINGS",2025-07-01,2025-09-17,2025-07-02,Bushfire,Incendiary,Sentinel,1.82608437272,1.2678376935,NT,NTFES,0.0116000039998,1.52000039993e-06
43452,"Reedbed Road, BERRY SPRINGS",2025-07-01,2025-09-17,2025-07-02,Bushfire,Incendiary,Sentinel,20.1349049198,4.29515059671,NT,NTFES,0.0392000060002,1.67600026002e-05
42616,Ringwood Road TORTILLA FLATS,2025-06-07,2025-09-17,2025-06-08,Bushfire,Undetermined,Sentinel,69.2028018743,5.08263248781,NT,NTFES,0.0464000019996,5.76799980002e-05
43083,"Ringwood Road, TORTILLA FLATS",2025-06-19,2025-09-17,2025-06-20,Bushfire,Undetermined,Sentinel,1.82364192912,0.964818746699,NT,NTFES,0.00879999999984,1.52000059996e-06
43083,"Ringwood Road, TORTILLA FLATS",2025-06-19,2025-09-17,2025-06-20,Bushfire,Undetermined,Sentinel,3.69530173675,1.40036065024,NT,NTFES,0.012800006,3.07999979998e-06
43083,"Ringwood Road, TORTILLA FLATS",2025-06-19,2025-09-17,2025-06-20,Bushfire,Undetermined,Sentinel,15.2610278059,3.01848256399,NT,NTFES,0.0275999999999,1.27200008001e-05
41513,Road Transport Hall of Fame ILPARPA,2025-01-28,2025-09-17,2025-01-28,Bushfire,Undetermined,Sentinel,56.3559834962,5.91635699329,NT,NTFES,0.0560000019999,4.99199978e-05
13355,Road Verge Marrakai access road to Kakadu Park boundary,2025-06-01,2025-09-17,2025-06-09,Prescribed burn,Incendiary,Sentinel,19.4036586584,15.3281316718,NT,NTFES,0.14,1.61600029999e-05
13355,Road Verge Marrakai access road to Kakadu Park boundary,2025-06-09,2025-09-17,2025-06-14,Prescribed burn,Incendiary,Sentinel,4.46703021428,2.65764924126,NT,NTFES,0.0244,3.71999880003e-06
13355,Road Verge Marrakai access road to Kakadu Park boundary,2025-06-09,2025-09-17,2025-06-14,Prescribed burn,Incendiary,Sentinel,28.5800465722,15.4293323927,NT,NTFES,0.1416,2.37999972e-05
13355,Road Verge Marrakai access road to Kakadu Park boundary,2025-06-09,2025-09-17,2025-06-14,Unknown,Undetermined,Sentinel,7.06098509563,4.49712371144,NT,NTFES,0.0411999980003,5.87999740001e-06
13355,Road Verge Marrakai access road to Kakadu Park boundary,2025-06-14,2025-09-17,2025-06-19,Prescribed burn,Incendiary,Sentinel,4.46714197025,2.22351542578,NT,NTFES,0.0203999959999,3.72000059983e-06
13355,Road Verge Marrakai access road to Kakadu Park boundary,2025-06-14,2025-09-17,2025-06-19,Prescribed burn,Incendiary,Sentinel,29.442542502,11.2113907035,NT,NTFES,0.10239999,2.45199986e-05
13355,Road Verge Marrakai access road to Kakadu Park boundary,2025-06-14,2025-09-17,2025-06-29,Prescribed burn,Incendiary,Sentinel,13.9764529917,6.52401802025,NT,NTFES,0.0596000039999,1.16400015998e-05
13355,Road Verge Marrakai access road to Kakadu Park boundary,2025-06-14,2025-09-17,2025-06-29,Prescribed burn,Incendiary,Sentinel,29.8288169255,11.4757101718,NT,NTFES,0.105199986,2.48399996002e-05
13355,Road Verge Marrakai access road to Kakadu Park boundary,2025-06-14,2025-09-17,2025-06-30,Unknown,Undetermined,Sentinel,1.05676055911,0.568613820771,NT,NTFES,0.00519999999995,8.80000000014e-07
13355,Road Verge Marrakai access road to Kakadu Park boundary,2025-06-17,2025-09-17,2025-06-22,Prescribed burn,Incendiary,Sentinel,11.5260171462,7.32916031876,NT,NTFES,0.067199992,9.60000600011e-06
15127,"Road Verge, Marrakai Track, Arnhem Highway to Marrakai Creek",2025-05-22,2025-09-17,2025-05-29,Prescribed burn,Incendiary,Sentinel,4.85210313157,3.36521792395,NT,NTFES,0.0308000020003,4.04000020005e-06
44443,"Roper Highway, LIMMEN - Strangways Station",2025-07-23,2025-09-17,2025-07-21,Bushfire,Incendiary,MODIS,505.931027542,13.6626491395,NT,NTFES,0.124999996,0.000424999989999
44443,"Roper Highway, LIMMEN - Strangways Station",2025-07-23,2025-09-17,2025-08-01,Bushfire,Incendiary,MODIS,1421.11641415,34.8722733717,NT,NTFES,0.319999998,0.001193750025
44443,"Roper Highway, LIMMEN - Strangways Station",2025-07-23,2025-09-17,2025-08-01,Bushfire,Incendiary,MODIS,8248.32733634,63.9075139313,NT,NTFES,0.584999993999,0.00693125
44443,"Roper Highway, LIMMEN - Strangways Station",2025-07-23,2025-09-17,2025-08-01,Bushfire,Incendiary,MODIS,1264.87643827,66.8863966721,NT,NTFES,0.614999998,0.0010624999875
41458,"Ross Highway,  YEPERENYE",2025-01-22,2025-09-17,2025-01-27,Bushfire,Incendiary,Sentinel,18.788468738,4.01139339041,NT,NTFES,0.0379999860002,1.66399991999e-05
44144,"Ross Highway, HALE",2025-07-14,2025-09-17,2025-07-15,Bushfire,Incendiary,Sentinel,4.83264157309,1.80634569995,NT,NTFES,0.0172000040003,4.28000260006e-06
41342,"Ross Highway, UNDOOLYA",2025-01-10,2025-09-17,2025-01-16,Bushfire,Incendiary,Sentinel,85.1805053798,8.66410392239,NT,NTFES,0.0816000000002,7.54399998e-05
S111564,"Ross Road, VENN",2025-07-01,2025-09-17,2025-07-04,Bushfire,Accidental,Sentinel,0.0477176133102,0.0873847590048,NT,NTFES,0.000799999999913,3.99999999903e-08
43881,"Ross Road, VENN",2025-07-07,2025-09-17,2025-07-04,Bushfire,Accidental,Sentinel,1509.74742951,95.5301388821,NT,NTFES,0.874561996001,0.00126557035152
43881,"Ross Road, VENN",2025-07-07,2025-09-17,2025-07-09,Bushfire,Accidental,Sentinel,5188.62947957,210.753181512,NT,NTFES,1.930800078,0.0043498399826
43881,"Ross Road, VENN",2025-07-07,2025-09-17,2025-07-14,Bushfire,Accidental,Sentinel,434.512567434,42.0126669451,NT,NTFES,0.384799988,0.0003642800068
44618,Rum Jungle Road BATCHELOR,2025-08-01,2025-09-17,2025-08-01,Bushfire,Incendiary,Sentinel,53.3336224206,5.39400204153,NT,NTFES,0.0491999999996,4.44399997998e-05
44618,Rum Jungle Road BATCHELOR,2025-08-01,2025-09-17,2025-08-01,Bushfire,Incendiary,Sentinel,336.068754295,18.0109362119,NT,NTFES,0.164400009999,0.0002800399986
43215,"Sanctuary Avenue, MARRAKAI",2025-06-24,2025-09-17,2025-06-28,Bushfire,Undetermined,Sentinel,5.38309898842,2.3637964223,NT,NTFES,0.0215999979999,4.48000020003e-06
43215,"Sanctuary Avenue, MARRAKAI",2025-06-24,2025-09-17,2025-06-28,Bushfire,Undetermined,Sentinel,68.5907227145,9.88856212599,NT,NTFES,0.0902627983839,5.70846117256e-05
41828,"Scott Road, RUM JUNGLE",2025-05-01,2025-09-17,2025-05-01,Bushfire,Undetermined,Sentinel,291.953266762,40.4362886719,NT,NTFES,0.369200006,0.0002433199948
42097,"Scrutton Road, LIVINGSTONE",2025-05-19,2025-09-17,2025-06-20,Bushfire,Incendiary,Sentinel,37.148394676,8.23248415286,NT,NTFES,0.0751999919995,3.09200083999e-05
44602,"Shady camp, POINT STUART",2025-07-31,2025-09-17,2025-07-31,Bushfire,Undetermined,Sentinel,0.192410055564,0.263197373637,NT,NTFES,0.00240000199994,1.60000399996e-07
44602,"Shady camp, POINT STUART",2025-07-31,2025-09-17,2025-07-31,Bushfire,Undetermined,Sentinel,14.9115880631,4.86412373762,NT,NTFES,0.0443999999998,1.23999968e-05
S111565,Shoal Bay Coastal Reserve,2025-05-08,2025-09-17,2025-05-31,Unknown,Undetermined,Sentinel,2.5026680714,3.29270443451,NT,Parks,0.0300000020001,2.08000020001e-06
S111566,Shoal Bay Coastal Reserve,2025-05-08,2025-09-17,2025-05-31,Unknown,Undetermined,Sentinel,24.3961393575,7.4210317505,NT,Parks,0.0675999999992,2.02800003999e-05
S111567,Shoal Bay Coastal Reserve,2025-06-01,2025-09-17,2025-06-12,Unknown,Undetermined,Sentinel,0.673632092911,0.831691885257,NT,Parks,0.00760000200012,5.60000200026e-07
S111568,Shoal Bay Coastal Reserve,2025-06-01,2025-09-17,2025-06-12,Unknown,Undetermined,Sentinel,1.39521891682,0.917852956149,NT,Parks,0.0084000060001,1.16000340003e-06
S111569,Shoal Bay Coastal Reserve,2025-06-02,2025-09-17,2025-06-17,Unknown,Undetermined,Sentinel,233.618338913,27.032491943,NT,Parks,0.24639999,0.0001941600018
S111570,Shoal Bay Coastal Reserve,2025-06-02,2025-09-17,2025-06-17,Unknown,Undetermined,Sentinel,385.276155222,65.0207510142,NT,Parks,0.59279998,0.000320240009201
S111571,Shoal Bay Coastal Reserve,2025-06-17,2025-09-17,2025-06-27,Unknown,Undetermined,Sentinel,8.56415489317,1.79909463527,NT,Parks,0.0163999999997,7.11999959998e-06
S111572,Shoal Bay Coastal Reserve,2025-06-17,2025-09-17,2025-06-27,Unknown,Undetermined,Sentinel,91.6690981809,12.4511739558,NT,Parks,0.113599994,7.62000004003e-05
S111573,Shoal Bay Coastal Reserve,2025-06-27,2025-09-17,2025-06-30,Unknown,Undetermined,Sentinel,1.25088876662,0.831635977151,NT,Parks,0.00760000000002,1.04000040001e-06
S111574,Shoal Bay Coastal Reserve,2025-06-27,2025-09-17,2025-06-30,Unknown,Undetermined,Sentinel,15.5409097982,4.73890442358,NT,Parks,0.0432000120003,1.29200066002e-05
S111575,Shoal Bay Coastal Reserve,2025-06-27,2025-09-17,2025-06-30,Unknown,Undetermined,Sentinel,24.8284731074,4.8289752544,NT,Parks,0.0439999899997,2.06400001999e-05
S111576,Shoal Bay Coastal Reserve,2025-06-27,2025-09-17,2025-06-30,Unknown,Undetermined,Sentinel,25.8854601907,6.17636936742,NT,Parks,0.0564000080002,2.15200017999e-05
S111577,Shoal Bay Coastal Reserve,2025-07-01,2025-09-17,2025-07-07,Unknown,Undetermined,Sentinel,32.4784486002,4.65202931399,NT,Parks,0.0424000040001,2.69999990001e-05
S111578,Shoal Bay Coastal Reserve,2025-07-01,2025-09-17,2025-07-07,Unknown,Undetermined,Sentinel,132.475843665,12.32457092,NT,Parks,0.112400002,0.0001101199976
S111579,Shoal Bay Coastal Reserve,2025-07-01,2025-09-17,2025-07-12,Unknown,Undetermined,Sentinel,33.2066562773,8.07460484127,NT,Parks,0.0736000120004,2.76000032001e-05
S111580,Shoal Bay Coastal Reserve,2025-07-12,2025-09-17,2025-07-22,Unknown,Undetermined,Sentinel,111.198273149,11.0132083739,NT,Parks,0.100399999999,9.24399961999e-05
S111581,Shoal Bay Coastal Reserve,2025-07-12,2025-09-17,2025-07-22,Unknown,Undetermined,Sentinel,199.712898535,24.1643411448,NT,Parks,0.220400006,0.0001660000034
S111582,Shoal Bay Coastal Reserve,2025-07-12,2025-09-17,2025-07-31,Unknown,Undetermined,Sentinel,3.89778174634,2.94440758043,NT,Parks,0.0267999959998,3.24000100001e-06
S111583,Shoal Bay Coastal Reserve,2025-07-12,2025-09-17,2025-07-31,Unknown,Undetermined,Sentinel,65.5104635822,6.5017004111,NT,Parks,0.0591999900003,5.44400004002e-05
S111584,Shoal Bay Coastal Reserve,2025-07-12,2025-09-17,2025-07-31,Unknown,Undetermined,Sentinel,264.458756294,23.9632631074,NT,Parks,0.218399999999,0.0002197999978
S111585,Shoal Bay Coastal Reserve,2025-07-12,2025-09-17,2025-07-31,Unknown,Undetermined,Sentinel,286.30391126,37.7186931722,NT,Parks,0.344000014,0.0002379599992
S111586,Shoal Bay Coastal Reserve,2025-08-01,2025-09-17,2025-08-06,Unknown,Undetermined,Sentinel,5.87020297274,4.34148726259,NT,Parks,0.0396000020002,4.88000240006e-06
S111587,Shoal Bay Coastal Reserve,2025-08-01,2025-09-17,2025-08-06,Unknown,Undetermined,Sentinel,137.227658716,11.8508441198,NT,Parks,0.107999977999,0.0001140800018
42542,"Soloman Road, EVA VALLEY",2025-06-04,2025-09-17,2025-06-08,Bushfire,Undetermined,Sentinel,327.250741242,18.9236846154,NT,NTFES,0.172799993999,0.000272799996999
42542,"Soloman Road, EVA VALLEY",2025-06-04,2025-09-17,2025-06-08,Bushfire,Undetermined,Sentinel,843.566062846,49.394852775,NT,NTFES,0.451200004,0.0007031999992
13371,"South East Arnhem Land Stages 1 and 2, and Urapunga ALT, Roper Highway, ARNHEM",2020-10-12,2025-09-17,2020-10-12,Bushfire,Undetermined,MODIS,52.32436635,7.10260309066,NT,Carbon Project,0.064999994,4.37499925e-05
13371,"South East Arnhem Land Stages 1 and 2, and Urapunga ALT, Roper Highway, ARNHEM",2020-10-12,2025-09-17,2020-10-12,Prescribed burn,Undetermined,MODIS,7.44540047849,1.09155231769,NT,Carbon Project,0.0100000000001,6.25000000013e-06
13371,"South East Arnhem Land Stages 1 and 2, and Urapunga ALT, Roper Highway, ARNHEM",2020-10-12,2025-09-17,2020-10-12,Prescribed burn,Undetermined,MODIS,111.838333887,7.13532705335,NT,Carbon Project,0.0650000020003,9.37499975e-05
13371,"South East Arnhem Land Stages 1 and 2, and Urapunga ALT, Roper Highway, ARNHEM",2020-10-12,2025-09-17,2020-10-12,Prescribed burn,Undetermined,MODIS,96.8027079259,9.22687004415,NT,Carbon Project,0.0849999939998,8.12499924998e-05
13371,"South East Arnhem Land Stages 1 and 2, and Urapunga ALT, Roper Highway, ARNHEM",2020-10-12,2025-09-17,2020-10-12,Prescribed burn,Undetermined,MODIS,111.696639482,11.4400371286,NT,Carbon Project,0.10499999,9.3749985e-05
13371,"South East Arnhem Land Stages 1 and 2, and Urapunga ALT, Roper Highway, ARNHEM",2020-10-12,2025-09-17,2020-10-12,Prescribed burn,Undetermined,MODIS,372.32666999,11.9783581557,NT,Carbon Project,0.11,0.000312500004999
13371,"South East Arnhem Land Stages 1 and 2, and Urapunga ALT, Roper Highway, ARNHEM",2020-10-12,2025-09-17,2020-10-12,Prescribed burn,Undetermined,MODIS,327.774784886,11.9811630439,NT,Carbon Project,0.110000004,0.000275000000001
13371,"South East Arnhem Land Stages 1 and 2, and Urapunga ALT, Roper Highway, ARNHEM",2020-10-12,2025-09-17,2020-10-12,Prescribed burn,Undetermined,MODIS,253.40941683,14.2110841841,NT,Carbon Project,0.129999994,0.000212499977501
13371,"South East Arnhem Land Stages 1 and 2, and Urapunga ALT, Roper Highway, ARNHEM",2020-10-12,2025-09-17,2020-10-12,Prescribed burn,Undetermined,MODIS,350.049207359,16.331658674,NT,Carbon Project,0.150000002,0.000293750005001
13371,"South East Arnhem Land Stages 1 and 2, and Urapunga ALT, Roper Highway, ARNHEM",2020-10-12,2025-09-17,2020-10-12,Prescribed burn,Undetermined,MODIS,327.693288763,18.4853072211,NT,Carbon Project,0.17,0.000275000002501
13371,"South East Arnhem Land Stages 1 and 2, and Urapunga ALT, Roper Highway, ARNHEM",2020-10-12,2025-09-17,2020-10-12,Prescribed burn,Undetermined,MODIS,454.470378802,20.163635686,NT,Carbon Project,0.18500001,0.000381250045
13371,"South East Arnhem Land Stages 1 and 2, and Urapunga ALT, Roper Highway, ARNHEM",2020-10-12,2025-09-17,2020-10-12,Prescribed burn,Undetermined,MODIS,567.476914054,22.9553096784,NT,Carbon Project,0.209999998,0.0004749999975
13371,"South East Arnhem Land Stages 1 and 2, and Urapunga ALT, Roper Highway, ARNHEM",2020-10-12,2025-09-17,2020-10-12,Prescribed burn,Undetermined,MODIS,335.313071389,28.9412661544,NT,Carbon Project,0.264999994001,0.000281249980001
13371,"South East Arnhem Land Stages 1 and 2, and Urapunga ALT, Roper Highway, ARNHEM",2020-10-12,2025-09-17,2020-10-12,Prescribed burn,Undetermined,MODIS,2368.15144676,44.6699431366,NT,Carbon Project,0.41,0.001987499995
13371,"South East Arnhem Land Stages 1 and 2, and Urapunga ALT, Roper Highway, ARNHEM",2020-10-12,2025-09-17,2020-10-12,Prescribed burn,Undetermined,MODIS,1288.32463396,58.2774832281,NT,Carbon Project,0.535000004,0.001081249995
13371,"South East Arnhem Land Stages 1 and 2, and Urapunga ALT, Roper Highway, ARNHEM",2020-10-12,2025-09-17,2020-10-12,Prescribed burn,Undetermined,MODIS,5145.17562006,68.9216483155,NT,Carbon Project,0.63,0.0043062499825
13371,"South East Arnhem Land Stages 1 and 2, and Urapunga ALT, Roper Highway, ARNHEM",2020-10-12,2025-09-17,2020-10-12,Prescribed burn,Undetermined,MODIS,3522.69715036,131.459359115,NT,Carbon Project,1.204999996,0.0029500000225
13371,"South East Arnhem Land Stages 1 and 2, and Urapunga ALT, Roper Highway, ARNHEM",2020-10-12,2025-09-17,2020-10-12,Prescribed burn,Undetermined,MODIS,7584.48825229,144.221607801,NT,Carbon Project,1.31999998,0.006349999965
13371,"South East Arnhem Land Stages 1 and 2, and Urapunga ALT, Roper Highway, ARNHEM",2020-10-12,2025-09-17,2020-10-12,Prescribed burn,Undetermined,MODIS,4548.15209135,147.040345586,NT,Carbon Project,1.345000004,0.003806250015
13371,"South East Arnhem Land Stages 1 and 2, and Urapunga ALT, Roper Highway, ARNHEM",2020-10-12,2025-09-17,2020-10-12,Prescribed burn,Undetermined,MODIS,7297.48801386,202.001571464,NT,Carbon Project,1.849999998,0.006112500015
13371,"South East Arnhem Land Stages 1 and 2, and Urapunga ALT, Roper Highway, ARNHEM",2020-10-12,2025-09-17,2020-10-12,Prescribed burn,Undetermined,MODIS,2897.17001702,278.075077934,NT,Carbon Project,2.544999984,0.0024249999975
13371,"South East Arnhem Land Stages 1 and 2, and Urapunga ALT, Roper Highway, ARNHEM",2020-10-12,2025-09-17,2020-10-12,Prescribed burn,Undetermined,MODIS,2700.99562231,283.921197241,NT,Carbon Project,2.599999974,0.002262499945
13371,"South East Arnhem Land Stages 1 and 2, and Urapunga ALT, Roper Highway, ARNHEM",2020-10-12,2025-09-17,2020-10-12,Prescribed burn,Undetermined,MODIS,8001.20215201,304.397507821,NT,Carbon Project,2.790000016,0.0067125000825
13371,"South East Arnhem Land Stages 1 and 2, and Urapunga ALT, Roper Highway, ARNHEM",2020-10-12,2025-09-17,2020-10-12,Prescribed burn,Undetermined,MODIS,7610.71519298,317.634369952,NT,Carbon Project,2.905000006,0.0063625000225
13371,"South East Arnhem Land Stages 1 and 2, and Urapunga ALT, Roper Highway, ARNHEM",2020-10-12,2025-09-17,2020-10-12,Prescribed burn,Undetermined,MODIS,14254.58136,575.700818903,NT,Carbon Project,5.264999982,0.0119187499825
13371,"South East Arnhem Land Stages 1 and 2, and Urapunga ALT, Roper Highway, ARNHEM",2020-10-12,2025-09-17,2020-10-12,Prescribed burn,Undetermined,MODIS,12538.3721401,1074.69410758,NT,Carbon Project,9.83999994,0.0104937499575
13371,"South East Arnhem Land Stages 1 and 2, and Urapunga ALT, Roper Highway, ARNHEM",2020-10-12,2025-09-17,2020-10-12,Prescribed burn,Undetermined,MODIS,55552.5551558,1515.48799772,NT,Carbon Project,13.875000022,0.0465
13371,"South East Arnhem Land Stages 1 and 2, and Urapunga ALT, Roper Highway, ARNHEM",2020-10-12,2025-09-17,2020-10-12,Prescribed burn,Undetermined,MODIS,79431.3182767,1771.76251389,NT,Carbon Project,16.204999994,0.06640625018
13371,"South East Arnhem Land Stages 1 and 2, and Urapunga ALT, Roper Highway, ARNHEM",2020-10-12,2025-09-17,2020-10-12,Prescribed burn,Undetermined,MODIS,35437.1733093,1871.48079549,NT,Carbon Project,17.135000042,0.0296625001275
13371,"South East Arnhem Land Stages 1 and 2, and Urapunga ALT, Roper Highway, ARNHEM",2020-10-12,2025-09-17,2020-10-12,Prescribed burn,Undetermined,MODIS,42435.4622811,3388.93550526,NT,Carbon Project,31.029999842,0.0354999996725
13371,"South East Arnhem Land Stages 1 and 2, and Urapunga ALT, Roper Highway, ARNHEM",2020-10-12,2025-09-17,2020-10-12,Prescribed burn,Undetermined,MODIS,113932.873934,3640.13055962,NT,Carbon Project,33.32500005,0.0953437502075
13371,"South East Arnhem Land Stages 1 and 2, and Urapunga ALT, Roper Highway, ARNHEM",2020-10-12,2025-09-17,2020-10-12,Unknown,Undetermined,MODIS,13836.4835706,215.200334742,NT,NTFES,1.97369780788,0.0116083929325
42004,"South Leonino Road,  MANTON",2025-05-15,2025-09-17,2025-05-16,Bushfire,Undetermined,Sentinel,76.9662430925,12.3185517179,NT,NTFES,0.112400004001,6.40799959999e-05
41710,"South Stuart Highway, HUGH",2025-03-12,2025-09-17,2025-03-31,Bushfire,Undetermined,Sentinel,21.4292445223,5.59089868803,NT,NTFES,0.0528000080001,1.90000016e-05
44673,"Spencer Road, DARWIN RIVER",2025-08-02,2025-09-17,2025-08-04,Bushfire,Undetermined,Sentinel,66.1475536444,8.73140402653,NT,NTFES,0.0795999979997,5.50799947999e-05
S111588,St Vidgeon Management Area,2025-05-07,2025-09-17,2025-06-01,Unknown,Undetermined,MODIS,156.205994307,5.97758969675,NT,Parks,0.0549999980001,0.00013125
S111589,St Vidgeon Management Area,2025-05-07,2025-09-17,2025-06-01,Unknown,Undetermined,MODIS,2901.73335491,57.2493949051,NT,Parks,0.524999996,0.0024375000225
S111590,St Vidgeon Management Area,2025-05-14,2025-09-17,2025-05-22,Unknown,Undetermined,MODIS,178.53877172,6.54658689483,NT,Parks,0.0599999980001,0.00015
S111591,St Vidgeon Management Area,2025-05-15,2025-09-17,2025-07-06,Unknown,Undetermined,MODIS,2466.30172871,38.2913902614,NT,Parks,0.349999994,0.002075000025
S111592,St Vidgeon Management Area,2025-06-01,2025-09-17,2025-06-09,Unknown,Undetermined,MODIS,237.968665036,13.6440838307,NT,Parks,0.124999998,0.0002000000125
S111593,St Vidgeon Management Area,2025-06-01,2025-09-17,2025-06-09,Unknown,Undetermined,MODIS,31447.4821991,207.464131059,NT,Parks,1.904999994,0.026437499985
S111594,St Vidgeon Management Area,2025-06-01,2025-09-17,2025-06-14,Unknown,Undetermined,MODIS,5961.37357701,182.394972825,NT,Parks,1.674999998,0.0050124999825
S111595,St Vidgeon Management Area,2025-06-01,2025-09-17,2025-06-14,Unknown,Undetermined,MODIS,27480.2218989,258.690211274,NT,Parks,2.375000002,0.02309374997
S111596,St Vidgeon Management Area,2025-06-09,2025-09-17,2025-06-18,Unknown,Undetermined,MODIS,847.547845432,47.3804153258,NT,Parks,0.434999998,0.0007125
S111597,St Vidgeon Management Area,2025-06-21,2025-09-17,2025-06-30,Unknown,Undetermined,MODIS,74.4108110532,3.79648499834,NT,Parks,0.0350000000001,6.25000000002e-05
S111598,St Vidgeon Management Area,2025-06-21,2025-09-17,2025-06-30,Unknown,Undetermined,MODIS,59.45531604,4.89963956664,NT,Parks,0.0450000000001,5.00000025002e-05
S111599,St Vidgeon Management Area,2025-07-01,2025-09-17,2025-07-10,Unknown,Undetermined,MODIS,14.8553721982,1.64353006214,NT,Parks,0.0150000000001,1.25000000003e-05
S111600,St Vidgeon Management Area,2025-07-01,2025-09-17,2025-07-10,Unknown,Undetermined,MODIS,2201.31657492,34.2944502982,NT,Parks,0.315,0.00185000001
S111601,St Vidgeon Management Area,2025-07-01,2025-09-17,2025-07-14,Unknown,Undetermined,MODIS,126.430174185,9.81851849481,NT,Parks,0.0900000000001,0.000106249995
S111602,St Vidgeon Management Area,2025-07-01,2025-09-17,2025-07-14,Unknown,Undetermined,MODIS,587.579930203,57.145880879,NT,Parks,0.524999988,0.00049374998
S111603,St Vidgeon Management Area,2025-07-01,2025-09-17,2025-07-16,Unknown,Undetermined,MODIS,416.485462553,17.9620694978,NT,Parks,0.164999994,0.0003500000025
S111604,St Vidgeon Management Area,2025-07-01,2025-09-17,2025-07-16,Unknown,Undetermined,MODIS,21962.2079382,165.074012391,NT,Parks,1.514999998,0.018456249995
S111605,St Vidgeon Management Area,2025-07-21,2025-09-17,2025-08-01,Unknown,Undetermined,MODIS,155.995346755,10.9193292791,NT,Parks,0.1,0.000131249995001
S111606,St Vidgeon Management Area,2025-08-01,2025-09-17,2025-08-04,Unknown,Undetermined,MODIS,37.1413146683,2.73388561806,NT,Parks,0.024999998,3.12499925002e-05
14918,"Stockwell Road, BLACKMORE",2025-07-01,2025-09-17,2025-07-12,Prescribed burn,Incendiary,Sentinel,143.153216886,8.81964232157,NT,NTFES,0.0804000000003,0.0001191600038
42214,Stuart Highway ACACIA HILLS,2025-05-22,2025-09-17,2025-05-31,Bushfire,Incendiary,Sentinel,40.5987751577,11.3683055359,NT,NTFES,0.103599984,3.37999953998e-05
43195,"Stuart Highway North of Edith River, NITMILUK",2025-06-23,2025-09-17,2025-06-24,Bushfire,Incendiary,Sentinel,92.8763033641,8.56778855184,NT,NTFES,0.0784000020004,7.77599978e-05
43745,Stuart Highway Warumungu TENNANT CREEK,2025-07-04,2025-09-17,2025-07-04,Bushfire,Undetermined,Sentinel,23.0121238437,9.47027909373,NT,NTFES,0.0871999820002,1.97999994002e-05
44115,"Stuart Highway, ATTACK CREEK",2025-07-13,2025-09-17,2025-07-17,Unknown,Undetermined,MODIS,480.836970578,14.6203364099,NT,NTFES,0.135,0.000412499982499
44247,"Stuart Highway, BESWICK CREEK",2025-07-16,2025-09-17,2025-07-23,Bushfire,Incendiary,MODIS,2268.85425594,32.745326942,NT,NTFES,0.299627981145,0.00190371686323
44247,"Stuart Highway, BESWICK CREEK",2025-07-16,2025-09-17,2025-07-23,Bushfire,Incendiary,MODIS,396.644982382,37.5393917063,NT,NTFES,0.343855277632,0.000332755547565
44247,"Stuart Highway, BESWICK CREEK",2025-07-16,2025-09-17,2025-07-23,Bushfire,Incendiary,MODIS,2771.1564649,54.619527548,NT,NTFES,0.50000001,0.0023250000325
44247,"Stuart Highway, BESWICK CREEK",2025-07-16,2025-09-17,2025-07-23,Bushfire,Incendiary,Sentinel,3946.10262427,97.2151287574,NT,NTFES,0.890377599235,0.00331067479045
44105,"Stuart Highway, BIRDUM",2025-07-13,2025-09-17,2025-07-15,Bushfire,Incendiary,MODIS,1369.87917114,17.4717155529,NT,NTFES,0.159999998,0.001156249985
43419,"Stuart Highway, BRIDGE CREEK",2025-07-01,2025-09-17,2025-07-01,Bushfire,Incendiary,Sentinel,54.7996020922,9.08058811363,NT,NTFES,0.0828000100004,4.57200030002e-05
42914,"Stuart Highway, COOMALIE CREEK",2025-06-14,2025-09-17,2025-06-17,Bushfire,Undetermined,Sentinel,1736.58232264,40.9846005921,NT,NTFES,0.373308297205,0.00144678520815
44533,"Stuart Highway, DARWIN RIVER DAM",2025-07-27,2025-09-17,2025-07-31,Bushfire,Undetermined,Sentinel,1307.28511727,52.353138824,NT,Parks,0.477600028002,0.0010888799946
42283,"Stuart Highway, DOUGLAS DALY",2025-05-25,2025-09-17,2025-05-26,Bushfire,Natural,Sentinel,0.526406642361,0.70107275586,NT,NTFES,0.00640000200008,4.40000600035e-07
42283,"Stuart Highway, DOUGLAS DALY",2025-05-25,2025-09-17,2025-05-26,Bushfire,Natural,Sentinel,360.152433164,23.4700082289,NT,NTFES,0.214800012001,0.0003010000042
42283,"Stuart Highway, DOUGLAS DALY",2025-05-25,2025-09-17,2025-05-26,Bushfire,Natural,Sentinel,371.693312789,40.3049762516,NT,NTFES,0.368800000001,0.0003106799912
42283,"Stuart Highway, DOUGLAS DALY",2025-05-25,2025-09-17,2025-05-26,Bushfire,Natural,Sentinel,4304.34058319,255.491325711,NT,NTFES,2.335600026,0.0035971200032
42797,"Stuart Highway, DOUGLAS DALY",2025-06-10,2025-09-17,2025-06-12,Bushfire,Undetermined,Sentinel,15.0033076603,5.02705426694,NT,NTFES,0.0460000039999,1.25200002e-05
41844,"Stuart Highway, EDITH",2025-05-03,2025-09-17,2025-05-05,Bushfire,Incendiary,Sentinel,90.0760124885,8.25986608528,NT,NTFES,0.0755999979997,7.54399979999e-05
41844,"Stuart Highway, EDITH",2025-05-03,2025-09-17,2025-05-10,Bushfire,Incendiary,Sentinel,103.019481701,12.3288463222,NT,NTFES,0.112799982,8.62800027999e-05
41844,"Stuart Highway, EDITH",2025-05-03,2025-09-17,2025-05-15,Bushfire,Incendiary,Sentinel,1.33727142288,0.874227657382,NT,NTFES,0.00799999999992,1.12000000003e-06
41844,"Stuart Highway, EDITH",2025-05-03,2025-09-17,2025-05-31,Bushfire,Incendiary,Sentinel,7.59383027339,2.05825797281,NT,NTFES,0.0188000080005,6.3600024001e-06
44030,"Stuart Highway, EDITH",2025-07-11,2025-09-17,2025-07-13,Bushfire,Undetermined,Sentinel,18.3920308274,2.49131376628,NT,NTFES,0.0228000059999,1.53999988e-05
44030,"Stuart Highway, EDITH",2025-07-11,2025-09-17,2025-07-13,Bushfire,Undetermined,Sentinel,83.9294052713,14.7262519748,NT,NTFES,0.134399984,7.02799934e-05
44757,"Stuart Highway, EDITH FALLS",2025-08-05,2025-09-17,2025-08-05,Bushfire,Incendiary,Sentinel,6.92399258867,3.58184105117,NT,NTFES,0.0328000020004,5.80000060025e-06
43653,"Stuart Highway, ELSEY",2025-07-04,2025-09-17,2025-07-07,Bushfire,Accidental,MODIS,7.41822928318,1.08958896387,NT,NTFES,0.00999999999988,6.24999999985e-06
43653,"Stuart Highway, ELSEY",2025-07-04,2025-09-17,2025-07-07,Bushfire,Accidental,MODIS,37.0980768153,2.73264677234,NT,NTFES,0.024999998,3.12499950001e-05
43653,"Stuart Highway, ELSEY",2025-07-04,2025-09-17,2025-07-07,Bushfire,Accidental,MODIS,185.476081168,20.7366876022,NT,NTFES,0.190000006,0.00015625
43653,"Stuart Highway, ELSEY",2025-07-04,2025-09-17,2025-07-07,Bushfire,Accidental,MODIS,2248.30733094,51.3360323711,NT,NTFES,0.469999988,0.00189375009
43653,"Stuart Highway, ELSEY",2025-07-04,2025-09-17,2025-07-07,Bushfire,Accidental,MODIS,9326.49487228,83.5221890045,NT,NTFES,0.764999981999,0.00785624997
44890,"Stuart Highway, ELSEY",2025-08-10,2025-09-17,2025-08-11,Bushfire,Accidental,MODIS,7364.78315945,72.3867916706,NT,NTFES,0.66000001,0.00620000009
41334,"Stuart Highway, HUGH",2025-01-10,2025-09-17,2025-01-10,Bushfire,Accidental,Sentinel,0.451456466968,0.336714127732,NT,NTFES,0.00319999999999,4.000004e-07
42803,"Stuart Highway, MANTON DAM",2025-06-10,2025-09-17,2025-06-11,Bushfire,Undetermined,Sentinel,2.88193946868,1.10045221567,NT,NTFES,0.00999999800001,2.40000100008e-06
42803,"Stuart Highway, MANTON DAM",2025-06-10,2025-09-17,2025-06-11,Bushfire,Undetermined,Sentinel,267.881918287,22.7007215884,NT,NTFES,0.2068,0.000223080006
42225,"Stuart Highway, MARGARET RIVER",2025-05-22,2025-09-17,2025-05-31,Bushfire,Accidental,Sentinel,7.91293407434,2.45464022365,NT,NTFES,0.0223999960001,6.59999880008e-06
41915,"Stuart Highway, NITMILUK",2025-05-09,2025-09-17,2025-05-10,Bushfire,Accidental,Sentinel,194.875857968,15.1760042288,NT,NTFES,0.138799994,0.000163239992
41915,"Stuart Highway, NITMILUK",2025-05-09,2025-09-17,2025-05-15,Bushfire,Accidental,Sentinel,8.45148403248,1.70069323914,NT,NTFES,0.0155999979999,7.07999779997e-06
41915,"Stuart Highway, NITMILUK",2025-05-09,2025-09-17,2025-05-20,Bushfire,Accidental,Sentinel,132.934793289,11.5264969872,NT,NTFES,0.105599998,0.0001113599992
41915,"Stuart Highway, NITMILUK",2025-05-09,2025-09-17,2025-05-25,Bushfire,Accidental,Sentinel,196.662909438,22.8352091604,NT,NTFES,0.208799992001,0.000164720002
41915,"Stuart Highway, NITMILUK",2025-05-09,2025-09-17,2025-05-31,Bushfire,Accidental,Sentinel,2.3874501594,1.00249955629,NT,NTFES,0.00920000600013,2.00000060001e-06
41915,"Stuart Highway, NITMILUK",2025-05-09,2025-09-17,2025-05-31,Bushfire,Accidental,Sentinel,17.9539715768,2.88686115481,NT,NTFES,0.0264000000001,1.50399961999e-05
42446,"Stuart Highway, NOONAMAH",2025-05-30,2025-09-17,2025-05-31,Unknown,Undetermined,Sentinel,81.2398615408,12.633187735,NT,NTFES,0.114881365066,6.7600189065e-05
43360,"Stuart Highway, PINE CREEK",2025-06-28,2025-09-17,2025-07-02,Bushfire,Undetermined,Sentinel,675.806171765,35.6803194243,NT,NTFES,0.326000026001,0.0005648799966
43360,"Stuart Highway, PINE CREEK",2025-06-28,2025-09-17,2025-07-02,Bushfire,Undetermined,Sentinel,1085.33184889,48.7779490178,NT,NTFES,0.44599999,0.000907079995
41366,"Stuart Highway, TENNANT CREEK",2025-01-14,2025-09-17,2025-01-27,Bushfire,Accidental,Sentinel,0.0928185244862,0.128126659486,NT,NTFES,0.00119999600008,7.99994000127e-08
41366,"Stuart Highway, TENNANT CREEK",2025-01-14,2025-09-17,2025-01-27,Bushfire,Natural,Sentinel,5965.28436058,171.642670183,NT,NTFES,1.595199986,0.0051408799998
43390,"Stuart Highway, VENN",2025-06-29,2025-09-17,2025-06-30,Unknown,Undetermined,Sentinel,151.723711003,16.3834027081,NT,Parks,0.150400002,0.0001272400016
44333,"Stuart Highway, WARUMUNGU",2025-07-19,2025-09-17,2025-07-19,Bushfire,Incendiary,Sentinel,5.70168157627,1.33660050266,NT,NTFES,0.0124000019999,4.92000020005e-06
42236,"Stuart Hwy, NOONAMAH",2025-05-22,2025-09-17,2025-05-31,Bushfire,Undetermined,Sentinel,6.34640860699,1.44209358449,NT,NTFES,0.0131999960001,5.28000160013e-06
41567,"Tanami Road, YUENDUMU",2025-02-02,2025-09-17,2025-02-07,Bushfire,Undetermined,MODIS,7587.39456934,101.585751801,NT,NTFES,0.95000001,0.00664375004
41356,"Taylors Creek Road, ALI CURUNG",2025-01-13,2025-09-17,2025-01-28,Bushfire,Undetermined,MODIS,4595.56387312,115.34689596,NT,NTFES,1.074999996,0.004000000045
41356,"Taylors Creek Road, ALI CURUNG",2025-01-13,2025-09-17,2025-01-28,Bushfire,Undetermined,MODIS,26255.3939897,548.418488246,NT,NTFES,5.115000008,0.022843750055
41356,"Taylors Creek Road, ALI CURUNG",2025-01-13,2025-09-17,2025-01-28,Bushfire,Undetermined,MODIS,77575.0917315,657.136305404,NT,NTFES,6.134999998,0.0675500000675
S111607,Territory Wildlife Park / Berry Springs Nature Park,2025-05-08,2025-09-17,2025-05-31,Unknown,Undetermined,Sentinel,0.144188932666,0.175393559851,NT,Parks,0.00160000000005,1.20000000018e-07
S111608,Territory Wildlife Park / Berry Springs Nature Park,2025-05-08,2025-09-17,2025-05-31,Unknown,Undetermined,Sentinel,3.12410979041,1.40315303523,NT,Parks,0.0127999999995,2.59999799993e-06
S111609,Territory Wildlife Park / Berry Springs Nature Park,2025-06-01,2025-09-17,2025-06-12,Unknown,Undetermined,Sentinel,0.480631056053,0.656518541749,NT,Parks,0.006000008,4.00000800017e-07
S111610,Territory Wildlife Park / Berry Springs Nature Park,2025-06-02,2025-09-17,2025-06-17,Unknown,Undetermined,Sentinel,2.35509445367,1.62199104297,NT,Parks,0.0148,1.96000020005e-06
S111611,Territory Wildlife Park / Berry Springs Nature Park,2025-06-02,2025-09-17,2025-06-17,Unknown,Undetermined,Sentinel,21.4843783823,5.88376995352,NT,Parks,0.0536000059994,1.78799981993e-05
S111612,The Bark Hut Inn coach Stop,2025-06-01,2025-09-17,2025-06-09,Unknown,Undetermined,Sentinel,26.9907023809,6.62321582846,NT,NTFES,0.0603999999997,2.24799992001e-05
14121,"Tiwi Islands, TIWI",2025-05-01,2025-09-17,2025-05-10,Prescribed burn,Undetermined,MODIS,542.974543249,21.9466593213,NT,NTFES,0.200000004,0.0004500000175
14121,"Tiwi Islands, TIWI",2025-05-07,2025-09-17,2025-06-01,Prescribed burn,Undetermined,MODIS,3694.430672,272.322796653,NT,NTFES,2.480000004,0.0030625000475
14121,"Tiwi Islands, TIWI",2025-05-14,2025-09-17,2025-05-22,Prescribed burn,Undetermined,MODIS,3038.71161422,170.745459997,NT,NTFES,1.555000012,0.00251874999
14121,"Tiwi Islands, TIWI",2025-05-15,2025-09-17,2025-07-06,Prescribed burn,Undetermined,MODIS,7068.67086001,247.113367075,NT,NTFES,2.25000002,0.005856250095
14121,"Tiwi Islands, TIWI",2025-05-15,2025-09-17,2025-07-06,Prescribed burn,Undetermined,Sentinel,188.410283466,8.79306818094,NT,NTFES,0.0799999959999,0.000156249984999
14121,"Tiwi Islands, TIWI",2025-06-01,2025-09-17,2025-06-09,Prescribed burn,Undetermined,MODIS,1395.09166043,114.773480247,NT,NTFES,1.044999996,0.00115625001
14121,"Tiwi Islands, TIWI",2025-06-01,2025-09-17,2025-06-14,Prescribed burn,Undetermined,MODIS,3459.75548842,148.808888586,NT,NTFES,1.355000006,0.0028687499475
14121,"Tiwi Islands, TIWI",2025-06-01,2025-09-17,2025-06-30,Prescribed burn,Undetermined,MODIS,12818.0121879,851.128350447,NT,NTFES,7.74999998,0.01062499989
14121,"Tiwi Islands, TIWI",2025-06-09,2025-09-17,2025-06-18,Prescribed burn,Undetermined,MODIS,10396.2382483,412.136960643,NT,NTFES,3.755,0.008618750015
14121,"Tiwi Islands, TIWI",2025-06-21,2025-09-17,2025-06-30,Prescribed burn,Undetermined,MODIS,41425.0727319,1050.17797895,NT,NTFES,9.560000028,0.034331250055
14121,"Tiwi Islands, TIWI",2025-06-21,2025-09-17,2025-06-30,Prescribed burn,Undetermined,Sentinel,165.781690429,6.02715958185,NT,NTFES,0.0550000000002,0.0001374999975
14121,"Tiwi Islands, TIWI",2025-07-01,2025-09-17,2025-07-10,Prescribed burn,Undetermined,MODIS,994.843115264,46.1131419226,NT,BFNT,0.419999986,0.00082499997
14121,"Tiwi Islands, TIWI",2025-07-01,2025-09-17,2025-07-14,Prescribed burn,Undetermined,MODIS,11832.9657575,612.334951979,NT,NTFES,5.575000018,0.0098062500075
14121,"Tiwi Islands, TIWI",2025-07-01,2025-09-17,2025-07-16,Prescribed burn,Undetermined,MODIS,2095.69793059,75.7431888459,NT,NTFES,0.69000001,0.00173750001
14121,"Tiwi Islands, TIWI",2025-07-15,2025-09-17,2025-07-21,Prescribed burn,Undetermined,MODIS,2134.76702545,70.2750444065,NT,NTFES,0.639999998,0.001768749995
14121,"Tiwi Islands, TIWI",2025-07-21,2025-09-17,2025-08-01,Prescribed burn,Undetermined,MODIS,935.202320914,42.8295691772,NT,NTFES,0.390000002,0.000774999984999
14121,"Tiwi Islands, TIWI",2025-07-21,2025-09-17,2025-08-01,Prescribed burn,Undetermined,MODIS,5392.2056801,313.548228349,NT,NTFES,2.855000036,0.00446875002
14121,"Tiwi Islands, TIWI",2025-08-01,2025-09-17,2025-08-04,Prescribed burn,Undetermined,MODIS,248.73083276,10.9739188183,NT,NTFES,0.099999994,0.0002062499725
14121,"Tiwi Islands, TIWI",2025-08-01,2025-09-17,2025-08-04,Prescribed burn,Undetermined,MODIS,1937.91959835,104.369964013,NT,NTFES,0.95,0.00160624999
14121,"Tiwi Islands, TIWI",2025-08-04,2025-09-17,2025-08-10,Prescribed burn,Undetermined,MODIS,1199.46148079,31.8161689155,NT,NTFES,0.289999998,0.000993749992502
S111613,Tjoritja / West MacDonnell National Park,2025-05-01,2025-09-17,2025-05-17,Unknown,Undetermined,Sentinel,0.588073229002,0.381427126665,NT,Parks,0.00359999800003,5.19999600028e-07
S111614,Tjoritja / West MacDonnell National Park,2025-07-01,2025-09-17,2025-07-31,Unknown,Undetermined,Sentinel,0.948699587982,0.609686957472,NT,Parks,0.00559999799998,8.39997999906e-07
S111615,Tjoritja / West MacDonnell National Park,2025-07-06,2025-09-17,2025-07-21,Unknown,Undetermined,Sentinel,226.325421226,67.4210278805,NT,Parks,0.635600006,0.0002002800034
41352,"Tjukaruru, DOCKER RIVER",2025-01-11,2025-09-17,2025-01-12,Bushfire,Undetermined,MODIS,34.9845974663,4.28524759988,WA,BFNT,0.0400000000003,3.12500000007e-05
41352,"Tjukaruru, DOCKER RIVER",2025-01-11,2025-09-17,2025-01-12,Bushfire,Undetermined,MODIS,230.893781145,8.57043267695,WA,BFNT,0.0799999999999,0.000206250002499
44633,"Town End Road, ACACIA HILLS",2025-08-01,2025-09-17,2025-08-03,Bushfire,Undetermined,Sentinel,120.543922452,6.88224681438,NT,NTFES,0.0628000020006,0.000100319996
42216,"Townend Road, LIVINGSTONE",2025-05-22,2025-09-17,2025-05-23,Bushfire,Incendiary,Sentinel,401.827251772,88.8155302551,NT,NTFES,0.809999969997,0.000334359984599
42216,"Townend Road, LIVINGSTONE",2025-05-22,2025-09-17,2025-05-23,Bushfire,Incendiary,Sentinel,1021.57629476,104.251217493,NT,NTFES,0.950800031999,0.000850119983602
S111616,Tree Point Conservation Area,2025-06-27,2025-09-17,2025-06-30,Unknown,Undetermined,Sentinel,0.0481345039538,0.0877614141414,NT,Parks,0.00080000000014,4.0000000014e-08
S111617,Tree Point Conservation Area,2025-06-27,2025-09-17,2025-06-30,Unknown,Undetermined,Sentinel,0.0962682314585,0.132011069476,NT,Parks,0.00119999999993,7.99997999837e-08
S111618,Tree Point Conservation Area,2025-06-27,2025-09-17,2025-06-30,Unknown,Undetermined,Sentinel,0.577629469197,0.396037558142,NT,Parks,0.00360000399985,4.80000799944e-07
S111619,Tree Point Conservation Area,2025-07-12,2025-09-17,2025-07-31,Unknown,Undetermined,Sentinel,0.0481382327264,0.0877647874994,NT,Parks,0.000800004000098,4.00004000108e-08
S111620,Trephina Gorge Nature Park,2025-07-23,2025-09-17,2025-07-31,Unknown,Undetermined,Sentinel,5.0665312284,1.83236997116,NT,Parks,0.0171999959998,4.47999959998e-06
13568,Twin Hills APB and Permit,2025-04-01,2025-09-17,2025-04-30,Unknown,Undetermined,Sentinel,181.677312676,31.5848387718,NT,NTFES,0.288399988,0.0001513600134
13568,Twin Hills APB and Permit,2025-05-01,2025-09-17,2525-05-03,Unknown,Undetermined,Sentinel,19.3856480659,4.99027814515,NT,NTFES,0.0455999980002,1.61600013999e-05
13568,Twin Hills APB and Permit,2025-05-03,2025-09-17,2025-05-31,Unknown,Undetermined,Sentinel,9745.83305059,594.639251134,NT,NTFES,5.42720002,0.0081218400022
13568,Twin Hills APB and Permit,2025-05-08,2025-09-17,2025-05-31,Unknown,Undetermined,Sentinel,943.955532242,134.595342998,NT,NTFES,1.229200032,0.000786519994199
13568,Twin Hills APB and Permit,2025-06-01,2025-09-17,2025-06-12,Unknown,Undetermined,Sentinel,844.907352159,81.7710057016,NT,NTFES,0.746800019999,0.000703999991201
13568,Twin Hills APB and Permit,2025-06-02,2025-09-17,2025-06-17,Prescribed burn,Incendiary,Sentinel,569.39762604,24.447353574,NT,NTFES,0.223200012,0.0004743599948
13568,Twin Hills APB and Permit,2025-06-02,2025-09-17,2025-06-17,Unknown,Undetermined,Sentinel,6099.5077717,371.666857662,NT,NTFES,3.393199964,0.0050823200578
13568,Twin Hills APB and Permit,2025-06-17,2025-09-17,2025-06-22,Unknown,Undetermined,Sentinel,112.212132882,6.40085434441,NT,NTFES,0.0584000020001,9.35200016e-05
13568,Twin Hills APB and Permit,2025-06-17,2025-09-17,2025-06-27,Unknown,Undetermined,Sentinel,764.964758005,54.7586073462,NT,NTFES,0.499999998001,0.0006375199962
13568,Twin Hills APB and Permit,2025-06-27,2025-09-17,2025-06-30,Unknown,Undetermined,Sentinel,27.9840135545,5.1247094052,NT,NTFES,0.0468000040006,2.33199996002e-05
13568,Twin Hills APB and Permit,2025-07-01,2025-09-17,2025-07-07,Unknown,Undetermined,Sentinel,315.784929264,18.1399266356,NT,NTFES,0.165600004,0.0002631999964
13568,Twin Hills APB and Permit,2025-07-01,2025-09-17,2025-07-12,Unknown,Undetermined,Sentinel,1336.30369838,49.4943499122,NT,NTFES,0.451599969999,0.0011137200018
13568,Twin Hills APB and Permit,2025-07-12,2025-09-17,2025-07-17,Unknown,Undetermined,Sentinel,4.75389896481,1.40336229543,NT,NTFES,0.0128000019998,3.96000039997e-06
13568,Twin Hills APB and Permit,2025-07-12,2025-09-17,2025-07-31,Unknown,Undetermined,Sentinel,44.8360439844,9.1218483193,NT,NTFES,0.083199986,3.73599969999e-05
S111621,Umbrawarra Gorge Nature Park,2025-03-01,2025-09-17,2025-03-31,Unknown,Undetermined,Sentinel,30.268994162,4.41493721842,NT,Parks,0.0403999959992,2.53200006001e-05
42929,"Venture Road, MILNE",2025-06-14,2025-09-17,2025-06-15,Bushfire,Undetermined,Sentinel,972.855513968,51.1104122416,NT,NTFES,0.46637282966,0.00081003255863
43089,"Victoria Highway, BAINES",2025-06-19,2025-09-17,2025-06-22,Bushfire,Incendiary,MODIS,585.400649426,13.0153596517,NT,NTFES,0.120000002,0.000493750004999
43089,"Victoria Highway, BAINES",2025-06-19,2025-09-17,2025-06-22,Bushfire,Incendiary,MODIS,1504.18087623,36.3846965799,NT,NTFES,0.334999996,0.001268750015
42224,"Victoria Highway, BINJARI",2025-05-22,2025-09-17,2025-05-22,Bushfire,Undetermined,Sentinel,3.10023584336,2.92385772839,NT,NTFES,0.0267999939999,2.59999900002e-06
42224,"Victoria Highway, BINJARI",2025-05-22,2025-09-17,2025-05-22,Bushfire,Undetermined,Sentinel,11.2562285431,3.22905975133,NT,NTFES,0.0295999979995,9.43999739997e-06
42224,"Victoria Highway, BINJARI",2025-05-22,2025-09-17,2025-05-22,Bushfire,Undetermined,Sentinel,24.2771957588,4.63149978342,NT,NTFES,0.0424000000003,2.03599976002e-05
42835,"Victoria Highway, BINJARI",2025-06-11,2025-09-17,2025-06-13,Bushfire,Incendiary,Sentinel,198.47350117,11.2066376386,NT,NTFES,0.102799996,0.0001664399964
43502,"Victoria Highway, BINJARI",2025-07-02,2025-09-17,2025-07-02,Bushfire,Incendiary,Sentinel,0.143090417097,0.174731782911,NT,NTFES,0.00160000000005,1.20000200016e-07
43502,"Victoria Highway, BINJARI",2025-07-02,2025-09-17,2025-07-02,Bushfire,Incendiary,Sentinel,198.274632482,9.56366406484,NT,NTFES,0.0875999960002,0.00016628
44351,"Victoria Highway, BINJARI",2025-07-20,2025-09-17,2025-07-21,Bushfire,Undetermined,Sentinel,2663.48508427,66.5623584163,NT,NTFES,0.609999973998,0.0022339199968
42032,"Victoria Highway, BRADSHAW",2025-05-16,2025-09-17,2025-05-16,Bushfire,Undetermined,MODIS,712.199361478,21.2224409382,NT,NTFES,0.194999996,0.000599999977499
42032,"Victoria Highway, BRADSHAW",2025-05-16,2025-09-17,2025-05-16,Bushfire,Undetermined,MODIS,1031.1849558,46.7015297784,NT,NTFES,0.429999996,0.000868749987499
42032,"Victoria Highway, BRADSHAW",2025-05-16,2025-09-17,2025-05-16,Bushfire,Undetermined,MODIS,2165.94140003,49.4812580998,NT,NTFES,0.455000002,0.00182499997
42032,"Victoria Highway, BRADSHAW",2025-05-16,2025-09-17,2025-05-16,Bushfire,Undetermined,MODIS,1483.55421683,80.5931333976,NT,NTFES,0.739999996,0.00124999999
42032,"Victoria Highway, BRADSHAW",2025-05-16,2025-09-17,2025-05-16,Bushfire,Undetermined,MODIS,22.2528347453,2.73235766171,NT,Parks,0.0249999980001,1.8749995e-05
43228,"Victoria Highway, DELAMERE - Scott Creek Station",2025-06-25,2025-09-17,2025-06-24,Bushfire,Accidental,Sentinel,189.111509401,19.8586333684,NT,NTFES,0.182000007999,0.0001588399978
43228,"Victoria Highway, DELAMERE - Scott Creek Station",2025-06-25,2025-09-17,2025-06-29,Bushfire,Accidental,Sentinel,654.57826548,32.1190964814,NT,NTFES,0.294400017999,0.0005498000074
42016,"Victoria Highway, GREGORY",2025-05-15,2025-09-17,2025-05-28,Bushfire,Incendiary,MODIS,2247.86974017,47.3231154678,NT,Parks,0.434999994,0.00189374999
42571,"Victoria Highway, GREGORY",2025-06-05,2025-09-17,2025-06-22,Bushfire,Accidental,MODIS,711.180495247,22.8659686807,NT,NTFES,0.209999996,0.000600000005
42571,"Victoria Highway, GREGORY",2025-06-05,2025-09-17,2025-06-22,Bushfire,Accidental,MODIS,4258.95893996,68.6982987498,NT,NTFES,0.629999998,0.0035937499725
42571,"Victoria Highway, GREGORY",2025-06-05,2025-09-17,2025-06-22,Bushfire,Accidental,MODIS,13513.0841874,199.521685435,NT,NTFES,1.83000002,0.011406250025
42571,"Victoria Highway, GREGORY",2025-06-05,2025-09-17,2025-06-22,Bushfire,Accidental,MODIS,15474.0811784,129.408425977,NT,Parks,1.189999998,0.0130687500125
42571,"Victoria Highway, GREGORY",2025-06-05,2025-09-17,2025-06-22,Bushfire,Accidental,MODIS,11495.4038696,182.343570144,NT,Parks,1.674999998,0.00970624996
44555,"Victoria Highway, GREGORY - Judbarra/Gregory NP",2025-07-01,2025-09-17,2025-08-04,Unknown,Undetermined,MODIS,74.0658506317,8.13884847767,NT,Parks,0.0749999999999,6.24999999999e-05
44555,"Victoria Highway, GREGORY - Judbarra/Gregory NP",2025-07-01,2025-09-17,2025-08-04,Unknown,Undetermined,MODIS,222.193771515,8.17445147339,NT,Parks,0.0749999999999,0.000187499990001
44555,"Victoria Highway, GREGORY - Judbarra/Gregory NP",2025-07-01,2025-09-17,2025-08-04,Unknown,Undetermined,MODIS,881.496821217,20.6876289089,NT,Parks,0.19,0.000743749982499
44555,"Victoria Highway, GREGORY - Judbarra/Gregory NP",2025-07-01,2025-09-17,2025-08-04,Unknown,Undetermined,MODIS,2681.74315965,78.8783006956,NT,Parks,0.72500001,0.0022624999975
44555,"Victoria Highway, GREGORY - Judbarra/Gregory NP",2025-07-01,2025-09-17,2025-08-04,Unknown,Undetermined,MODIS,2059.52296239,138.666539679,NT,Parks,1.275,0.0017374999975
44555,"Victoria Highway, GREGORY - Judbarra/Gregory NP",2025-07-01,2025-09-17,2025-08-04,Unknown,Undetermined,MODIS,16173.339974,158.493435812,NT,Parks,1.455000004,0.0136437499825
42081,"Victoria Highway, MANBULLOO",2025-05-18,2025-09-17,2025-05-29,Bushfire,Incendiary,Sentinel,5051.79435661,165.101494205,NT,NTFES,1.512400024,0.0042376400106
42707,"Victoria Highway, MANBULLOO",2025-06-08,2025-09-17,2025-06-09,Bushfire,Incendiary,Sentinel,726.382849712,22.153160604,NT,NTFES,0.203200004,0.000609160003
42754,"Victoria Highway, MANBULLOO",2025-06-09,2025-09-17,2025-06-09,Bushfire,Undetermined,Sentinel,8.53839619527,1.83246304599,NT,NTFES,0.0167999940001,7.1599997999e-06
43728,"Victoria Highway, MANBULLOO",2025-07-04,2025-09-17,2025-07-05,Bushfire,Incendiary,Sentinel,19.3648697728,3.57855054156,NT,NTFES,0.0328000020002,1.62400007999e-05
44440,"Victoria Highway, MANBULLOO",2025-07-23,2025-09-17,2025-07-28,Bushfire,Incendiary,Sentinel,37.2904192563,4.75607613124,NT,NTFES,0.0435999919998,3.13200010001e-05
44440,"Victoria Highway, MANBULLOO",2025-07-23,2025-09-17,2025-07-28,Bushfire,Incendiary,Sentinel,2638.48085747,55.0263131374,NT,NTFES,0.503599974001,0.0022161199954
44440,"Victoria Highway, MANBULLOO",2025-07-23,2025-09-17,2025-07-28,Bushfire,Incendiary,Sentinel,6230.60121091,105.785041417,NT,NTFES,0.968893548181,0.00523446697544
S111622,Victoria River Depot Historical Reserve,2025-05-07,2025-09-17,2025-06-01,Unknown,Undetermined,Sentinel,14.8325867286,1.62562412333,NT,Parks,0.0150000020002,1.25000025002e-05
43163,"Waanyi ALT, NICHOLSON",2025-06-16,2025-09-17,2025-07-10,Unknown,Undetermined,MODIS,9140.33529348,79.1949737745,NT,NTFES,0.734999998,0.00778749998
12785,Walkers Noonamah,2020-09-11,2025-09-17,2020-09-13,Prescribed burn,Incendiary,Sentinel,38.9859143621,4.38202972254,NT,NTFES,0.0399999920002,3.24400001998e-05
44786,"Wanderrie Road, HUMPTY DOO",2025-08-05,2025-09-17,2025-08-07,Bushfire,Undetermined,Sentinel,181.185982109,7.41561130828,NT,NTFES,0.0676000099996,0.0001507200052
41478,"Warrego Road, WARUMUNGU",2025-01-24,2025-09-17,2025-01-27,Bushfire,Natural,Sentinel,5404.12891461,119.157780211,NT,NTFES,1.10439995,0.0046533199956
S111623,Warrumi,2025-05-15,2025-09-17,2025-07-06,Prescribed burn,Incendiary,MODIS,203.585391818,7.12016535419,NT,Carbon Project,0.0650000019998,0.0001687500075
S111624,Warrumi,2025-06-21,2025-09-17,2025-06-30,Prescribed burn,Incendiary,MODIS,97.9993690556,4.93827795648,NT,Carbon Project,0.0450000000001,8.12500075005e-05
41465,"Wavehill-Cattle Creek Road, GURINDJI",2025-01-23,2025-09-17,2025-01-31,Bushfire,Undetermined,MODIS,7741.20585057,63.3299387927,NT,NTFES,0.585000002,0.0066062500025
41508,"West Macdonnell Ranges, SOUTH TANAMI COMPLEX",2025-01-28,2025-09-17,2025-02-13,Bushfire,Natural,Sentinel,87.4868120748,11.8922758435,NT,NTFES,0.112399974,7.73999898e-05
41508,"West Macdonnell Ranges, SOUTH TANAMI COMPLEX",2025-01-28,2025-09-17,2025-02-13,Bushfire,Natural,Sentinel,57787.2030535,1871.95788393,NT,NTFES,17.675199788,0.0511428800572
41508,"West Macdonnell Ranges, SOUTH TANAMI COMPLEX",2025-01-28,2025-09-17,2025-02-13,Bushfire,Natural,Sentinel,17.8473307099,11.7934595817,NT,Parks,0.111199996,1.58000040001e-05
41508,"West Macdonnell Ranges, SOUTH TANAMI COMPLEX",2025-01-28,2025-09-17,2025-02-13,Bushfire,Natural,Sentinel,132.874487182,11.8453466289,NT,Parks,0.111999996,0.0001175999988
41508,"West Macdonnell Ranges, SOUTH TANAMI COMPLEX",2025-01-28,2025-09-17,2025-02-13,Bushfire,Natural,Sentinel,127.616682166,19.877391831,NT,Parks,0.188799972,0.0001129599988
41688,"West Ranken, RANKEN",2025-03-03,2025-09-17,2025-03-16,Bushfire,Undetermined,MODIS,4987.12705223,59.8863500461,NT,NTFES,0.559999998,0.00430000002
41313,"White Gum Drive, AMOONGUNA",2025-01-01,2025-09-17,2025-01-14,Bushfire,Undetermined,Sentinel,2.84496714511,1.53487967553,NT,NTFES,0.014399994,2.51999879993e-06
41937,Wombungi,2025-05-02,2025-09-17,2025-05-07,Prescribed burn,Incendiary,MODIS,394.393424652,15.7853135549,NT,NTFES,0.144999998,0.000331250002501
41937,Wombungi,2025-05-02,2025-09-17,2025-05-07,Prescribed burn,Incendiary,MODIS,684.720001171,19.0306109073,NT,NTFES,0.175000002,0.000575000005
41937,Wombungi,2025-05-02,2025-09-17,2025-05-07,Prescribed burn,Incendiary,MODIS,692.168052531,48.4974187533,NT,NTFES,0.445000002,0.000581249997501
41937,Wombungi,2025-05-02,2025-09-17,2025-05-07,Prescribed burn,Incendiary,MODIS,11970.4551077,252.879156105,NT,NTFES,2.32036212257,0.0100524334622
41937,Wombungi,2025-05-02,2025-09-17,2025-05-07,Prescribed burn,Incendiary,Sentinel,3.71829330814,3.40637210296,NT,NTFES,0.0311999979998,3.12000080004e-06
41937,Wombungi,2025-05-02,2025-09-17,2025-05-07,Prescribed burn,Incendiary,Sentinel,3.47968397262,3.62516668019,NT,NTFES,0.0332000099999,2.92000119994e-06
41937,Wombungi,2025-05-02,2025-09-17,2025-05-07,Prescribed burn,Incendiary,Sentinel,56.2011129257,11.4822086379,NT,NTFES,0.1052,4.71599967999e-05
41937,Wombungi,2025-05-02,2025-09-17,2025-05-07,Prescribed burn,Incendiary,Sentinel,175.753354276,13.9431174562,NT,NTFES,0.127600008,0.0001474800042
41937,Wombungi,2025-05-02,2025-09-17,2025-05-07,Prescribed burn,Incendiary,Sentinel,158.924698833,18.088852992,NT,NTFES,0.165599989999,0.0001333599906
41937,Wombungi,2025-05-02,2025-09-17,2025-05-07,Prescribed burn,Incendiary,Sentinel,2300.35597775,122.713265336,NT,NTFES,1.12472329565,0.00193024461433
41937,Wombungi,2025-05-02,2025-09-17,2025-05-07,Prescribed burn,Incendiary,Sentinel,15454.6786545,490.749142161,NT,NTFES,4.49713051449,0.0129667437237
41937,Wombungi,2025-05-02,2025-09-17,2025-05-07,Bushfire,Undetermined,MODIS,7.44423290425,1.09146794479,NT,NTFES,0.0100000020001,6.2500025001e-06
41937,Wombungi,2025-05-02,2025-09-17,2025-05-07,Bushfire,Undetermined,MODIS,1310.54954691,70.9258595996,NT,NTFES,0.650448737276,0.00110056087147
41937,Wombungi,2025-05-02,2025-09-17,2025-05-07,Bushfire,Undetermined,Sentinel,2.09765765688,1.8330822501,NT,NTFES,0.0168000040001,1.76000059998e-06
41937,Wombungi,2025-05-02,2025-09-17,2025-05-07,Bushfire,Undetermined,Sentinel,107.840932122,11.4819303561,NT,NTFES,0.105199998,9.04799972e-05
41937,Wombungi,2025-05-02,2025-09-17,2025-05-07,Bushfire,Undetermined,Sentinel,21.5936162912,13.1683445362,NT,NTFES,0.120800002,1.81199989998e-05
41937,Wombungi,2025-05-02,2025-09-17,2025-05-07,Bushfire,Undetermined,Sentinel,117.821826953,15.8468948373,NT,NTFES,0.145199986,9.88399943997e-05
41937,Wombungi,2025-05-02,2025-09-17,2025-05-07,Bushfire,Undetermined,Sentinel,219.578819759,17.3960103521,NT,NTFES,0.159599992,0.0001841999978
41937,Wombungi,2025-05-02,2025-09-17,2025-05-07,Bushfire,Undetermined,Sentinel,1596.82637964,101.768881769,NT,NTFES,0.932800041998,0.0013397999992
41967,"Woolaning, RAKULA",2025-05-12,2025-09-17,2025-05-15,Bushfire,Accidental,Sentinel,168.936629192,38.8262807381,NT,NTFES,0.354309440027,0.00014081685189
41967,"Woolaning, RAKULA",2025-05-12,2025-09-17,2025-05-15,Bushfire,Accidental,Sentinel,456.243896354,41.0876389033,NT,NTFES,0.375200013999,0.000380280016
44181,"Wright road, MARRAKAI",2025-07-15,2025-09-17,2025-07-15,Bushfire,Undetermined,Sentinel,1.15329167967,0.481879711239,NT,NTFES,0.00440000000003,9.59999999971e-07
41609,"Yuendumu Road, YUENDUMU",2025-02-07,2025-09-17,2025-02-13,Bushfire,Undetermined,MODIS,1048.55261771,28.3475798782,NT,NTFES,0.265000004,0.000918750002502
