rank,COMMUNITY,COMMID,COMMTYPE,RATING,FIREPLAN,FIREBREAK,FUELREDUC,LATITUDE,LONGITUDE,population_used,population_source,in_coverage_polygon,in_coverage,nearest_tower_km,n_carriers,carriers_within_radius,H,U,E,WBI,band,strict_blackspot,match_method,bt_ntg_region,bt_main_language,bt_land_council
1,Pigeon Hole,639,Minor,High,No,Yes,Yes,-16.81412,131.22037,141,risk_dataset,False,False,54.2,0,None,1.0,1.0,0.6269,85.6,Critical,True,nearest_2km,BIG RIVERS,Gurindji / Ngarinyman,NORTHERN LAND COUNCIL
2,Amanbidji,622,Major,High,No,Yes,Yes,-16.428055,129.6189,83,risk_dataset,False,False,38.6,0,None,1.0,0.924,0.5605,80.3,Critical,True,name,BIG RIVERS,Ngarinyman / Kriol,NORTHERN LAND COUNCIL
3,Rittarangu,641,Minor,High,No,Yes,Yes,-14.71011,134.56526,160,risk_dataset,False,False,18.2,1,Telstra,1.0,0.6769,0.6427,75.8,Critical,False,name,BIG RIVERS,Eastside Kriol,NORTHERN LAND COUNCIL
4,Areyonga,20,Major,Moderate,Yes,Yes,Yes,-24.073612,132.27083,229,risk_dataset,False,False,47.7,0,None,0.6,0.9847,0.6879,74.1,Critical,False,name,CENTRAL AUSTRALIA,Pitjantjatjara,CENTRAL LAND COUNCIL
5,Indaringinya,15,Family Outstation,High,No,No,No,-21.67707,134.71992,23,risk_dataset,False,False,45.9,0,None,1.0,0.9727,0.402,73.1,Critical,True,name,BARKLY,Not recorded,CENTRAL LAND COUNCIL
6,Baniyala,458,Minor,Moderate,No,Yes,Yes,-13.2004,136.2261,130,risk_dataset,False,False,61.4,0,None,0.6,1.0,0.6167,71.8,Critical,False,name,EAST ARNHEM,Not recorded,NORTHERN LAND COUNCIL
7,Gan Gan,498,Minor,Moderate,No,Yes,Yes,-13.04605,135.94354,90,risk_dataset,False,False,54.2,0,None,0.6,1.0,0.5706,70.0,Critical,False,name,EAST ARNHEM,Not recorded,NORTHERN LAND COUNCIL
8,Boomerang Lagoon,583,Family Outstation,High,No,No,No,-14.45061,135.03925,10,risk_dataset,False,False,45.6,0,None,1.0,0.9707,0.3033,66.5,Critical,True,name,BIG RIVERS,Not recorded,NORTHERN LAND COUNCIL
9,Haasts Bluff,41,Major,Moderate,Yes,Yes,Yes,-23.44733,131.88129,162,risk_dataset,False,False,28.8,1,Telstra,0.6,0.7476,0.6443,66.1,Critical,False,name,CENTRAL AUSTRALIA,Luritja/Pintupi,CENTRAL LAND COUNCIL
10,Wogyala,259,Family Outstation,Moderate,No,Yes,Yes,-19.00617,135.17821,40,risk_dataset,False,False,100.9,0,None,0.6,1.0,0.4697,65.6,Critical,False,name,BARKLY,Not recorded,NORTHERN LAND COUNCIL
11,Burrumburru,686,Family Outstation,High,No,No,No,-17.74229,137.78155,8,imputed_type_median,False,False,61.6,0,None,1.0,1.0,0.2779,65.3,Critical,True,name,BARKLY,Not recorded,NORTHERN LAND COUNCIL
11,Wanmarri,652,Family Outstation,High,No,No,No,-14.45401,135.22691,8,imputed_type_median,False,False,58.6,0,None,1.0,1.0,0.2779,65.3,Critical,True,name,BIG RIVERS,Not recorded,NORTHERN LAND COUNCIL
11,Murun Murula,689,Family Outstation,High,No,No,No,-18.49908,137.51754,8,imputed_type_median,False,False,108.9,0,None,1.0,1.0,0.2779,65.3,Critical,True,name,BARKLY,Not recorded,NORTHERN LAND COUNCIL
11,Waidaboonar,381,Family Outstation,High,No,No,No,-11.93822,132.78225,8,imputed_type_median,False,False,52.2,0,None,1.0,1.0,0.2779,65.3,Critical,True,name,TOP END,Not recorded,NORTHERN LAND COUNCIL
11,Bajaminyi,209,Family Outstation,High,No,No,No,-17.77489,137.71243,8,imputed_type_median,False,False,67.4,0,None,1.0,1.0,0.2779,65.3,Critical,True,name,BARKLY,Not recorded,NORTHERN LAND COUNCIL
11,Wollagalonng Outstation,21479,Family Outstation,High,No,No,No,-21.36721,133.439495,8,imputed_type_median,False,False,50.0,0,None,1.0,1.0,0.2779,65.3,Critical,True,name,CENTRAL AUSTRALIA,Not recorded,CENTRAL LAND COUNCIL
11,Jilundarina,261,Family Outstation,High,No,No,No,-17.60557,137.57665,8,imputed_type_median,False,False,58.8,0,None,1.0,1.0,0.2779,65.3,Critical,True,name,BARKLY,Not recorded,NORTHERN LAND COUNCIL
11,Kalumbulani,941,Family Outstation,High,No,No,No,-16.877195,131.21949,8,imputed_type_median,False,False,59.6,0,None,1.0,1.0,0.2779,65.3,Critical,True,name,BIG RIVERS,Not recorded,NORTHERN LAND COUNCIL
11,Doolgarina,812,Family Outstation,High,No,No,No,-16.229168,136.76611,8,imputed_type_median,False,False,52.9,0,None,1.0,1.0,0.2779,65.3,Critical,True,name,BIG RIVERS,Not recorded,NORTHERN LAND COUNCIL
11,Murgenella Plains,977,Family Outstation,High,No,No,No,-11.71041,132.91239,8,imputed_type_median,False,False,51.9,0,None,1.0,1.0,0.2779,65.3,Critical,True,name,TOP END,Not recorded,NORTHERN LAND COUNCIL
11,Kulumpurlpa,14247,Family Outstation,High,No,No,No,-19.0053,134.9161,8,imputed_type_median,False,False,88.5,0,None,1.0,1.0,0.2779,65.3,Critical,True,name,BARKLY,Not recorded,CENTRAL LAND COUNCIL
11,Warlpeyangkrere,998,Family Outstation,High,No,No,No,-22.54894,136.99175,8,imputed_type_median,False,False,77.3,0,None,1.0,1.0,0.2779,65.3,Critical,True,name,CENTRAL AUSTRALIA,Not recorded,CENTRAL LAND COUNCIL
11,Nudjabarra,251,Family Outstation,High,No,No,No,-17.97998,137.96944,8,imputed_type_median,False,False,71.4,0,None,1.0,1.0,0.2779,65.3,Critical,True,name,BARKLY,Not recorded,NORTHERN LAND COUNCIL
11,Iluwurru,904,Family Outstation,High,No,No,No,-19.03222,136.65003,8,imputed_type_median,False,False,106.6,0,None,1.0,1.0,0.2779,65.3,Critical,True,name,BARKLY,Not recorded,NORTHERN LAND COUNCIL
11,Gumuluji,691,Family Outstation,High,No,No,No,-17.93534,137.48038,8,imputed_type_median,False,False,94.5,0,None,1.0,1.0,0.2779,65.3,Critical,True,name,BARKLY,Not recorded,NORTHERN LAND COUNCIL
11,Injulkama,8,Family Outstation,High,No,No,No,-23.07626,133.10673,8,imputed_type_median,False,False,53.9,0,None,1.0,1.0,0.2779,65.3,Critical,True,name,CENTRAL AUSTRALIA,Not recorded,CENTRAL LAND COUNCIL
11,Irrmarne,853,Family Outstation,High,No,No,No,-21.65405,136.39475,8,imputed_type_median,False,False,112.1,0,None,1.0,1.0,0.2779,65.3,Critical,True,name,BARKLY,Not recorded,CENTRAL LAND COUNCIL
11,Cattle Creek,11623,Family Outstation,High,No,No,No,-17.59747,131.545211,8,imputed_type_median,False,False,77.8,0,None,1.0,1.0,0.2779,65.3,Critical,True,name,BIG RIVERS,Not recorded,CENTRAL LAND COUNCIL
11,Mamadi,694,Family Outstation,High,No,No,No,-17.84951,129.63515,8,imputed_type_median,False,False,67.9,0,None,1.0,1.0,0.2779,65.3,Critical,True,name,BIG RIVERS,Not recorded,CENTRAL LAND COUNCIL
11,Wangalinji,690,Family Outstation,High,No,No,No,-18.39639,137.46692,8,imputed_type_median,False,False,116.9,0,None,1.0,1.0,0.2779,65.3,Critical,True,name,BARKLY,Not recorded,NORTHERN LAND COUNCIL
11,Lija Mukumparla,820,Family Outstation,High,No,No,No,-17.33208,135.08074,8,imputed_type_median,False,False,99.6,0,None,1.0,1.0,0.2779,65.3,Critical,True,name,BARKLY,Not recorded,NORTHERN LAND COUNCIL
11,Adbanae,979,Family Outstation,High,No,No,No,-11.24167,131.97531,8,imputed_type_median,False,False,66.1,0,None,1.0,1.0,0.2779,65.3,Critical,True,name,TOP END,Not recorded,NORTHERN LAND COUNCIL
11,Wauk,385,Family Outstation,High,No,No,No,-11.548625,132.925014,8,imputed_type_median,False,False,51.3,0,None,1.0,1.0,0.2779,65.3,Critical,True,name,TOP END,Not recorded,NORTHERN LAND COUNCIL
11,Maria Lagoon,618,Family Outstation,High,No,No,No,-15.29989,135.44463,8,imputed_type_median,False,False,99.0,0,None,1.0,1.0,0.2779,65.3,Critical,True,name,BIG RIVERS,Not recorded,NORTHERN LAND COUNCIL
11,Ngilipitji,546,Family Outstation,High,No,No,No,-13.54468,135.52562,8,imputed_type_median,False,False,73.1,0,None,1.0,1.0,0.2779,65.3,Critical,True,name,EAST ARNHEM,Not recorded,NORTHERN LAND COUNCIL
36,Imperrenth,961,Family Outstation,High,No,No,No,-21.21086,134.96858,8,imputed_type_median,False,False,49.8,0,None,1.0,0.9987,0.2779,65.2,Critical,True,name,BARKLY,Not recorded,CENTRAL LAND COUNCIL
37,Charlotte Waters,846,Family Outstation,High,No,No,No,-25.91424,134.89274,8,imputed_type_median,False,False,48.6,0,None,1.0,0.9907,0.2779,65.1,Critical,True,name,CENTRAL AUSTRALIA,Not recorded,CENTRAL LAND COUNCIL
37,Liku,610,Family Outstation,High,No,No,No,-17.91141,130.50429,8,imputed_type_median,False,False,48.7,0,None,1.0,0.9913,0.2779,65.1,Critical,True,name,BIG RIVERS,Not recorded,CENTRAL LAND COUNCIL
39,Nguman,125,Family Outstation,High,No,No,No,-23.54219,129.75694,8,imputed_type_median,False,False,48.2,0,None,1.0,0.988,0.2779,65.0,Critical,True,name,CENTRAL AUSTRALIA,Not recorded,CENTRAL LAND COUNCIL
40,Warby,19471,Family Outstation,High,No,No,No,-16.1531,136.7344,8,imputed_type_median,False,False,47.1,0,None,1.0,0.9807,0.2779,64.8,Critical,True,name,BIG RIVERS,Not recorded,NORTHERN LAND COUNCIL
41,Chuluk,779,Family Outstation,High,No,No,No,-13.665,130.26778,8,imputed_type_median,False,False,46.5,0,None,1.0,0.9767,0.2779,64.7,Critical,True,name,TOP END,Not recorded,NORTHERN LAND COUNCIL
41,Wanarkula,119,Family Outstation,High,No,No,No,-25.99663,131.58803,8,imputed_type_median,False,False,46.4,0,None,1.0,0.976,0.2779,64.7,Critical,True,name,CENTRAL AUSTRALIA,Not recorded,CENTRAL LAND COUNCIL
43,Flicks Hole,685,Family Outstation,High,No,No,No,-15.61606,134.09331,8,imputed_type_median,False,False,44.0,0,None,1.0,0.96,0.2779,64.4,Critical,True,name,BIG RIVERS,Not recorded,NORTHERN LAND COUNCIL
44,Irrultja,63,Minor,Moderate,No,Yes,Yes,-21.97997,135.11128,45,risk_dataset,False,False,36.6,0,None,0.6,0.9107,0.4843,64.2,Critical,False,name,BARKLY,Not recorded,CENTRAL LAND COUNCIL
44,Illeuwurru,737,Family Outstation,High,No,No,No,-21.60913,134.39411,8,imputed_type_median,False,False,42.6,0,None,1.0,0.9507,0.2779,64.2,Critical,True,name,BARKLY,Not recorded,CENTRAL LAND COUNCIL
46,Wurrumenbumanja,565,Family Outstation,High,No,No,No,-14.137792,136.515569,20,bushtel,False,False,19.1,1,Telstra,1.0,0.6829,0.3851,64.1,Critical,False,name,EAST ARNHEM,Not recorded,ANINDILYAKWA LAND COUNCIL
47,Mt Maiyo,702,Family Outstation,High,No,No,No,-17.69491,129.39755,8,imputed_type_median,False,False,41.6,0,None,1.0,0.944,0.2779,64.0,Critical,True,name,BIG RIVERS,Not recorded,CENTRAL LAND COUNCIL
48,Muyin,764,Family Outstation,High,No,No,No,-23.15972,129.00489,8,imputed_type_median,False,False,41.0,0,None,1.0,0.94,0.2779,63.9,Critical,True,name,CENTRAL AUSTRALIA,Not recorded,CENTRAL LAND COUNCIL
48,Nadirri,396,Family Outstation,High,No,No,No,-13.95376,129.76657,8,imputed_type_median,False,False,40.8,0,None,1.0,0.9387,0.2779,63.9,Critical,True,name,TOP END,Not recorded,NORTHERN LAND COUNCIL
50,Burta Wurta,944,Family Outstation,High,No,No,No,-17.535972,130.475916,8,imputed_type_median,False,False,39.0,0,None,1.0,0.9267,0.2779,63.6,Critical,True,name,BIG RIVERS,Not recorded,CENTRAL LAND COUNCIL
51,Impadna,20926,Family Outstation,High,No,No,No,-25.15452,133.56947,8,imputed_type_median,False,False,37.3,0,None,1.0,0.9153,0.2779,63.4,Critical,True,name,CENTRAL AUSTRALIA,Not recorded,CENTRAL LAND COUNCIL
52,Sabina,837,Family Outstation,High,No,No,No,-13.8603,129.93195,8,imputed_type_median,False,False,36.7,0,None,1.0,0.9113,0.2779,63.3,Critical,True,name,TOP END,Not recorded,NORTHERN LAND COUNCIL
53,Naliyindi,541,Family Outstation,High,No,No,No,-12.541958,135.178625,8,imputed_type_median,False,False,36.3,0,None,1.0,0.9087,0.2779,63.2,Critical,True,name,EAST ARNHEM,Not recorded,NORTHERN LAND COUNCIL
54,Yuwalki,196,Family Outstation,High,No,No,No,-23.56347,129.53922,8,imputed_type_median,False,False,35.8,0,None,1.0,0.9053,0.2779,63.1,Critical,True,name,CENTRAL AUSTRALIA,Not recorded,CENTRAL LAND COUNCIL
55,Imangara,250,Minor,Moderate,No,Yes,Yes,-21.04961,134.68117,81,risk_dataset,False,False,28.9,1,Telstra,0.6,0.7482,0.5574,63.0,Critical,False,name,BARKLY,Alyawarr,CENTRAL LAND COUNCIL
55,Bloodwood Bore,843,Family Outstation,High,No,No,No,-25.76764,134.2883,8,imputed_type_median,False,False,35.0,0,None,1.0,0.9,0.2779,63.0,Critical,True,name,CENTRAL AUSTRALIA,Not recorded,CENTRAL LAND COUNCIL
57,Connells Lagoon,901,Family Outstation,High,No,No,No,-18.89143,136.54802,6,risk_dataset,False,False,93.3,0,None,1.0,1.0,0.2461,62.7,Critical,True,name,BARKLY,Not recorded,NORTHERN LAND COUNCIL
57,Hodgson River Station,600,Minor,Moderate,No,Yes,Yes,-15.47477,134.09553,78,imputed_type_median,False,False,28.3,1,Telstra,0.6,0.7442,0.5527,62.7,Critical,False,name,BIG RIVERS,Not recorded,NORTHERN LAND COUNCIL
59,Atnwengerrpe,23,Family Outstation,Moderate,No,Yes,Yes,-21.86956,134.99411,60,risk_dataset,False,False,33.0,1,Telstra,0.6,0.7756,0.52,62.3,Critical,False,name,BARKLY,Not recorded,CENTRAL LAND COUNCIL
59,Dhalinybuy,473,Minor,Moderate,No,Yes,Yes,-12.4125,136.3878,80,risk_dataset,False,False,25.4,1,Telstra,0.6,0.7249,0.5559,62.3,Critical,False,name,EAST ARNHEM,Not recorded,NORTHERN LAND COUNCIL
61,Welere,182,Family Outstation,High,No,No,No,-22.02194,135.19169,6,bushtel,False,False,41.0,0,None,1.0,0.94,0.2461,61.4,Critical,True,name,BARKLY,Not recorded,CENTRAL LAND COUNCIL
62,Maningrida,362,Major,High,No,Yes,Yes,-12.050847,134.223625,2712,risk_dataset,True,True,0.9,1,Telstra,1.0,0.2282,1.0,61.1,Critical,False,name,TOP END,Ndjebbena,NORTHERN LAND COUNCIL
62,Woodycupaldiya,434,Minor,Moderate,No,Yes,Yes,-13.85926,130.00115,45,risk_dataset,False,False,34.2,1,Telstra,0.6,0.7836,0.4843,61.1,Critical,False,name,TOP END,Not recorded,NORTHERN LAND COUNCIL
64,Lily Hole,24996,Family Outstation,High,No,Yes,No,-17.247366,133.749567,6,bushtel,False,False,38.6,0,None,1.0,0.924,0.2461,61.0,Critical,True,name,BARKLY,Not recorded,NORTHERN LAND COUNCIL
65,Mbunghara,102,Family Outstation,Moderate,No,Yes,Yes,-23.29071,132.35891,25,risk_dataset,False,False,36.5,0,None,0.6,0.91,0.4121,60.8,Critical,False,name,CENTRAL AUSTRALIA,Not recorded,CENTRAL LAND COUNCIL
66,Kiana,722,Family Outstation,Moderate,No,Yes,Yes,-17.242361,136.18411,18,risk_dataset,False,False,78.9,0,None,0.6,1.0,0.3724,60.7,Critical,False,name,BIG RIVERS,Not recorded,NORTHERN LAND COUNCIL
67,Wadeye,426,Major,High,No,Yes,Yes,-14.2404,129.5205,2679,risk_dataset,True,True,0.1,1,Telstra,1.0,0.2229,0.9985,60.6,Critical,False,name,TOP END,Murrinh Patha,NORTHERN LAND COUNCIL
68,Kalpitapta,947,Family Outstation,Moderate,No,No,No,-20.89936,135.35397,44,risk_dataset,False,False,31.2,1,Telstra,0.6,0.7636,0.4815,60.4,Critical,False,name,BARKLY,Not recorded,CENTRAL LAND COUNCIL
69,Inkawenyerre,726,Family Outstation,Moderate,No,Yes,Yes,-21.82016,134.84707,43,bushtel,False,False,30.5,1,Telstra,0.6,0.7589,0.4787,60.2,Critical,False,name,BARKLY,Not recorded,CENTRAL LAND COUNCIL
70,Yederr,719,Family Outstation,High,No,No,No,-14.01965,129.72201,8,imputed_type_median,False,False,32.8,1,Telstra,1.0,0.7742,0.2779,59.9,High,False,name,TOP END,Not recorded,NORTHERN LAND COUNCIL
70,Mapuru,524,Minor,Moderate,No,Yes,Yes,-12.25318,135.43779,43,risk_dataset,False,False,28.9,1,Telstra,0.6,0.7482,0.4787,59.9,High,False,name,EAST ARNHEM,Not recorded,NORTHERN LAND COUNCIL
70,Jowar,602,Family Outstation,High,No,No,No,-14.72747,134.42881,8,imputed_type_median,False,False,32.7,1,Telstra,1.0,0.7736,0.2779,59.9,High,False,name,BIG RIVERS,Not recorded,NORTHERN LAND COUNCIL
73,Bubble Bubble,585,Family Outstation,High,No,No,No,-15.81036,129.31022,10,bushtel,False,False,22.5,1,Optus,1.0,0.7056,0.3033,59.8,High,False,name,BIG RIVERS,Not recorded,NORTHERN LAND COUNCIL
73,Ngunarra,16214,Family Outstation,High,No,No,No,-18.6408,135.9522,8,imputed_type_median,False,False,32.1,1,Telstra,1.0,0.7696,0.2779,59.8,High,False,none,,,
75,Camel Camp,728,Family Outstation,Moderate,No,Yes,Yes,-22.27181,134.55242,39,bushtel,False,False,30.9,1,Telstra,0.6,0.7616,0.4666,59.7,High,False,name,BARKLY,Not recorded,CENTRAL LAND COUNCIL
76,Dhulmulmiya,954,Family Outstation,High,No,No,No,-12.52781,136.72533,8,imputed_type_median,False,False,30.8,1,Telstra,1.0,0.7609,0.2779,59.6,High,False,name,EAST ARNHEM,Not recorded,NORTHERN LAND COUNCIL
76,Nummerloori,635,Family Outstation,High,No,No,No,-14.59159,134.97727,8,imputed_type_median,False,False,30.7,1,Telstra,1.0,0.7602,0.2779,59.6,High,False,name,BIG RIVERS,Not recorded,NORTHERN LAND COUNCIL
78,Tjoungouri,267,Family Outstation,High,No,No,No,-16.17126,136.04365,8,imputed_type_median,False,False,29.8,1,Telstra,1.0,0.7542,0.2779,59.4,High,False,name,BIG RIVERS,Not recorded,NORTHERN LAND COUNCIL
79,Mangardubu,361,Family Outstation,High,No,No,No,-12.0937,133.1864,8,imputed_type_median,False,False,29.2,1,Telstra,1.0,0.7502,0.2779,59.3,High,False,name,TOP END,Not recorded,NORTHERN LAND COUNCIL
79,Jangirulu,704,Family Outstation,High,No,No,No,-18.12561,133.61111,8,imputed_type_median,False,False,29.0,1,Optus,1.0,0.7489,0.2779,59.3,High,False,name,BARKLY,Not recorded,NORTHERN LAND COUNCIL
79,Namerinni,906,Family Outstation,High,No,No,No,-18.56818,133.71549,8,imputed_type_median,False,False,29.0,1,Optus,1.0,0.7489,0.2779,59.3,High,False,name,BARKLY,Not recorded,NORTHERN LAND COUNCIL
82,Angurugu,451,Major,High,No,Yes,Yes,-13.982236,136.460569,1005,risk_dataset,True,True,2.1,1,Telstra,1.0,0.2362,0.8745,59.1,High,False,name,EAST ARNHEM,Anindilyakwa,ANINDILYAKWA LAND COUNCIL
83,Kurntapurra,905,Family Outstation,Moderate,No,Yes,Yes,-19.39177,135.39788,14,risk_dataset,False,False,57.2,0,None,0.6,1.0,0.3425,59.0,High,False,name,BARKLY,Not recorded,NORTHERN LAND COUNCIL
83,Kubuyirr,912,Family Outstation,High,No,No,No,-14.12168,129.78499,8,imputed_type_median,False,False,27.6,1,Telstra,1.0,0.7396,0.2779,59.0,High,False,name,TOP END,Not recorded,NORTHERN LAND COUNCIL
85,Ankerrapw,170,Family Outstation,High,No,No,No,-22.23004,134.56306,8,imputed_type_median,False,False,27.1,1,Telstra,1.0,0.7362,0.2779,58.9,High,False,name,BARKLY,Not recorded,CENTRAL LAND COUNCIL
86,Goolminyini,723,Family Outstation,Moderate,No,Yes,Yes,-16.15829,136.09751,40,risk_dataset,False,False,25.1,1,Telstra,0.6,0.7229,0.4697,58.8,High,False,name,BIG RIVERS,Not recorded,NORTHERN LAND COUNCIL
86,Malgawa,376,Family Outstation,Moderate,No,Yes,Yes,-12.83887,133.91826,17,risk_dataset,False,False,39.1,0,None,0.6,0.9273,0.3656,58.8,High,False,name,TOP END,Not recorded,NORTHERN LAND COUNCIL
86,Bobs Yard,698,Family Outstation,High,No,No,No,-16.00945,130.61125,8,imputed_type_median,False,False,26.2,1,Telstra,1.0,0.7302,0.2779,58.8,High,False,name,BIG RIVERS,Not recorded,NORTHERN LAND COUNCIL
86,Murranji,858,Family Outstation,High,No,No,No,-16.83598,132.8107,4,bushtel,False,False,66.4,0,None,1.0,1.0,0.2036,58.8,High,True,name,BARKLY,Not recorded,NORTHERN LAND COUNCIL
90,Gul Gul,741,Family Outstation,High,No,No,No,-11.13042,132.33842,8,imputed_type_median,False,False,25.8,1,Telstra,1.0,0.7276,0.2779,58.7,High,False,name,Not recorded,Not recorded,Not recorded
90,Dillinya,819,Family Outstation,High,No,No,No,-15.85698,132.04505,8,imputed_type_median,False,False,26.1,1,Telstra,1.0,0.7296,0.2779,58.7,High,False,name,BIG RIVERS,Not recorded,NORTHERN LAND COUNCIL
90,Nabarlek,395,Family Outstation,High,No,No,No,-12.30829,133.29216,8,imputed_type_median,False,False,25.6,1,Telstra,1.0,0.7262,0.2779,58.7,High,False,name,TOP END,Not recorded,NORTHERN LAND COUNCIL
90,Atneltyey,27,Family Outstation,Moderate,No,Yes,Yes,-22.03683,134.61166,51,bushtel,False,False,17.8,1,Telstra,0.6,0.6742,0.4998,58.7,High,False,name,BARKLY,Not recorded,CENTRAL LAND COUNCIL
90,Ijarra,813,Family Outstation,High,No,No,No,-16.2152,136.00501,8,imputed_type_median,False,False,26.1,1,Telstra,1.0,0.7296,0.2779,58.7,High,False,name,BIG RIVERS,Not recorded,NORTHERN LAND COUNCIL
95,Namugardabu,389,Family Outstation,High,No,No,No,-12.157791,134.02473,8,imputed_type_median,False,False,25.1,1,Telstra,1.0,0.7229,0.2779,58.6,High,False,name,TOP END,Not recorded,NORTHERN LAND COUNCIL
95,Ngunthak,915,Family Outstation,High,No,No,No,-14.40445,129.36183,8,imputed_type_median,False,False,25.0,1,Telstra,1.0,0.7222,0.2779,58.6,High,False,name,TOP END,Not recorded,NORTHERN LAND COUNCIL
97,Halfway Camp,845,Family Outstation,High,No,No,No,-25.69492,134.36263,8,imputed_type_median,False,False,24.4,1,Telstra,1.0,0.7182,0.2779,58.4,High,False,name,CENTRAL AUSTRALIA,Not recorded,CENTRAL LAND COUNCIL
97,Ngarlu Ngarlu,969,Family Outstation,High,No,No,No,-11.86629,133.40906,8,imputed_type_median,False,False,24.4,1,Telstra,1.0,0.7182,0.2779,58.4,High,False,name,TOP END,Not recorded,NORTHERN LAND COUNCIL
97,Kwombom,777,Family Outstation,High,No,No,No,-13.95523,130.29075,8,imputed_type_median,False,False,24.3,1,Telstra,1.0,0.7176,0.2779,58.4,High,False,name,TOP END,Not recorded,NORTHERN LAND COUNCIL
100,Gapuwiyak,500,Major,High,No,Yes,Yes,-12.50322,135.80587,1085,risk_dataset,True,True,0.2,1,Telstra,1.0,0.2236,0.8842,58.3,High,False,name,EAST ARNHEM,Yolngu Matha (Djambarrpuyngu),NORTHERN LAND COUNCIL
100,Gochan Jiny Jirra,319,Minor,Moderate,No,Yes,Yes,-12.19925,134.45751,38,risk_dataset,False,False,23.4,1,Telstra,0.6,0.7116,0.4634,58.3,High,False,name,TOP END,Not recorded,NORTHERN LAND COUNCIL
102,Turkey Lagoon,649,Family Outstation,High,No,No,No,-14.52938,134.75093,8,imputed_type_median,False,False,22.8,1,Telstra,1.0,0.7076,0.2779,58.2,High,False,name,BIG RIVERS,Not recorded,NORTHERN LAND COUNCIL
103,Redcliff,414,Family Outstation,Moderate,No,Yes,No,-14.01484,129.708125,27,bushtel,False,False,32.2,1,Telstra,0.6,0.7702,0.4215,58.0,High,False,name,TOP END,Not recorded,NORTHERN LAND COUNCIL
103,Jingaloo,235,Family Outstation,High,No,No,No,-17.11311,133.61433,8,imputed_type_median,False,False,22.1,1,Telstra,1.0,0.7029,0.2779,58.0,High,False,name,BARKLY,Not recorded,NORTHERN LAND COUNCIL
103,Mungkarta,244,Minor,Moderate,No,Yes,Yes,-20.33702,134.19843,65,risk_dataset,False,False,25.4,2,"Optus, Telstra",0.6,0.6138,0.5299,58.0,High,False,name,BARKLY,Not recorded,CENTRAL LAND COUNCIL
106,Kultchill,351,Family Outstation,High,No,No,No,-14.42586,129.57391,8,imputed_type_median,False,False,21.4,1,Telstra,1.0,0.6982,0.2779,57.9,High,False,name,TOP END,Not recorded,NORTHERN LAND COUNCIL
106,Un-Marr,662,Family Outstation,High,No,No,No,-14.06441,129.90879,8,imputed_type_median,False,False,21.3,1,Telstra,1.0,0.6976,0.2779,57.9,High,False,name,TOP END,Not recorded,NORTHERN LAND COUNCIL
108,Barrak Barrak,699,Family Outstation,High,No,No,No,-15.8716,130.35876,8,imputed_type_median,False,False,20.7,1,Telstra,1.0,0.6936,0.2779,57.8,High,False,name,BIG RIVERS,Not recorded,NORTHERN LAND COUNCIL
108,Kewulyi,1017,Family Outstation,Moderate,No,Yes,Yes,-14.92699,134.00927,25,risk_dataset,False,False,33.6,1,Telstra,0.6,0.7796,0.4121,57.8,High,False,name,BIG RIVERS,Not recorded,NORTHERN LAND COUNCIL
110,Antere,788,Family Outstation,High,No,No,No,-25.66309,134.40934,8,imputed_type_median,False,False,18.6,1,Telstra,1.0,0.6796,0.2779,57.4,High,False,name,CENTRAL AUSTRALIA,Not recorded,CENTRAL LAND COUNCIL
111,Bauhinia Downs,212,Family Outstation,Moderate,No,Yes,Yes,-16.21512,135.46968,14,risk_dataset,False,False,37.5,0,None,0.6,0.9167,0.3425,57.3,High,False,name,BIG RIVERS,Not recorded,NORTHERN LAND COUNCIL
112,Barnamarrakkakanora,10634,Family Outstation,High,No,No,No,-12.1319,134.375,8,imputed_type_median,False,False,17.8,1,Telstra,1.0,0.6742,0.2779,57.2,High,False,none,,,
112,Artekerr,22,Family Outstation,Moderate,No,Yes,Yes,-22.29022,134.54312,23,risk_dataset,False,False,32.9,1,Telstra,0.6,0.7749,0.402,57.2,High,False,name,BARKLY,Not recorded,CENTRAL LAND COUNCIL
112,Angula,12,Family Outstation,Moderate,No,Yes,Yes,-22.55781,134.21675,14,risk_dataset,False,False,36.5,0,None,0.6,0.91,0.3425,57.2,High,False,name,CENTRAL AUSTRALIA,Not recorded,CENTRAL LAND COUNCIL
115,Minyerri,624,Major,High,No,Yes,Yes,-15.2216,134.0821,726,risk_dataset,True,True,0.1,1,Telstra,1.0,0.2229,0.8334,57.1,High,False,name,BIG RIVERS,Eastside Kriol,NORTHERN LAND COUNCIL
115,Tinki,62,Family Outstation,High,No,No,No,-23.27331,129.55768,8,imputed_type_median,False,False,17.4,1,Telstra,1.0,0.6716,0.2779,57.1,High,False,name,CENTRAL AUSTRALIA,Not recorded,CENTRAL LAND COUNCIL
115,Gimbat,945,Family Outstation,High,No,No,No,-13.57854,132.60772,8,imputed_type_median,False,False,17.4,1,Telstra,1.0,0.6716,0.2779,57.1,High,False,name,BIG RIVERS,Not recorded,NORTHERN LAND COUNCIL
118,Daguragu,591,Major,High,No,Yes,Yes,-17.40059,130.80491,284,risk_dataset,True,True,5.3,1,Telstra,1.0,0.2576,0.715,56.9,High,False,name,BIG RIVERS,Gurindji / Kriol,CENTRAL LAND COUNCIL
119,Gudjekbin,740,Family Outstation,High,No,No,No,-12.250972,133.80109,8,imputed_type_median,False,False,15.6,1,Telstra,1.0,0.6596,0.2779,56.8,High,False,name,TOP END,Not recorded,NORTHERN LAND COUNCIL
120,Umbakumba,555,Major,High,No,Yes,Yes,-13.859736,136.811125,591,risk_dataset,True,True,0.3,1,Telstra,1.0,0.2242,0.8074,56.6,High,False,name,EAST ARNHEM,Anindilyakwa,ANINDILYAKWA LAND COUNCIL
121,Pwertentye,791,Family Outstation,High,No,No,No,-23.37291,134.79239,8,imputed_type_median,False,False,14.2,1,Optus,1.0,0.6502,0.2779,56.5,High,False,name,CENTRAL AUSTRALIA,Not recorded,CENTRAL LAND COUNCIL
122,20 Mile,24993,Family Outstation,High,No,No,No,-16.08535,136.54826,6,bushtel,False,False,26.1,1,Telstra,1.0,0.7296,0.2461,56.4,High,False,name,BIG RIVERS,Not recorded,NORTHERN LAND COUNCIL
123,Amanburnunga,445,Family Outstation,High,No,No,No,-13.92641,136.69486,8,imputed_type_median,False,False,12.8,1,Telstra,1.0,0.6409,0.2779,56.3,High,False,name,EAST ARNHEM,Not recorded,ANINDILYAKWA LAND COUNCIL
123,Mariniri,994,Family Outstation,High,No,No,No,-16.670014,136.901403,8,imputed_type_median,False,False,13.2,1,Telstra,1.0,0.6436,0.2779,56.3,High,False,name,BIG RIVERS,Not recorded,NORTHERN LAND COUNCIL
123,Bamboo Springs,578,Family Outstation,High,No,No,No,-16.95993,129.08393,8,imputed_type_median,False,False,13.0,1,Telstra,1.0,0.6422,0.2779,56.3,High,False,name,BIG RIVERS,Not recorded,CENTRAL LAND COUNCIL
126,Alpurrurulam,203,Major,High,No,Yes,Yes,-20.984167,137.84749,494,risk_dataset,True,True,0.3,1,Telstra,1.0,0.2242,0.7848,56.0,High,False,name,BARKLY,Alyawarr,CENTRAL LAND COUNCIL
126,Ampilatwatja,10,Major,High,No,Yes,Yes,-21.65664,135.22509,491,risk_dataset,True,True,0.3,1,Telstra,1.0,0.2242,0.784,56.0,High,False,name,BARKLY,Alyawarr,CENTRAL LAND COUNCIL
128,Annerre,1021,Family Outstation,High,No,No,No,-21.261694,134.00116,8,imputed_type_median,False,False,27.4,2,"Optus, Telstra",1.0,0.6271,0.2779,55.9,High,False,name,BARKLY,Not recorded,CENTRAL LAND COUNCIL
128,Irrowa,24989,Family Outstation,Moderate,No,Yes,No,-24.62515,132.33103,9,bushtel,False,False,57.4,0,None,0.6,1.0,0.2913,55.9,High,False,name,CENTRAL AUSTRALIA,Not recorded,CENTRAL LAND COUNCIL
130,Nganmarriyanga,404,Major,High,No,Yes,Yes,-14.351111,129.87889,458,risk_dataset,True,True,0.3,1,Telstra,1.0,0.2242,0.7753,55.8,High,False,name,TOP END,Murrinh Patha,NORTHERN LAND COUNCIL
130,Mallarrami,851,Family Outstation,Moderate,No,No,No,-11.77541,136.53563,9,bushtel,False,False,49.3,0,None,0.6,0.9953,0.2913,55.8,High,False,name,EAST ARNHEM,Not recorded,NORTHERN LAND COUNCIL
132,Gurrumuru,517,Minor,Moderate,No,Yes,Yes,-12.592236,136.231681,10,risk_dataset,False,False,41.3,0,None,0.6,0.942,0.3033,55.6,High,False,name,EAST ARNHEM,Not recorded,NORTHERN LAND COUNCIL
132,Walkabout Bore,720,Family Outstation,Moderate,No,Yes,Yes,-24.38261,133.81687,26,risk_dataset,False,False,19.8,1,Optus,0.6,0.6876,0.4169,55.6,High,False,name,CENTRAL AUSTRALIA,Not recorded,CENTRAL LAND COUNCIL
134,Kalkarindji,603,Major,High,No,Yes,Yes,-17.44675,130.83212,392,risk_dataset,True,True,0.6,1,Telstra,1.0,0.2262,0.7556,55.5,High,False,name,BIG RIVERS,Gurindji / Kriol,CENTRAL LAND COUNCIL
134,Tigers Camp,306,Family Outstation,High,No,No,No,-11.47407,132.77662,8,imputed_type_median,True,True,42.5,0,None,1.0,0.6167,0.2779,55.5,High,False,name,TOP END,Not recorded,NORTHERN LAND COUNCIL
134,Nauiyu,397,Major,High,No,Yes,Yes,-13.750542,130.688931,444,risk_dataset,True,True,0.0,1,Telstra,1.0,0.2222,0.7713,55.5,High,False,name,TOP END,Kriol,NORTHERN LAND COUNCIL
137,Ngutjul,763,Family Outstation,High,No,No,No,-23.29677,129.46752,8,imputed_type_median,False,False,8.6,1,Telstra,1.0,0.6129,0.2779,55.4,High,False,name,CENTRAL AUSTRALIA,Not recorded,CENTRAL LAND COUNCIL
138,Bulman,587,Major,High,No,Yes,Yes,-13.665292,134.333347,329,risk_dataset,True,True,1.1,1,Telstra,1.0,0.2296,0.7335,55.2,High,False,name,BIG RIVERS,Eastside Kriol,NORTHERN LAND COUNCIL
139,Uluperte,1016,Family Outstation,Moderate,No,No,No,-23.76408,135.69544,8,imputed_type_median,False,False,108.3,0,None,0.6,1.0,0.2779,55.0,High,False,name,CENTRAL AUSTRALIA,Not recorded,CENTRAL LAND COUNCIL
139,Yatjalu,191,Family Outstation,Moderate,No,No,No,-22.40643,131.16216,8,imputed_type_median,False,False,67.7,0,None,0.6,1.0,0.2779,55.0,High,False,name,CENTRAL AUSTRALIA,Not recorded,CENTRAL LAND COUNCIL
139,Mantapayika,97,Family Outstation,Moderate,No,No,No,-25.47458,130.22561,8,imputed_type_median,False,False,76.4,0,None,0.6,1.0,0.2779,55.0,High,False,name,CENTRAL AUSTRALIA,Not recorded,CENTRAL LAND COUNCIL
139,Yirringa,575,Family Outstation,Moderate,No,No,No,-11.64538,136.02578,8,imputed_type_median,False,False,65.5,0,None,0.6,1.0,0.2779,55.0,High,False,name,EAST ARNHEM,Not recorded,NORTHERN LAND COUNCIL
139,Wunburri,564,Family Outstation,Moderate,No,No,No,-11.59498,136.07853,8,imputed_type_median,False,False,71.6,0,None,0.6,1.0,0.2779,55.0,High,False,name,EAST ARNHEM,Not recorded,NORTHERN LAND COUNCIL
139,Mirridi,745,Family Outstation,Moderate,No,No,No,-19.01873,130.77884,8,imputed_type_median,False,False,77.9,0,None,0.6,1.0,0.2779,55.0,High,False,name,CENTRAL AUSTRALIA,Not recorded,CENTRAL LAND COUNCIL
139,Ilpili,49,Family Outstation,Moderate,No,No,No,-23.32393,130.36045,8,imputed_type_median,False,False,77.3,0,None,0.6,1.0,0.2779,55.0,High,False,name,CENTRAL AUSTRALIA,Not recorded,CENTRAL LAND COUNCIL
139,Ngurrutiji,16217,Family Outstation,Moderate,No,No,No,-20.1167,134.5167,8,imputed_type_median,False,False,55.2,0,None,0.6,1.0,0.2779,55.0,High,False,name,BARKLY,Not recorded,CENTRAL LAND COUNCIL
139,North Island,814,Family Outstation,Moderate,No,No,No,-15.56294,136.84527,8,imputed_type_median,False,False,79.4,0,None,0.6,1.0,0.2779,55.0,High,False,name,BIG RIVERS,Not recorded,NORTHERN LAND COUNCIL
139,Martjanba,528,Family Outstation,Moderate,No,No,No,-11.17006,136.70702,8,imputed_type_median,False,False,112.7,0,None,0.6,1.0,0.2779,55.0,High,False,name,EAST ARNHEM,Not recorded,NORTHERN LAND COUNCIL
139,Uguie,991,Family Outstation,Moderate,No,No,No,-15.83006,137.04142,8,imputed_type_median,False,False,82.5,0,None,0.6,1.0,0.2779,55.0,High,False,name,BIG RIVERS,Not recorded,NORTHERN LAND COUNCIL
139,Tjulpungu,151,Family Outstation,Moderate,No,No,No,-21.83419,131.41348,8,imputed_type_median,False,False,61.1,0,None,0.6,1.0,0.2779,55.0,High,False,name,CENTRAL AUSTRALIA,Not recorded,CENTRAL LAND COUNCIL
139,Jarra Jarra,234,Family Outstation,Moderate,No,No,No,-20.84765,133.22064,8,imputed_type_median,False,False,76.7,0,None,0.6,1.0,0.2779,55.0,High,False,name,BARKLY,Not recorded,CENTRAL LAND COUNCIL
139,Jimilaya,989,Family Outstation,Moderate,No,No,No,-15.60885,136.67467,8,imputed_type_median,False,False,63.2,0,None,0.6,1.0,0.2779,55.0,High,False,name,BIG RIVERS,Not recorded,NORTHERN LAND COUNCIL
139,Jungarrayi Warrnu,695,Family Outstation,Moderate,No,No,No,-22.68594,131.43088,8,imputed_type_median,False,False,61.3,0,None,0.6,1.0,0.2779,55.0,High,False,name,CENTRAL AUSTRALIA,Not recorded,CENTRAL LAND COUNCIL
139,Jiwaranpa,646,Family Outstation,Moderate,No,No,No,-19.55541,129.92674,8,imputed_type_median,False,False,107.7,0,None,0.6,1.0,0.2779,55.0,High,False,name,CENTRAL AUSTRALIA,Not recorded,CENTRAL LAND COUNCIL
139,Napagunpa,974,Family Outstation,Moderate,No,No,No,-19.10426,133.61851,8,imputed_type_median,False,False,72.1,0,None,0.6,1.0,0.2779,55.0,High,False,name,BARKLY,Not recorded,CENTRAL LAND COUNCIL
139,Ngangurr,16207,Family Outstation,Moderate,No,No,No,-25.2236,129.9158,8,imputed_type_median,False,False,92.8,0,None,0.6,1.0,0.2779,55.0,High,False,name,CENTRAL AUSTRALIA,Not recorded,CENTRAL LAND COUNCIL
139,Duck Ponds,631,Family Outstation,Moderate,No,No,No,-18.77377,131.27766,8,imputed_type_median,False,False,83.8,0,None,0.6,1.0,0.2779,55.0,High,False,name,CENTRAL AUSTRALIA,Not recorded,CENTRAL LAND COUNCIL
139,Chilla Well,757,Family Outstation,Moderate,No,No,No,-21.52777,130.97067,8,imputed_type_median,False,False,117.4,0,None,0.6,1.0,0.2779,55.0,High,False,name,CENTRAL AUSTRALIA,Not recorded,CENTRAL LAND COUNCIL
139,Parrulyu,40,Family Outstation,Moderate,No,No,No,-20.45276,130.90912,8,imputed_type_median,False,False,61.0,0,None,0.6,1.0,0.2779,55.0,High,False,name,CENTRAL AUSTRALIA,Not recorded,CENTRAL LAND COUNCIL
139,Ngappamilarnu,731,Family Outstation,Moderate,No,No,No,-19.86188,133.27846,8,imputed_type_median,False,False,97.6,0,None,0.6,1.0,0.2779,55.0,High,False,name,BARKLY,Not recorded,CENTRAL LAND COUNCIL
139,Yatemans Bore,194,Family Outstation,Moderate,No,No,No,-23.68622,131.61441,8,imputed_type_median,False,False,59.0,0,None,0.6,1.0,0.2779,55.0,High,False,name,CENTRAL AUSTRALIA,Not recorded,CENTRAL LAND COUNCIL
139,Yulbara,1010,Family Outstation,Moderate,No,No,No,-15.7777,136.9997,8,imputed_type_median,False,False,80.3,0,None,0.6,1.0,0.2779,55.0,High,False,name,BIG RIVERS,Not recorded,NORTHERN LAND COUNCIL
139,Yumurrpa,200,Family Outstation,Moderate,No,No,No,-21.62731,130.78047,8,imputed_type_median,False,False,116.3,0,None,0.6,1.0,0.2779,55.0,High,False,name,CENTRAL AUSTRALIA,Not recorded,CENTRAL LAND COUNCIL
139,Lake Katherine,833,Family Outstation,Moderate,No,No,No,-14.27374,135.06805,8,imputed_type_median,False,False,62.6,0,None,0.6,1.0,0.2779,55.0,High,False,name,BIG RIVERS,Not recorded,NORTHERN LAND COUNCIL
139,Mala,28,Family Outstation,Moderate,No,No,No,-21.69494,130.85331,8,imputed_type_median,False,False,110.8,0,None,0.6,1.0,0.2779,55.0,High,False,name,CENTRAL AUSTRALIA,Not recorded,CENTRAL LAND COUNCIL
139,Yinyiripalangu,195,Family Outstation,Moderate,No,No,No,-22.21046,130.20558,8,imputed_type_median,False,False,60.6,0,None,0.6,1.0,0.2779,55.0,High,False,name,CENTRAL AUSTRALIA,Not recorded,CENTRAL LAND COUNCIL
139,Arkanta,1023,Family Outstation,Moderate,No,Yes,Yes,-24.52148,132.81995,8,risk_dataset,False,False,51.8,0,None,0.6,1.0,0.2779,55.0,High,False,name,CENTRAL AUSTRALIA,Not recorded,CENTRAL LAND COUNCIL
139,Araru Point,288,Family Outstation,Moderate,No,Yes,Yes,-11.19364,131.87783,8,risk_dataset,False,False,76.1,0,None,0.6,1.0,0.2779,55.0,High,False,name,TOP END,Not recorded,NORTHERN LAND COUNCIL
139,Nuradidgee,253,Family Outstation,Moderate,No,No,No,-20.11437,134.50849,8,imputed_type_median,False,False,55.1,0,None,0.6,1.0,0.2779,55.0,High,False,name,BARKLY,Not recorded,CENTRAL LAND COUNCIL
139,Ngkwarlerlanem,126,Family Outstation,High,No,No,No,-21.72741,134.79113,8,imputed_type_median,True,True,40.0,0,None,1.0,0.6,0.2779,55.0,High,False,name,BARKLY,Not recorded,CENTRAL LAND COUNCIL
139,Injirramurri,55,Family Outstation,Moderate,No,No,No,-22.46523,131.12911,8,imputed_type_median,False,False,62.8,0,None,0.6,1.0,0.2779,55.0,High,False,name,CENTRAL AUSTRALIA,Not recorded,CENTRAL LAND COUNCIL
139,Picininny Bore,604,Family Outstation,Moderate,No,No,No,-19.82711,129.78279,8,imputed_type_median,False,False,79.5,0,None,0.6,1.0,0.2779,55.0,High,False,name,CENTRAL AUSTRALIA,Not recorded,CENTRAL LAND COUNCIL
139,Ngurrara,907,Family Outstation,Moderate,No,Yes,Yes,-19.42135,135.40553,8,risk_dataset,False,False,54.6,0,None,0.6,1.0,0.2779,55.0,High,False,name,BARKLY,Not recorded,NORTHERN LAND COUNCIL
139,Puta Puta,141,Family Outstation,Moderate,No,No,No,-25.07345,129.64045,8,imputed_type_median,False,False,60.8,0,None,0.6,1.0,0.2779,55.0,High,False,name,CENTRAL AUSTRALIA,Not recorded,CENTRAL LAND COUNCIL
139,Pingala,255,Family Outstation,Moderate,No,No,No,-19.093204,133.882691,8,imputed_type_median,False,False,51.3,0,None,0.6,1.0,0.2779,55.0,High,False,name,BARKLY,Not recorded,CENTRAL LAND COUNCIL
139,Pinja,752,Family Outstation,Moderate,No,No,No,-18.80958,130.37095,8,imputed_type_median,False,False,60.0,0,None,0.6,1.0,0.2779,55.0,High,False,name,BIG RIVERS,Not recorded,CENTRAL LAND COUNCIL
139,Puyurru,142,Family Outstation,Moderate,No,No,No,-21.33117,130.81753,8,imputed_type_median,False,False,100.3,0,None,0.6,1.0,0.2779,55.0,High,False,name,CENTRAL AUSTRALIA,Not recorded,CENTRAL LAND COUNCIL
178,Pantyinteme,854,Family Outstation,Moderate,No,Yes,Yes,-24.45011,133.11207,10,risk_dataset,False,False,36.3,0,None,0.6,0.9087,0.3033,54.9,High,False,name,CENTRAL AUSTRALIA,Not recorded,CENTRAL LAND COUNCIL
178,Ji-Bena,311,Family Outstation,Moderate,No,Yes,Yes,-12.14418,134.5264,28,risk_dataset,False,False,13.8,1,Telstra,0.6,0.6476,0.4259,54.9,High,False,name,TOP END,Not recorded,NORTHERN LAND COUNCIL
180,Pungalindum,730,Family Outstation,Moderate,No,Yes,Yes,-22.07061,134.68879,33,bushtel,False,False,9.1,1,Telstra,0.6,0.6162,0.446,54.8,High,False,name,BARKLY,Not recorded,CENTRAL LAND COUNCIL
181,Walu,748,Family Outstation,Moderate,No,No,No,-24.73711,129.52559,8,imputed_type_median,False,False,47.4,0,None,0.6,0.9827,0.2779,54.7,High,False,name,CENTRAL AUSTRALIA,Not recorded,CENTRAL LAND COUNCIL
182,Mumpumampu,630,Family Outstation,Moderate,No,No,No,-14.384181,135.328347,8,imputed_type_median,False,False,45.9,0,None,0.6,0.9727,0.2779,54.5,High,False,name,BIG RIVERS,Not recorded,NORTHERN LAND COUNCIL
182,Mcdonalds Yard,847,Family Outstation,Moderate,No,Yes,No,-17.78239,130.59211,8,imputed_type_median,False,False,45.5,0,None,0.6,0.97,0.2779,54.5,High,False,name,BIG RIVERS,Not recorded,CENTRAL LAND COUNCIL
182,Wayililinypa,181,Family Outstation,Moderate,No,No,No,-22.50196,131.44669,8,imputed_type_median,False,False,45.7,0,None,0.6,0.9713,0.2779,54.5,High,False,name,CENTRAL AUSTRALIA,Not recorded,CENTRAL LAND COUNCIL
185,Mount Barkly,109,Family Outstation,Moderate,No,No,No,-21.61391,132.44114,8,imputed_type_median,False,False,44.7,0,None,0.6,0.9647,0.2779,54.4,High,False,name,CENTRAL AUSTRALIA,Not recorded,CENTRAL LAND COUNCIL
185,Ulbulla,705,Family Outstation,High,No,No,No,-25.68357,133.19644,8,imputed_type_median,False,False,20.0,2,"Optus, Telstra",1.0,0.5778,0.2779,54.4,High,False,name,CENTRAL AUSTRALIA,Not recorded,CENTRAL LAND COUNCIL
187,Marraya,527,Family Outstation,Moderate,No,No,No,-13.83939,135.80099,8,imputed_type_median,False,False,43.4,0,None,0.6,0.956,0.2779,54.2,High,False,name,BIG RIVERS,Not recorded,NORTHERN LAND COUNCIL
187,Anningie,14,Family Outstation,Moderate,No,No,No,-21.83473,133.14445,8,imputed_type_median,False,False,43.5,0,None,0.6,0.9567,0.2779,54.2,High,False,name,CENTRAL AUSTRALIA,Not recorded,CENTRAL LAND COUNCIL
189,Ganiyarrang,1024,Family Outstation,Moderate,No,No,No,-14.474999,135.02131,8,imputed_type_median,False,False,42.3,0,None,0.6,0.9487,0.2779,54.1,High,False,name,BIG RIVERS,Not recorded,NORTHERN LAND COUNCIL
190,Kungkayunti,78,Family Outstation,Moderate,No,No,No,-23.62647,131.24371,8,imputed_type_median,False,False,41.5,0,None,0.6,0.9433,0.2779,54.0,High,False,name,CENTRAL AUSTRALIA,Not recorded,CENTRAL LAND COUNCIL
190,Wulaburri,995,Family Outstation,Moderate,No,Yes,No,-16.4064,136.84162,8,imputed_type_median,False,False,42.0,0,None,0.6,0.9467,0.2779,54.0,High,False,name,BIG RIVERS,Not recorded,NORTHERN LAND COUNCIL
190,Gorpulyul,596,Family Outstation,Moderate,No,No,No,-13.34621,134.14587,8,imputed_type_median,False,False,41.9,0,None,0.6,0.946,0.2779,54.0,High,False,name,BIG RIVERS,Not recorded,NORTHERN LAND COUNCIL
193,Welmala,183,Family Outstation,High,No,No,No,-25.68278,133.26116,8,imputed_type_median,False,False,17.7,2,"Optus, Telstra",1.0,0.5624,0.2779,53.9,High,False,name,CENTRAL AUSTRALIA,Not recorded,CENTRAL LAND COUNCIL
194,Parnta,638,Family Outstation,Moderate,No,No,No,-18.68438,130.65104,8,imputed_type_median,False,False,39.3,0,None,0.6,0.9287,0.2779,53.7,High,False,name,BIG RIVERS,Not recorded,CENTRAL LAND COUNCIL
194,Ngarnka,869,Family Outstation,Moderate,No,No,No,-20.17566,129.90876,8,imputed_type_median,False,False,39.0,0,None,0.6,0.9267,0.2779,53.7,High,False,name,CENTRAL AUSTRALIA,Not recorded,CENTRAL LAND COUNCIL
194,Wudapuli,435,Family Outstation,Moderate,No,Yes,Yes,-14.21351,129.85315,21,risk_dataset,False,False,15.6,1,Telstra,0.6,0.6596,0.391,53.7,High,False,name,TOP END,Not recorded,NORTHERN LAND COUNCIL
197,Yaminyi,796,Family Outstation,Moderate,No,No,No,-12.790261,134.356992,8,imputed_type_median,False,False,38.5,0,None,0.6,0.9233,0.2779,53.6,High,False,name,TOP END,Not recorded,NORTHERN LAND COUNCIL
197,Peppimenarti,410,Major,High,No,No,Yes,-14.1503,130.0763,209,risk_dataset,True,True,0.9,1,Telstra,1.0,0.2282,0.6764,53.6,High,False,name,TOP END,Ngan'gikurunggurr,NORTHERN LAND COUNCIL
199,Jomet (Urpalarwn),710,Family Outstation,High,No,No,No,-15.42069,133.11146,8,imputed_type_median,False,False,16.0,2,"Optus, Telstra",1.0,0.5511,0.2779,53.5,High,False,name,BIG RIVERS,Not recorded,NORTHERN LAND COUNCIL
199,Wada Warra,214,Family Outstation,Moderate,No,Yes,Yes,-15.74902,136.25224,12,risk_dataset,False,False,34.4,1,Telstra,0.6,0.7849,0.3244,53.5,High,False,name,BIG RIVERS,Not recorded,NORTHERN LAND COUNCIL
199,Moolooloo,15203,Family Outstation,Moderate,No,Yes,Yes,-16.335589,131.515047,8,imputed_type_median,False,False,37.9,0,None,0.6,0.9193,0.2779,53.5,High,False,name,BIG RIVERS,Not recorded,NORTHERN LAND COUNCIL
199,Awumbunyji,754,Family Outstation,Moderate,No,No,No,-14.44723,135.43529,8,imputed_type_median,False,False,37.8,0,None,0.6,0.9187,0.2779,53.5,High,False,name,BIG RIVERS,Not recorded,NORTHERN LAND COUNCIL
203,Punjarriji,840,Family Outstation,Moderate,No,No,No,-20.31062,134.50807,8,imputed_type_median,False,False,36.9,0,None,0.6,0.9127,0.2779,53.4,High,False,name,BARKLY,Not recorded,CENTRAL LAND COUNCIL
203,Mulga Bore,118,Family Outstation,Low,No,Yes,Yes,-22.45139,134.20944,60,risk_dataset,False,False,46.4,0,None,0.3,0.976,0.52,53.4,High,False,name,CENTRAL AUSTRALIA,Not recorded,CENTRAL LAND COUNCIL
205,Dharawa,805,Family Outstation,Moderate,No,No,No,-11.84938,135.84693,8,imputed_type_median,False,False,36.3,0,None,0.6,0.9087,0.2779,53.3,High,False,name,EAST ARNHEM,Not recorded,NORTHERN LAND COUNCIL
205,Tjunti,152,Family Outstation,Moderate,No,No,No,-25.01763,129.40113,8,imputed_type_median,False,False,36.2,0,None,0.6,0.908,0.2779,53.3,High,False,name,CENTRAL AUSTRALIA,Not recorded,CENTRAL LAND COUNCIL
205,Momob,628,Family Outstation,Moderate,No,No,No,-13.35693,134.26915,8,imputed_type_median,False,False,35.9,0,None,0.6,0.906,0.2779,53.3,High,False,name,BIG RIVERS,Not recorded,NORTHERN LAND COUNCIL
205,Gawa,508,Family Outstation,Low,No,Yes,Yes,-11.76032,135.90485,57,risk_dataset,False,False,47.2,0,None,0.3,0.9813,0.5136,53.3,High,False,name,EAST ARNHEM,Not recorded,NORTHERN LAND COUNCIL
209,Tarawara,767,Family Outstation,Moderate,No,No,No,-23.54726,131.41338,8,imputed_type_median,False,False,35.4,0,None,0.6,0.9027,0.2779,53.2,High,False,name,CENTRAL AUSTRALIA,Not recorded,CENTRAL LAND COUNCIL
209,Kunapula,77,Family Outstation,Moderate,No,No,No,-25.15697,129.23411,8,imputed_type_median,False,False,35.2,0,None,0.6,0.9013,0.2779,53.2,High,False,name,CENTRAL AUSTRALIA,Not recorded,CENTRAL LAND COUNCIL
209,Walytjatjata,176,Family Outstation,Moderate,No,No,No,-25.97667,129.46583,8,imputed_type_median,False,False,35.1,0,None,0.6,0.9007,0.2779,53.2,High,False,name,CENTRAL AUSTRALIA,Not recorded,CENTRAL LAND COUNCIL
212,Maperte,902,Family Outstation,Moderate,No,No,No,-22.541588,136.38103,8,imputed_type_median,False,False,35.0,0,None,0.6,0.9,0.2779,53.1,High,False,name,CENTRAL AUSTRALIA,Not recorded,CENTRAL LAND COUNCIL
213,Ji-Balbal,338,Family Outstation,Moderate,No,Yes,Yes,-12.29755,134.61989,24,risk_dataset,False,False,7.4,1,Telstra,0.6,0.6049,0.4072,52.9,High,False,name,TOP END,Not recorded,NORTHERN LAND COUNCIL
213,Burrum,470,Family Outstation,Moderate,No,No,No,-12.3094,135.9605,13,bushtel,False,False,27.5,1,Telstra,0.6,0.7389,0.3338,52.9,High,False,name,EAST ARNHEM,Not recorded,NORTHERN LAND COUNCIL
213,Snake Lagoon,24902,Family Outstation,Moderate,No,Yes,Yes,-16.203217,136.913033,6,risk_dataset,False,False,62.2,0,None,0.6,1.0,0.2461,52.9,High,False,name,BIG RIVERS,Not recorded,NORTHERN LAND COUNCIL
213,Marrkalawa,899,Family Outstation,Moderate,No,Yes,Yes,-13.57423,135.7131,6,risk_dataset,False,False,57.4,0,None,0.6,1.0,0.2461,52.9,High,False,name,BIG RIVERS,Not recorded,NORTHERN LAND COUNCIL
217,Ankabadbirri,285,Family Outstation,Moderate,No,Yes,Yes,-12.25695,134.41973,12,risk_dataset,False,False,28.8,1,Telstra,0.6,0.7476,0.3244,52.6,High,False,name,TOP END,Not recorded,NORTHERN LAND COUNCIL
218,Mumeka,382,Family Outstation,Moderate,No,No,No,-12.36306,134.13579,15,risk_dataset,False,False,20.0,1,Telstra,0.6,0.6889,0.3507,52.5,High,False,name,TOP END,Not recorded,NORTHERN LAND COUNCIL
218,Marralum,619,Family Outstation,Moderate,No,Yes,Yes,-15.39109,129.25026,15,risk_dataset,False,False,19.6,1,Telstra,0.6,0.6862,0.3507,52.5,High,False,name,BIG RIVERS,Not recorded,NORTHERN LAND COUNCIL
220,Uminyuluk,962,Family Outstation,Moderate,No,Yes,Yes,-13.83073,130.05311,7,risk_dataset,False,False,36.3,0,None,0.6,0.9087,0.263,52.3,High,False,name,TOP END,Not recorded,NORTHERN LAND COUNCIL
221,Nangak,392,Family Outstation,Moderate,No,Yes,Yes,-12.21148,134.28387,15,risk_dataset,False,False,18.3,1,Telstra,0.6,0.6776,0.3507,52.2,High,False,name,TOP END,Not recorded,NORTHERN LAND COUNCIL
222,Bulgul,300,Family Outstation,Moderate,No,Yes,Yes,-13.08387,130.12203,19,risk_dataset,False,False,9.2,1,Telstra,0.6,0.6169,0.3789,52.0,High,False,name,TOP END,Not recorded,NORTHERN LAND COUNCIL
223,Manyallaluk,595,Minor,High,No,Yes,Yes,-14.26649,132.82797,108,risk_dataset,True,True,1.7,1,Telstra,1.0,0.2336,0.5934,51.8,High,False,name,BIG RIVERS,Eastside Kriol,NORTHERN LAND COUNCIL
223,Oak Valley,789,Family Outstation,Moderate,No,Yes,Yes,-24.38498,133.93218,10,risk_dataset,False,False,31.1,1,Optus,0.6,0.7629,0.3033,51.8,High,False,name,CENTRAL AUSTRALIA,Not recorded,CENTRAL LAND COUNCIL
225,Yinguwunarri,659,Family Outstation,High,No,No,No,-16.60891,131.82362,8,imputed_type_median,False,False,7.8,2,"Optus, Telstra",1.0,0.4964,0.2779,51.7,High,False,name,BIG RIVERS,Not recorded,NORTHERN LAND COUNCIL
226,Emu Point,882,Family Outstation,High,No,Yes,Yes,-14.17021,130.32777,130,risk_dataset,False,True,0.0,1,Telstra,1.0,0.2222,0.6167,51.6,High,False,name,TOP END,Not recorded,NORTHERN LAND COUNCIL
227,Doojum,942,Family Outstation,High,No,No,No,-15.72519,129.15921,8,imputed_type_median,False,False,7.1,2,"Optus, Telstra",1.0,0.4918,0.2779,51.5,High,False,name,BIG RIVERS,Not recorded,NORTHERN LAND COUNCIL
228,Budjanga,986,Family Outstation,Moderate,No,Yes,Yes,-16.17945,136.76818,5,risk_dataset,False,False,51.3,0,None,0.6,1.0,0.2266,51.4,High,False,name,BIG RIVERS,Not recorded,NORTHERN LAND COUNCIL
228,Ilpurla,1018,Family Outstation,Moderate,No,Yes,Yes,-24.31521,132.71446,10,risk_dataset,False,False,28.9,1,Optus,0.6,0.7482,0.3033,51.4,High,False,name,CENTRAL AUSTRALIA,Not recorded,CENTRAL LAND COUNCIL
228,Iljitjarri,24990,Family Outstation,Moderate,No,Yes,No,-24.53401,132.49215,5,bushtel,False,False,58.8,0,None,0.6,1.0,0.2266,51.4,High,False,name,CENTRAL AUSTRALIA,Not recorded,CENTRAL LAND COUNCIL
228,Bucket Springs,700,Family Outstation,High,No,No,No,-15.740005,129.16465,8,imputed_type_median,False,False,6.8,2,"Optus, Telstra",1.0,0.4898,0.2779,51.4,High,False,name,BIG RIVERS,Not recorded,NORTHERN LAND COUNCIL
232,Gulunguru,204,Family Outstation,High,No,No,No,-19.35439,136.03855,2,risk_dataset,False,False,45.4,0,None,1.0,0.9693,0.139,51.3,High,True,name,BARKLY,Not recorded,NORTHERN LAND COUNCIL
233,Dhupuwamirri,479,Family Outstation,Moderate,No,Yes,Yes,-12.66796,135.39218,10,risk_dataset,False,False,26.1,1,Telstra,0.6,0.7296,0.3033,51.0,High,False,name,EAST ARNHEM,Not recorded,NORTHERN LAND COUNCIL
233,Galiwinku,492,Major,Moderate,No,Yes,Yes,-12.0235,135.5664,2453,risk_dataset,True,True,0.2,1,Telstra,0.6,0.2236,0.9873,51.0,High,False,name,EAST ARNHEM,"Yolngu Matha (Djambarrpuyngu, Gupapuyngu, Djinang)",NORTHERN LAND COUNCIL
235,Mount Peachy,790,Family Outstation,Moderate,No,Yes,Yes,-24.39416,133.87181,10,risk_dataset,False,False,25.5,1,Optus,0.6,0.7256,0.3033,50.9,High,False,name,CENTRAL AUSTRALIA,Not recorded,CENTRAL LAND COUNCIL
235,Bulla,586,Minor,High,No,Yes,Yes,-15.764915,130.039364,105,risk_dataset,True,True,0.3,1,Telstra,1.0,0.2242,0.5899,50.9,High,False,name,BIG RIVERS,Westside Kriol/ Ngarinyman,NORTHERN LAND COUNCIL
237,Pine Hill,134,Family Outstation,Moderate,No,No,No,-22.37949,133.05366,8,imputed_type_median,False,False,34.3,1,Telstra,0.6,0.7842,0.2779,50.8,High,False,name,CENTRAL AUSTRALIA,Not recorded,CENTRAL LAND COUNCIL
237,Milingimbi,531,Major,Moderate,No,Yes,Yes,-12.1036,134.9201,1439,risk_dataset,True,True,2.4,1,Telstra,0.6,0.2382,0.9199,50.8,High,False,name,EAST ARNHEM,Yolngu Matha (Djambarrpuyngu),NORTHERN LAND COUNCIL
239,Fossil Head,911,Family Outstation,Moderate,No,Yes,Yes,-14.53778,129.52127,8,risk_dataset,False,False,33.1,1,Telstra,0.6,0.7762,0.2779,50.6,High,False,name,TOP END,Not recorded,NORTHERN LAND COUNCIL
239,Dholtji,478,Family Outstation,Moderate,No,No,No,-11.94835,136.46161,8,imputed_type_median,False,False,33.5,1,Telstra,0.6,0.7789,0.2779,50.6,High,False,name,EAST ARNHEM,Not recorded,NORTHERN LAND COUNCIL
241,Kurkutjara,81,Family Outstation,Moderate,No,No,No,-25.94178,129.41115,8,imputed_type_median,False,False,32.5,1,Telstra,0.6,0.7722,0.2779,50.5,High,False,name,CENTRAL AUSTRALIA,Not recorded,CENTRAL LAND COUNCIL
242,Arrawajin,735,Family Outstation,Moderate,No,No,No,-20.51825,134.97551,8,imputed_type_median,False,False,30.9,1,Telstra,0.6,0.7616,0.2779,50.3,High,False,name,BARKLY,Not recorded,CENTRAL LAND COUNCIL
242,Wurrumiyanga,400,Major,Moderate,No,Yes,Yes,-11.758306,130.63747,1837,risk_dataset,True,True,0.2,1,Telstra,0.6,0.2236,0.9507,50.3,High,False,name,TOP END,Tiwi (Modern and Traditional),TIWI LAND COUNCIL
242,Punritjanta,140,Family Outstation,Moderate,No,No,No,-24.67392,129.29393,8,imputed_type_median,False,False,30.9,1,Telstra,0.6,0.7616,0.2779,50.3,High,False,name,CENTRAL AUSTRALIA,Not recorded,CENTRAL LAND COUNCIL
245,Akarnenehe Well,787,Family Outstation,Moderate,No,No,No,-23.05992,136.19361,8,imputed_type_median,False,False,30.4,1,Telstra,0.6,0.7582,0.2779,50.2,High,False,name,CENTRAL AUSTRALIA,Not recorded,CENTRAL LAND COUNCIL
246,Wangkari,177,Family Outstation,Moderate,No,No,No,-25.13169,129.01933,8,imputed_type_median,False,False,29.5,1,Telstra,0.6,0.7522,0.2779,50.1,High,False,name,CENTRAL AUSTRALIA,Not recorded,CENTRAL LAND COUNCIL
246,Kurinelli,14262,Family Outstation,Moderate,No,No,No,-20.6114,135.04,8,imputed_type_median,False,False,29.5,1,Telstra,0.6,0.7522,0.2779,50.1,High,False,name,BARKLY,Not recorded,CENTRAL LAND COUNCIL
248,Mulingi,884,Family Outstation,Moderate,No,Yes,Yes,-13.92666,129.95077,8,risk_dataset,False,False,29.2,1,Telstra,0.6,0.7502,0.2779,50.0,High,False,name,TOP END,Not recorded,NORTHERN LAND COUNCIL
249,Yuwerli,123,Family Outstation,Moderate,No,No,No,-22.03566,131.65064,8,imputed_type_median,False,False,28.4,1,Telstra,0.6,0.7449,0.2779,49.9,Moderate,False,name,CENTRAL AUSTRALIA,Not recorded,CENTRAL LAND COUNCIL
250,Winparku,751,Family Outstation,Moderate,No,No,No,-23.43465,131.46172,8,imputed_type_median,False,False,27.5,1,Telstra,0.6,0.7389,0.2779,49.8,Moderate,False,name,CENTRAL AUSTRALIA,Not recorded,CENTRAL LAND COUNCIL
250,Birany Birany,464,Minor,Moderate,No,Yes,Yes,-12.81703,136.47669,12,risk_dataset,False,False,11.8,1,Telstra,0.6,0.6342,0.3244,49.8,Moderate,False,name,EAST ARNHEM,Not recorded,NORTHERN LAND COUNCIL
250,Arrunge,910,Family Outstation,Moderate,No,No,No,-22.49935,132.28147,8,risk_dataset,False,False,27.9,1,Telstra,0.6,0.7416,0.2779,49.8,Moderate,False,name,CENTRAL AUSTRALIA,Not recorded,CENTRAL LAND COUNCIL
250,Atheley,729,Family Outstation,Moderate,No,Yes,Yes,-21.91757,134.86766,88,bushtel,True,True,21.1,1,Telstra,0.6,0.3629,0.5678,49.8,Moderate,False,name,BARKLY,Not recorded,CENTRAL LAND COUNCIL
254,Banthula,457,Family Outstation,Low,No,Yes,Yes,-11.83585,135.87365,31,risk_dataset,False,False,39.6,0,None,0.3,0.9307,0.4384,49.7,Moderate,False,name,EAST ARNHEM,Not recorded,NORTHERN LAND COUNCIL
254,Wandawuy,557,Family Outstation,Low,No,Yes,Yes,-12.89147,136.35636,80,risk_dataset,False,False,27.3,1,Telstra,0.3,0.7376,0.5559,49.7,Moderate,False,name,EAST ARNHEM,Not recorded,NORTHERN LAND COUNCIL
256,Burudu,1019,Family Outstation,Moderate,No,Yes,Yes,-19.59874,136.92545,4,risk_dataset,False,False,54.2,0,None,0.6,1.0,0.2036,49.6,Moderate,False,name,BARKLY,Not recorded,NORTHERN LAND COUNCIL
256,Mount Catt,629,Family Outstation,Moderate,No,Yes,Yes,-13.80018,134.43241,10,risk_dataset,False,False,17.3,1,Telstra,0.6,0.6709,0.3033,49.6,Moderate,False,name,BIG RIVERS,Not recorded,NORTHERN LAND COUNCIL
256,Ngukurr,633,Major,Moderate,No,Yes,Yes,-14.7317,134.7321,1350,risk_dataset,True,True,0.2,1,Telstra,0.6,0.2236,0.9118,49.6,Moderate,False,name,BIG RIVERS,Eastside Kriol,NORTHERN LAND COUNCIL
256,Gitan,510,Family Outstation,Moderate,No,No,No,-11.91169,135.78183,8,imputed_type_median,False,False,26.7,1,Telstra,0.6,0.7336,0.2779,49.6,Moderate,False,name,EAST ARNHEM,Not recorded,NORTHERN LAND COUNCIL
256,Alkuptija,714,Family Outstation,Low,Yes,Yes,Yes,-23.06533,133.69436,24,risk_dataset,False,False,51.0,0,None,0.3,1.0,0.4072,49.6,Moderate,False,name,CENTRAL AUSTRALIA,Not recorded,CENTRAL LAND COUNCIL
261,Badawarrka,577,Family Outstation,Moderate,No,Yes,Yes,-14.69603,134.44378,7,risk_dataset,False,False,31.4,1,Telstra,0.6,0.7649,0.263,49.4,Moderate,False,name,BIG RIVERS,Not recorded,NORTHERN LAND COUNCIL
261,Wurwula,548,Family Outstation,Moderate,No,No,No,-11.97646,136.30349,8,imputed_type_median,False,False,25.1,1,Telstra,0.6,0.7229,0.2779,49.4,Moderate,False,name,EAST ARNHEM,Not recorded,NORTHERN LAND COUNCIL
263,Mount Jean,957,Family Outstation,Moderate,No,No,No,-13.53259,134.17191,8,imputed_type_median,False,False,24.0,1,Telstra,0.6,0.7156,0.2779,49.2,Moderate,False,name,BIG RIVERS,Not recorded,NORTHERN LAND COUNCIL
264,Ramingining,550,Major,Moderate,No,Yes,Yes,-12.32779,134.93001,1025,risk_dataset,True,True,0.4,1,Telstra,0.6,0.2249,0.877,49.1,Moderate,False,name,EAST ARNHEM,Yolngu Matha (Djambarrpuyngu),NORTHERN LAND COUNCIL
264,Mariah,828,Family Outstation,Moderate,No,No,No,-11.22968,132.38022,8,imputed_type_median,False,False,23.0,1,Telstra,0.6,0.7089,0.2779,49.1,Moderate,False,name,TOP END,Not recorded,NORTHERN LAND COUNCIL
266,Deleye,775,Family Outstation,Moderate,No,Yes,Yes,-13.76535,129.97667,4,risk_dataset,False,False,44.9,0,None,0.6,0.966,0.2036,49.0,Moderate,False,name,TOP END,Not recorded,NORTHERN LAND COUNCIL
267,Gonguruwuy,669,Family Outstation,Moderate,No,No,No,-12.06638,136.15085,8,imputed_type_median,False,False,21.9,1,Telstra,0.6,0.7016,0.2779,48.9,Moderate,False,name,EAST ARNHEM,Not recorded,NORTHERN LAND COUNCIL
268,Yuendumu,198,Major,Moderate,Yes,Yes,Yes,-22.25389,131.79529,892,risk_dataset,True,True,0.4,1,Telstra,0.6,0.2249,0.8594,48.8,Moderate,False,name,CENTRAL AUSTRALIA,Warlpiri,CENTRAL LAND COUNCIL
268,Pertarratenge,859,Family Outstation,Moderate,No,Yes,Yes,-24.41326,133.31956,15,risk_dataset,False,False,16.2,2,"Optus, Telstra",0.6,0.5524,0.3507,48.8,Moderate,False,name,CENTRAL AUSTRALIA,Not recorded,CENTRAL LAND COUNCIL
268,Gurrgurr,331,Family Outstation,High,No,No,No,-12.20644,134.00904,8,imputed_type_median,True,True,29.4,1,Telstra,1.0,0.4182,0.2779,48.8,Moderate,False,name,TOP END,Not recorded,NORTHERN LAND COUNCIL
271,Wurdeja,437,Family Outstation,Moderate,No,Yes,Yes,-12.170569,134.660847,10,risk_dataset,False,False,11.8,1,Telstra,0.6,0.6342,0.3033,48.7,Moderate,False,name,TOP END,Not recorded,NORTHERN LAND COUNCIL
271,Nguyarramini,839,Family Outstation,Low,No,Yes,Yes,-20.08713,134.38577,20,risk_dataset,False,False,52.7,0,None,0.3,1.0,0.3851,48.7,Moderate,False,name,BARKLY,Not recorded,CENTRAL LAND COUNCIL
273,Mewirnbi,372,Family Outstation,High,No,No,No,-12.12529,134.76806,15,risk_dataset,True,True,15.4,1,Telstra,1.0,0.3249,0.3507,48.5,Moderate,False,name,TOP END,Not recorded,NORTHERN LAND COUNCIL
273,Numbulwar,549,Major,Moderate,No,Yes,Yes,-14.2791,135.7406,850,risk_dataset,True,True,0.1,1,Telstra,0.6,0.2229,0.8533,48.5,Moderate,False,name,BIG RIVERS,Eastside Kriol,NORTHERN LAND COUNCIL
273,Kulang,747,Family Outstation,Moderate,No,No,No,-24.71557,129.00638,8,imputed_type_median,False,False,19.0,1,Telstra,0.6,0.6822,0.2779,48.5,Moderate,False,name,CENTRAL AUSTRALIA,Not recorded,CENTRAL LAND COUNCIL
276,Perrederr,406,Family Outstation,Moderate,No,Yes,Yes,-14.01963,129.82661,6,risk_dataset,False,False,31.5,1,Telstra,0.6,0.7656,0.2461,48.4,Moderate,False,name,TOP END,Not recorded,NORTHERN LAND COUNCIL
277,Lajamanu,609,Major,Moderate,Yes,Yes,Yes,-18.335835,130.63834,703,risk_dataset,True,True,0.7,1,Telstra,0.6,0.2269,0.8294,48.3,Moderate,False,name,BIG RIVERS,Warlpiri,CENTRAL LAND COUNCIL
278,Watdagawuy,889,Family Outstation,Moderate,No,No,No,-11.93961,135.70074,8,imputed_type_median,False,False,17.5,1,Telstra,0.6,0.6722,0.2779,48.2,Moderate,False,name,EAST ARNHEM,Not recorded,NORTHERN LAND COUNCIL
278,Town Bore,30,Family Outstation,Moderate,No,Yes,Yes,-23.35473,132.06416,7,risk_dataset,False,False,23.2,1,Telstra,0.6,0.7102,0.263,48.2,Moderate,False,name,CENTRAL AUSTRALIA,Not recorded,CENTRAL LAND COUNCIL
280,Wuyagiba,567,Family Outstation,Low,No,Yes,Yes,-14.62149,135.52036,20,risk_dataset,False,False,44.8,0,None,0.3,0.9653,0.3851,48.1,Moderate,False,name,BIG RIVERS,Not recorded,NORTHERN LAND COUNCIL
280,Weemol,654,Minor,Moderate,No,Yes,Yes,-13.644181,134.308625,329,risk_dataset,True,True,4.7,1,Telstra,0.6,0.2536,0.7335,48.1,Moderate,False,name,BIG RIVERS,Kriol,NORTHERN LAND COUNCIL
280,Ininti,54,Family Outstation,High,No,No,No,-23.16827,129.15249,8,imputed_type_median,True,True,26.6,1,Telstra,1.0,0.3996,0.2779,48.1,Moderate,False,name,CENTRAL AUSTRALIA,Not recorded,CENTRAL LAND COUNCIL
280,Ngarinthi,913,Family Outstation,High,No,No,No,-14.46204,129.42257,8,imputed_type_median,True,True,26.8,1,Telstra,1.0,0.4009,0.2779,48.1,Moderate,False,name,TOP END,Not recorded,NORTHERN LAND COUNCIL
280,Santa Teresa,145,Major,Moderate,Yes,Yes,Yes,-24.1307,134.3733,682,risk_dataset,True,True,0.3,1,Telstra,0.6,0.2242,0.8255,48.1,Moderate,False,name,CENTRAL AUSTRALIA,Eastern / Central Arrernte,CENTRAL LAND COUNCIL
285,Lilla,88,Family Outstation,Moderate,No,Yes,Yes,-24.29728,131.60327,16,risk_dataset,False,False,10.6,2,"Optus, Telstra",0.6,0.5151,0.3584,48.0,Moderate,False,name,CENTRAL AUSTRALIA,Not recorded,CENTRAL LAND COUNCIL
286,Tjuntinanta,153,Family Outstation,Moderate,No,No,No,-24.85187,129.23084,8,imputed_type_median,False,False,15.4,1,Telstra,0.6,0.6582,0.2779,47.9,Moderate,False,name,CENTRAL AUSTRALIA,Not recorded,CENTRAL LAND COUNCIL
286,Kudantiga,936,Family Outstation,High,No,No,No,-14.429181,129.429181,9,bushtel,True,True,23.2,1,Telstra,1.0,0.3769,0.2913,47.9,Moderate,False,name,TOP END,Not recorded,NORTHERN LAND COUNCIL
286,Kunayungku,239,Family Outstation,Moderate,No,Yes,No,-19.74209,133.72464,8,imputed_type_median,True,True,49.1,0,None,0.6,0.6607,0.2779,47.9,Moderate,False,name,BARKLY,Not recorded,CENTRAL LAND COUNCIL
286,Papunya,131,Major,Moderate,Yes,Yes,Yes,-23.203056,131.9111,475,risk_dataset,True,True,1.8,1,Telstra,0.6,0.2342,0.7799,47.9,Moderate,False,name,CENTRAL AUSTRALIA,Luritja/Pintupi,CENTRAL LAND COUNCIL
290,Beswick,581,Major,Moderate,No,Yes,Yes,-14.5548,133.1142,624,risk_dataset,True,True,0.2,1,Telstra,0.6,0.2236,0.8143,47.8,Moderate,False,name,BIG RIVERS,Eastside Kriol,NORTHERN LAND COUNCIL
290,Inyilingi,59,Family Outstation,Moderate,No,No,No,-23.24973,131.42488,8,imputed_type_median,False,False,15.1,1,Telstra,0.6,0.6562,0.2779,47.8,Moderate,False,name,CENTRAL AUSTRALIA,Not recorded,CENTRAL LAND COUNCIL
290,Milmilngkan,830,Family Outstation,Moderate,No,Yes,Yes,-12.52316,134.24731,8,risk_dataset,False,False,15.0,1,Telstra,0.6,0.6556,0.2779,47.8,Moderate,False,name,TOP END,Not recorded,NORTHERN LAND COUNCIL
293,Mudhamul,808,Family Outstation,Moderate,No,No,No,-12.16089,136.17208,8,imputed_type_median,False,False,14.2,1,Telstra,0.6,0.6502,0.2779,47.7,Moderate,False,name,EAST ARNHEM,Not recorded,NORTHERN LAND COUNCIL
294,Ali Curung,202,Major,Moderate,No,Yes,Yes,-21.003334,134.40694,580,risk_dataset,True,True,0.1,1,Telstra,0.6,0.2229,0.8051,47.6,Moderate,False,name,BARKLY,"Warlpiri, Alyawarr, Kaytetye and Warumungu.
",CENTRAL LAND COUNCIL
295,Atnarpa,24995,Family Outstation,Moderate,No,Yes,No,-23.52358,134.78911,8,bushtel,False,False,12.8,1,Optus,0.6,0.6409,0.2779,47.5,Moderate,False,name,CENTRAL AUSTRALIA,Not recorded,CENTRAL LAND COUNCIL
296,Milikapiti,374,Major,Moderate,No,Yes,Yes,-11.421667,130.67418,471,risk_dataset,True,True,0.9,1,Telstra,0.6,0.2282,0.7788,47.4,Moderate,False,name,TOP END,Tiwi (Modern and Traditional),TIWI LAND COUNCIL
297,Buluhkaduru,302,Family Outstation,Low,No,Yes,Yes,-12.432472,134.42307,35,risk_dataset,False,False,33.4,1,Telstra,0.3,0.7782,0.4533,47.3,Moderate,False,name,TOP END,Not recorded,NORTHERN LAND COUNCIL
297,Angwura,960,Family Outstation,Moderate,No,Yes,Yes,-13.91942,136.72609,8,risk_dataset,False,False,11.6,1,Telstra,0.6,0.6329,0.2779,47.3,Moderate,False,name,EAST ARNHEM,Not recorded,ANINDILYAKWA LAND COUNCIL
299,Balma,456,Family Outstation,Low,No,Yes,Yes,-13.24939,135.84857,15,risk_dataset,False,False,57.3,0,None,0.3,1.0,0.3507,47.2,Moderate,False,name,EAST ARNHEM,Not recorded,NORTHERN LAND COUNCIL
299,Camels Hump,768,Family Outstation,Moderate,No,No,No,-23.75175,131.59435,3,bushtel,False,False,56.1,0,None,0.6,1.0,0.1754,47.2,Moderate,False,name,CENTRAL AUSTRALIA,Not recorded,CENTRAL LAND COUNCIL
299,Adelaide Bore,1,Family Outstation,Low,No,Yes,Yes,-22.21485,133.93607,15,risk_dataset,False,False,53.1,0,None,0.3,1.0,0.3507,47.2,Moderate,False,name,CENTRAL AUSTRALIA,Not recorded,CENTRAL LAND COUNCIL
299,Bawaka,462,Family Outstation,High,No,No,No,-12.53365,136.76402,2,risk_dataset,False,False,30.2,1,Telstra,1.0,0.7569,0.139,47.2,Moderate,False,name,EAST ARNHEM,Not recorded,NORTHERN LAND COUNCIL
299,Kintore,72,Major,Moderate,Yes,Yes,Yes,-23.27591,129.38725,482,risk_dataset,True,True,0.3,1,Telstra,0.6,0.2242,0.7817,47.2,Moderate,False,name,CENTRAL AUSTRALIA,Luritja/Pintupi,CENTRAL LAND COUNCIL
299,Luntharra,871,Family Outstation,Moderate,No,Yes,Yes,-23.73543,132.04497,3,risk_dataset,False,False,50.5,0,None,0.6,1.0,0.1754,47.2,Moderate,False,name,CENTRAL AUSTRALIA,Not recorded,CENTRAL LAND COUNCIL
299,Djarrung,670,Family Outstation,Moderate,No,Yes,Yes,-14.81311,131.53759,3,risk_dataset,False,False,66.8,0,None,0.6,1.0,0.1754,47.2,Moderate,False,name,BIG RIVERS,Not recorded,NORTHERN LAND COUNCIL
299,Ukaka,159,Family Outstation,Low,Yes,Yes,Yes,-24.59261,132.37395,15,risk_dataset,False,False,60.0,0,None,0.3,1.0,0.3507,47.2,Moderate,False,name,CENTRAL AUSTRALIA,Not recorded,CENTRAL LAND COUNCIL
299,Gilbert Springs,38,Family Outstation,Moderate,No,No,No,-23.97177,132.48073,8,imputed_type_median,False,False,27.9,2,"Optus, Telstra",0.6,0.6304,0.2779,47.2,Moderate,False,name,CENTRAL AUSTRALIA,Not recorded,CENTRAL LAND COUNCIL
299,Warruwi,429,Major,Moderate,No,Yes,Yes,-11.64896,133.38935,457,risk_dataset,True,True,0.5,1,Telstra,0.6,0.2256,0.775,47.2,Moderate,False,name,TOP END,Maung,NORTHERN LAND COUNCIL
309,Kaltukatjara,66,Major,Moderate,Yes,Yes,Yes,-24.876112,129.07916,463,risk_dataset,True,True,0.4,1,Telstra,0.6,0.2249,0.7766,47.1,Moderate,False,name,CENTRAL AUSTRALIA,Pitjantjatjara,CENTRAL LAND COUNCIL
309,Dhipirrinjura,477,Family Outstation,Moderate,No,Yes,Yes,-12.24806,135.09757,45,risk_dataset,True,True,20.6,1,Telstra,0.6,0.3596,0.4843,47.1,Moderate,False,name,EAST ARNHEM,Not recorded,NORTHERN LAND COUNCIL
311,Kangaroo Island,237,Family Outstation,Moderate,No,Yes,Yes,-15.88848,136.53951,5,risk_dataset,False,False,31.0,1,Telstra,0.6,0.7622,0.2266,47.0,Moderate,False,name,BIG RIVERS,Not recorded,NORTHERN LAND COUNCIL
311,Pirlangimpi,411,Major,Moderate,No,Yes,Yes,-11.4059,130.4172,436,risk_dataset,True,True,0.4,1,Telstra,0.6,0.2249,0.769,47.0,Moderate,False,name,TOP END,Tiwi (Modern and Traditional),TIWI LAND COUNCIL
311,Barunga,580,Major,Moderate,No,Yes,Yes,-14.523625,132.866681,427,risk_dataset,True,True,0.5,1,Telstra,0.6,0.2256,0.7664,47.0,Moderate,False,name,BIG RIVERS,Eastside Kriol,NORTHERN LAND COUNCIL
314,Bayagida,494,Family Outstation,Moderate,No,No,No,-12.04269,134.92821,8,imputed_type_median,False,False,9.1,1,Telstra,0.6,0.6162,0.2779,46.8,Moderate,False,name,EAST ARNHEM,Not recorded,NORTHERN LAND COUNCIL
314,Amengernterneah,104,Family Outstation,High,No,No,No,-21.89767,134.84166,8,imputed_type_median,True,True,22.1,1,Telstra,1.0,0.3696,0.2779,46.8,Moderate,False,name,BARKLY,Not recorded,CENTRAL LAND COUNCIL
314,Cow Lagoon,972,Family Outstation,Moderate,No,Yes,Yes,-16.20751,135.94962,5,risk_dataset,False,False,29.5,1,Telstra,0.6,0.7522,0.2266,46.8,Moderate,False,name,BIG RIVERS,Not recorded,NORTHERN LAND COUNCIL
314,Wudaduk,778,Family Outstation,Moderate,No,Yes,Yes,-14.02771,129.94375,6,risk_dataset,False,False,20.7,1,Telstra,0.6,0.6936,0.2461,46.8,Moderate,False,name,TOP END,Not recorded,NORTHERN LAND COUNCIL
318,Nangu,393,Family Outstation,High,No,No,No,-14.37314,129.37335,8,imputed_type_median,True,True,21.6,1,Telstra,1.0,0.3662,0.2779,46.7,Moderate,False,name,TOP END,Not recorded,NORTHERN LAND COUNCIL
318,Gunbalanya,329,Major,High,No,Yes,Yes,-12.324,133.056,1312,risk_dataset,True,True,0.1,2,"Optus, Telstra",1.0,0.1118,0.9082,46.7,Moderate,False,name,TOP END,Kunwinjku,NORTHERN LAND COUNCIL
320,Amputjuta,11,Family Outstation,Moderate,No,No,No,-24.92956,129.12287,8,imputed_type_median,False,False,7.7,1,Telstra,0.6,0.6069,0.2779,46.6,Moderate,False,name,CENTRAL AUSTRALIA,Not recorded,CENTRAL LAND COUNCIL
320,Barrkira,888,Family Outstation,Moderate,No,Yes,Yes,-12.0086,136.4649,5,risk_dataset,False,False,28.3,1,Telstra,0.6,0.7442,0.2266,46.6,Moderate,False,name,EAST ARNHEM,Not recorded,NORTHERN LAND COUNCIL
322,Bolkdjam,298,Family Outstation,Low,No,Yes,Yes,-12.41151,134.41998,30,risk_dataset,False,False,32.5,1,Telstra,0.3,0.7722,0.4344,46.5,Moderate,False,name,TOP END,Not recorded,NORTHERN LAND COUNCIL
322,Willowra,186,Major,Moderate,Yes,Yes,Yes,-21.244458,132.613903,354,risk_dataset,False,True,0.4,1,Telstra,0.6,0.2249,0.7428,46.5,Moderate,False,name,CENTRAL AUSTRALIA,Warlpiri,CENTRAL LAND COUNCIL
324,Eagle Valley,879,Family Outstation,Moderate,No,No,No,-24.92999,129.09845,8,imputed_type_median,False,False,6.7,1,Telstra,0.6,0.6002,0.2779,46.4,Moderate,False,name,CENTRAL AUSTRALIA,Not recorded,CENTRAL LAND COUNCIL
324,Tjauwata,880,Family Outstation,Moderate,No,No,No,-24.91526,129.12181,8,imputed_type_median,False,False,6.4,1,Telstra,0.6,0.5982,0.2779,46.4,Moderate,False,name,CENTRAL AUSTRALIA,Not recorded,CENTRAL LAND COUNCIL
326,Nanyingburra,543,Family Outstation,Moderate,No,No,No,-11.76057,135.87365,7,bushtel,True,True,44.6,0,None,0.6,0.6307,0.263,46.3,Moderate,False,name,EAST ARNHEM,Not recorded,NORTHERN LAND COUNCIL
327,Barrapunta,579,Family Outstation,Low,No,Yes,Yes,-13.15658,134.85057,12,risk_dataset,False,False,73.3,0,None,0.3,1.0,0.3244,46.0,Moderate,False,name,BIG RIVERS,Not recorded,NORTHERN LAND COUNCIL
327,Minjilang,375,Major,Moderate,No,Yes,Yes,-11.1507,132.5786,290,risk_dataset,True,True,0.6,1,Telstra,0.6,0.2262,0.7176,46.0,Moderate,False,name,TOP END,Iwaidja,NORTHERN LAND COUNCIL
327,Andanangki,449,Family Outstation,Low,No,Yes,Yes,-13.60962,135.76503,12,risk_dataset,False,False,50.7,0,None,0.3,1.0,0.3244,46.0,Moderate,False,name,BIG RIVERS,Not recorded,NORTHERN LAND COUNCIL
327,10 Mile,1022,Family Outstation,Low,No,Yes,Yes,-20.40628,134.75934,12,risk_dataset,False,False,52.5,0,None,0.3,1.0,0.3244,46.0,Moderate,False,name,BARKLY,Not recorded,CENTRAL LAND COUNCIL
327,Arawerr,147,Minor,Moderate,No,Yes,Yes,-22.01371,134.84618,76,risk_dataset,True,True,10.9,1,Telstra,0.6,0.2949,0.5494,46.0,Moderate,False,name,BARKLY,Not recorded,CENTRAL LAND COUNCIL
327,Atitjere,42,Major,Moderate,Yes,Yes,Yes,-22.9843,134.9341,263,risk_dataset,True,True,1.1,1,Telstra,0.6,0.2296,0.7053,46.0,Moderate,False,name,CENTRAL AUSTRALIA,Eastern Arrente,CENTRAL LAND COUNCIL
333,Gorrong-Gorrong,321,Family Outstation,Moderate,No,Yes,Yes,-12.12294,134.49532,6,bushtel,False,False,15.0,1,Telstra,0.6,0.6556,0.2461,45.9,Moderate,False,name,TOP END,Not recorded,NORTHERN LAND COUNCIL
333,Kalinjarri,736,Family Outstation,Moderate,No,No,No,-20.39752,134.36571,8,imputed_type_median,False,False,20.3,2,"Optus, Telstra",0.6,0.5798,0.2779,45.9,Moderate,False,name,BARKLY,Not recorded,CENTRAL LAND COUNCIL
333,Sugar Creek,18,Family Outstation,Moderate,No,No,No,-23.949736,132.573625,8,imputed_type_median,False,False,20.6,2,"Optus, Telstra",0.6,0.5818,0.2779,45.9,Moderate,False,name,CENTRAL AUSTRALIA,Not recorded,CENTRAL LAND COUNCIL
333,Rurrangala,480,Family Outstation,Low,No,Yes,Yes,-12.90425,136.25382,15,risk_dataset,False,False,37.8,0,None,0.3,0.9187,0.3507,45.9,Moderate,False,name,EAST ARNHEM,Not recorded,NORTHERN LAND COUNCIL
333,Brumby Plains,24904,Family Outstation,Moderate,No,Yes,Yes,-16.9602,129.108889,6,risk_dataset,False,False,14.7,1,Telstra,0.6,0.6536,0.2461,45.9,Moderate,False,name,BIG RIVERS,Not recorded,CENTRAL LAND COUNCIL
338,Mt Eaglebeak,855,Family Outstation,Low,No,Yes,Yes,-22.9564,135.19891,30,risk_dataset,False,False,26.8,1,Telstra,0.3,0.7342,0.4344,45.7,Moderate,False,name,CENTRAL AUSTRALIA,Not recorded,CENTRAL LAND COUNCIL
338,Murtulki,688,Family Outstation,Moderate,No,No,No,-19.91784,134.38936,8,imputed_type_median,True,True,36.0,0,None,0.6,0.5733,0.2779,45.7,Moderate,False,name,BARKLY,Not recorded,CENTRAL LAND COUNCIL
338,Laramba,86,Major,Moderate,Yes,Yes,Yes,-22.532972,132.75603,281,risk_dataset,True,True,0.2,1,Telstra,0.6,0.2236,0.7136,45.7,Moderate,False,name,CENTRAL AUSTRALIA,Anmatyerr,CENTRAL LAND COUNCIL
338,Nyirripi,128,Major,Moderate,Yes,Yes,Yes,-22.6505,130.5532,277,risk_dataset,True,True,0.2,1,Telstra,0.6,0.2236,0.7118,45.7,Moderate,False,name,CENTRAL AUSTRALIA,Warlpiri,CENTRAL LAND COUNCIL
338,Robinson River,258,Major,Moderate,No,Yes,Yes,-16.759736,136.980569,261,risk_dataset,True,True,0.5,1,Telstra,0.6,0.2256,0.7043,45.7,Moderate,False,name,BIG RIVERS,Eastside Kriol,NORTHERN LAND COUNCIL
338,Canteen Creek,219,Major,Moderate,No,Yes,Yes,-20.645082,135.58678,216,risk_dataset,True,True,1.7,1,Telstra,0.6,0.2336,0.6805,45.7,Moderate,False,name,BARKLY,Alyawarr,CENTRAL LAND COUNCIL
344,Merrepen,717,Family Outstation,Moderate,No,Yes,Yes,-14.22128,129.96735,50,risk_dataset,True,True,14.3,1,Telstra,0.6,0.3176,0.4973,45.6,Moderate,False,name,TOP END,Not recorded,NORTHERN LAND COUNCIL
345,Wutunugurra,227,Major,Moderate,No,Yes,Yes,-20.461555,135.25241,195,risk_dataset,True,True,1.9,1,Telstra,0.6,0.2349,0.6676,45.5,Moderate,False,name,BARKLY,Alyawarr,CENTRAL LAND COUNCIL
345,Yuelamu,197,Major,Moderate,Yes,Yes,Yes,-22.258347,132.205569,259,risk_dataset,False,True,0.1,1,Telstra,0.6,0.2229,0.7034,45.5,Moderate,False,name,CENTRAL AUSTRALIA,Anmatyerr / Warlpiri,CENTRAL LAND COUNCIL
347,Pwerte Marnte Marnte,940,Family Outstation,Moderate,No,Yes,Yes,-24.37338,133.71982,10,risk_dataset,False,False,10.5,2,"Optus, Telstra",0.6,0.5144,0.3033,45.4,Moderate,False,name,CENTRAL AUSTRALIA,Not recorded,CENTRAL LAND COUNCIL
347,Iron Stone,826,Family Outstation,High,No,No,No,-12.89499,130.43571,8,imputed_type_median,True,True,17.3,1,Telstra,1.0,0.3376,0.2779,45.4,Moderate,False,name,TOP END,Not recorded,NORTHERN LAND COUNCIL
349,Morris Gap,105,Family Outstation,Moderate,No,No,No,-24.11251,131.43922,8,imputed_type_median,False,False,17.1,2,"Optus, Telstra",0.6,0.5584,0.2779,45.3,Moderate,False,name,CENTRAL AUSTRALIA,Not recorded,CENTRAL LAND COUNCIL
349,Finke,36,Major,Moderate,Yes,Yes,Yes,-25.5821,134.5779,226,risk_dataset,False,True,0.6,1,Telstra,0.6,0.2262,0.6862,45.3,Moderate,False,name,CENTRAL AUSTRALIA,"Pitjantjatjara, Yankunytjatjara, Southern Luritja",CENTRAL LAND COUNCIL
349,Mount Liebig,112,Major,Moderate,Yes,Yes,Yes,-23.26605,131.27319,199,risk_dataset,True,True,1.4,1,Telstra,0.6,0.2316,0.6702,45.3,Moderate,False,name,CENTRAL AUSTRALIA,Luritja/Pintupi,CENTRAL LAND COUNCIL
352,Munyalini,249,Family Outstation,Moderate,No,Yes,Yes,-16.09259,136.18938,50,risk_dataset,True,True,13.2,1,Telstra,0.6,0.3102,0.4973,45.2,Moderate,False,name,BIG RIVERS,Not recorded,NORTHERN LAND COUNCIL
352,Dhaniya,955,Family Outstation,Moderate,No,Yes,Yes,-12.55007,136.73791,4,risk_dataset,False,False,29.8,1,Telstra,0.6,0.7542,0.2036,45.2,Moderate,False,name,EAST ARNHEM,Not recorded,NORTHERN LAND COUNCIL
354,Yanyula,278,Town Camp,Moderate,No,Yes,Yes,-16.0613,136.3083,200,risk_dataset,True,True,0.9,1,Telstra,0.6,0.2282,0.6708,45.1,Moderate,False,name,BIG RIVERS,Not recorded,NORTHERN LAND COUNCIL
354,Wilgi,432,Family Outstation,Moderate,No,Yes,Yes,-11.49601,132.74947,6,risk_dataset,True,True,43.2,0,None,0.6,0.6213,0.2461,45.1,Moderate,False,name,TOP END,Not recorded,NORTHERN LAND COUNCIL
354,Gumuruguru,497,Family Outstation,High,No,No,No,-12.06001,134.76306,8,imputed_type_median,True,True,16.1,1,Telstra,1.0,0.3296,0.2779,45.1,Moderate,False,name,EAST ARNHEM,Not recorded,NORTHERN LAND COUNCIL
357,Mungalawurru,248,Family Outstation,Low,No,Yes,Yes,-19.38253,133.59552,10,risk_dataset,False,False,64.5,0,None,0.3,1.0,0.3033,45.0,Moderate,False,name,BARKLY,Not recorded,CENTRAL LAND COUNCIL
357,Wurankuwu,868,Minor,Moderate,No,Yes,Yes,-11.61652,130.27763,4,risk_dataset,False,False,28.3,1,Telstra,0.6,0.7442,0.2036,45.0,Moderate,False,name,TOP END,Not recorded,TIWI LAND COUNCIL
357,South West Island,262,Family Outstation,Low,No,Yes,Yes,-15.68902,136.68821,10,risk_dataset,False,False,57.6,0,None,0.3,1.0,0.3033,45.0,Moderate,False,name,BIG RIVERS,Not recorded,NORTHERN LAND COUNCIL
360,Snake Well,948,Family Outstation,Low,Yes,Yes,Yes,-23.159458,133.915292,12,risk_dataset,False,False,39.5,0,None,0.3,0.93,0.3244,44.9,Moderate,False,name,CENTRAL AUSTRALIA,Not recorded,CENTRAL LAND COUNCIL
360,Mimina,724,Family Outstation,Moderate,No,Yes,Yes,-16.80211,136.83428,5,risk_dataset,False,False,16.7,1,Telstra,0.6,0.6669,0.2266,44.9,Moderate,False,name,BIG RIVERS,Not recorded,NORTHERN LAND COUNCIL
362,Bularring,467,Family Outstation,High,No,No,No,-12.04636,135.70342,8,imputed_type_median,True,True,15.2,1,Telstra,1.0,0.3236,0.2779,44.8,Moderate,False,name,EAST ARNHEM,Not recorded,NORTHERN LAND COUNCIL
363,Marlwon,325,Family Outstation,Moderate,No,Yes,Yes,-12.13453,133.86307,4,risk_dataset,False,False,26.1,1,Telstra,0.6,0.7296,0.2036,44.7,Moderate,False,name,TOP END,Not recorded,NORTHERN LAND COUNCIL
364,Nama,1026,Family Outstation,Moderate,No,Yes,Yes,-14.22945,129.85879,40,risk_dataset,True,True,13.8,1,Telstra,0.6,0.3142,0.4697,44.6,Moderate,False,name,TOP END,Not recorded,NORTHERN LAND COUNCIL
364,Kolorbidahdah,345,Family Outstation,Low,No,Yes,Yes,-12.61309,134.32539,25,risk_dataset,False,False,24.6,1,Telstra,0.3,0.7196,0.4121,44.6,Moderate,False,name,TOP END,Not recorded,NORTHERN LAND COUNCIL
364,Pinpirnga,136,Family Outstation,High,No,No,No,-23.16275,129.46322,8,imputed_type_median,True,True,14.5,1,Telstra,1.0,0.3189,0.2779,44.6,Moderate,False,name,CENTRAL AUSTRALIA,Not recorded,CENTRAL LAND COUNCIL
367,Imanpa,51,Major,Moderate,Yes,Yes,Yes,-25.13051,132.56999,177,risk_dataset,True,True,0.2,1,Telstra,0.6,0.2236,0.6554,44.5,Moderate,False,name,CENTRAL AUSTRALIA,Pitjantjatjara,CENTRAL LAND COUNCIL
368,Garriyak,504,Family Outstation,High,No,No,No,-12.14861,135.56284,8,imputed_type_median,True,True,13.8,1,Telstra,1.0,0.3142,0.2779,44.4,Moderate,False,name,EAST ARNHEM,Not recorded,NORTHERN LAND COUNCIL
368,Mara,222,Town Camp,Moderate,No,Yes,Yes,-16.050847,136.304736,170,risk_dataset,True,True,0.3,1,Telstra,0.6,0.2242,0.6504,44.4,Moderate,False,name,BIG RIVERS,Not recorded,NORTHERN LAND COUNCIL
368,Kumunu,1000,Family Outstation,High,No,No,No,-18.764181,133.639458,1,risk_dataset,False,False,52.2,0,None,1.0,1.0,0.0877,44.4,Moderate,True,name,BARKLY,Not recorded,CENTRAL LAND COUNCIL
368,Ditchi,310,Family Outstation,High,No,No,No,-14.30373,129.40855,8,imputed_type_median,True,True,13.9,1,Telstra,1.0,0.3149,0.2779,44.4,Moderate,False,name,TOP END,Not recorded,NORTHERN LAND COUNCIL
372,Ngangalala,542,Minor,Moderate,No,Yes,Yes,-12.298347,134.992236,64,risk_dataset,True,True,7.9,1,Telstra,0.6,0.2749,0.528,44.3,Moderate,False,name,EAST ARNHEM,Not recorded,NORTHERN LAND COUNCIL
372,Milyakburra,532,Major,Moderate,No,Yes,Yes,-13.78389,136.19583,161,risk_dataset,True,True,0.4,1,Telstra,0.6,0.2249,0.6435,44.3,Moderate,False,name,EAST ARNHEM,Anindilyakwa,ANINDILYAKWA LAND COUNCIL
374,Darrangmurmanja,472,Family Outstation,High,No,No,No,-13.72486,136.59277,8,imputed_type_median,True,True,13.3,1,Telstra,1.0,0.3109,0.2779,44.2,Moderate,False,name,EAST ARNHEM,Not recorded,ANINDILYAKWA LAND COUNCIL
375,Purrukuwurru,732,Family Outstation,High,No,No,No,-19.94562,135.69629,8,imputed_type_median,True,True,29.5,2,"Optus, Telstra",1.0,0.3078,0.2779,44.1,Moderate,False,name,BARKLY,Not recorded,CENTRAL LAND COUNCIL
376,Alatyeye,693,Family Outstation,Moderate,No,Yes,Yes,-23.09733,134.21897,7,risk_dataset,False,False,14.5,2,"Optus, Telstra",0.6,0.5411,0.263,44.0,Moderate,False,name,CENTRAL AUSTRALIA,Not recorded,CENTRAL LAND COUNCIL
376,Garawa 1,229,Town Camp,Moderate,No,Yes,Yes,-16.068792,136.321292,110,risk_dataset,True,True,2.3,1,Telstra,0.6,0.2376,0.5957,44.0,Moderate,False,name,BIG RIVERS,Not recorded,NORTHERN LAND COUNCIL
376,Damdam,307,Family Outstation,High,No,No,No,-12.16556,134.64529,8,imputed_type_median,True,True,12.7,1,Telstra,1.0,0.3069,0.2779,44.0,Moderate,False,name,TOP END,Not recorded,NORTHERN LAND COUNCIL
379,Mandedjkadjang,897,Family Outstation,Moderate,No,Yes,Yes,-12.26454,134.03056,12,risk_dataset,True,True,31.9,1,Telstra,0.6,0.4349,0.3244,43.9,Moderate,False,name,TOP END,Not recorded,NORTHERN LAND COUNCIL
379,Scott Point,958,Family Outstation,High,No,No,No,-13.75212,136.84751,8,imputed_type_median,True,True,12.3,1,Telstra,1.0,0.3042,0.2779,43.9,Moderate,False,name,EAST ARNHEM,Not recorded,ANINDILYAKWA LAND COUNCIL
381,Gilirri,490,Family Outstation,High,No,No,No,-12.33029,134.81695,8,imputed_type_median,True,True,11.9,1,Telstra,1.0,0.3016,0.2779,43.8,Moderate,False,name,EAST ARNHEM,Not recorded,NORTHERN LAND COUNCIL
381,Berraja,295,Family Outstation,High,No,No,No,-12.07195,134.50486,8,imputed_type_median,True,True,12.1,1,Telstra,1.0,0.3029,0.2779,43.8,Moderate,False,name,TOP END,Not recorded,NORTHERN LAND COUNCIL
383,Manangoora,816,Family Outstation,Moderate,No,Yes,Yes,-16.0515,136.86085,2,risk_dataset,False,False,59.3,0,None,0.6,1.0,0.139,43.7,Moderate,False,name,BIG RIVERS,Not recorded,NORTHERN LAND COUNCIL
383,Yathalamarra,571,Minor,Moderate,No,Yes,Yes,-12.274458,134.921958,66,risk_dataset,True,True,6.0,1,Telstra,0.6,0.2622,0.5318,43.7,Moderate,False,name,EAST ARNHEM,Not recorded,NORTHERN LAND COUNCIL
383,Garrinjinny,993,Family Outstation,Moderate,No,Yes,Yes,-16.67496,135.64751,8,risk_dataset,False,False,8.5,2,"Optus, Telstra",0.6,0.5011,0.2779,43.7,Moderate,False,name,BIG RIVERS,Not recorded,NORTHERN LAND COUNCIL
383,Dhuruputjpi,554,Family Outstation,Low,No,Yes,Yes,-13.05478,136.17661,8,risk_dataset,False,False,53.7,0,None,0.3,1.0,0.2779,43.7,Moderate,False,name,EAST ARNHEM,Not recorded,NORTHERN LAND COUNCIL
383,Baygurrtji,463,Family Outstation,Moderate,No,No,No,-13.15787,135.86654,2,bushtel,False,False,52.3,0,None,0.6,1.0,0.139,43.7,Moderate,False,name,EAST ARNHEM,Not recorded,NORTHERN LAND COUNCIL
383,Barraratjpi,938,Family Outstation,Low,No,Yes,Yes,-13.21858,136.39138,8,risk_dataset,False,False,54.3,0,None,0.3,1.0,0.2779,43.7,Moderate,False,name,EAST ARNHEM,Not recorded,NORTHERN LAND COUNCIL
383,Double D,24897,Family Outstation,Moderate,No,Yes,Yes,-21.231767,134.946844,2,risk_dataset,False,False,52.3,0,None,0.6,1.0,0.139,43.7,Moderate,False,name,BARKLY,Not recorded,CENTRAL LAND COUNCIL
383,Mu-Gurta,964,Family Outstation,Moderate,No,Yes,Yes,-12.25897,134.50814,4,risk_dataset,False,False,19.2,1,Telstra,0.6,0.6836,0.2036,43.7,Moderate,False,name,TOP END,Not recorded,NORTHERN LAND COUNCIL
383,Crabhole,24901,Family Outstation,Moderate,No,Yes,Yes,-16.21525,137.09915,2,risk_dataset,False,False,61.6,0,None,0.6,1.0,0.139,43.7,Moderate,False,name,BIG RIVERS,Not recorded,NORTHERN LAND COUNCIL
383,Kalumpurlpa,236,Family Outstation,Moderate,No,No,No,-19.00387,133.91809,2,risk_dataset,False,False,57.0,0,None,0.6,1.0,0.139,43.7,Moderate,False,name,BARKLY,Not recorded,CENTRAL LAND COUNCIL
383,Rodna,144,Family Outstation,Moderate,No,No,No,-23.76213,132.67042,8,imputed_type_median,False,False,8.6,2,"Optus, Telstra",0.6,0.5018,0.2779,43.7,Moderate,False,name,CENTRAL AUSTRALIA,Not recorded,CENTRAL LAND COUNCIL
383,Penyeme,1014,Family Outstation,Moderate,No,No,No,-22.787249,135.67273,2,risk_dataset,False,False,50.8,0,None,0.6,1.0,0.139,43.7,Moderate,False,name,CENTRAL AUSTRALIA,Not recorded,CENTRAL LAND COUNCIL
395,Yarralin,658,Major,High,No,Yes,Yes,-16.44841,130.88279,344,risk_dataset,True,True,0.2,2,"Optus, Telstra",1.0,0.1124,0.7391,43.6,Moderate,False,name,BIG RIVERS,Ngarinyman / Kriol,NORTHERN LAND COUNCIL
395,Conder Point,1012,Family Outstation,Moderate,No,Yes,No,-11.65088,131.32757,2,risk_dataset,False,False,49.3,0,None,0.6,0.9953,0.139,43.6,Moderate,False,name,TOP END,Not recorded,TIWI LAND COUNCIL
395,Malkala,522,Family Outstation,Moderate,No,Yes,Yes,-13.891403,136.442236,70,risk_dataset,True,True,5.0,1,Telstra,0.6,0.2556,0.5392,43.6,Moderate,False,name,EAST ARNHEM,Not recorded,ANINDILYAKWA LAND COUNCIL
398,Pulardi,139,Family Outstation,Low,No,Yes,Yes,-22.56332,132.37978,10,risk_dataset,False,False,35.6,0,None,0.3,0.904,0.3033,43.5,Moderate,False,name,CENTRAL AUSTRALIA,Not recorded,CENTRAL LAND COUNCIL
398,Jilkminggan,593,Minor,High,No,Yes,Yes,-14.953055,133.3,354,risk_dataset,True,True,0.0,2,"Optus, Telstra",1.0,0.1111,0.7428,43.5,Moderate,False,name,BIG RIVERS,Eastside Kriol,NORTHERN LAND COUNCIL
400,Kybrook Farm,608,Minor,Moderate,No,Yes,Yes,-13.86316,131.82196,72,risk_dataset,True,True,4.2,1,Telstra,0.6,0.2502,0.5427,43.4,Moderate,False,name,BIG RIVERS,Kriol,NORTHERN LAND COUNCIL
400,Mole Hill,627,Family Outstation,Moderate,No,Yes,Yes,-14.87499,133.83303,2,risk_dataset,False,False,46.8,0,None,0.6,0.9787,0.139,43.4,Moderate,False,name,BIG RIVERS,Not recorded,NORTHERN LAND COUNCIL
402,Mobarn,827,Family Outstation,High,No,No,No,-13.57939,134.35499,8,imputed_type_median,True,True,10.4,1,Telstra,1.0,0.2916,0.2779,43.3,Moderate,False,name,BIG RIVERS,Not recorded,NORTHERN LAND COUNCIL
402,Buni-Inwunbuluk,976,Family Outstation,Moderate,No,Yes,Yes,-11.40613,132.82554,5,risk_dataset,True,True,39.7,0,None,0.6,0.598,0.2266,43.3,Moderate,False,name,TOP END,Not recorded,NORTHERN LAND COUNCIL
402,Wallace Rockhole,174,Major,Moderate,Yes,Yes,Yes,-24.1245,133.0863,120,risk_dataset,True,True,0.1,1,Telstra,0.6,0.2229,0.6066,43.3,Moderate,False,name,CENTRAL AUSTRALIA,Western Arrernte,CENTRAL LAND COUNCIL
402,Karrinyarra,116,Family Outstation,Low,No,Yes,Yes,-22.66329,131.87876,8,risk_dataset,False,False,46.5,0,None,0.3,0.9767,0.2779,43.3,Moderate,False,name,CENTRAL AUSTRALIA,Not recorded,CENTRAL LAND COUNCIL
402,Iylentye,727,Family Outstation,Moderate,No,Yes,Yes,-21.98676,134.72667,33,bushtel,True,True,12.2,1,Telstra,0.6,0.3036,0.446,43.3,Moderate,False,name,BARKLY,Not recorded,CENTRAL LAND COUNCIL
407,Gumeragi,308,Family Outstation,Moderate,No,Yes,Yes,-11.1688,132.1647,2,risk_dataset,False,False,44.7,0,None,0.6,0.9647,0.139,43.2,Moderate,False,name,TOP END,Not recorded,NORTHERN LAND COUNCIL
408,Arlparra,168,Family Outstation,Moderate,No,Yes,Yes,-22.08779,134.77476,110,bushtel,True,True,0.2,1,Telstra,0.6,0.2236,0.5957,43.1,Moderate,False,name,BARKLY,Alyawarr,CENTRAL LAND COUNCIL
409,Waldnarr,556,Family Outstation,Low,No,Yes,Yes,-13.76563,135.80531,8,risk_dataset,False,False,42.6,0,None,0.3,0.9507,0.2779,43.0,Moderate,False,name,BIG RIVERS,Not recorded,NORTHERN LAND COUNCIL
410,Atnarara,146,Family Outstation,Moderate,No,Yes,Yes,-22.02622,134.78721,47,bushtel,True,True,6.8,1,Telstra,0.6,0.2676,0.4897,42.8,Moderate,False,name,BARKLY,Not recorded,CENTRAL LAND COUNCIL
411,Alyarpere,24991,Family Outstation,Moderate,No,Yes,No,-23.707758,134.493324,4,bushtel,False,False,12.4,1,Optus,0.6,0.6382,0.2036,42.7,Moderate,False,name,CENTRAL AUSTRALIA,Not recorded,CENTRAL LAND COUNCIL
411,Yangulinyina,218,Family Outstation,Moderate,No,Yes,Yes,-16.88886,137.20896,3,risk_dataset,False,False,28.0,1,Telstra,0.6,0.7422,0.1754,42.7,Moderate,False,name,BIG RIVERS,Not recorded,NORTHERN LAND COUNCIL
413,Ipolera,60,Family Outstation,Low,No,Yes,Yes,-23.98862,132.37407,8,imputed_type_median,False,False,37.9,0,None,0.3,0.9193,0.2779,42.5,Moderate,False,name,CENTRAL AUSTRALIA,Not recorded,CENTRAL LAND COUNCIL
413,Nturiya,127,Major,Moderate,Yes,Yes,Yes,-22.12379,133.26529,110,risk_dataset,True,True,15.6,2,"Optus, Telstra",0.6,0.2151,0.5957,42.5,Moderate,False,name,CENTRAL AUSTRALIA,Anmatyerr,CENTRAL LAND COUNCIL
415,Muckaty,1001,Family Outstation,Moderate,No,Yes,Yes,-18.639319,133.895903,2,risk_dataset,False,False,37.2,0,None,0.6,0.9147,0.139,42.4,Moderate,False,name,BARKLY,Not recorded,NORTHERN LAND COUNCIL
415,Matamata,529,Family Outstation,Low,No,Yes,Yes,-12.07676,136.27125,21,risk_dataset,False,False,14.2,1,Telstra,0.3,0.6502,0.391,42.4,Moderate,False,name,EAST ARNHEM,Not recorded,NORTHERN LAND COUNCIL
415,Larrpayanji,696,Family Outstation,High,No,No,No,-14.78334,134.68017,8,imputed_type_median,True,True,7.9,1,Telstra,1.0,0.2749,0.2779,42.4,Moderate,False,name,BIG RIVERS,Not recorded,NORTHERN LAND COUNCIL
418,Utily,24,Family Outstation,Low,No,Yes,Yes,-23.48877,131.87319,12,risk_dataset,False,False,33.5,1,Telstra,0.3,0.7789,0.3244,42.3,Moderate,False,name,CENTRAL AUSTRALIA,Not recorded,CENTRAL LAND COUNCIL
418,Gurkawuy,516,Family Outstation,Low,No,Yes,Yes,-12.97616,136.50362,15,risk_dataset,False,False,24.9,1,Telstra,0.3,0.7216,0.3507,42.3,Moderate,False,name,EAST ARNHEM,Not recorded,NORTHERN LAND COUNCIL
418,Wallaces Lagoon,24903,Family Outstation,Moderate,No,Yes,Yes,-16.122667,136.6356,2,risk_dataset,False,False,36.0,0,None,0.6,0.9067,0.139,42.3,Moderate,False,name,BIG RIVERS,Not recorded,NORTHERN LAND COUNCIL
418,Wumirdin,937,Family Outstation,High,No,No,No,-14.18907,129.56319,8,imputed_type_median,True,True,7.4,1,Telstra,1.0,0.2716,0.2779,42.3,Moderate,False,name,TOP END,Not recorded,NORTHERN LAND COUNCIL
418,Pickertaramoor,744,Minor,Moderate,No,Yes,Yes,-11.766666,130.9,78,imputed_type_median,True,True,1.0,1,Telstra,0.6,0.2289,0.5527,42.3,Moderate,False,name,TOP END,Not recorded,TIWI LAND COUNCIL
418,Amirraba,446,Family Outstation,High,No,No,No,-13.90868,136.85787,8,imputed_type_median,True,True,7.5,1,Telstra,1.0,0.2722,0.2779,42.3,Moderate,False,name,EAST ARNHEM,Not recorded,ANINDILYAKWA LAND COUNCIL
424,Bukudal,466,Family Outstation,Low,No,Yes,Yes,-12.966471,136.613529,15,risk_dataset,False,False,23.2,1,Telstra,0.3,0.7102,0.3507,42.1,Moderate,False,name,EAST ARNHEM,Not recorded,NORTHERN LAND COUNCIL
425,Katjutari,870,Family Outstation,Low,No,Yes,Yes,-23.740847,132.004736,6,risk_dataset,False,False,54.6,0,None,0.3,1.0,0.2461,42.0,Moderate,False,name,CENTRAL AUSTRALIA,Not recorded,CENTRAL LAND COUNCIL
425,Nemarluk,716,Family Outstation,Moderate,No,Yes,Yes,-14.24122,130.00325,23,risk_dataset,True,True,12.7,1,Telstra,0.6,0.3069,0.402,42.0,Moderate,False,name,TOP END,Not recorded,NORTHERN LAND COUNCIL
425,Sandy Bore,24898,Family Outstation,Low,Yes,Yes,Yes,-24.5575,132.524333,6,risk_dataset,False,False,59.9,0,None,0.3,1.0,0.2461,42.0,Moderate,False,name,CENTRAL AUSTRALIA,Not recorded,CENTRAL LAND COUNCIL
425,Miwul,536,Family Outstation,Moderate,No,No,No,-14.03209,135.91266,8,imputed_type_median,True,True,33.2,1,Telstra,0.6,0.4436,0.2779,42.0,Moderate,False,name,BIG RIVERS,Not recorded,NORTHERN LAND COUNCIL
425,Djarrakpi,482,Family Outstation,Low,No,Yes,Yes,-13.29691,136.35162,6,risk_dataset,False,False,56.6,0,None,0.3,1.0,0.2461,42.0,Moderate,False,name,EAST ARNHEM,Not recorded,NORTHERN LAND COUNCIL
430,Garawa 2,992,Town Camp,Moderate,No,Yes,Yes,-16.073903,136.318903,56,risk_dataset,True,True,2.6,1,Telstra,0.6,0.2396,0.5114,41.9,Moderate,False,name,BIG RIVERS,Not recorded,NORTHERN LAND COUNCIL
430,Kumurrulu,967,Family Outstation,Low,No,Yes,Yes,-12.27171,134.07048,12,risk_dataset,False,False,29.7,1,Telstra,0.3,0.7536,0.3244,41.9,Moderate,False,name,TOP END,Not recorded,NORTHERN LAND COUNCIL
430,Ngardinitchi,430,Family Outstation,High,No,No,No,-14.19288,129.48431,8,imputed_type_median,True,True,6.5,1,Telstra,1.0,0.2656,0.2779,41.9,Moderate,False,name,TOP END,Not recorded,NORTHERN LAND COUNCIL
430,Wigu,431,Family Outstation,High,No,No,No,-11.61353,133.43225,8,imputed_type_median,True,True,6.4,1,Telstra,1.0,0.2649,0.2779,41.9,Moderate,False,name,TOP END,Not recorded,NORTHERN LAND COUNCIL
434,Timor Springs,891,Family Outstation,High,No,No,No,-11.09665,132.57399,8,imputed_type_median,True,True,5.7,1,Telstra,1.0,0.2602,0.2779,41.7,Moderate,False,name,TOP END,Not recorded,NORTHERN LAND COUNCIL
435,Injilatparri,336,Family Outstation,High,No,No,No,-11.611125,133.413625,8,imputed_type_median,True,True,5.2,1,Telstra,1.0,0.2569,0.2779,41.5,Moderate,False,name,TOP END,Not recorded,NORTHERN LAND COUNCIL
436,Burt Creek,713,Family Outstation,Low,Yes,Yes,Yes,-23.196524,133.747591,24,risk_dataset,True,True,37.0,0,None,0.3,0.58,0.4072,41.4,Moderate,False,name,CENTRAL AUSTRALIA,Not recorded,CENTRAL LAND COUNCIL
437,Myatt,678,Family Outstation,Moderate,No,Yes,Yes,-15.70656,130.483347,63,risk_dataset,True,True,0.1,1,Telstra,0.6,0.2229,0.5261,41.3,Moderate,False,name,BIG RIVERS,Not recorded,NORTHERN LAND COUNCIL
437,Wandangula,256,Minor,Moderate,No,Yes,Yes,-16.05477,136.34558,40,risk_dataset,True,True,4.2,1,Telstra,0.6,0.2502,0.4697,41.3,Moderate,False,name,BIG RIVERS,Not recorded,NORTHERN LAND COUNCIL
437,Beer St Bore,844,Family Outstation,High,No,No,No,-25.58297,134.52565,8,imputed_type_median,False,True,4.8,1,Telstra,1.0,0.2542,0.2779,41.3,Moderate,False,name,CENTRAL AUSTRALIA,Not recorded,CENTRAL LAND COUNCIL
440,Orrtipa-Thurra,26,Minor,Moderate,No,Yes,Yes,-22.784582,136.16829,60,risk_dataset,False,True,0.4,1,Telstra,0.6,0.2249,0.52,41.2,Moderate,False,name,CENTRAL AUSTRALIA,Not recorded,CENTRAL LAND COUNCIL
441,Banatjarl,946,Family Outstation,Moderate,No,No,No,-14.47668,132.651402,10,bushtel,True,True,23.8,1,Telstra,0.6,0.3809,0.3033,41.1,Moderate,False,name,BIG RIVERS,Not recorded,NORTHERN LAND COUNCIL
442,Ji-Marda,340,Family Outstation,Moderate,No,Yes,Yes,-12.056125,134.615014,58,risk_dataset,False,True,0.1,1,Telstra,0.6,0.2229,0.5158,41.0,Moderate,False,name,TOP END,Not recorded,NORTHERN LAND COUNCIL
442,Jarramagorndarra,966,Family Outstation,High,No,No,No,-12.29072,134.65311,8,imputed_type_median,False,True,3.8,1,Telstra,1.0,0.2476,0.2779,41.0,Moderate,False,name,TOP END,Not recorded,NORTHERN LAND COUNCIL
444,Inkwelaye,82,Family Outstation,Moderate,No,Yes,Yes,-22.07951,134.83153,31,bushtel,True,True,5.8,1,Telstra,0.6,0.2609,0.4384,40.9,Moderate,False,name,BARKLY,Not recorded,CENTRAL LAND COUNCIL
444,Corella Creek,220,Family Outstation,Moderate,No,Yes,Yes,-18.36685,135.85671,56,risk_dataset,False,True,0.1,1,Telstra,0.6,0.2229,0.5114,40.9,Moderate,False,name,BARKLY,Not recorded,NORTHERN LAND COUNCIL
446,Mooloowa,990,Family Outstation,Low,No,Yes,Yes,-15.62411,137.00053,5,risk_dataset,False,False,88.3,0,None,0.3,1.0,0.2266,40.8,Moderate,False,name,BIG RIVERS,Not recorded,NORTHERN LAND COUNCIL
446,Blacktank Bore,784,Family Outstation,Low,No,Yes,Yes,-23.32352,134.02049,18,risk_dataset,True,True,41.2,0,None,0.3,0.608,0.3724,40.8,Moderate,False,name,CENTRAL AUSTRALIA,Not recorded,CENTRAL LAND COUNCIL
446,Turners Camp,785,Family Outstation,Low,Yes,Yes,Yes,-23.30514,134.06937,18,risk_dataset,True,True,41.3,0,None,0.3,0.6087,0.3724,40.8,Moderate,False,name,CENTRAL AUSTRALIA,Not recorded,CENTRAL LAND COUNCIL
446,Bujan,257,Family Outstation,Low,No,Yes,Yes,-16.26901,136.87915,5,risk_dataset,False,False,55.5,0,None,0.3,1.0,0.2266,40.8,Moderate,False,name,BIG RIVERS,Not recorded,NORTHERN LAND COUNCIL
446,Babungi,1011,Family Outstation,Low,No,Yes,Yes,-15.74444,136.97858,5,risk_dataset,False,False,79.7,0,None,0.3,1.0,0.2266,40.8,Moderate,False,name,BIG RIVERS,Not recorded,NORTHERN LAND COUNCIL
451,Yinyikay,999,Family Outstation,Low,No,Yes,Yes,-12.21024,136.22921,18,risk_dataset,False,False,7.3,1,Telstra,0.3,0.6042,0.3724,40.7,Moderate,False,name,EAST ARNHEM,Not recorded,NORTHERN LAND COUNCIL
451,Raymangirr,552,Family Outstation,Low,No,Yes,Yes,-12.340305,136.00253,10,risk_dataset,False,False,28.2,1,Telstra,0.3,0.7436,0.3033,40.7,Moderate,False,name,EAST ARNHEM,Not recorded,NORTHERN LAND COUNCIL
453,Gumarrirnbang,328,Family Outstation,Low,No,Yes,Yes,-12.32945,133.99695,10,risk_dataset,False,False,26.6,1,Telstra,0.3,0.7329,0.3033,40.6,Moderate,False,name,TOP END,Not recorded,NORTHERN LAND COUNCIL
453,Yimidarra,574,Family Outstation,Low,No,Yes,Yes,-14.21752,135.56463,12,risk_dataset,False,False,20.1,1,Telstra,0.3,0.6896,0.3244,40.6,Moderate,False,name,BIG RIVERS,Not recorded,NORTHERN LAND COUNCIL
455,Gulmarri,512,Family Outstation,Low,No,Yes,Yes,-11.91701,135.82229,9,risk_dataset,False,False,30.4,1,Telstra,0.3,0.7582,0.2913,40.5,Moderate,False,name,EAST ARNHEM,Not recorded,NORTHERN LAND COUNCIL
455,Ji-Malawa,793,Family Outstation,Moderate,No,Yes,Yes,-12.12168,134.67334,20,risk_dataset,True,True,9.7,1,Telstra,0.6,0.2869,0.3851,40.5,Moderate,False,name,TOP END,Not recorded,NORTHERN LAND COUNCIL
455,Alpara,7,Family Outstation,Moderate,No,No,No,-25.91526,131.21242,8,imputed_type_median,True,True,26.3,1,Telstra,0.6,0.3976,0.2779,40.5,Moderate,False,name,CENTRAL AUSTRALIA,Not recorded,CENTRAL LAND COUNCIL
458,Tara,264,Minor,High,No,Yes,Yes,-21.50658,133.99669,105,risk_dataset,False,True,0.1,2,"Optus, Telstra",1.0,0.1118,0.5899,40.4,Moderate,False,name,BARKLY,Kayetetye,CENTRAL LAND COUNCIL
459,Undurana 1C,166,Family Outstation,Low,No,Yes,Yes,-23.75723,132.12722,5,risk_dataset,False,False,43.7,0,None,0.3,0.958,0.2266,40.2,Moderate,False,name,CENTRAL AUSTRALIA,Not recorded,CENTRAL LAND COUNCIL
460,Yilila,898,Family Outstation,Low,No,Yes,Yes,-13.68204,135.91308,8,risk_dataset,False,False,32.9,1,Telstra,0.3,0.7749,0.2779,40.1,Moderate,False,name,BIG RIVERS,Not recorded,NORTHERN LAND COUNCIL
461,Angas Downs,13,Family Outstation,Moderate,No,No,No,-25.03447,132.27377,2,bushtel,False,False,31.6,1,Telstra,0.6,0.7662,0.139,40.0,Moderate,False,name,CENTRAL AUSTRALIA,Not recorded,CENTRAL LAND COUNCIL
462,Ukatjupu,160,Family Outstation,Moderate,No,No,No,-25.90949,129.10549,8,imputed_type_median,True,True,23.6,1,Telstra,0.6,0.3796,0.2779,39.9,Moderate,False,name,CENTRAL AUSTRALIA,Not recorded,CENTRAL LAND COUNCIL
462,Ngankiritja,765,Family Outstation,Low,No,Yes,Yes,-23.46459,131.87969,8,risk_dataset,False,False,30.8,1,Telstra,0.3,0.7609,0.2779,39.9,Moderate,False,name,CENTRAL AUSTRALIA,Not recorded,CENTRAL LAND COUNCIL
464,Manmoyi,363,Minor,Moderate,No,Yes,Yes,-12.54064,134.110013,40,risk_dataset,False,True,0.1,1,Telstra,0.6,0.2229,0.4697,39.8,Moderate,False,name,TOP END,Not recorded,NORTHERN LAND COUNCIL
464,Mirrnatja,535,Family Outstation,Low,No,Yes,Yes,-12.657792,135.193069,5,risk_dataset,False,False,39.6,0,None,0.3,0.9307,0.2266,39.8,Moderate,False,name,EAST ARNHEM,Not recorded,NORTHERN LAND COUNCIL
464,Mikginj Valley,373,Family Outstation,Moderate,No,Yes,Yes,-12.47966,133.07465,6,risk_dataset,False,False,13.9,3,"Optus, TPG, Telstra",0.6,0.426,0.2461,39.8,Moderate,False,name,TOP END,Not recorded,NORTHERN LAND COUNCIL
467,Gamargawan,316,Family Outstation,Low,No,Yes,Yes,-12.64914,134.07646,12,risk_dataset,False,False,12.5,1,Telstra,0.3,0.6389,0.3244,39.6,Moderate,False,name,TOP END,Not recorded,NORTHERN LAND COUNCIL
468,Mungurrupa,647,Family Outstation,Moderate,No,No,No,-20.58481,129.73313,8,imputed_type_median,True,True,22.0,1,Telstra,0.6,0.3689,0.2779,39.5,Moderate,False,name,CENTRAL AUSTRALIA,Not recorded,CENTRAL LAND COUNCIL
468,Alice Well,852,Family Outstation,Moderate,No,Yes,Yes,-24.88123,134.22962,2,risk_dataset,False,False,27.4,1,Telstra,0.6,0.7382,0.139,39.5,Moderate,False,name,CENTRAL AUSTRALIA,Not recorded,CENTRAL LAND COUNCIL
470,West Island,274,Family Outstation,Low,No,Yes,Yes,-15.64251,136.50235,4,risk_dataset,False,False,50.3,0,None,0.3,1.0,0.2036,39.4,Moderate,False,name,BIG RIVERS,Not recorded,NORTHERN LAND COUNCIL
470,Gilwi,597,Family Outstation,Moderate,No,Yes,Yes,-15.78711,130.53275,36,risk_dataset,False,True,0.1,1,Telstra,0.6,0.2229,0.4567,39.4,Moderate,False,name,BIG RIVERS,Not recorded,NORTHERN LAND COUNCIL
470,Putulu,117,Family Outstation,Low,No,Yes,Yes,-21.34382,131.36997,4,risk_dataset,False,False,110.2,0,None,0.3,1.0,0.2036,39.4,Moderate,False,name,CENTRAL AUSTRALIA,Not recorded,CENTRAL LAND COUNCIL
470,Kulpitharra,76,Family Outstation,Low,No,Yes,Yes,-23.739736,132.002792,4,risk_dataset,False,False,54.8,0,None,0.3,1.0,0.2036,39.4,Moderate,False,name,CENTRAL AUSTRALIA,Not recorded,CENTRAL LAND COUNCIL
470,Blue Bush,829,Family Outstation,Low,No,Yes,Yes,-19.02411,133.73583,4,risk_dataset,False,False,67.6,0,None,0.3,1.0,0.2036,39.4,Moderate,False,name,BARKLY,Not recorded,CENTRAL LAND COUNCIL
470,Wada Wadalla,815,Family Outstation,High,No,No,No,-15.92948,136.42886,3,bushtel,True,True,19.0,1,Telstra,1.0,0.3489,0.1754,39.4,Moderate,False,name,BIG RIVERS,Not recorded,NORTHERN LAND COUNCIL
470,Little Well,91,Family Outstation,Low,Yes,Yes,Yes,-24.13547,135.33314,4,risk_dataset,False,False,97.1,0,None,0.3,1.0,0.2036,39.4,Moderate,False,name,CENTRAL AUSTRALIA,Not recorded,CENTRAL LAND COUNCIL
477,Rorruwuy,469,Minor,Moderate,No,Yes,Yes,-12.20292,136.29564,35,risk_dataset,False,True,0.1,1,Telstra,0.6,0.2229,0.4533,39.3,Moderate,False,name,EAST ARNHEM,Not recorded,NORTHERN LAND COUNCIL
478,Mataranka Town Camp,620,Town Camp,High,No,No,No,-14.926181,133.067375,58,imputed_type_median,True,True,0.9,2,"Optus, Telstra",1.0,0.1171,0.5158,39.2,Moderate,False,name,BIG RIVERS,Not recorded,NORTHERN LAND COUNCIL
478,Foxalls Well,909,Family Outstation,Low,No,Yes,Yes,-23.07383,134.82355,10,risk_dataset,False,False,16.0,1,Telstra,0.3,0.6622,0.3033,39.2,Moderate,False,name,CENTRAL AUSTRALIA,Not recorded,CENTRAL LAND COUNCIL
480,Atji Creek,1015,Family Outstation,Low,No,Yes,Yes,-23.399445,131.98389,8,risk_dataset,False,False,24.0,1,Telstra,0.3,0.7156,0.2779,39.1,Moderate,False,name,CENTRAL AUSTRALIA,Not recorded,CENTRAL LAND COUNCIL
481,Kelerrk,883,Family Outstation,Moderate,No,Yes,Yes,-13.95783,130.32647,2,risk_dataset,False,False,23.6,1,Telstra,0.6,0.7129,0.139,39.0,Moderate,False,name,TOP END,Not recorded,NORTHERN LAND COUNCIL
482,Alkngarriintja,769,Family Outstation,Low,No,Yes,Yes,-23.95602,132.46233,10,risk_dataset,False,False,30.3,2,"Optus, Telstra",0.3,0.6464,0.3033,38.9,Moderate,False,name,CENTRAL AUSTRALIA,Not recorded,CENTRAL LAND COUNCIL
482,Dharrni,476,Family Outstation,Moderate,No,No,No,-13.74983,136.02005,8,imputed_type_median,True,True,19.7,1,Telstra,0.6,0.3536,0.2779,38.9,Moderate,False,name,BIG RIVERS,Not recorded,NORTHERN LAND COUNCIL
484,Hatches Creek,903,Family Outstation,Low,No,Yes,Yes,-20.84606,135.21349,4,risk_dataset,False,False,43.1,0,None,0.3,0.954,0.2036,38.8,Moderate,False,name,BARKLY,Not recorded,CENTRAL LAND COUNCIL
484,Ltira,92,Family Outstation,Low,No,Yes,Yes,-24.05709,132.90182,15,risk_dataset,False,False,16.4,2,"Optus, Telstra",0.3,0.5538,0.3507,38.8,Moderate,False,name,CENTRAL AUSTRALIA,Not recorded,CENTRAL LAND COUNCIL
484,Kapalga,980,Family Outstation,Low,No,Yes,Yes,-12.698764,132.371125,12,risk_dataset,False,False,6.8,1,Telstra,0.3,0.6009,0.3244,38.8,Moderate,False,name,TOP END,Not recorded,NORTHERN LAND COUNCIL
484,Gikal,509,Family Outstation,Low,No,Yes,Yes,-12.05218,136.32037,9,risk_dataset,False,False,16.9,1,Telstra,0.3,0.6682,0.2913,38.8,Moderate,False,name,EAST ARNHEM,Not recorded,NORTHERN LAND COUNCIL
488,Williams Well,786,Family Outstation,Low,Yes,Yes,Yes,-23.67327,134.27874,8,risk_dataset,False,False,20.7,1,Optus,0.3,0.6936,0.2779,38.7,Moderate,False,name,CENTRAL AUSTRALIA,Not recorded,CENTRAL LAND COUNCIL
488,Mamadawerre,355,Family Outstation,Moderate,No,Yes,Yes,-12.25629,133.65782,30,risk_dataset,False,True,0.0,1,Telstra,0.6,0.2222,0.4344,38.7,Moderate,False,name,TOP END,Not recorded,NORTHERN LAND COUNCIL
490,Taracumbi,424,Family Outstation,Moderate,No,No,No,-11.60806,130.71131,8,imputed_type_median,True,True,18.4,1,Telstra,0.6,0.3449,0.2779,38.6,Moderate,False,name,TOP END,Not recorded,TIWI LAND COUNCIL
490,Nabbarla Kunindabba,887,Family Outstation,Moderate,No,No,No,-12.06125,134.40225,8,imputed_type_median,True,True,18.6,1,Telstra,0.6,0.3462,0.2779,38.6,Moderate,False,name,TOP END,Not recorded,NORTHERN LAND COUNCIL
492,Muruning,648,Family Outstation,Moderate,No,Yes,Yes,-15.67527,130.48457,23,risk_dataset,True,True,2.2,1,Telstra,0.6,0.2369,0.402,38.5,Moderate,False,name,BIG RIVERS,Not recorded,NORTHERN LAND COUNCIL
493,Wundigalla,996,Family Outstation,Low,No,Yes,Yes,-16.475569,137.043069,6,risk_dataset,False,False,32.0,1,Telstra,0.3,0.7689,0.2461,38.4,Moderate,False,name,BIG RIVERS,Not recorded,NORTHERN LAND COUNCIL
494,Hermannsburg,43,Major,Moderate,Yes,Yes,Yes,-23.9427,132.7787,711,risk_dataset,True,True,0.2,2,"Optus, Telstra",0.6,0.1124,0.8308,38.3,Moderate,False,name,CENTRAL AUSTRALIA,Western Arrernte,CENTRAL LAND COUNCIL
494,Marramarrani,894,Family Outstation,Moderate,No,No,No,-11.30261,132.55341,8,imputed_type_median,True,True,17.3,1,Telstra,0.6,0.3376,0.2779,38.3,Moderate,False,name,TOP END,Not recorded,NORTHERN LAND COUNCIL
494,Kabulwarnamyo,1007,Family Outstation,Low,No,Yes,Yes,-12.76486,133.84472,4,bushtel,False,False,38.1,0,None,0.3,0.9207,0.2036,38.3,Moderate,False,name,TOP END,Not recorded,NORTHERN LAND COUNCIL
497,Barridjowkeng,792,Family Outstation,Low,No,Yes,Yes,-12.348625,134.17529,7,risk_dataset,False,False,22.6,1,Telstra,0.3,0.7062,0.263,38.2,Moderate,False,name,TOP END,Not recorded,NORTHERN LAND COUNCIL
498,Langarra,519,Family Outstation,Low,No,Yes,Yes,-12.099181,135.361681,45,risk_dataset,True,True,23.6,1,Telstra,0.3,0.3796,0.4843,38.1,Moderate,False,name,EAST ARNHEM,Not recorded,NORTHERN LAND COUNCIL
499,Gulardi,24905,Family Outstation,Moderate,No,Yes,Yes,-15.713256,130.483989,23,risk_dataset,True,True,0.7,1,Telstra,0.6,0.2269,0.402,38.0,Moderate,False,name,BIG RIVERS,Not recorded,NORTHERN LAND COUNCIL
499,Amundurngua,761,Family Outstation,Low,No,Yes,Yes,-23.27143,131.42343,8,risk_dataset,False,False,15.0,1,Telstra,0.3,0.6556,0.2779,38.0,Moderate,False,name,CENTRAL AUSTRALIA,Not recorded,CENTRAL LAND COUNCIL
501,Gamardi,315,Family Outstation,Moderate,No,Yes,Yes,-12.27398,134.68321,24,risk_dataset,False,True,0.1,1,Telstra,0.6,0.2229,0.4072,37.9,Moderate,False,name,TOP END,Not recorded,NORTHERN LAND COUNCIL
502,Wumajbarr,563,Family Outstation,Low,No,Yes,Yes,-14.16648,135.69241,8,risk_dataset,False,False,13.5,1,Telstra,0.3,0.6456,0.2779,37.8,Moderate,False,name,BIG RIVERS,Not recorded,NORTHERN LAND COUNCIL
502,Yanbakwa,573,Family Outstation,Moderate,No,Yes,Yes,-14.216681,136.456125,5,risk_dataset,True,True,26.1,1,Telstra,0.6,0.3962,0.2266,37.8,Moderate,False,name,EAST ARNHEM,Not recorded,ANINDILYAKWA LAND COUNCIL
502,Yilan,303,Family Outstation,Moderate,No,Yes,Yes,-12.042514,134.621958,20,risk_dataset,True,True,1.7,1,Telstra,0.6,0.2336,0.3851,37.8,Moderate,False,name,TOP END,Not recorded,NORTHERN LAND COUNCIL
502,Mooronga,501,Family Outstation,Low,No,Yes,Yes,-11.92119,135.0749,30,risk_dataset,True,True,28.7,1,Telstra,0.3,0.4136,0.4344,37.8,Moderate,False,name,EAST ARNHEM,Not recorded,NORTHERN LAND COUNCIL
506,Corkwood Bore,1009,Family Outstation,Low,Yes,Yes,Yes,-23.31225,133.86792,27,risk_dataset,True,True,30.3,1,Telstra,0.3,0.4242,0.4215,37.7,Moderate,False,name,CENTRAL AUSTRALIA,Not recorded,CENTRAL LAND COUNCIL
506,Ilkarralalama,45,Family Outstation,Moderate,No,No,No,-23.96461,132.46504,2,bushtel,False,False,29.7,2,"Optus, Telstra",0.6,0.6424,0.139,37.7,Moderate,False,name,CENTRAL AUSTRALIA,Not recorded,CENTRAL LAND COUNCIL
508,Pine Creek Compound,640,Town Camp,Moderate,No,Yes,Yes,-13.81601,131.83106,20,risk_dataset,True,True,1.3,1,Telstra,0.6,0.2309,0.3851,37.6,Moderate,False,name,BIG RIVERS,Not recorded,NORTHERN LAND COUNCIL
508,Spotted Tiger,953,Family Outstation,Low,No,Yes,Yes,-23.04308,134.91761,9,risk_dataset,False,False,7.8,1,Telstra,0.3,0.6076,0.2913,37.6,Moderate,False,name,CENTRAL AUSTRALIA,Not recorded,CENTRAL LAND COUNCIL
510,Ngarilikirlangu,23746,Family Outstation,Moderate,No,No,No,-22.12594,131.77302,8,imputed_type_median,True,True,14.2,1,Telstra,0.6,0.3169,0.2779,37.5,Moderate,False,name,CENTRAL AUSTRALIA,Not recorded,CENTRAL LAND COUNCIL
511,Ilperle,709,Family Outstation,Low,No,Yes,Yes,-22.92737,135.71575,3,risk_dataset,False,False,48.9,0,None,0.3,0.9927,0.1754,37.4,Moderate,False,name,CENTRAL AUSTRALIA,Not recorded,CENTRAL LAND COUNCIL
511,Artekerre,712,Family Outstation,Low,Yes,Yes,Yes,-23.257387,133.766604,24,risk_dataset,True,True,30.9,1,Telstra,0.3,0.4282,0.4072,37.4,Moderate,False,name,CENTRAL AUSTRALIA,Not recorded,CENTRAL LAND COUNCIL
511,Dhambala,896,Family Outstation,Moderate,No,No,Yes,-12.0526,135.5609,16,risk_dataset,True,True,3.1,1,Telstra,0.6,0.2429,0.3584,37.4,Moderate,False,name,EAST ARNHEM,Not recorded,NORTHERN LAND COUNCIL
514,Ganpura,499,Family Outstation,Low,No,Yes,Yes,-11.885225,135.812353,5,risk_dataset,False,False,31.1,1,Telstra,0.3,0.7629,0.2266,37.3,Moderate,False,name,EAST ARNHEM,Not recorded,NORTHERN LAND COUNCIL
514,Ararlagu,335,Family Outstation,Moderate,No,No,No,-11.52722,133.39848,8,imputed_type_median,True,True,13.5,1,Telstra,0.6,0.3122,0.2779,37.3,Moderate,False,name,TOP END,Not recorded,NORTHERN LAND COUNCIL
514,Alkipi,4,Family Outstation,Moderate,No,No,No,-23.27356,131.82924,8,imputed_type_median,True,True,13.3,1,Telstra,0.6,0.3109,0.2779,37.3,Moderate,False,name,CENTRAL AUSTRALIA,Not recorded,CENTRAL LAND COUNCIL
514,Buymarr,803,Family Outstation,Low,No,Yes,Yes,-12.69827,136.63653,8,risk_dataset,False,False,10.1,1,Telstra,0.3,0.6229,0.2779,37.3,Moderate,False,name,EAST ARNHEM,Not recorded,NORTHERN LAND COUNCIL
514,Waminari,428,Family Outstation,Moderate,No,No,No,-11.768607,133.39754,8,imputed_type_median,True,True,13.5,1,Telstra,0.6,0.3122,0.2779,37.3,Moderate,False,name,TOP END,Not recorded,NORTHERN LAND COUNCIL
514,Bundatharri,468,Family Outstation,Moderate,No,No,No,-12.23568,134.84672,8,imputed_type_median,True,True,13.5,1,Telstra,0.6,0.3122,0.2779,37.3,Moderate,False,name,EAST ARNHEM,Not recorded,NORTHERN LAND COUNCIL
520,Undurana 2A,985,Family Outstation,Moderate,No,Yes,Yes,-23.759181,132.105292,1,risk_dataset,False,False,45.8,0,None,0.6,0.972,0.0877,37.1,Moderate,False,name,CENTRAL AUSTRALIA,Not recorded,CENTRAL LAND COUNCIL
521,Mankorlod,360,Family Outstation,Low,No,Yes,Yes,-12.56501,134.27067,6,risk_dataset,False,False,17.6,1,Telstra,0.3,0.6729,0.2461,36.8,Moderate,False,name,TOP END,Not recorded,NORTHERN LAND COUNCIL
522,Akwalirrumanja,959,Family Outstation,Moderate,No,Yes,Yes,-13.86346,136.77866,13,risk_dataset,True,True,3.7,1,Telstra,0.6,0.2469,0.3338,36.7,Moderate,False,name,EAST ARNHEM,Not recorded,ANINDILYAKWA LAND COUNCIL
522,Borogomarra,481,Family Outstation,Moderate,No,No,No,-12.24159,134.97834,8,imputed_type_median,True,True,11.2,1,Telstra,0.6,0.2969,0.2779,36.7,Moderate,False,name,EAST ARNHEM,Not recorded,NORTHERN LAND COUNCIL
524,Adjamarragu,895,Family Outstation,Moderate,No,No,No,-11.15182,132.47559,8,imputed_type_median,True,True,10.7,1,Telstra,0.6,0.2936,0.2779,36.6,Moderate,False,name,TOP END,Not recorded,NORTHERN LAND COUNCIL
524,Costello,590,Family Outstation,Low,No,Yes,Yes,-14.56453,134.88289,5,risk_dataset,False,False,24.8,1,Telstra,0.3,0.7209,0.2266,36.6,Moderate,False,name,BIG RIVERS,Not recorded,NORTHERN LAND COUNCIL
526,Pmara Jutunta,138,Major,Moderate,Yes,Yes,Yes,-22.20878,133.43073,207,risk_dataset,True,True,1.3,2,"Optus, Telstra",0.6,0.1198,0.6751,36.5,Moderate,False,name,CENTRAL AUSTRALIA,Anmatyerr / Warlpiri,CENTRAL LAND COUNCIL
526,Black Rock Landing,24899,Family Outstation,Moderate,No,Yes,Yes,-15.920617,136.510417,4,risk_dataset,True,True,26.4,1,Telstra,0.6,0.3982,0.2036,36.5,Moderate,False,name,BIG RIVERS,Not recorded,NORTHERN LAND COUNCIL
526,Kuwuma,776,Family Outstation,Moderate,No,Yes,Yes,-13.59805,130.36991,1,risk_dataset,False,False,38.5,0,None,0.6,0.9233,0.0877,36.5,Moderate,False,name,TOP END,Not recorded,NORTHERN LAND COUNCIL
529,Walkalba,750,Family Outstation,Moderate,No,No,No,-22.16249,131.81991,8,imputed_type_median,True,True,10.1,1,Telstra,0.6,0.2896,0.2779,36.4,Moderate,False,name,CENTRAL AUSTRALIA,Not recorded,CENTRAL LAND COUNCIL
529,Old Mission,914,Family Outstation,Moderate,No,Yes,Yes,-14.129181,129.498069,7,risk_dataset,True,True,12.6,1,Telstra,0.6,0.3062,0.263,36.4,Moderate,False,name,TOP END,Not recorded,NORTHERN LAND COUNCIL
529,Titjikala,148,Major,Moderate,Yes,Yes,Yes,-24.67389,134.07584,267,risk_dataset,True,True,0.4,2,"Optus, Telstra",0.6,0.1138,0.7072,36.4,Moderate,False,name,CENTRAL AUSTRALIA,Southern Luritja / Pitjantjatjara,CENTRAL LAND COUNCIL
532,Leichardt,1008,Family Outstation,Moderate,No,Yes,Yes,-13.84806,130.27907,1,risk_dataset,False,False,36.2,0,None,0.6,0.908,0.0877,36.3,Moderate,False,name,TOP END,Not recorded,NORTHERN LAND COUNCIL
532,Likkaparta,721,Minor,Low,No,Yes,Yes,-19.34336,134.53799,8,risk_dataset,True,True,36.1,0,None,0.3,0.574,0.2779,36.3,Moderate,False,name,BARKLY,Not recorded,CENTRAL LAND COUNCIL
532,Mawulyumanja,530,Family Outstation,Moderate,No,Yes,Yes,-13.84278,136.72335,10,risk_dataset,True,True,6.1,1,Telstra,0.6,0.2629,0.3033,36.3,Moderate,False,name,EAST ARNHEM,Not recorded,ANINDILYAKWA LAND COUNCIL
532,Ngipin,802,Family Outstation,Moderate,No,No,No,-11.60003,133.45832,8,imputed_type_median,True,True,9.6,1,Telstra,0.6,0.2862,0.2779,36.3,Moderate,False,name,TOP END,Not recorded,NORTHERN LAND COUNCIL
532,Spring Peak,419,Family Outstation,Moderate,No,Yes,Yes,-12.96266,132.45424,8,risk_dataset,True,True,9.7,1,Telstra,0.6,0.2869,0.2779,36.3,Moderate,False,name,TOP END,Not recorded,NORTHERN LAND COUNCIL
532,Amatjatpalk,282,Family Outstation,Moderate,No,Yes,No,-11.59488,133.45508,8,imputed_type_median,True,True,9.7,1,Telstra,0.6,0.2869,0.2779,36.3,Moderate,False,name,TOP END,Not recorded,NORTHERN LAND COUNCIL
538,Elliott North Camp,225,Town Camp,Moderate,No,Yes,Yes,-17.54989,133.53597,197,risk_dataset,True,True,1.1,2,"Optus, Telstra",0.6,0.1184,0.6689,36.2,Moderate,False,name,BARKLY,Not recorded,NORTHERN LAND COUNCIL
538,Dhamiyaka,475,Family Outstation,High,No,No,No,-12.656403,135.855569,2,bushtel,True,True,17.9,1,Telstra,1.0,0.3416,0.139,36.2,Moderate,False,name,EAST ARNHEM,Not recorded,NORTHERN LAND COUNCIL
540,Kurippi,110,Family Outstation,Low,No,Yes,Yes,-22.14211,132.05316,5,risk_dataset,False,False,20.3,1,Telstra,0.3,0.6909,0.2266,36.1,Moderate,False,name,CENTRAL AUSTRALIA,Not recorded,CENTRAL LAND COUNCIL
540,Yalukun,864,Family Outstation,Low,No,Yes,Yes,-12.262514,136.005847,4,risk_dataset,False,False,32.2,1,Telstra,0.3,0.7702,0.2036,36.1,Moderate,False,name,EAST ARNHEM,Not recorded,NORTHERN LAND COUNCIL
542,Wanakutja,890,Family Outstation,Moderate,No,No,No,-11.10539,132.51106,8,imputed_type_median,True,True,8.3,1,Telstra,0.6,0.2776,0.2779,35.9,Moderate,False,name,TOP END,Not recorded,NORTHERN LAND COUNCIL
542,Bishops Bore,810,Family Outstation,High,No,No,No,-14.61452,133.07053,8,imputed_type_median,True,True,8.4,2,"Optus, Telstra",1.0,0.1671,0.2779,35.9,Moderate,False,name,BIG RIVERS,Not recorded,NORTHERN LAND COUNCIL
542,Iwupataka,65,Minor,Low,Yes,Yes,Yes,-23.79061,133.50327,78,imputed_type_median,True,True,8.4,1,Telstra,0.3,0.2782,0.5527,35.9,Moderate,False,name,CENTRAL AUSTRALIA,Not recorded,CENTRAL LAND COUNCIL
545,Patonga (Airstrip),409,Family Outstation,Moderate,No,No,Yes,-12.94826,132.56901,12,risk_dataset,True,True,1.6,1,Telstra,0.6,0.2329,0.3244,35.7,Moderate,False,name,TOP END,Not recorded,NORTHERN LAND COUNCIL
545,Ndjudda,341,Family Outstation,Moderate,No,No,No,-11.98809,134.247725,8,imputed_type_median,True,True,7.7,1,Telstra,0.6,0.2736,0.2779,35.7,Moderate,False,name,TOP END,Not recorded,NORTHERN LAND COUNCIL
545,Nikawu,547,Family Outstation,Moderate,No,No,No,-12.089619,135.545453,8,imputed_type_median,True,True,7.5,1,Telstra,0.6,0.2722,0.2779,35.7,Moderate,False,name,EAST ARNHEM,Not recorded,NORTHERN LAND COUNCIL
548,Tommyhawk Swamp,970,Family Outstation,Moderate,No,Yes,Yes,-22.194306,134.592739,4,bushtel,True,True,22.3,1,Telstra,0.6,0.3709,0.2036,35.6,Moderate,False,name,BARKLY,Not recorded,CENTRAL LAND COUNCIL
549,Irrerlirre,703,Family Outstation,Low,No,Yes,Yes,-22.8462,135.1345,20,risk_dataset,True,True,24.7,1,Telstra,0.3,0.3869,0.3851,35.5,Moderate,False,name,CENTRAL AUSTRALIA,Not recorded,CENTRAL LAND COUNCIL
550,Engawala,33,Minor,Moderate,Yes,Yes,Yes,-22.80257,134.45547,181,risk_dataset,True,True,0.2,2,"Optus, Telstra",0.6,0.1124,0.6583,35.4,Moderate,False,name,CENTRAL AUSTRALIA,"Eastern Arrente, Alyawarr",CENTRAL LAND COUNCIL
551,Pantharrpilenhe,997,Family Outstation,Low,Yes,Yes,Yes,-23.37058,134.78921,5,risk_dataset,False,False,14.1,1,Optus,0.3,0.6496,0.2266,35.3,Moderate,False,name,CENTRAL AUSTRALIA,Not recorded,CENTRAL LAND COUNCIL
552,Mulggan,971,Town Camp,Moderate,No,Yes,Yes,-14.920042,133.073903,150,risk_dataset,True,True,0.5,2,"Optus, Telstra",0.6,0.1144,0.6346,35.2,Moderate,False,name,BIG RIVERS,Not recorded,NORTHERN LAND COUNCIL
553,Alyingberrma,442,Family Outstation,Moderate,No,No,No,-13.80934,136.81691,8,imputed_type_median,True,True,5.3,1,Telstra,0.6,0.2576,0.2779,35.0,Moderate,False,name,EAST ARNHEM,Not recorded,ANINDILYAKWA LAND COUNCIL
553,4 Mile Camp,1006,Family Outstation,Moderate,No,Yes,Yes,-11.77798,130.59548,8,risk_dataset,True,True,5.1,1,Telstra,0.6,0.2562,0.2779,35.0,Moderate,False,name,TOP END,Not recorded,TIWI LAND COUNCIL
555,Marrkolidjban,368,Family Outstation,Low,No,Yes,Yes,-12.237514,134.064458,15,risk_dataset,True,True,27.2,1,Telstra,0.3,0.4036,0.3507,34.9,Low,False,name,TOP END,Not recorded,NORTHERN LAND COUNCIL
555,Arrgamurrmur,893,Family Outstation,Moderate,No,No,No,-11.17399,132.61015,8,imputed_type_median,True,True,4.9,1,Telstra,0.6,0.2549,0.2779,34.9,Low,False,name,TOP END,Not recorded,NORTHERN LAND COUNCIL
555,Djinkarr,965,Family Outstation,Moderate,No,Yes,Yes,-12.21287,134.29626,4,risk_dataset,True,True,18.9,1,Telstra,0.6,0.3482,0.2036,34.9,Low,False,name,TOP END,Not recorded,NORTHERN LAND COUNCIL
558,Nadilmuk,886,Family Outstation,Low,No,Yes,Yes,-11.99384,134.29454,5,risk_dataset,False,False,9.7,1,Telstra,0.3,0.6202,0.2266,34.8,Low,False,name,TOP END,Not recorded,NORTHERN LAND COUNCIL
559,Walka,291,Family Outstation,Moderate,No,No,No,-11.17957,132.58843,8,imputed_type_median,True,True,3.9,1,Telstra,0.6,0.2482,0.2779,34.6,Low,False,name,TOP END,Not recorded,NORTHERN LAND COUNCIL
559,Gupanga,330,Family Outstation,Moderate,No,No,No,-12.0752,134.5843,8,imputed_type_median,True,True,4.0,1,Telstra,0.6,0.2489,0.2779,34.6,Low,False,name,TOP END,Not recorded,NORTHERN LAND COUNCIL
561,Wilora,187,Minor,Moderate,Yes,Yes,Yes,-21.7411,133.7311,112,risk_dataset,False,True,0.2,2,"Optus, Telstra",0.6,0.1124,0.598,34.3,Low,False,name,CENTRAL AUSTRALIA,Alyawarr,CENTRAL LAND COUNCIL
561,Kakodbabuldi,326,Family Outstation,Low,No,Yes,Yes,-12.407792,134.157792,4,risk_dataset,False,False,15.7,1,Telstra,0.3,0.6602,0.2036,34.3,Low,False,name,TOP END,Not recorded,NORTHERN LAND COUNCIL
563,Sandridge,988,Family Outstation,Moderate,No,No,Yes,-16.04184,136.34854,7,risk_dataset,True,True,4.7,1,Telstra,0.6,0.2536,0.263,34.2,Low,False,name,BIG RIVERS,Not recorded,NORTHERN LAND COUNCIL
563,Kurrurldul,753,Family Outstation,Low,No,Yes,Yes,-12.48806,134.24012,4,risk_dataset,False,False,15.3,1,Telstra,0.3,0.6576,0.2036,34.2,Low,False,name,TOP END,Not recorded,NORTHERN LAND COUNCIL
565,Oondaloo,878,Family Outstation,Moderate,No,No,No,-24.88715,129.06454,8,imputed_type_median,True,True,2.3,1,Telstra,0.6,0.2376,0.2779,34.1,Low,False,name,CENTRAL AUSTRALIA,Not recorded,CENTRAL LAND COUNCIL
566,Bodia,465,Family Outstation,Low,No,Yes,Yes,-12.07688,134.89628,55,risk_dataset,True,True,5.3,1,Telstra,0.3,0.2576,0.5092,34.0,Low,False,name,EAST ARNHEM,Not recorded,NORTHERN LAND COUNCIL
567,Marlinja,252,Minor,Moderate,No,Yes,Yes,-17.37111,133.40305,80,risk_dataset,True,True,0.7,2,"Optus, Telstra",0.6,0.1158,0.5559,33.8,Low,False,name,BARKLY,Not recorded,NORTHERN LAND COUNCIL
568,Gatji,507,Family Outstation,Moderate,No,No,No,-12.27306,134.82029,4,bushtel,True,True,13.1,1,Telstra,0.6,0.3096,0.2036,33.6,Low,False,name,EAST ARNHEM,Not recorded,NORTHERN LAND COUNCIL
569,Wulkabimirri,838,Family Outstation,Low,No,Yes,Yes,-12.35538,134.90591,55,risk_dataset,True,True,3.7,1,Telstra,0.3,0.2469,0.5092,33.5,Low,False,name,EAST ARNHEM,Not recorded,NORTHERN LAND COUNCIL
570,Mandilbarreng,359,Family Outstation,Low,No,Yes,Yes,-12.27402,133.58456,4,risk_dataset,False,False,8.2,1,Telstra,0.3,0.6102,0.2036,33.4,Low,False,name,TOP END,Not recorded,NORTHERN LAND COUNCIL
571,Rarangantjuta,874,Family Outstation,Moderate,No,No,No,-23.98488,133.14814,8,imputed_type_median,True,True,16.7,2,"Optus, Telstra",0.6,0.2224,0.2779,33.3,Low,False,name,CENTRAL AUSTRALIA,Not recorded,CENTRAL LAND COUNCIL
572,Elliott South Camp,224,Town Camp,Moderate,No,Yes,Yes,-17.56218,133.55746,56,risk_dataset,True,True,1.2,2,"Optus, Telstra",0.6,0.1191,0.5114,33.2,Low,False,name,BARKLY,Not recorded,NORTHERN LAND COUNCIL
573,Palm Paddock,773,Family Outstation,Low,No,Yes,Yes,-24.08534,132.68126,6,risk_dataset,False,False,6.8,2,"Optus, Telstra",0.3,0.4898,0.2461,33.1,Low,False,name,CENTRAL AUSTRALIA,Not recorded,CENTRAL LAND COUNCIL
573,Yedikba,572,Family Outstation,Moderate,No,Yes,Yes,-14.08056,136.45703,4,risk_dataset,True,True,11.1,1,Telstra,0.6,0.2962,0.2036,33.1,Low,False,name,EAST ARNHEM,Not recorded,ANINDILYAKWA LAND COUNCIL
575,Natjitnama,873,Family Outstation,Moderate,No,No,No,-24.021125,132.981125,8,imputed_type_median,True,True,15.8,2,"Optus, Telstra",0.6,0.2164,0.2779,33.0,Low,False,name,CENTRAL AUSTRALIA,Not recorded,CENTRAL LAND COUNCIL
576,5 Mile Bore,759,Family Outstation,Low,No,Yes,Yes,-23.23265,131.98296,27,risk_dataset,True,True,7.7,1,Telstra,0.3,0.2736,0.4215,32.6,Low,False,name,CENTRAL AUSTRALIA,Not recorded,CENTRAL LAND COUNCIL
576,Milibunthurra,987,Family Outstation,Moderate,No,Yes,Yes,-15.96231,136.42333,3,risk_dataset,True,True,16.1,1,Telstra,0.6,0.3296,0.1754,32.6,Low,False,name,BIG RIVERS,Not recorded,NORTHERN LAND COUNCIL
578,Policemans Hole,701,Family Outstation,High,No,No,No,-15.77853,129.106541,8,imputed_type_median,False,True,1.7,2,"Optus, Telstra",1.0,0.1224,0.2779,32.4,Low,False,name,BIG RIVERS,Not recorded,NORTHERN LAND COUNCIL
579,Nulawan,632,Family Outstation,Low,No,Yes,Yes,-14.78729,134.93128,10,risk_dataset,True,True,22.2,1,Telstra,0.3,0.3702,0.3033,32.3,Low,False,name,BIG RIVERS,Not recorded,NORTHERN LAND COUNCIL
579,Urrermerne,24992,Family Outstation,Moderate,No,No,No,-23.9629,134.069133,14,bushtel,True,True,24.6,3,"Optus, TPG, Telstra",0.6,0.164,0.3425,32.3,Low,False,name,CENTRAL AUSTRALIA,Not recorded,CENTRAL LAND COUNCIL
581,Garrthalala,505,Family Outstation,Low,No,Yes,Yes,-12.76305,136.56918,50,risk_dataset,False,True,0.1,1,Telstra,0.3,0.2229,0.4973,32.2,Low,False,name,EAST ARNHEM,Not recorded,NORTHERN LAND COUNCIL
581,Lingara,613,Family Outstation,Moderate,No,Yes,Yes,-16.486944,130.64333,52,risk_dataset,False,True,0.0,2,"Optus, Telstra",0.6,0.1111,0.5022,32.2,Low,False,name,BIG RIVERS,Not recorded,NORTHERN LAND COUNCIL
583,Mistake Creek,626,Family Outstation,Moderate,No,Yes,Yes,-17.10927,129.04319,4,risk_dataset,True,True,7.2,1,Telstra,0.6,0.2702,0.2036,32.1,Low,False,name,BIG RIVERS,Not recorded,CENTRAL LAND COUNCIL
584,Red Lily,799,Family Outstation,Moderate,No,Yes,Yes,-12.86449,132.56967,4,risk_dataset,True,True,6.9,1,Telstra,0.6,0.2682,0.2036,32.0,Low,False,name,TOP END,Not recorded,NORTHERN LAND COUNCIL
585,Sandy Bay,892,Family Outstation,Moderate,No,Yes,Yes,-11.20719,132.58027,4,risk_dataset,True,True,6.6,1,Telstra,0.6,0.2662,0.2036,31.9,Low,False,name,TOP END,Not recorded,NORTHERN LAND COUNCIL
585,Blackwater,25,Family Outstation,Low,No,Yes,Yes,-23.26181,131.89688,21,risk_dataset,True,True,8.3,1,Telstra,0.3,0.2776,0.391,31.9,Low,False,name,CENTRAL AUSTRALIA,Not recorded,CENTRAL LAND COUNCIL
587,New Bore,121,Family Outstation,Moderate,No,No,No,-23.22172,131.32769,4,risk_dataset,True,True,6.3,1,Telstra,0.6,0.2642,0.2036,31.8,Low,False,name,CENTRAL AUSTRALIA,Not recorded,CENTRAL LAND COUNCIL
588,Ankweleyelengkwe,823,Family Outstation,Moderate,No,No,No,-21.59675,133.75517,6,bushtel,True,True,15.7,2,"Optus, Telstra",0.6,0.2158,0.2461,31.7,Low,False,name,CENTRAL AUSTRALIA,Not recorded,CENTRAL LAND COUNCIL
588,Cannon Hill,304,Family Outstation,Moderate,No,Yes,Yes,-12.35758,132.94593,12,risk_dataset,True,True,7.8,2,"Optus, Telstra",0.6,0.1631,0.3244,31.7,Low,False,name,TOP END,Not recorded,NORTHERN LAND COUNCIL
590,10 Mile Outstation,1004,Family Outstation,Low,No,Yes,Yes,-22.466667,132.37658,2,risk_dataset,False,False,29.1,1,Telstra,0.3,0.7496,0.139,31.5,Low,False,name,CENTRAL AUSTRALIA,Not recorded,CENTRAL LAND COUNCIL
591,Alharrgan,441,Family Outstation,Low,No,Yes,Yes,-13.67507,136.05261,9,risk_dataset,True,True,19.9,1,Telstra,0.3,0.3549,0.2913,31.4,Low,False,name,BIG RIVERS,Not recorded,NORTHERN LAND COUNCIL
592,Wunara,707,Family Outstation,Moderate,No,Yes,Yes,-19.9898,136.6181,5,risk_dataset,True,True,0.1,1,Telstra,0.6,0.2229,0.2266,31.2,Low,False,name,BARKLY,Not recorded,CENTRAL LAND COUNCIL
592,Bunhanura,949,Family Outstation,Low,No,Yes,Yes,-12.37449,135.72221,10,risk_dataset,True,True,16.8,1,Telstra,0.3,0.3342,0.3033,31.2,Low,False,name,EAST ARNHEM,Not recorded,NORTHERN LAND COUNCIL
594,Mulgurram,538,Family Outstation,Moderate,No,Yes,Yes,-12.401958,134.960847,3,risk_dataset,True,True,9.0,1,Telstra,0.6,0.2822,0.1754,31.0,Low,False,name,EAST ARNHEM,Not recorded,NORTHERN LAND COUNCIL
595,Menngen,951,Family Outstation,Moderate,No,Yes,Yes,-15.356958,131.273069,30,risk_dataset,False,True,0.1,2,"Optus, Telstra",0.6,0.1118,0.4344,30.8,Low,False,name,BIG RIVERS,Not recorded,NORTHERN LAND COUNCIL
595,Dhayirri,806,Family Outstation,Low,No,Yes,Yes,-11.9612,135.6187,14,risk_dataset,True,True,9.2,1,Telstra,0.3,0.2836,0.3425,30.8,Low,False,name,EAST ARNHEM,Not recorded,NORTHERN LAND COUNCIL
597,Wooliana,715,Family Outstation,Low,No,Yes,Yes,-13.674833,130.64275,12,risk_dataset,True,True,9.8,1,Telstra,0.3,0.2876,0.3244,30.4,Low,False,name,TOP END,Not recorded,NORTHERN LAND COUNCIL
597,Ngadumiyerrka,545,Family Outstation,Low,No,Yes,Yes,-13.820014,136.456403,19,risk_dataset,True,True,3.9,1,Telstra,0.3,0.2482,0.3789,30.4,Low,False,name,EAST ARNHEM,Not recorded,ANINDILYAKWA LAND COUNCIL
599,Green Valley,44,Family Outstation,Low,No,Yes,Yes,-23.15051,131.73817,7,risk_dataset,True,True,19.5,1,Telstra,0.3,0.3522,0.263,30.3,Low,False,name,CENTRAL AUSTRALIA,Not recorded,CENTRAL LAND COUNCIL
600,Donydji,485,Family Outstation,Low,No,Yes,Yes,-12.89045,135.47028,25,risk_dataset,False,True,0.1,1,Telstra,0.3,0.2229,0.4121,30.2,Low,False,name,EAST ARNHEM,Not recorded,NORTHERN LAND COUNCIL
600,Armorran,968,Family Outstation,Low,No,Yes,Yes,-11.75575,133.38142,10,risk_dataset,True,True,12.0,1,Telstra,0.3,0.3022,0.3033,30.2,Low,False,name,TOP END,Not recorded,NORTHERN LAND COUNCIL
602,Ulpanyali,162,Family Outstation,Moderate,No,Yes,Yes,-24.23091,131.50075,15,risk_dataset,True,True,2.5,2,"Optus, Telstra",0.6,0.1278,0.3507,30.0,Low,False,name,CENTRAL AUSTRALIA,Not recorded,CENTRAL LAND COUNCIL
602,Ulambara,760,Family Outstation,Low,No,Yes,Yes,-23.27715,131.92748,11,risk_dataset,True,True,9.6,1,Telstra,0.3,0.2862,0.3143,30.0,Low,False,name,CENTRAL AUSTRALIA,Not recorded,CENTRAL LAND COUNCIL
604,Wollogorang,275,Family Outstation,Moderate,No,Yes,Yes,-17.21828,137.98884,3,risk_dataset,True,True,4.6,1,Telstra,0.6,0.2529,0.1754,29.9,Low,False,name,BIG RIVERS,Not recorded,NORTHERN LAND COUNCIL
605,Yikarrakkal,797,Family Outstation,Low,No,Yes,Yes,-12.503625,134.111403,15,risk_dataset,False,True,4.2,1,Telstra,0.3,0.2502,0.3507,29.7,Low,False,name,TOP END,Not recorded,NORTHERN LAND COUNCIL
606,Urlampe,156,Family Outstation,Moderate,No,Yes,Yes,-22.49317,137.74252,20,risk_dataset,False,True,0.1,2,"Optus, Telstra",0.6,0.1118,0.3851,29.6,Low,False,name,CENTRAL AUSTRALIA,Not recorded,CENTRAL LAND COUNCIL
607,Galawdjapin,489,Family Outstation,Low,No,Yes,Yes,-12.28695,134.81751,8,risk_dataset,True,True,12.7,1,Telstra,0.3,0.3069,0.2779,29.5,Low,False,name,EAST ARNHEM,Not recorded,NORTHERN LAND COUNCIL
608,Malnjangarnak,523,Family Outstation,Low,No,Yes,Yes,-12.660569,134.773347,1,risk_dataset,False,False,40.5,0,None,0.3,0.9367,0.0877,29.1,Low,False,name,TOP END,Not recorded,NORTHERN LAND COUNCIL
609,Djurranalpi,484,Family Outstation,Low,No,Yes,Yes,-11.84684,135.87292,1,risk_dataset,False,False,38.9,0,None,0.3,0.926,0.0877,29.0,Low,False,name,EAST ARNHEM,Not recorded,NORTHERN LAND COUNCIL
610,Warren Creek,179,Family Outstation,Low,No,Yes,Yes,-23.26572,131.17868,8,risk_dataset,True,True,10.2,1,Telstra,0.3,0.2902,0.2779,28.9,Low,False,name,CENTRAL AUSTRALIA,Not recorded,CENTRAL LAND COUNCIL
610,Paradise Farm,281,Family Outstation,Low,No,Yes,Yes,-12.939097,132.532708,12,risk_dataset,True,True,3.8,1,Telstra,0.3,0.2476,0.3244,28.9,Low,False,name,TOP END,Not recorded,NORTHERN LAND COUNCIL
610,Galawarra,807,Family Outstation,Low,No,Yes,Yes,-12.0444,135.59373,12,risk_dataset,True,True,3.8,1,Telstra,0.3,0.2476,0.3244,28.9,Low,False,name,EAST ARNHEM,Not recorded,NORTHERN LAND COUNCIL
613,Junkaji,734,Family Outstation,Low,No,Yes,Yes,-20.44656,134.14149,2,risk_dataset,False,False,18.0,2,"Optus, Telstra",0.3,0.5644,0.139,28.7,Low,False,name,BARKLY,Not recorded,CENTRAL LAND COUNCIL
613,Jemelke,824,Family Outstation,Moderate,No,Yes,Yes,-21.533888,133.87473,12,risk_dataset,True,True,1.5,2,"Optus, Telstra",0.6,0.1211,0.3244,28.7,Low,False,name,BARKLY,Not recorded,CENTRAL LAND COUNCIL
613,Bardalumba,865,Family Outstation,Low,No,Yes,Yes,-13.82445,136.4489,12,risk_dataset,True,True,3.0,1,Telstra,0.3,0.2422,0.3244,28.7,Low,False,name,EAST ARNHEM,Not recorded,ANINDILYAKWA LAND COUNCIL
616,Patonga (Homestead),900,Family Outstation,Low,No,Yes,Yes,-12.95803,132.58047,12,risk_dataset,True,True,2.8,1,Telstra,0.3,0.2409,0.3244,28.6,Low,False,name,TOP END,Not recorded,NORTHERN LAND COUNCIL
616,Warumpi,180,Family Outstation,Low,No,Yes,Yes,-23.185099,131.975143,10,risk_dataset,True,True,5.3,1,Telstra,0.3,0.2576,0.3033,28.6,Low,False,name,CENTRAL AUSTRALIA,Not recorded,CENTRAL LAND COUNCIL
618,Irgul Point,978,Family Outstation,Low,No,Yes,Yes,-11.34201,132.52876,4,risk_dataset,True,True,22.1,1,Telstra,0.3,0.3696,0.2036,28.3,Low,False,name,TOP END,Not recorded,NORTHERN LAND COUNCIL
618,Baghetti,811,Family Outstation,Low,No,Yes,Yes,-13.75874,134.46372,5,risk_dataset,True,True,16.4,1,Telstra,0.3,0.3316,0.2266,28.3,Low,False,name,BIG RIVERS,Not recorded,NORTHERN LAND COUNCIL
618,Petyale,860,Family Outstation,Low,No,Yes,Yes,-21.99972,133.43363,16,risk_dataset,True,True,14.9,2,"Optus, Telstra",0.3,0.2104,0.3584,28.3,Low,False,name,CENTRAL AUSTRALIA,Not recorded,CENTRAL LAND COUNCIL
621,Mumukala,801,Family Outstation,Moderate,No,Yes,Yes,-12.61137,132.66648,9,risk_dataset,True,True,19.3,3,"Optus, TPG, Telstra",0.6,0.1287,0.2913,28.2,Low,False,name,TOP END,Not recorded,NORTHERN LAND COUNCIL
622,Angkerle Arrenge (A),917,Family Outstation,Low,Yes,Yes,Yes,-23.74599,133.48008,10,risk_dataset,False,True,2.9,1,Telstra,0.3,0.2416,0.3033,28.0,Low,False,name,CENTRAL AUSTRALIA,Not recorded,CENTRAL LAND COUNCIL
623,Gulngarring,867,Family Outstation,High,No,No,No,-13.13876,131.09811,8,imputed_type_median,True,True,11.5,3,"Optus, TPG, Telstra",1.0,0.0767,0.2779,27.7,Low,False,name,TOP END,Not recorded,NORTHERN LAND COUNCIL
623,Intjartnama,56,Family Outstation,Low,No,Yes,Yes,-24.06292,132.92056,10,risk_dataset,True,True,18.3,2,"Optus, Telstra",0.3,0.2331,0.3033,27.7,Low,False,name,CENTRAL AUSTRALIA,Not recorded,CENTRAL LAND COUNCIL
625,Dhudupu,664,Family Outstation,Low,No,Yes,Yes,-12.0033,135.5692,9,risk_dataset,True,True,2.4,1,Telstra,0.3,0.2382,0.2913,27.5,Low,False,name,EAST ARNHEM,Not recorded,NORTHERN LAND COUNCIL
626,West Waterhouse,185,Family Outstation,Low,No,Yes,Yes,-23.99573,133.11339,12,risk_dataset,True,True,14.6,2,"Optus, Telstra",0.3,0.2084,0.3244,27.3,Low,False,name,CENTRAL AUSTRALIA,Not recorded,CENTRAL LAND COUNCIL
626,Wanmarra,178,Family Outstation,Moderate,No,Yes,Yes,-24.388406,131.803467,10,risk_dataset,True,True,0.1,2,"Optus, Telstra",0.6,0.1118,0.3033,27.3,Low,False,name,CENTRAL AUSTRALIA,Not recorded,CENTRAL LAND COUNCIL
626,Labrapuntja,85,Family Outstation,Low,No,Yes,Yes,-23.91184,132.93926,10,risk_dataset,True,True,16.9,2,"Optus, Telstra",0.3,0.2238,0.3033,27.3,Low,False,name,CENTRAL AUSTRALIA,Not recorded,CENTRAL LAND COUNCIL
626,Fitzroy Station,950,Family Outstation,Moderate,No,Yes,Yes,-15.56298,130.93431,10,risk_dataset,False,True,0.1,2,"Optus, Telstra",0.6,0.1118,0.3033,27.3,Low,False,name,BIG RIVERS,Not recorded,NORTHERN LAND COUNCIL
630,Walangurrminy,983,Family Outstation,Moderate,No,Yes,Yes,-12.97482,130.77614,13,risk_dataset,True,True,15.1,3,"Optus, TPG, Telstra",0.6,0.1007,0.3338,27.2,Low,False,name,TOP END,Not recorded,NORTHERN LAND COUNCIL
630,Kuy,718,Family Outstation,Moderate,No,Yes,Yes,-14.03546,129.59784,1,risk_dataset,True,True,24.3,1,Telstra,0.6,0.3842,0.0877,27.2,Low,False,name,TOP END,Not recorded,NORTHERN LAND COUNCIL
632,Lizard Bore,856,Family Outstation,Low,No,Yes,Yes,-23.30034,131.13465,4,risk_dataset,True,True,15.4,1,Telstra,0.3,0.3249,0.2036,27.1,Low,False,name,CENTRAL AUSTRALIA,Not recorded,CENTRAL LAND COUNCIL
633,Daliwuy Bay,956,Family Outstation,High,No,No,No,-12.340847,136.918347,8,imputed_type_median,True,True,10.3,3,"Optus, TPG, Telstra",1.0,0.0687,0.2779,26.7,Low,False,name,EAST ARNHEM,Not recorded,NORTHERN LAND COUNCIL
634,Dons Bore,46,Family Outstation,Low,No,Yes,Yes,-22.26233,131.92027,4,risk_dataset,True,True,12.6,1,Telstra,0.3,0.3062,0.2036,26.5,Low,False,name,CENTRAL AUSTRALIA,Not recorded,CENTRAL LAND COUNCIL
635,Ngayawilli,544,Family Outstation,Low,No,Yes,Yes,-11.9943,135.5745,6,risk_dataset,True,True,3.5,1,Telstra,0.3,0.2456,0.2461,26.3,Low,False,name,EAST ARNHEM,Not recorded,NORTHERN LAND COUNCIL
635,Tjintirtjintirpa,762,Family Outstation,Low,No,Yes,Yes,-23.28522,131.27059,6,risk_dataset,True,True,3.5,1,Telstra,0.3,0.2456,0.2461,26.3,Low,False,name,CENTRAL AUSTRALIA,Not recorded,CENTRAL LAND COUNCIL
637,Yartalu Yartalu,939,Family Outstation,Low,No,Yes,Yes,-20.57253,130.35528,6,risk_dataset,True,True,3.4,1,Telstra,0.3,0.2449,0.2461,26.2,Low,False,name,CENTRAL AUSTRALIA,Not recorded,CENTRAL LAND COUNCIL
638,Djirrbiyak,981,Family Outstation,Moderate,No,Yes,Yes,-12.72945,132.763625,30,risk_dataset,True,True,10.2,3,"Optus, TPG, Telstra",0.6,0.068,0.4344,26.1,Low,False,name,TOP END,Not recorded,NORTHERN LAND COUNCIL
638,Ileparratye,1005,Family Outstation,Low,No,Yes,Yes,-22.02145,133.42931,10,risk_dataset,True,True,12.5,2,"Optus, Telstra",0.3,0.1944,0.3033,26.1,Low,False,name,CENTRAL AUSTRALIA,Not recorded,CENTRAL LAND COUNCIL
640,Undoolya Bore,711,Family Outstation,Low,Yes,Yes,Yes,-23.74762,134.11762,20,risk_dataset,True,True,22.7,3,"Optus, TPG, Telstra",0.3,0.1513,0.3851,26.0,Low,False,name,CENTRAL AUSTRALIA,Not recorded,CENTRAL LAND COUNCIL
641,Liltjera,93,Family Outstation,Low,No,Yes,Yes,-23.9364,132.63779,8,risk_dataset,True,True,14.1,2,"Optus, Telstra",0.3,0.2051,0.2779,25.8,Low,False,name,CENTRAL AUSTRALIA,Not recorded,CENTRAL LAND COUNCIL
642,Ntakarra,770,Family Outstation,Low,No,Yes,Yes,-23.895014,132.680014,10,risk_dataset,True,True,11.1,2,"Optus, Telstra",0.3,0.1851,0.3033,25.6,Low,False,name,CENTRAL AUSTRALIA,Not recorded,CENTRAL LAND COUNCIL
643,Red Sandhill,5,Family Outstation,Low,No,Yes,Yes,-24.009736,132.852792,10,risk_dataset,True,True,10.8,2,"Optus, Telstra",0.3,0.1831,0.3033,25.5,Low,False,name,CENTRAL AUSTRALIA,Not recorded,CENTRAL LAND COUNCIL
644,Old Station,100,Family Outstation,Low,No,Yes,Yes,-24.01911,132.86345,8,risk_dataset,True,True,12.3,2,"Optus, Telstra",0.3,0.1931,0.2779,25.3,Low,False,name,CENTRAL AUSTRALIA,Not recorded,CENTRAL LAND COUNCIL
644,Tnyimipurta,155,Family Outstation,Low,No,Yes,Yes,-23.887792,132.671125,8,risk_dataset,True,True,12.3,2,"Optus, Telstra",0.3,0.1931,0.2779,25.3,Low,False,name,CENTRAL AUSTRALIA,Not recorded,CENTRAL LAND COUNCIL
646,Armstrongs,79,Family Outstation,Low,No,Yes,Yes,-23.87918,132.68001,8,risk_dataset,True,True,12.1,2,"Optus, Telstra",0.3,0.1918,0.2779,25.2,Low,False,name,CENTRAL AUSTRALIA,Not recorded,CENTRAL LAND COUNCIL
647,Takapimiliyi,1013,Family Outstation,Low,No,Yes,Yes,-11.81528,130.80161,3,risk_dataset,True,True,11.0,1,Telstra,0.3,0.2956,0.1754,25.0,Low,False,name,TOP END,Not recorded,TIWI LAND COUNCIL
647,Paru,407,Family Outstation,Low,No,Yes,Yes,-11.74982,130.64642,5,risk_dataset,True,True,1.3,1,Telstra,0.3,0.2309,0.2266,25.0,Low,False,name,TOP END,Not recorded,TIWI LAND COUNCIL
649,Kungarrewarl,391,Family Outstation,Moderate,No,Yes,Yes,-12.34346,133.05617,4,risk_dataset,True,True,2.2,2,"Optus, Telstra",0.6,0.1258,0.2036,24.9,Low,False,name,TOP END,Not recorded,NORTHERN LAND COUNCIL
650,Amoonguna,9,Major,Moderate,Yes,Yes,Yes,-23.766319,133.935986,281,risk_dataset,True,True,5.2,3,"Optus, TPG, Telstra",0.6,0.0347,0.7136,24.6,Low,False,name,CENTRAL AUSTRALIA,Eastern Arrente,CENTRAL LAND COUNCIL
651,Yakala,984,Family Outstation,Low,No,Yes,Yes,-23.886681,132.663903,6,risk_dataset,True,True,13.0,2,"Optus, Telstra",0.3,0.1978,0.2461,24.4,Low,False,name,CENTRAL AUSTRALIA,Not recorded,CENTRAL LAND COUNCIL
651,Pandayal,369,Family Outstation,Moderate,No,Yes,Yes,-13.07478,130.55589,5,risk_dataset,True,True,16.1,3,"Optus, TPG, Telstra",0.6,0.1073,0.2266,24.4,Low,False,name,TOP END,Not recorded,NORTHERN LAND COUNCIL
653,Angkerle Arrenge (B),918,Family Outstation,Low,Yes,Yes,Yes,-23.73894,133.47969,4,risk_dataset,False,True,2.1,1,Telstra,0.3,0.2362,0.2036,24.3,Low,False,name,CENTRAL AUSTRALIA,Not recorded,CENTRAL LAND COUNCIL
654,Itchy Koo Park,935,Family Outstation,Low,Yes,Yes,Yes,-23.766666,133.65816,30,risk_dataset,True,True,16.1,3,"Optus, TPG, Telstra",0.3,0.1073,0.4344,24.1,Low,False,name,CENTRAL AUSTRALIA,Not recorded,CENTRAL LAND COUNCIL
654,Kwala,83,Family Outstation,Low,No,Yes,Yes,-23.927236,132.889736,6,risk_dataset,True,True,11.6,2,"Optus, Telstra",0.3,0.1884,0.2461,24.1,Low,False,name,CENTRAL AUSTRALIA,Not recorded,CENTRAL LAND COUNCIL
656,Eight Mile,34,Family Outstation,Low,No,Yes,Yes,-23.88699,132.68279,6,risk_dataset,True,True,11.4,2,"Optus, Telstra",0.3,0.1871,0.2461,24.0,Low,False,name,EAST ARNHEM,Not recorded,ANINDILYAKWA LAND COUNCIL
657,Kaporilya,67,Family Outstation,Low,No,Yes,Yes,-23.939736,132.720292,10,risk_dataset,True,True,5.7,2,"Optus, Telstra",0.3,0.1491,0.3033,23.9,Low,False,name,CENTRAL AUSTRALIA,Not recorded,CENTRAL LAND COUNCIL
658,Ipalala,771,Family Outstation,Low,No,Yes,Yes,-23.92556,132.67808,6,risk_dataset,True,True,10.2,2,"Optus, Telstra",0.3,0.1791,0.2461,23.6,Low,False,name,CENTRAL AUSTRALIA,Not recorded,CENTRAL LAND COUNCIL
658,16 Mile Camp,783,Family Outstation,Low,Yes,Yes,Yes,-23.45764,133.83248,20,risk_dataset,True,True,17.1,3,"Optus, TPG, Telstra",0.3,0.114,0.3851,23.6,Low,False,name,CENTRAL AUSTRALIA,Not recorded,CENTRAL LAND COUNCIL
658,Arrkapa,21,Family Outstation,Low,No,Yes,Yes,-23.98248,132.82937,8,risk_dataset,True,True,7.0,2,"Optus, Telstra",0.3,0.1578,0.2779,23.6,Low,False,name,CENTRAL AUSTRALIA,Not recorded,CENTRAL LAND COUNCIL
661,Ulpunda,772,Family Outstation,Low,No,Yes,Yes,-23.9546,132.766,15,risk_dataset,True,True,1.8,2,"Optus, Telstra",0.3,0.1231,0.3507,23.5,Low,False,name,CENTRAL AUSTRALIA,Not recorded,CENTRAL LAND COUNCIL
661,Hawk Dreaming,1028,Family Outstation,Moderate,No,Yes,Yes,-12.37053,132.93914,2,risk_dataset,True,True,6.6,2,"Optus, Telstra",0.6,0.1551,0.139,23.5,Low,False,name,TOP END,Not recorded,NORTHERN LAND COUNCIL
663,Wurlbu,817,Family Outstation,Moderate,No,Yes,Yes,-16.07464,136.28415,1,risk_dataset,True,True,3.3,1,Telstra,0.6,0.2442,0.0877,23.4,Low,False,name,BIG RIVERS,Not recorded,NORTHERN LAND COUNCIL
663,Tree Point,423,Family Outstation,High,No,No,No,-12.30839,131.01819,8,imputed_type_median,True,True,6.9,3,"Optus, TPG, Telstra",1.0,0.046,0.2779,23.4,Low,False,name,"DARWIN, PALMERSTON, LITCHFIELD",Not recorded,NORTHERN LAND COUNCIL
665,Ngunga,24900,Family Outstation,Low,No,Yes,Yes,-23.264842,131.254497,3,risk_dataset,True,True,2.6,1,Telstra,0.3,0.2396,0.1754,23.3,Low,False,name,CENTRAL AUSTRALIA,Not recorded,CENTRAL LAND COUNCIL
666,Kabalyarra,794,Family Outstation,Moderate,No,Yes,Yes,-12.069458,134.212792,1,risk_dataset,True,True,2.5,1,Telstra,0.6,0.2389,0.0877,23.2,Low,False,name,TOP END,Not recorded,NORTHERN LAND COUNCIL
667,Perte Therre,927,Family Outstation,Low,Yes,Yes,Yes,-23.75818,133.64573,15,risk_dataset,True,True,17.3,3,"Optus, TPG, Telstra",0.3,0.1153,0.3507,23.0,Low,False,name,CENTRAL AUSTRALIA,Not recorded,CENTRAL LAND COUNCIL
667,Alamirra,280,Family Outstation,Low,No,Yes,Yes,-11.06745,132.52835,2,risk_dataset,True,True,10.2,1,Telstra,0.3,0.2902,0.139,23.0,Low,False,name,TOP END,Not recorded,NORTHERN LAND COUNCIL
669,Alyuen,2,Family Outstation,Low,No,Yes,Yes,-22.66949,133.35147,10,risk_dataset,True,True,2.8,2,"Optus, Telstra",0.3,0.1298,0.3033,22.8,Low,False,name,CENTRAL AUSTRALIA,Not recorded,CENTRAL LAND COUNCIL
670,Putjamirra,1020,Family Outstation,Low,No,Yes,Yes,-11.22457,130.36849,3,risk_dataset,False,True,0.1,1,Telstra,0.3,0.2229,0.1754,22.7,Low,False,name,TOP END,Not recorded,TIWI LAND COUNCIL
671,Iteyepintye,923,Family Outstation,Low,Yes,Yes,Yes,-23.76466,133.59994,24,risk_dataset,True,True,14.0,3,"Optus, TPG, Telstra",0.3,0.0933,0.4072,22.5,Low,False,name,CENTRAL AUSTRALIA,Not recorded,CENTRAL LAND COUNCIL
672,Merral Ntarrakala,872,Family Outstation,Low,No,Yes,Yes,-23.91418,132.82865,6,risk_dataset,True,True,6.1,2,"Optus, Telstra",0.3,0.1518,0.2461,22.4,Low,False,name,CENTRAL AUSTRALIA,Not recorded,CENTRAL LAND COUNCIL
673,Lul-tju,614,Family Outstation,Low,No,Yes,Yes,-18.37671,130.59313,2,risk_dataset,True,True,6.6,1,Telstra,0.3,0.2662,0.139,22.3,Low,False,name,BIG RIVERS,Not recorded,CENTRAL LAND COUNCIL
673,Phillipson Bore,133,Family Outstation,Low,No,Yes,Yes,-24.09593,134.43038,2,risk_dataset,True,True,6.7,1,Telstra,0.3,0.2669,0.139,22.3,Low,False,name,CENTRAL AUSTRALIA,Not recorded,CENTRAL LAND COUNCIL
673,Five Mile,57,Family Outstation,Low,No,Yes,Yes,-23.91848,132.84834,5,risk_dataset,True,True,7.7,2,"Optus, Telstra",0.3,0.1624,0.2266,22.3,Low,False,name,CENTRAL AUSTRALIA,Not recorded,CENTRAL LAND COUNCIL
676,Binjari,582,Minor,Moderate,No,Yes,Yes,-14.5502,132.1815,223,risk_dataset,True,True,4.0,3,"Optus, TPG, Telstra",0.6,0.0267,0.6845,22.2,Low,False,name,BIG RIVERS,Kriol,NORTHERN LAND COUNCIL
677,Acacia Larrakia,279,Family Outstation,Moderate,No,Yes,Yes,-12.8142,131.1715,34,risk_dataset,True,True,6.0,3,"Optus, TPG, Telstra",0.6,0.04,0.4497,22.1,Low,False,name,"DARWIN, PALMERSTON, LITCHFIELD",Kriol,NORTHERN LAND COUNCIL
678,Tywenpe (C),933,Family Outstation,Low,Yes,Yes,Yes,-23.74426,133.68787,25,risk_dataset,True,True,13.0,3,"Optus, TPG, Telstra",0.3,0.0867,0.4121,22.0,Low,False,name,CENTRAL AUSTRALIA,Not recorded,CENTRAL LAND COUNCIL
678,Itperlyenge,924,Family Outstation,Low,Yes,Yes,Yes,-23.76361,133.61103,15,risk_dataset,True,True,15.1,3,"Optus, TPG, Telstra",0.3,0.1007,0.3507,22.0,Low,False,name,CENTRAL AUSTRALIA,Not recorded,CENTRAL LAND COUNCIL
680,Yanungbi,569,Family Outstation,Moderate,No,Yes,Yes,-12.27975,136.65787,6,risk_dataset,True,True,10.5,3,"Optus, TPG, Telstra",0.6,0.07,0.2461,21.8,Low,False,name,EAST ARNHEM,Not recorded,NORTHERN LAND COUNCIL
680,Elitjia,920,Family Outstation,Low,No,Yes,Yes,-23.77677,133.61583,12,risk_dataset,True,True,16.0,3,"Optus, TPG, Telstra",0.3,0.1067,0.3244,21.8,Low,False,name,CENTRAL AUSTRALIA,Not recorded,CENTRAL LAND COUNCIL
682,Wataru,877,Family Outstation,Low,No,Yes,Yes,-24.85858,129.05936,2,risk_dataset,True,True,2.6,1,Telstra,0.3,0.2396,0.139,21.5,Low,False,name,CENTRAL AUSTRALIA,Not recorded,CENTRAL LAND COUNCIL
683,Wakurlpu,908,Family Outstation,Low,No,Yes,Yes,-20.63229,134.21688,7,risk_dataset,True,True,1.1,2,"Optus, Telstra",0.3,0.1184,0.263,21.1,Low,False,name,BARKLY,Not recorded,CENTRAL LAND COUNCIL
683,Tjamangkurra,149,Family Outstation,Low,No,Yes,Yes,-23.968903,132.805292,5,risk_dataset,True,True,4.2,2,"Optus, Telstra",0.3,0.1391,0.2266,21.1,Low,False,name,CENTRAL AUSTRALIA,Not recorded,CENTRAL LAND COUNCIL
683,Mudginberri,380,Family Outstation,Low,No,Yes,Yes,-12.59772,132.87334,60,risk_dataset,True,True,9.0,3,"Optus, TPG, Telstra",0.3,0.06,0.52,21.1,Low,False,name,TOP END,Not recorded,NORTHERN LAND COUNCIL
683,Gutjangan,804,Family Outstation,Low,No,Yes,Yes,-12.0839,136.80857,25,risk_dataset,True,True,11.4,3,"Optus, TPG, Telstra",0.3,0.076,0.4121,21.1,Low,False,name,EAST ARNHEM,Not recorded,NORTHERN LAND COUNCIL
687,Twetye (B),930,Family Outstation,Low,Yes,Yes,Yes,-23.74292,133.69633,20,risk_dataset,True,True,12.1,3,"Optus, TPG, Telstra",0.3,0.0807,0.3851,21.0,Low,False,name,CENTRAL AUSTRALIA,Not recorded,CENTRAL LAND COUNCIL
687,Yudu Yudu,672,Family Outstation,Moderate,No,No,No,-12.233347,136.637236,10,risk_dataset,True,True,7.6,3,"Optus, TPG, Telstra",0.6,0.0507,0.3033,21.0,Low,False,name,EAST ARNHEM,Not recorded,NORTHERN LAND COUNCIL
689,Kwale Kwale,925,Family Outstation,Low,Yes,Yes,Yes,-23.76972,133.57451,20,risk_dataset,True,True,11.9,3,"Optus, TPG, Telstra",0.3,0.0793,0.3851,20.9,Low,False,name,CENTRAL AUSTRALIA,Not recorded,CENTRAL LAND COUNCIL
690,Gunyangara,514,Minor,Moderate,No,Yes,Yes,-12.215417,136.70569,282,risk_dataset,False,True,3.1,3,"Optus, TPG, Telstra",0.6,0.0207,0.7141,20.7,Low,False,name,EAST ARNHEM,Yolgnu Matha(Gumatj),NORTHERN LAND COUNCIL
691,Rutjingka,861,Family Outstation,Low,No,Yes,Yes,-23.91581,132.81527,4,risk_dataset,True,True,4.9,2,"Optus, Telstra",0.3,0.1438,0.2036,20.6,Low,False,name,CENTRAL AUSTRALIA,Not recorded,CENTRAL LAND COUNCIL
691,Motnas,106,Family Outstation,Low,No,Yes,Yes,-23.949736,132.769458,6,risk_dataset,True,True,1.1,2,"Optus, Telstra",0.3,0.1184,0.2461,20.6,Low,False,name,CENTRAL AUSTRALIA,Not recorded,CENTRAL LAND COUNCIL
693,Yulara Pulka,863,Family Outstation,Moderate,No,No,No,-25.25455,130.89108,5,bushtel,True,True,9.4,3,"Optus, TPG, Telstra",0.6,0.0627,0.2266,20.4,Low,False,name,CENTRAL AUSTRALIA,Not recorded,CENTRAL LAND COUNCIL
694,Garanydjirr,963,Family Outstation,Low,No,Yes,Yes,-12.28204,135.02095,1,risk_dataset,True,True,11.5,1,Telstra,0.3,0.2989,0.0877,19.9,Low,False,name,EAST ARNHEM,Not recorded,NORTHERN LAND COUNCIL
694,Twetye (A),929,Family Outstation,Low,Yes,Yes,Yes,-23.74034,133.70539,15,risk_dataset,True,True,11.2,3,"Optus, TPG, Telstra",0.3,0.0747,0.3507,19.9,Low,False,name,CENTRAL AUSTRALIA,Not recorded,CENTRAL LAND COUNCIL
696,Irriltyere (B),922,Family Outstation,Low,Yes,Yes,Yes,-23.76105,133.68564,8,risk_dataset,True,True,13.3,3,"Optus, TPG, Telstra",0.3,0.0887,0.2779,19.5,Low,False,name,CENTRAL AUSTRALIA,Not recorded,CENTRAL LAND COUNCIL
696,Mbalkanaka,101,Family Outstation,Low,No,Yes,Yes,-23.95349,132.87547,2,risk_dataset,True,True,10.1,2,"Optus, Telstra",0.3,0.1784,0.139,19.5,Low,False,name,CENTRAL AUSTRALIA,Not recorded,CENTRAL LAND COUNCIL
698,Rockhole,642,Minor,Moderate,No,Yes,Yes,-14.51935,132.18633,170,risk_dataset,True,True,2.8,3,"Optus, TPG, Telstra",0.6,0.0187,0.6504,19.4,Low,False,name,BIG RIVERS,Not recorded,NORTHERN LAND COUNCIL
699,Tywenpe (D),934,Family Outstation,Low,Yes,Yes,Yes,-23.7648,133.67226,6,risk_dataset,True,True,14.7,3,"Optus, TPG, Telstra",0.3,0.098,0.2461,19.3,Low,False,name,CENTRAL AUSTRALIA,Not recorded,CENTRAL LAND COUNCIL
700,Importna,52,Family Outstation,Low,No,Yes,Yes,-23.94048,132.74341,3,risk_dataset,True,True,3.4,2,"Optus, Telstra",0.3,0.1338,0.1754,19.2,Low,False,name,CENTRAL AUSTRALIA,Not recorded,CENTRAL LAND COUNCIL
700,Tnawurta,154,Family Outstation,Low,No,Yes,Yes,-23.998903,132.838347,2,risk_dataset,True,True,8.9,2,"Optus, Telstra",0.3,0.1704,0.139,19.2,Low,False,name,CENTRAL AUSTRALIA,Not recorded,CENTRAL LAND COUNCIL
702,Tnerte,928,Family Outstation,Low,Yes,Yes,Yes,-23.74715,133.72011,16,risk_dataset,True,True,9.7,3,"Optus, TPG, Telstra",0.3,0.0647,0.3584,19.1,Low,False,name,CENTRAL AUSTRALIA,Not recorded,CENTRAL LAND COUNCIL
703,Irriltyere (A),921,Family Outstation,Low,Yes,Yes,Yes,-23.75129,133.69467,8,risk_dataset,True,True,12.3,3,"Optus, TPG, Telstra",0.3,0.082,0.2779,19.0,Low,False,name,CENTRAL AUSTRALIA,Not recorded,CENTRAL LAND COUNCIL
704,Pakulki,975,Family Outstation,Low,No,Yes,Yes,-19.50438,134.41846,2,risk_dataset,True,True,23.3,3,"Optus, TPG, Telstra",0.3,0.1553,0.139,18.6,Low,False,name,BARKLY,Not recorded,CENTRAL LAND COUNCIL
704,Angatyepe,916,Family Outstation,Low,Yes,Yes,Yes,-23.745,133.7275,16,risk_dataset,True,True,9.0,3,"Optus, TPG, Telstra",0.3,0.06,0.3584,18.6,Low,False,name,CENTRAL AUSTRALIA,Not recorded,CENTRAL LAND COUNCIL
704,Tywenpe (A),931,Family Outstation,Low,Yes,Yes,Yes,-23.72634,133.72928,15,risk_dataset,True,True,9.1,3,"Optus, TPG, Telstra",0.3,0.0607,0.3507,18.6,Low,False,name,CENTRAL AUSTRALIA,Not recorded,CENTRAL LAND COUNCIL
707,Arrillhjere,919,Family Outstation,Low,Yes,Yes,Yes,-23.77981,133.62608,3,risk_dataset,True,True,17.1,3,"Optus, TPG, Telstra",0.3,0.114,0.1754,18.2,Low,False,name,CENTRAL AUSTRALIA,Not recorded,CENTRAL LAND COUNCIL
708,Inbina Atwatye,932,Family Outstation,Low,Yes,Yes,Yes,-23.74118,133.71324,8,risk_dataset,True,True,10.4,3,"Optus, TPG, Telstra",0.3,0.0693,0.2779,17.9,Low,False,name,CENTRAL AUSTRALIA,Not recorded,CENTRAL LAND COUNCIL
709,Humpty Doo,334,Family Outstation,Moderate,No,Yes,Yes,-12.63105,131.26078,7,risk_dataset,True,True,5.4,3,"Optus, TPG, Telstra",0.6,0.036,0.263,17.8,Low,False,name,"DARWIN, PALMERSTON, LITCHFIELD",Not recorded,NORTHERN LAND COUNCIL
710,Lyilyalanama,94,Family Outstation,Low,No,Yes,Yes,-23.947236,132.744736,2,risk_dataset,True,True,3.3,2,"Optus, Telstra",0.3,0.1331,0.139,17.7,Low,False,name,CENTRAL AUSTRALIA,Not recorded,CENTRAL LAND COUNCIL
711,Buffalo Farm,1027,Family Outstation,Low,No,Yes,Yes,-12.81369,132.59382,4,risk_dataset,True,True,12.9,3,"Optus, TPG, Telstra",0.3,0.086,0.2036,17.4,Low,False,name,TOP END,Not recorded,NORTHERN LAND COUNCIL
711,Kurraya,822,Family Outstation,Low,No,Yes,Yes,-19.76559,134.47545,1,risk_dataset,True,True,30.1,3,"Optus, TPG, Telstra",0.3,0.2007,0.0877,17.4,Low,False,name,BARKLY,Not recorded,CENTRAL LAND COUNCIL
713,Woolaning,697,Family Outstation,Moderate,No,Yes,Yes,-13.105208,130.658903,9,risk_dataset,True,True,4.4,3,"Optus, TPG, Telstra",0.6,0.0293,0.2913,17.2,Low,False,name,TOP END,Not recorded,NORTHERN LAND COUNCIL
714,Mount Twellar,875,Family Outstation,Low,Yes,Yes,Yes,-23.54198,133.62279,20,risk_dataset,True,True,6.3,3,"Optus, TPG, Telstra",0.3,0.042,0.3851,16.9,Low,False,name,CENTRAL AUSTRALIA,Not recorded,CENTRAL LAND COUNCIL
715,Irklancha Atwacha,1025,Town Camp,High,No,No,No,-23.6941,133.9052,58,imputed_type_median,True,True,1.3,3,"Optus, TPG, Telstra",1.0,0.0087,0.5158,16.5,Low,False,name,CENTRAL AUSTRALIA,Not recorded,CENTRAL LAND COUNCIL
716,Bushcamp,24994,Family Outstation,Low,No,Yes,No,-19.717111,134.15408,8,imputed_type_median,True,True,8.0,3,"Optus, TPG, Telstra",0.3,0.0533,0.2779,16.4,Low,False,name,BARKLY,Not recorded,CENTRAL LAND COUNCIL
717,Payeperrentye (B),926,Family Outstation,Low,Yes,Yes,Yes,-23.77074,133.55621,4,risk_dataset,True,True,10.3,3,"Optus, TPG, Telstra",0.3,0.0687,0.2036,16.1,Low,False,name,CENTRAL AUSTRALIA,Not recorded,CENTRAL LAND COUNCIL
718,Jodetluk,598,Family Outstation,Low,No,Yes,Yes,-14.360001,132.43333,40,risk_dataset,True,True,4.2,3,"Optus, TPG, Telstra",0.3,0.028,0.4697,15.8,Low,False,name,BIG RIVERS,Not recorded,NORTHERN LAND COUNCIL
719,Yirra Bandoo,1002,Family Outstation,High,No,No,No,-12.572931,131.022375,8,imputed_type_median,True,True,2.1,3,"Optus, TPG, Telstra",1.0,0.014,0.2779,15.7,Low,False,name,"DARWIN, PALMERSTON, LITCHFIELD",Not recorded,NORTHERN LAND COUNCIL
720,Miali Brumby,621,Town Camp,High,No,Yes,Yes,-14.455833,132.2589,192,risk_dataset,True,True,0.8,3,"Optus, TPG, Telstra",1.0,0.0053,0.6657,15.2,Low,False,name,BIG RIVERS,Not recorded,NORTHERN LAND COUNCIL
721,Galaru,496,Family Outstation,Moderate,No,No,No,-12.16601,136.75732,8,imputed_type_median,True,True,2.7,3,"Optus, TPG, Telstra",0.6,0.018,0.2779,14.4,Low,False,name,EAST ARNHEM,Not recorded,NORTHERN LAND COUNCIL
722,Werre-Therre,708,Family Outstation,Moderate,No,No,No,-23.54265,133.63473,2,bushtel,True,True,5.1,3,"Optus, TPG, Telstra",0.6,0.034,0.139,14.2,Low,False,name,CENTRAL AUSTRALIA,Not recorded,CENTRAL LAND COUNCIL
722,Yirrkala,576,Major,High,No,Yes,Yes,-12.252792,136.891681,951,risk_dataset,True,True,0.5,3,"Optus, TPG, Telstra",1.0,0.0033,0.8675,14.2,Low,False,name,EAST ARNHEM,Yolngu Matha(Djambarrpuyngu),NORTHERN LAND COUNCIL
724,Karnte,69,Town Camp,Moderate,No,Yes,Yes,-23.764375,133.864736,36,risk_dataset,True,True,1.5,3,"Optus, TPG, Telstra",0.6,0.01,0.4567,14.0,Low,False,name,CENTRAL AUSTRALIA,Not recorded,CENTRAL LAND COUNCIL
725,Werenbun,655,Family Outstation,Low,No,Yes,Yes,-14.18255,132.1611,40,risk_dataset,True,True,2.8,3,"Optus, TPG, Telstra",0.3,0.0187,0.4697,13.8,Low,False,name,BIG RIVERS,Not recorded,NORTHERN LAND COUNCIL
726,Nyewente,129,Town Camp,Moderate,Yes,Yes,Yes,-23.687792,133.862847,104,risk_dataset,True,True,1.1,3,"Optus, TPG, Telstra",0.6,0.0073,0.5887,13.7,Low,False,name,CENTRAL AUSTRALIA,Not recorded,CENTRAL LAND COUNCIL
727,Minmarama Park,825,Town Camp,Moderate,No,Yes,Yes,-12.411181,130.849181,58,imputed_type_median,True,True,1.2,3,"Optus, TPG, Telstra",0.6,0.008,0.5158,13.5,Low,False,name,"DARWIN, PALMERSTON, LITCHFIELD",Not recorded,NORTHERN LAND COUNCIL
728,Bagot,290,Town Camp,Moderate,No,Yes,Yes,-12.416125,130.855153,193,risk_dataset,True,True,0.9,3,"Optus, TPG, Telstra",0.6,0.006,0.6663,13.4,Low,False,name,"DARWIN, PALMERSTON, LITCHFIELD",Not recorded,NORTHERN LAND COUNCIL
728,Ewyenper Atwatye,35,Town Camp,Moderate,No,Yes,Yes,-23.708097,133.899736,113,risk_dataset,True,True,1.0,3,"Optus, TPG, Telstra",0.6,0.0067,0.5991,13.4,Low,False,name,CENTRAL AUSTRALIA,Not recorded,CENTRAL LAND COUNCIL
730,Darrandarra,1003,Family Outstation,High,No,No,No,-12.74098,130.95462,8,imputed_type_median,True,True,1.2,3,"Optus, TPG, Telstra",1.0,0.008,0.2779,13.1,Low,False,name,"DARWIN, PALMERSTON, LITCHFIELD",Not recorded,NORTHERN LAND COUNCIL
731,Walpiri,606,Town Camp,Moderate,No,Yes,Yes,-14.473611,132.2693,60,risk_dataset,True,True,1.0,3,"Optus, TPG, Telstra",0.6,0.0067,0.52,12.8,Low,False,name,CENTRAL AUSTRALIA,Not recorded,CENTRAL LAND COUNCIL
731,Palmerston Indigenous Village,403,Town Camp,Moderate,No,Yes,Yes,-12.488097,131.011681,62,risk_dataset,True,True,1.0,3,"Optus, TPG, Telstra",0.6,0.0067,0.5241,12.8,Low,False,name,"DARWIN, PALMERSTON, LITCHFIELD",Not recorded,NORTHERN LAND COUNCIL
733,Knuckey Lagoon Indigenous Village,344,Town Camp,Moderate,No,Yes,Yes,-12.436542,130.937486,54,risk_dataset,True,True,1.0,3,"Optus, TPG, Telstra",0.6,0.0067,0.5069,12.7,Low,False,name,"DARWIN, PALMERSTON, LITCHFIELD",Not recorded,NORTHERN LAND COUNCIL
734,Manaburdurma,687,Town Camp,Moderate,No,Yes,Yes,-12.66638,132.84319,45,risk_dataset,True,True,1.0,3,"Optus, TPG, Telstra",0.6,0.0067,0.4843,12.5,Low,False,name,TOP END,Not recorded,NORTHERN LAND COUNCIL
735,Larapinta Valley,87,Town Camp,Moderate,No,Yes,Yes,-23.711042,133.851403,90,risk_dataset,True,True,0.8,3,"Optus, TPG, Telstra",0.6,0.0053,0.5706,12.2,Low,False,name,CENTRAL AUSTRALIA,Not recorded,CENTRAL LAND COUNCIL
735,Hunters Camp,800,Family Outstation,Moderate,No,Yes,Yes,-12.65001,132.8291,4,risk_dataset,True,True,2.2,3,"Optus, TPG, Telstra",0.6,0.0147,0.2036,12.2,Low,False,name,TOP END,Not recorded,NORTHERN LAND COUNCIL
737,Wiitin,952,Family Outstation,Low,No,Yes,Yes,-19.544931,134.236569,1,risk_dataset,True,True,10.0,3,"Optus, TPG, Telstra",0.3,0.0667,0.0877,12.1,Low,False,name,BARKLY,Not recorded,CENTRAL LAND COUNCIL
738,Ngalpa Ngalpa,246,Town Camp,Low,No,Yes,Yes,-19.635292,134.193625,67,risk_dataset,True,True,1.4,3,"Optus, TPG, Telstra",0.3,0.0093,0.5337,11.4,Low,False,name,BARKLY,Not recorded,CENTRAL LAND COUNCIL
738,Hingstons Place,973,Family Outstation,Low,No,Yes,Yes,-19.61773,134.19703,5,risk_dataset,True,True,3.3,3,"Optus, TPG, Telstra",0.3,0.022,0.2266,11.4,Low,False,name,BARKLY,Not recorded,CENTRAL LAND COUNCIL
740,Tinkarli,681,Town Camp,Low,No,Yes,Yes,-19.637236,134.202514,66,risk_dataset,True,True,1.3,3,"Optus, TPG, Telstra",0.3,0.0087,0.5318,11.2,Low,False,name,BARKLY,Not recorded,CENTRAL LAND COUNCIL
740,New Ilparpa,47,Town Camp,Low,Yes,Yes,Yes,-23.765764,133.870681,52,risk_dataset,True,True,1.4,3,"Optus, TPG, Telstra",0.3,0.0093,0.5022,11.2,Low,False,name,CENTRAL AUSTRALIA,Not recorded,CENTRAL LAND COUNCIL
742,Ilpeye Ilpeye Estate,676,Town Camp,Low,Yes,Yes,Yes,-23.699931,133.906986,60,risk_dataset,True,True,1.3,3,"Optus, TPG, Telstra",0.3,0.0087,0.52,11.1,Low,False,name,CENTRAL AUSTRALIA,Not recorded,CENTRAL LAND COUNCIL
743,Wuppa,684,Town Camp,Low,No,Yes,Yes,-19.636958,134.199181,69,risk_dataset,True,True,1.2,3,"Optus, TPG, Telstra",0.3,0.008,0.5374,10.9,Low,False,name,BARKLY,Not recorded,CENTRAL LAND COUNCIL
744,Mutitjulu,120,Major,Moderate,No,Yes,Yes,-25.3523,131.0667,380,risk_dataset,True,True,0.4,3,"Optus, TPG, Telstra",0.6,0.0027,0.7517,10.7,Low,False,name,CENTRAL AUSTRALIA,Pitjantjatjara,CENTRAL LAND COUNCIL
745,Kargaru,238,Town Camp,Low,No,Yes,Yes,-19.658611,134.19806,49,risk_dataset,True,True,1.2,3,"Optus, TPG, Telstra",0.3,0.008,0.4948,10.6,Low,False,name,BARKLY,Not recorded,CENTRAL LAND COUNCIL
746,Mpwetyerre,108,Town Camp,Moderate,No,Yes,Yes,-23.716792,133.874125,13,risk_dataset,True,True,0.8,3,"Optus, TPG, Telstra",0.6,0.0053,0.3338,10.2,Low,False,name,CENTRAL AUSTRALIA,Not recorded,CENTRAL LAND COUNCIL
747,Anthepe,17,Town Camp,Low,Yes,Yes,Yes,-23.7575,133.8655,60,risk_dataset,True,True,1.0,3,"Optus, TPG, Telstra",0.3,0.0067,0.52,10.1,Low,False,name,CENTRAL AUSTRALIA,Not recorded,CENTRAL LAND COUNCIL
747,Hoppys Camp,675,Town Camp,Low,Yes,Yes,Yes,-23.684046,133.876575,60,risk_dataset,True,True,1.0,3,"Optus, TPG, Telstra",0.3,0.0067,0.52,10.1,Low,False,name,CENTRAL AUSTRALIA,Not recorded,CENTRAL LAND COUNCIL
749,Mount Nancy,113,Town Camp,Moderate,No,Yes,Yes,-23.667514,133.870014,24,risk_dataset,True,True,0.6,3,"Optus, TPG, Telstra",0.6,0.004,0.4072,9.9,Low,False,name,CENTRAL AUSTRALIA,Not recorded,CENTRAL LAND COUNCIL
750,Ilyiperenye,50,Town Camp,Low,Yes,Yes,Yes,-23.743819,133.870792,40,risk_dataset,True,True,1.0,3,"Optus, TPG, Telstra",0.3,0.0067,0.4697,9.8,Low,False,name,CENTRAL AUSTRALIA,Not recorded,CENTRAL LAND COUNCIL
751,Amangal Indigenous Village,427,Town Camp,Moderate,No,Yes,Yes,-13.2445,131.1041,32,risk_dataset,True,True,0.5,3,"Optus, TPG, Telstra",0.6,0.0033,0.4423,9.6,Low,False,name,TOP END,Not recorded,NORTHERN LAND COUNCIL
752,Belyuen,294,Major,High,No,Yes,Yes,-12.5386,130.6999,193,risk_dataset,True,True,0.2,3,"Optus, TPG, Telstra",1.0,0.0013,0.6663,9.5,Low,False,name,TOP END,Kriol,NORTHERN LAND COUNCIL
752,Akngwertnarre,3,Town Camp,Low,Yes,Yes,Yes,-23.6928,133.8612,44,risk_dataset,True,True,0.9,3,"Optus, TPG, Telstra",0.3,0.006,0.4815,9.5,Low,False,name,CENTRAL AUSTRALIA,Not recorded,CENTRAL LAND COUNCIL
754,Kulaluk,347,Town Camp,Moderate,No,Yes,Yes,-12.392792,130.848903,58,imputed_type_median,True,True,0.4,3,"Optus, TPG, Telstra",0.6,0.0027,0.5158,9.4,Low,False,name,"DARWIN, PALMERSTON, LITCHFIELD",Not recorded,NORTHERN LAND COUNCIL
754,Itwiyethwenge,64,Town Camp,Moderate,No,Yes,Yes,-23.663625,133.871681,4,risk_dataset,True,True,1.0,3,"Optus, TPG, Telstra",0.6,0.0067,0.2036,9.4,Low,False,name,CENTRAL AUSTRALIA,Not recorded,CENTRAL LAND COUNCIL
756,Anthelk Ewlpaye,16,Town Camp,Low,Yes,Yes,Yes,-23.689792,133.879319,68,risk_dataset,True,True,0.7,3,"Optus, TPG, Telstra",0.3,0.0047,0.5356,9.1,Low,False,name,CENTRAL AUSTRALIA,Not recorded,CENTRAL LAND COUNCIL
756,Aper Alwerrknge,19,Town Camp,Moderate,No,Yes,Yes,-23.668347,133.870847,19,risk_dataset,True,True,0.5,3,"Optus, TPG, Telstra",0.6,0.0033,0.3789,9.1,Low,False,name,CENTRAL AUSTRALIA,Not recorded,CENTRAL LAND COUNCIL
756,Inarlenge,90,Town Camp,Low,Yes,Yes,Yes,-23.728819,133.858958,64,risk_dataset,True,True,0.7,3,"Optus, TPG, Telstra",0.3,0.0047,0.528,9.1,Low,False,name,CENTRAL AUSTRALIA,Not recorded,CENTRAL LAND COUNCIL
759,Village Camp,271,Town Camp,Low,No,Yes,Yes,-19.656,134.1842,58,risk_dataset,True,True,0.6,3,"Optus, TPG, Telstra",0.3,0.004,0.5158,8.5,Low,False,name,BARKLY,Not recorded,CENTRAL LAND COUNCIL
759,Railway Dam,412,Town Camp,Moderate,No,Yes,Yes,-12.454042,130.843903,11,risk_dataset,True,True,0.5,3,"Optus, TPG, Telstra",0.6,0.0033,0.3143,8.5,Low,False,name,"DARWIN, PALMERSTON, LITCHFIELD",Not recorded,NORTHERN LAND COUNCIL
761,Kunoth,1029,Town Camp,Low,Yes,Yes,Yes,-23.69054,133.880258,16,risk_dataset,True,True,0.8,3,"Optus, TPG, Telstra",0.3,0.0053,0.3584,8.3,Low,False,name,CENTRAL AUSTRALIA,Not recorded,CENTRAL LAND COUNCIL
761,Marla Marla,223,Town Camp,Low,No,Yes,Yes,-19.655,134.179,25,risk_dataset,True,True,0.7,3,"Optus, TPG, Telstra",0.3,0.0047,0.4121,8.3,Low,False,name,BARKLY,Not recorded,CENTRAL LAND COUNCIL
763,Galupa,495,Family Outstation,High,No,No,No,-12.1925,136.6892,8,imputed_type_median,True,True,0.3,3,"Optus, TPG, Telstra",1.0,0.002,0.2779,8.2,Low,False,name,EAST ARNHEM,Not recorded,NORTHERN LAND COUNCIL
764,Ilperle-Tyathe,48,Town Camp,Low,Yes,Yes,Yes,-23.6656,133.8611,40,risk_dataset,True,True,0.5,3,"Optus, TPG, Telstra",0.3,0.0033,0.4697,7.7,Low,False,name,CENTRAL AUSTRALIA,Not recorded,CENTRAL LAND COUNCIL
765,Munji-Marla,215,Town Camp,Low,No,Yes,Yes,-19.647653,134.182792,7,risk_dataset,True,True,0.3,3,"Optus, TPG, Telstra",0.3,0.002,0.263,5.4,Low,False,name,BARKLY,Not recorded,CENTRAL LAND COUNCIL
