{
"type": "FeatureCollection",
"name": "communities",
"crs": { "type": "name", "properties": { "name": "urn:ogc:def:crs:OGC:1.3:CRS84" } },
"features": [
{"type":"Feature","properties":{"objectid":1,"community_id":1022,"bushtel_url":"https://bushtel.nt.gov.au/profile/1022","community_name":"10 MILE","community_aliases":"PALPANG,TEN MILE","community_type":"Family Outstation","main_language":"Not recorded","local_govt_council":"BARKLY","ward":"ALYAWARR","land_council":"CENTRAL LAND COUNCIL","electorate":"BARKLY","ntg_region":"BARKLY","population_source":"Homelands Service Provider Report 2023","population_count":8,"longitude":134.75934,"latitude":-20.40628},"geometry":{"type":"Point","coordinates":[134.75934,-20.40628]}},
{"type":"Feature","properties":{"objectid":2,"community_id":1004,"bushtel_url":"https://bushtel.nt.gov.au/profile/1004","community_name":"10 MILE OUTSTATION","community_aliases":"TEN MILE OUTSTATION","community_type":"Family Outstation","main_language":"Not recorded","local_govt_council":"CENTRAL DESERT","ward":"ANMATJERE","land_council":"CENTRAL LAND COUNCIL","electorate":"GWOJA","ntg_region":"CENTRAL AUSTRALIA","population_source":"Homelands Service Provider Report 2023","population_count":10,"longitude":132.37658,"latitude":-22.46667},"geometry":{"type":"Point","coordinates":[132.376580000000104,-22.46667]}},
{"type":"Feature","properties":{"objectid":3,"community_id":783,"bushtel_url":"https://bushtel.nt.gov.au/profile/783","community_name":"16 MILE CAMP","community_aliases":"ATHENGE-LHERE,BOND SPRINGS","community_type":"Family Outstation","main_language":"Not recorded","local_govt_council":"MACDONNELL","ward":"RODINGA","land_council":"CENTRAL LAND COUNCIL","electorate":"NAMATJIRA","ntg_region":"CENTRAL AUSTRALIA","population_source":"Not recorded","population_count":null,"longitude":133.83248,"latitude":-23.45764},"geometry":{"type":"Point","coordinates":[133.83248,-23.45764]}},
{"type":"Feature","properties":{"objectid":4,"community_id":24993,"bushtel_url":"https://bushtel.nt.gov.au/profile/24993","community_name":"20 MILE","community_aliases":"WUMAYALINJA","community_type":"Family Outstation","main_language":"Not recorded","local_govt_council":"ROPER GULF","ward":"SOUTH WEST GULF","land_council":"NORTHERN LAND COUNCIL","electorate":"BARKLY","ntg_region":"BIG RIVERS","population_source":"Homelands Service Provider Report 2023","population_count":6,"longitude":136.54826,"latitude":-16.08535},"geometry":{"type":"Point","coordinates":[136.54826,-16.08535]}},
{"type":"Feature","properties":{"objectid":5,"community_id":1006,"bushtel_url":"https://bushtel.nt.gov.au/profile/1006","community_name":"4 MILE CAMP","community_aliases":"FOUR MILE CAMP,NGUIU 4 MILE CAMP","community_type":"Family Outstation","main_language":"Not recorded","local_govt_council":"TIWI ISLANDS","ward":"BATHURST ISLAND WARD","land_council":"TIWI LAND COUNCIL","electorate":"ARAFURA","ntg_region":"TOP END","population_source":"Homelands Service Provider Report 2023","population_count":7,"longitude":130.59548,"latitude":-11.77798},"geometry":{"type":"Point","coordinates":[130.59548,-11.77798]}},
{"type":"Feature","properties":{"objectid":6,"community_id":759,"bushtel_url":"https://bushtel.nt.gov.au/profile/759","community_name":"5 MILE BORE","community_aliases":"5 MILE","community_type":"Family Outstation","main_language":"Not recorded","local_govt_council":"MACDONNELL","ward":"LURITJA PINTUBI","land_council":"CENTRAL LAND COUNCIL","electorate":"GWOJA","ntg_region":"CENTRAL AUSTRALIA","population_source":"Homelands Service Provider Report 2023","population_count":24,"longitude":131.98296,"latitude":-23.23265},"geometry":{"type":"Point","coordinates":[131.98296,-23.23265]}},
{"type":"Feature","properties":{"objectid":7,"community_id":279,"bushtel_url":"https://bushtel.nt.gov.au/profile/279","community_name":"ACACIA LARRAKIA","community_aliases":"ACACIA GAP","community_type":"Family Outstation","main_language":"Kriol","local_govt_council":"LITCHFIELD","ward":"SOUTH WARD","land_council":"NORTHERN LAND COUNCIL","electorate":"GOYDER","ntg_region":"DARWIN, PALMERSTON, LITCHFIELD","population_source":"Not recorded","population_count":null,"longitude":131.1715,"latitude":-12.8142},"geometry":{"type":"Point","coordinates":[131.1715,-12.8142]}},
{"type":"Feature","properties":{"objectid":8,"community_id":979,"bushtel_url":"https://bushtel.nt.gov.au/profile/979","community_name":"ADBANAE","community_aliases":"TREPANG BAY","community_type":"Family Outstation","main_language":"Not recorded","local_govt_council":"WEST ARNHEM","ward":"BARRAH","land_council":"NORTHERN LAND COUNCIL","electorate":"ARAFURA","ntg_region":"TOP END","population_source":"Not recorded","population_count":null,"longitude":131.97531,"latitude":-11.24167},"geometry":{"type":"Point","coordinates":[131.97531,-11.24167]}},
{"type":"Feature","properties":{"objectid":9,"community_id":1,"bushtel_url":"https://bushtel.nt.gov.au/profile/1","community_name":"ADELAIDE BORE","community_aliases":"WOOLA,WOOLLA","community_type":"Family Outstation","main_language":"Not recorded","local_govt_council":"CENTRAL DESERT","ward":"ANMATJERE","land_council":"CENTRAL LAND COUNCIL","electorate":"BARKLY","ntg_region":"CENTRAL AUSTRALIA","population_source":"Homelands Service Provider Report 2023","population_count":14,"longitude":133.93607,"latitude":-22.21485},"geometry":{"type":"Point","coordinates":[133.93607,-22.21485]}},
{"type":"Feature","properties":{"objectid":10,"community_id":10153,"bushtel_url":"https://bushtel.nt.gov.au/profile/10153","community_name":"ADELAIDE RIVER","community_aliases":"No aliases recorded with NTG DIPL","community_type":"Village","main_language":"Not recorded","local_govt_council":"COOMALIE","ward":"ADELAIDE RIVER WARD","land_council":"NORTHERN LAND COUNCIL","electorate":"DALY","ntg_region":"TOP END","population_source":"Not recorded","population_count":null,"longitude":131.10473,"latitude":-13.2378},"geometry":{"type":"Point","coordinates":[131.10473,-13.2378]}},
{"type":"Feature","properties":{"objectid":11,"community_id":895,"bushtel_url":"https://bushtel.nt.gov.au/profile/895","community_name":"ADJAMARRAGU","community_aliases":"No aliases recorded with NTG DIPL","community_type":"Family Outstation","main_language":"Not recorded","local_govt_council":"WEST ARNHEM","ward":"BARRAH","land_council":"NORTHERN LAND COUNCIL","electorate":"ARAFURA","ntg_region":"TOP END","population_source":"Not recorded","population_count":null,"longitude":132.47559,"latitude":-11.15182},"geometry":{"type":"Point","coordinates":[132.47559,-11.15182]}},
{"type":"Feature","properties":{"objectid":12,"community_id":787,"bushtel_url":"https://bushtel.nt.gov.au/profile/787","community_name":"AKARNENEHE WELL","community_aliases":"APIWENTYE","community_type":"Family Outstation","main_language":"Not recorded","local_govt_council":"CENTRAL DESERT","ward":"AKITYARRE","land_council":"CENTRAL LAND COUNCIL","electorate":"NAMATJIRA","ntg_region":"CENTRAL AUSTRALIA","population_source":"Not recorded","population_count":null,"longitude":136.19361,"latitude":-23.05992},"geometry":{"type":"Point","coordinates":[136.19361,-23.05992]}},
{"type":"Feature","properties":{"objectid":13,"community_id":3,"bushtel_url":"https://bushtel.nt.gov.au/profile/3","community_name":"AKNGWERTNARRE","community_aliases":"MORRIS SOAK","community_type":"Town Camp","main_language":"Not recorded","local_govt_council":"ALICE SPRINGS","ward":"Not recorded","land_council":"CENTRAL LAND COUNCIL","electorate":"BRAITLING","ntg_region":"CENTRAL AUSTRALIA","population_source":"Not recorded","population_count":null,"longitude":133.8612,"latitude":-23.6928},"geometry":{"type":"Point","coordinates":[133.8612,-23.6928]}},
{"type":"Feature","properties":{"objectid":14,"community_id":959,"bushtel_url":"https://bushtel.nt.gov.au/profile/959","community_name":"AKWALIRRUMANJA","community_aliases":"4 MILE,FOUR MILE","community_type":"Family Outstation","main_language":"Not recorded","local_govt_council":"EAST ARNHEM","ward":"ANINDILYAKWA","land_council":"ANINDILYAKWA LAND COUNCIL","electorate":"ARNHEM","ntg_region":"EAST ARNHEM","population_source":"Homelands Service Provider Report 2023","population_count":35,"longitude":136.77866,"latitude":-13.86346},"geometry":{"type":"Point","coordinates":[136.77866,-13.86346]}},
{"type":"Feature","properties":{"objectid":15,"community_id":280,"bushtel_url":"https://bushtel.nt.gov.au/profile/280","community_name":"ALAMIRRA","community_aliases":"ALAMIRR","community_type":"Family Outstation","main_language":"Not recorded","local_govt_council":"WEST ARNHEM","ward":"BARRAH","land_council":"NORTHERN LAND COUNCIL","electorate":"ARAFURA","ntg_region":"TOP END","population_source":"Homelands Service Provider Report 2023","population_count":4,"longitude":132.52835,"latitude":-11.06745},"geometry":{"type":"Point","coordinates":[132.52835,-11.06745]}},
{"type":"Feature","properties":{"objectid":16,"community_id":693,"bushtel_url":"https://bushtel.nt.gov.au/profile/693","community_name":"ALATYEYE","community_aliases":"TURNERS CAMP","community_type":"Family Outstation","main_language":"Not recorded","local_govt_council":"CENTRAL DESERT","ward":"ANMATJERE","land_council":"CENTRAL LAND COUNCIL","electorate":"NAMATJIRA","ntg_region":"CENTRAL AUSTRALIA","population_source":"Homelands Service Provider Report 2023","population_count":3,"longitude":134.21897,"latitude":-23.09733},"geometry":{"type":"Point","coordinates":[134.21897,-23.09733]}},
{"type":"Feature","properties":{"objectid":17,"community_id":441,"bushtel_url":"https://bushtel.nt.gov.au/profile/441","community_name":"ALHARRGAN","community_aliases":"CAPE BARROW","community_type":"Family Outstation","main_language":"Not recorded","local_govt_council":"ROPER GULF","ward":"NUMBULWAR NUMBURINDI","land_council":"NORTHERN LAND COUNCIL","electorate":"ARNHEM","ntg_region":"BIG RIVERS","population_source":"Homelands Service Provider Report 2023","population_count":6,"longitude":136.05261,"latitude":-13.67507},"geometry":{"type":"Point","coordinates":[136.05261,-13.67507]}},
{"type":"Feature","properties":{"objectid":18,"community_id":202,"bushtel_url":"https://bushtel.nt.gov.au/profile/202","community_name":"ALI CURUNG","community_aliases":"ALE-KERANGE,ALEKARENGE,WARRABRI,WARRIBRI","community_type":"Major","main_language":"Warlpiri, Alyawarr, Kaytetye and Warumungu.\r\n","local_govt_council":"BARKLY","ward":"ALYAWARR","land_council":"CENTRAL LAND COUNCIL","electorate":"BARKLY","ntg_region":"BARKLY","population_source":"Based on ABS 2021 Census SA1","population_count":463,"longitude":134.40694,"latitude":-21.00333},"geometry":{"type":"Point","coordinates":[134.40694,-21.00333]}},
{"type":"Feature","properties":{"objectid":19,"community_id":10219,"bushtel_url":"https://bushtel.nt.gov.au/profile/10219","community_name":"ALICE SPRINGS","community_aliases":"No aliases recorded with NTG DIPL","community_type":"Town","main_language":"Not recorded","local_govt_council":"ALICE SPRINGS","ward":"Not recorded","land_council":"CENTRAL LAND COUNCIL","electorate":"BRAITLING","ntg_region":"CENTRAL AUSTRALIA","population_source":"Not recorded","population_count":null,"longitude":133.8807,"latitude":-23.6994},"geometry":{"type":"Point","coordinates":[133.8807,-23.6994]}},
{"type":"Feature","properties":{"objectid":20,"community_id":852,"bushtel_url":"https://bushtel.nt.gov.au/profile/852","community_name":"ALICE WELL","community_aliases":"RITJINGKA","community_type":"Family Outstation","main_language":"Not recorded","local_govt_council":"MACDONNELL","ward":"RODINGA","land_council":"CENTRAL LAND COUNCIL","electorate":"NAMATJIRA","ntg_region":"CENTRAL AUSTRALIA","population_source":"Homelands Service Provider Report 2023","population_count":6,"longitude":134.22962,"latitude":-24.88123},"geometry":{"type":"Point","coordinates":[134.22962,-24.88123]}},
{"type":"Feature","properties":{"objectid":21,"community_id":4,"bushtel_url":"https://bushtel.nt.gov.au/profile/4","community_name":"ALKIPI","community_aliases":"ALKIPIE,ALKPIE,MOUNT LARRY,YALKIPI","community_type":"Family Outstation","main_language":"Not recorded","local_govt_council":"MACDONNELL","ward":"LURITJA PINTUBI","land_council":"CENTRAL LAND COUNCIL","electorate":"GWOJA","ntg_region":"CENTRAL AUSTRALIA","population_source":"Not recorded","population_count":null,"longitude":131.82924,"latitude":-23.27356},"geometry":{"type":"Point","coordinates":[131.82924,-23.27356]}},
{"type":"Feature","properties":{"objectid":22,"community_id":769,"bushtel_url":"https://bushtel.nt.gov.au/profile/769","community_name":"ALKNGARRIINTJA","community_aliases":"ALKNGARINTJA,ILKILALAMA NO.2","community_type":"Family Outstation","main_language":"Not recorded","local_govt_council":"MACDONNELL","ward":"LJIRAPINTA","land_council":"CENTRAL LAND COUNCIL","electorate":"GWOJA","ntg_region":"CENTRAL AUSTRALIA","population_source":"Homelands Service Provider Report 2023","population_count":8,"longitude":132.46233,"latitude":-23.95602},"geometry":{"type":"Point","coordinates":[132.46233,-23.95602]}},
{"type":"Feature","properties":{"objectid":23,"community_id":714,"bushtel_url":"https://bushtel.nt.gov.au/profile/714","community_name":"ALKUPTIJA","community_aliases":"ALKUPITJA,GILLAN BORE,GILLANS BORE,GILLEN BORE","community_type":"Family Outstation","main_language":"Not recorded","local_govt_council":"MACDONNELL","ward":"RODINGA","land_council":"CENTRAL LAND COUNCIL","electorate":"NAMATJIRA","ntg_region":"CENTRAL AUSTRALIA","population_source":"Homelands Service Provider Report 2023","population_count":31,"longitude":133.69436,"latitude":-23.06533},"geometry":{"type":"Point","coordinates":[133.69436,-23.06533]}},
{"type":"Feature","properties":{"objectid":24,"community_id":7,"bushtel_url":"https://bushtel.nt.gov.au/profile/7","community_name":"ALPARA","community_aliases":"No aliases recorded with NTG DIPL","community_type":"Family Outstation","main_language":"Not recorded","local_govt_council":"MACDONNELL","ward":"IYARRKA","land_council":"CENTRAL LAND COUNCIL","electorate":"GWOJA","ntg_region":"CENTRAL AUSTRALIA","population_source":"Not recorded","population_count":null,"longitude":131.21242,"latitude":-25.91526},"geometry":{"type":"Point","coordinates":[131.21242,-25.91526]}},
{"type":"Feature","properties":{"objectid":25,"community_id":203,"bushtel_url":"https://bushtel.nt.gov.au/profile/203","community_name":"ALPURRURULAM","community_aliases":"ILPERRELHELAM,LAKE NASH,WART ALPARAYETYE","community_type":"Major","main_language":"Alyawarr","local_govt_council":"BARKLY","ward":"ALPURRURULAM","land_council":"CENTRAL LAND COUNCIL","electorate":"BARKLY","ntg_region":"BARKLY","population_source":"Based on ABS 2021 Census SA1","population_count":411,"longitude":137.84749,"latitude":-20.98417},"geometry":{"type":"Point","coordinates":[137.847490000000107,-20.98417]}},
{"type":"Feature","properties":{"objectid":26,"community_id":10270,"bushtel_url":"https://bushtel.nt.gov.au/profile/10270","community_name":"ALYANGULA","community_aliases":"ALYANGULA TOWN","community_type":"Town","main_language":"Not recorded","local_govt_council":"UN-INCORPORATED (ALYANGULA)","ward":"Not recorded","land_council":"ANINDILYAKWA LAND COUNCIL","electorate":"ARNHEM","ntg_region":"EAST ARNHEM","population_source":"Not recorded","population_count":null,"longitude":136.4191,"latitude":-13.8506},"geometry":{"type":"Point","coordinates":[136.4191,-13.8506]}},
{"type":"Feature","properties":{"objectid":27,"community_id":24991,"bushtel_url":"https://bushtel.nt.gov.au/profile/24991","community_name":"ALYARPERE","community_aliases":"SHANNON BORE","community_type":"Family Outstation","main_language":"Not recorded","local_govt_council":"MACDONNELL","ward":"RODINGA","land_council":"CENTRAL LAND COUNCIL","electorate":"NAMATJIRA","ntg_region":"CENTRAL AUSTRALIA","population_source":"Homelands Service Provider Report 2023","population_count":4,"longitude":134.49332,"latitude":-23.70776},"geometry":{"type":"Point","coordinates":[134.49332,-23.70776]}},
{"type":"Feature","properties":{"objectid":28,"community_id":442,"bushtel_url":"https://bushtel.nt.gov.au/profile/442","community_name":"ALYINGBERRMA","community_aliases":"ALYINGBARRUMA,QANTAS","community_type":"Family Outstation","main_language":"Not recorded","local_govt_council":"EAST ARNHEM","ward":"ANINDILYAKWA","land_council":"ANINDILYAKWA LAND COUNCIL","electorate":"ARNHEM","ntg_region":"EAST ARNHEM","population_source":"Not recorded","population_count":null,"longitude":136.81691,"latitude":-13.80934},"geometry":{"type":"Point","coordinates":[136.816910000000121,-13.80934]}},
{"type":"Feature","properties":{"objectid":29,"community_id":2,"bushtel_url":"https://bushtel.nt.gov.au/profile/2","community_name":"ALYUEN","community_aliases":"AILERON,ALUM,ALUM CAMP","community_type":"Family Outstation","main_language":"Not recorded","local_govt_council":"CENTRAL DESERT","ward":"ANMATJERE","land_council":"CENTRAL LAND COUNCIL","electorate":"BARKLY","ntg_region":"CENTRAL AUSTRALIA","population_source":"Homelands Service Provider Report 2023","population_count":12,"longitude":133.35147,"latitude":-22.66949},"geometry":{"type":"Point","coordinates":[133.35147,-22.66949]}},
{"type":"Feature","properties":{"objectid":30,"community_id":622,"bushtel_url":"https://bushtel.nt.gov.au/profile/622","community_name":"AMANBIDJI","community_aliases":"AMANBIDGEE STATION,KILDURK,MIALUNI","community_type":"Major","main_language":"Ngarinyman / Kriol","local_govt_council":"VICTORIA DALY","ward":"TIMBER CREEK","land_council":"NORTHERN LAND COUNCIL","electorate":"GWOJA","ntg_region":"BIG RIVERS","population_source":"Based on ABS 2021 Census SA1","population_count":88,"longitude":129.6189,"latitude":-16.42806},"geometry":{"type":"Point","coordinates":[129.6189,-16.42806]}},
{"type":"Feature","properties":{"objectid":31,"community_id":445,"bushtel_url":"https://bushtel.nt.gov.au/profile/445","community_name":"AMANBURNUNGA","community_aliases":"AMENGUNUA,SALT LAKE","community_type":"Family Outstation","main_language":"Not recorded","local_govt_council":"EAST ARNHEM","ward":"ANINDILYAKWA","land_council":"ANINDILYAKWA LAND COUNCIL","electorate":"ARNHEM","ntg_region":"EAST ARNHEM","population_source":"Not recorded","population_count":null,"longitude":136.69486,"latitude":-13.92641},"geometry":{"type":"Point","coordinates":[136.69486,-13.92641]}},
{"type":"Feature","properties":{"objectid":32,"community_id":427,"bushtel_url":"https://bushtel.nt.gov.au/profile/427","community_name":"AMANGAL INDIGENOUS VILLAGE","community_aliases":"ADELAIDE RIVER COMMUNITY,ADELAIDE RIVER TOWN CAMP,WAIRIA ASSOC","community_type":"Town Camp","main_language":"Not recorded","local_govt_council":"COOMALIE","ward":"ADELAIDE RIVER WARD","land_council":"NORTHERN LAND COUNCIL","electorate":"DALY","ntg_region":"TOP END","population_source":"Not recorded","population_count":null,"longitude":131.1041,"latitude":-13.2445},"geometry":{"type":"Point","coordinates":[131.1041,-13.2445]}},
{"type":"Feature","properties":{"objectid":33,"community_id":282,"bushtel_url":"https://bushtel.nt.gov.au/profile/282","community_name":"AMATJATPALK","community_aliases":"AMADJI BALK,AMADJIBAL,AMADJIBALK,GOULBURN ISLAND,SOUTH GOULBURN","community_type":"Family Outstation","main_language":"Not recorded","local_govt_council":"WEST ARNHEM","ward":"BARRAH","land_council":"NORTHERN LAND COUNCIL","electorate":"ARAFURA","ntg_region":"TOP END","population_source":"Not recorded","population_count":null,"longitude":133.45508,"latitude":-11.59488},"geometry":{"type":"Point","coordinates":[133.45508,-11.59488]}},
{"type":"Feature","properties":{"objectid":34,"community_id":104,"bushtel_url":"https://bushtel.nt.gov.au/profile/104","community_name":"AMENGERNTERNEAH","community_aliases":"HEALTH CENTRE,MINGINTIRNINA,URAPENTYE,URAPUNTJA HEALTH CENTRE,UTOPIA CLINIC","community_type":"Family Outstation","main_language":"Not recorded","local_govt_council":"BARKLY","ward":"ALYAWARR","land_council":"CENTRAL LAND COUNCIL","electorate":"BARKLY","ntg_region":"BARKLY","population_source":"Not recorded","population_count":null,"longitude":134.84166,"latitude":-21.89767},"geometry":{"type":"Point","coordinates":[134.84166,-21.89767]}},
{"type":"Feature","properties":{"objectid":35,"community_id":446,"bushtel_url":"https://bushtel.nt.gov.au/profile/446","community_name":"AMIRRABA","community_aliases":"8 MILE,EIGHT MILE","community_type":"Family Outstation","main_language":"Not recorded","local_govt_council":"EAST ARNHEM","ward":"ANINDILYAKWA","land_council":"ANINDILYAKWA LAND COUNCIL","electorate":"ARNHEM","ntg_region":"EAST ARNHEM","population_source":"Not recorded","population_count":null,"longitude":136.85787,"latitude":-13.90868},"geometry":{"type":"Point","coordinates":[136.85787,-13.90868]}},
{"type":"Feature","properties":{"objectid":36,"community_id":9,"bushtel_url":"https://bushtel.nt.gov.au/profile/9","community_name":"AMOONGUNA","community_aliases":"No aliases recorded with NTG DIPL","community_type":"Major","main_language":"Eastern Arrente","local_govt_council":"MACDONNELL","ward":"RODINGA","land_council":"CENTRAL LAND COUNCIL","electorate":"NAMATJIRA","ntg_region":"CENTRAL AUSTRALIA","population_source":"Based on ABS 2021 Census SA1","population_count":269,"longitude":133.93599,"latitude":-23.76632},"geometry":{"type":"Point","coordinates":[133.93599,-23.76632]}},
{"type":"Feature","properties":{"objectid":37,"community_id":10,"bushtel_url":"https://bushtel.nt.gov.au/profile/10","community_name":"AMPILATWATJA","community_aliases":"AHARRENG,AHERRE,AMMARO,AMMAROO,AMPERLATWATYE","community_type":"Major","main_language":"Alyawarr","local_govt_council":"BARKLY","ward":"ALYAWARR","land_council":"CENTRAL LAND COUNCIL","electorate":"BARKLY","ntg_region":"BARKLY","population_source":"Based on ABS 2021 Census SA1","population_count":515,"longitude":135.22509,"latitude":-21.65664},"geometry":{"type":"Point","coordinates":[135.22509,-21.65664]}},
{"type":"Feature","properties":{"objectid":38,"community_id":11,"bushtel_url":"https://bushtel.nt.gov.au/profile/11","community_name":"AMPUTJUTA","community_aliases":"UMPUTJUTA","community_type":"Family Outstation","main_language":"Not recorded","local_govt_council":"MACDONNELL","ward":"IYARRKA","land_council":"CENTRAL LAND COUNCIL","electorate":"GWOJA","ntg_region":"CENTRAL AUSTRALIA","population_source":"Not recorded","population_count":null,"longitude":129.12287,"latitude":-24.92956},"geometry":{"type":"Point","coordinates":[129.12287,-24.92956]}},
{"type":"Feature","properties":{"objectid":39,"community_id":761,"bushtel_url":"https://bushtel.nt.gov.au/profile/761","community_name":"AMUNDURNGUA","community_aliases":"No aliases recorded with NTG DIPL","community_type":"Family Outstation","main_language":"Not recorded","local_govt_council":"MACDONNELL","ward":"LURITJA PINTUBI","land_council":"CENTRAL LAND COUNCIL","electorate":"GWOJA","ntg_region":"CENTRAL AUSTRALIA","population_source":"Homelands Service Provider Report 2023","population_count":10,"longitude":131.42343,"latitude":-23.27143},"geometry":{"type":"Point","coordinates":[131.42343,-23.27143]}},
{"type":"Feature","properties":{"objectid":40,"community_id":449,"bushtel_url":"https://bushtel.nt.gov.au/profile/449","community_name":"ANDANANGKI","community_aliases":"ANDANANGGKI,ANDANANKI,ANDHANANGGI,WALKER RIVER","community_type":"Family Outstation","main_language":"Not recorded","local_govt_council":"ROPER GULF","ward":"NUMBULWAR NUMBURINDI","land_council":"NORTHERN LAND COUNCIL","electorate":"ARNHEM","ntg_region":"BIG RIVERS","population_source":"Homelands Service Provider Report 2023","population_count":10,"longitude":135.76503,"latitude":-13.60962},"geometry":{"type":"Point","coordinates":[135.76503,-13.60962]}},
{"type":"Feature","properties":{"objectid":41,"community_id":13,"bushtel_url":"https://bushtel.nt.gov.au/profile/13","community_name":"ANGAS DOWNS","community_aliases":"ANGUS DOWNS","community_type":"Family Outstation","main_language":"Not recorded","local_govt_council":"MACDONNELL","ward":"IYARRKA","land_council":"CENTRAL LAND COUNCIL","electorate":"GWOJA","ntg_region":"CENTRAL AUSTRALIA","population_source":"Homelands Service Provider Report 2023","population_count":2,"longitude":132.27377,"latitude":-25.03447},"geometry":{"type":"Point","coordinates":[132.27377,-25.03447]}},
{"type":"Feature","properties":{"objectid":42,"community_id":916,"bushtel_url":"https://bushtel.nt.gov.au/profile/916","community_name":"ANGATYEPE","community_aliases":"No aliases recorded with NTG DIPL","community_type":"Family Outstation","main_language":"Not recorded","local_govt_council":"MACDONNELL","ward":"RODINGA","land_council":"CENTRAL LAND COUNCIL","electorate":"NAMATJIRA","ntg_region":"CENTRAL AUSTRALIA","population_source":"Homelands Service Provider Report 2023","population_count":21,"longitude":133.7275,"latitude":-23.745},"geometry":{"type":"Point","coordinates":[133.7275,-23.745]}},
{"type":"Feature","properties":{"objectid":43,"community_id":917,"bushtel_url":"https://bushtel.nt.gov.au/profile/917","community_name":"ANGKERLE ARRENGE (A)","community_aliases":"No aliases recorded with NTG DIPL","community_type":"Family Outstation","main_language":"Not recorded","local_govt_council":"MACDONNELL","ward":"RODINGA","land_council":"CENTRAL LAND COUNCIL","electorate":"NAMATJIRA","ntg_region":"CENTRAL AUSTRALIA","population_source":"Homelands Service Provider Report 2023","population_count":16,"longitude":133.48008,"latitude":-23.74599},"geometry":{"type":"Point","coordinates":[133.48008,-23.74599]}},
{"type":"Feature","properties":{"objectid":44,"community_id":918,"bushtel_url":"https://bushtel.nt.gov.au/profile/918","community_name":"ANGKERLE ARRENGE (B)","community_aliases":"No aliases recorded with NTG DIPL","community_type":"Family Outstation","main_language":"Not recorded","local_govt_council":"MACDONNELL","ward":"RODINGA","land_council":"CENTRAL LAND COUNCIL","electorate":"NAMATJIRA","ntg_region":"CENTRAL AUSTRALIA","population_source":"Homelands Service Provider Report 2023","population_count":3,"longitude":133.47969,"latitude":-23.73894},"geometry":{"type":"Point","coordinates":[133.479690000000119,-23.73894]}},
{"type":"Feature","properties":{"objectid":45,"community_id":12,"bushtel_url":"https://bushtel.nt.gov.au/profile/12","community_name":"ANGULA","community_aliases":"ANGKOLA,ANGKULA","community_type":"Family Outstation","main_language":"Not recorded","local_govt_council":"CENTRAL DESERT","ward":"ANMATJERE","land_council":"CENTRAL LAND COUNCIL","electorate":"BARKLY","ntg_region":"CENTRAL AUSTRALIA","population_source":"Homelands Service Provider Report 2023","population_count":6,"longitude":134.21675,"latitude":-22.55781},"geometry":{"type":"Point","coordinates":[134.21675,-22.55781]}},
{"type":"Feature","properties":{"objectid":46,"community_id":451,"bushtel_url":"https://bushtel.nt.gov.au/profile/451","community_name":"ANGURUGU","community_aliases":"No aliases recorded with NTG DIPL","community_type":"Major","main_language":"Anindilyakwa","local_govt_council":"EAST ARNHEM","ward":"ANINDILYAKWA","land_council":"ANINDILYAKWA LAND COUNCIL","electorate":"ARNHEM","ntg_region":"EAST ARNHEM","population_source":"Based on ABS 2021 Census SA1","population_count":1037,"longitude":136.46057,"latitude":-13.98224},"geometry":{"type":"Point","coordinates":[136.46057,-13.98224]}},
{"type":"Feature","properties":{"objectid":47,"community_id":960,"bushtel_url":"https://bushtel.nt.gov.au/profile/960","community_name":"ANGWURA","community_aliases":"ANGURRKURRIKBA,ANGUWARRMANJA,CENTRAL LAKE,SALT LAKE","community_type":"Family Outstation","main_language":"Not recorded","local_govt_council":"EAST ARNHEM","ward":"ANINDILYAKWA","land_council":"ANINDILYAKWA LAND COUNCIL","electorate":"ARNHEM","ntg_region":"EAST ARNHEM","population_source":"Homelands Service Provider Report 2023","population_count":8,"longitude":136.72609,"latitude":-13.91942},"geometry":{"type":"Point","coordinates":[136.726090000000113,-13.91942]}},
{"type":"Feature","properties":{"objectid":48,"community_id":285,"bushtel_url":"https://bushtel.nt.gov.au/profile/285","community_name":"ANKABADBIRRI","community_aliases":"AN-GABARRBIRRIYA,ANGABABIRRAYI","community_type":"Family Outstation","main_language":"Not recorded","local_govt_council":"WEST ARNHEM","ward":"MANINGRIDA","land_council":"NORTHERN LAND COUNCIL","electorate":"ARAFURA","ntg_region":"TOP END","population_source":"Homelands Service Provider Report 2023","population_count":18,"longitude":134.41973,"latitude":-12.25695},"geometry":{"type":"Point","coordinates":[134.41973,-12.25695]}},
{"type":"Feature","properties":{"objectid":49,"community_id":170,"bushtel_url":"https://bushtel.nt.gov.au/profile/170","community_name":"ANKERRAPW","community_aliases":"ANGKARRIPA,ANGKWETENGARENYE,ANKARRIPA,OLD UTOPIA HOMESTEAD,UTOPIA HOMESTEAD","community_type":"Family Outstation","main_language":"Not recorded","local_govt_council":"BARKLY","ward":"ALYAWARR","land_council":"CENTRAL LAND COUNCIL","electorate":"BARKLY","ntg_region":"BARKLY","population_source":"Not recorded","population_count":null,"longitude":134.56306,"latitude":-22.23004},"geometry":{"type":"Point","coordinates":[134.56306,-22.23004]}},
{"type":"Feature","properties":{"objectid":50,"community_id":823,"bushtel_url":"https://bushtel.nt.gov.au/profile/823","community_name":"ANKWELEYELENGKWE","community_aliases":"AMARELENGKWE,WILD PLUM","community_type":"Family Outstation","main_language":"Not recorded","local_govt_council":"CENTRAL DESERT","ward":"ANMATJERE","land_council":"CENTRAL LAND COUNCIL","electorate":"BARKLY","ntg_region":"CENTRAL AUSTRALIA","population_source":"Homelands Service Provider Report 2023","population_count":6,"longitude":133.75517,"latitude":-21.59675},"geometry":{"type":"Point","coordinates":[133.75517,-21.59675]}},
{"type":"Feature","properties":{"objectid":51,"community_id":1021,"bushtel_url":"https://bushtel.nt.gov.au/profile/1021","community_name":"ANNERRE","community_aliases":"No aliases recorded with NTG DIPL","community_type":"Family Outstation","main_language":"Not recorded","local_govt_council":"BARKLY","ward":"ALYAWARR","land_council":"CENTRAL LAND COUNCIL","electorate":"BARKLY","ntg_region":"BARKLY","population_source":"Not recorded","population_count":null,"longitude":134.00116,"latitude":-21.26169},"geometry":{"type":"Point","coordinates":[134.00116,-21.26169]}},
{"type":"Feature","properties":{"objectid":52,"community_id":14,"bushtel_url":"https://bushtel.nt.gov.au/profile/14","community_name":"ANNINGIE","community_aliases":"YANGINJ","community_type":"Family Outstation","main_language":"Not recorded","local_govt_council":"CENTRAL DESERT","ward":"ANMATJERE","land_council":"CENTRAL LAND COUNCIL","electorate":"BARKLY","ntg_region":"CENTRAL AUSTRALIA","population_source":"Not recorded","population_count":null,"longitude":133.14445,"latitude":-21.83473},"geometry":{"type":"Point","coordinates":[133.14445000000012,-21.83473]}},
{"type":"Feature","properties":{"objectid":53,"community_id":788,"bushtel_url":"https://bushtel.nt.gov.au/profile/788","community_name":"ANTERE","community_aliases":"COLSONS WELL,GOYDER SR,JOKERS CAMP","community_type":"Family Outstation","main_language":"Not recorded","local_govt_council":"MACDONNELL","ward":"RODINGA","land_council":"CENTRAL LAND COUNCIL","electorate":"NAMATJIRA","ntg_region":"CENTRAL AUSTRALIA","population_source":"Not recorded","population_count":null,"longitude":134.40934,"latitude":-25.66309},"geometry":{"type":"Point","coordinates":[134.40934,-25.66309]}},
{"type":"Feature","properties":{"objectid":54,"community_id":16,"bushtel_url":"https://bushtel.nt.gov.au/profile/16","community_name":"ANTHELK EWLPAYE","community_aliases":"ANTHE EWLPAYE,CHARLES CREEK,CHARLES RIVER","community_type":"Town Camp","main_language":"Not recorded","local_govt_council":"ALICE SPRINGS","ward":"Not recorded","land_council":"CENTRAL LAND COUNCIL","electorate":"NAMATJIRA","ntg_region":"CENTRAL AUSTRALIA","population_source":"Not recorded","population_count":null,"longitude":133.87932,"latitude":-23.68979},"geometry":{"type":"Point","coordinates":[133.87932,-23.68979]}},
{"type":"Feature","properties":{"objectid":55,"community_id":17,"bushtel_url":"https://bushtel.nt.gov.au/profile/17","community_name":"ANTHEPE","community_aliases":"DRIVE IN,NTAPA","community_type":"Town Camp","main_language":"Not recorded","local_govt_council":"ALICE SPRINGS","ward":"Not recorded","land_council":"CENTRAL LAND COUNCIL","electorate":"NAMATJIRA","ntg_region":"CENTRAL AUSTRALIA","population_source":"Not recorded","population_count":null,"longitude":133.8655,"latitude":-23.7575},"geometry":{"type":"Point","coordinates":[133.865500000000111,-23.7575]}},
{"type":"Feature","properties":{"objectid":56,"community_id":19,"bushtel_url":"https://bushtel.nt.gov.au/profile/19","community_name":"APER ALWERRKNGE","community_aliases":"APER ALNERRKNGE,APER ALWERRNGE,PALMERS CAMP","community_type":"Town Camp","main_language":"Not recorded","local_govt_council":"ALICE SPRINGS","ward":"Not recorded","land_council":"CENTRAL LAND COUNCIL","electorate":"BRAITLING","ntg_region":"CENTRAL AUSTRALIA","population_source":"Not recorded","population_count":null,"longitude":133.87085,"latitude":-23.66835},"geometry":{"type":"Point","coordinates":[133.87085,-23.66835]}},
{"type":"Feature","properties":{"objectid":57,"community_id":335,"bushtel_url":"https://bushtel.nt.gov.au/profile/335","community_name":"ARARLAGU","community_aliases":"ILLIARU,NORTH GOULBURN,NORTH GOULBURN ISLAND,WEIRA","community_type":"Family Outstation","main_language":"Not recorded","local_govt_council":"WEST ARNHEM","ward":"BARRAH","land_council":"NORTHERN LAND COUNCIL","electorate":"ARAFURA","ntg_region":"TOP END","population_source":"Not recorded","population_count":null,"longitude":133.39848,"latitude":-11.52722},"geometry":{"type":"Point","coordinates":[133.39848,-11.52722]}},
{"type":"Feature","properties":{"objectid":58,"community_id":288,"bushtel_url":"https://bushtel.nt.gov.au/profile/288","community_name":"ARARU POINT","community_aliases":"ARARU","community_type":"Family Outstation","main_language":"Not recorded","local_govt_council":"WEST ARNHEM","ward":"BARRAH","land_council":"NORTHERN LAND COUNCIL","electorate":"ARAFURA","ntg_region":"TOP END","population_source":"Homelands Service Provider Report 2023","population_count":7,"longitude":131.87783,"latitude":-11.19364},"geometry":{"type":"Point","coordinates":[131.87783,-11.19364]}},
{"type":"Feature","properties":{"objectid":59,"community_id":147,"bushtel_url":"https://bushtel.nt.gov.au/profile/147","community_name":"ARAWERR","community_aliases":"ARRAWARRA,IYNGIYNYALA,SOAPY BORE","community_type":"Minor","main_language":"Not recorded","local_govt_council":"BARKLY","ward":"ALYAWARR","land_council":"CENTRAL LAND COUNCIL","electorate":"BARKLY","ntg_region":"BARKLY","population_source":"Homelands Service Provider Report 2023","population_count":129,"longitude":134.84618,"latitude":-22.01371},"geometry":{"type":"Point","coordinates":[134.846180000000118,-22.01371]}},
{"type":"Feature","properties":{"objectid":60,"community_id":20,"bushtel_url":"https://bushtel.nt.gov.au/profile/20","community_name":"AREYONGA","community_aliases":"UTJU","community_type":"Major","main_language":"Pitjantjatjara","local_govt_council":"MACDONNELL","ward":"IYARRKA","land_council":"CENTRAL LAND COUNCIL","electorate":"GWOJA","ntg_region":"CENTRAL AUSTRALIA","population_source":"Based on ABS 2021 Census SA1","population_count":277,"longitude":132.27083,"latitude":-24.07361},"geometry":{"type":"Point","coordinates":[132.27083,-24.07361]}},
{"type":"Feature","properties":{"objectid":61,"community_id":1023,"bushtel_url":"https://bushtel.nt.gov.au/profile/1023","community_name":"ARKANTA","community_aliases":"AKANTA,NO 5 BORE","community_type":"Family Outstation","main_language":"Not recorded","local_govt_council":"MACDONNELL","ward":"LJIRAPINTA","land_council":"CENTRAL LAND COUNCIL","electorate":"GWOJA","ntg_region":"CENTRAL AUSTRALIA","population_source":"Homelands Service Provider Report 2023","population_count":12,"longitude":132.81995,"latitude":-24.52148},"geometry":{"type":"Point","coordinates":[132.81995,-24.52148]}},
{"type":"Feature","properties":{"objectid":62,"community_id":168,"bushtel_url":"https://bushtel.nt.gov.au/profile/168","community_name":"ARLPARRA","community_aliases":"AHALPERE,ANGARAPA,NEW SHOP,URAPUNTJA STORE,UTOPIA NEW STORE","community_type":"Family Outstation","main_language":"Alyawarr","local_govt_council":"BARKLY","ward":"ALYAWARR","land_council":"CENTRAL LAND COUNCIL","electorate":"BARKLY","ntg_region":"BARKLY","population_source":"Homelands Service Provider Report 2023","population_count":110,"longitude":134.77476,"latitude":-22.08779},"geometry":{"type":"Point","coordinates":[134.77476,-22.08779]}},
{"type":"Feature","properties":{"objectid":63,"community_id":968,"bushtel_url":"https://bushtel.nt.gov.au/profile/968","community_name":"ARMORRAN","community_aliases":"No aliases recorded with NTG DIPL","community_type":"Family Outstation","main_language":"Not recorded","local_govt_council":"WEST ARNHEM","ward":"BARRAH","land_council":"NORTHERN LAND COUNCIL","electorate":"ARAFURA","ntg_region":"TOP END","population_source":"Homelands Service Provider Report 2023","population_count":8,"longitude":133.38142,"latitude":-11.75575},"geometry":{"type":"Point","coordinates":[133.38142,-11.75575]}},
{"type":"Feature","properties":{"objectid":64,"community_id":79,"bushtel_url":"https://bushtel.nt.gov.au/profile/79","community_name":"ARMSTRONGS","community_aliases":"ARMSTRONG'S CAMP,KUNOTH,KUNOTHS,KUNOTHS' CAMP","community_type":"Family Outstation","main_language":"Not recorded","local_govt_council":"MACDONNELL","ward":"LJIRAPINTA","land_council":"CENTRAL LAND COUNCIL","electorate":"GWOJA","ntg_region":"CENTRAL AUSTRALIA","population_source":"Homelands Service Provider Report 2023","population_count":5,"longitude":132.68001,"latitude":-23.87918},"geometry":{"type":"Point","coordinates":[132.68001,-23.87918]}},
{"type":"Feature","properties":{"objectid":65,"community_id":735,"bushtel_url":"https://bushtel.nt.gov.au/profile/735","community_name":"ARRAWAJIN","community_aliases":"ARRAJAWIN,ARRANJIN,WHISTLE DUCK","community_type":"Family Outstation","main_language":"Not recorded","local_govt_council":"BARKLY","ward":"ALYAWARR","land_council":"CENTRAL LAND COUNCIL","electorate":"BARKLY","ntg_region":"BARKLY","population_source":"Not recorded","population_count":null,"longitude":134.97551,"latitude":-20.51825},"geometry":{"type":"Point","coordinates":[134.97551,-20.51825]}},
{"type":"Feature","properties":{"objectid":66,"community_id":893,"bushtel_url":"https://bushtel.nt.gov.au/profile/893","community_name":"ARRGAMURRMUR","community_aliases":"KEITH WILLIAMS","community_type":"Family Outstation","main_language":"Not recorded","local_govt_council":"WEST ARNHEM","ward":"BARRAH","land_council":"NORTHERN LAND COUNCIL","electorate":"ARAFURA","ntg_region":"TOP END","population_source":"Not recorded","population_count":null,"longitude":132.61015,"latitude":-11.17399},"geometry":{"type":"Point","coordinates":[132.61015,-11.17399]}},
{"type":"Feature","properties":{"objectid":67,"community_id":919,"bushtel_url":"https://bushtel.nt.gov.au/profile/919","community_name":"ARRILLHJERE","community_aliases":"ARRLIHJERE","community_type":"Family Outstation","main_language":"Not recorded","local_govt_council":"MACDONNELL","ward":"RODINGA","land_council":"CENTRAL LAND COUNCIL","electorate":"NAMATJIRA","ntg_region":"CENTRAL AUSTRALIA","population_source":"Homelands Service Provider Report 2023","population_count":2,"longitude":133.62608,"latitude":-23.77981},"geometry":{"type":"Point","coordinates":[133.626080000000115,-23.77981]}},
{"type":"Feature","properties":{"objectid":68,"community_id":21,"bushtel_url":"https://bushtel.nt.gov.au/profile/21","community_name":"ARRKAPA","community_aliases":"ARKANAPUTA,ARRKARNKAPUTA","community_type":"Family Outstation","main_language":"Not recorded","local_govt_council":"MACDONNELL","ward":"LJIRAPINTA","land_council":"CENTRAL LAND COUNCIL","electorate":"GWOJA","ntg_region":"CENTRAL AUSTRALIA","population_source":"Homelands Service Provider Report 2023","population_count":2,"longitude":132.82937,"latitude":-23.98248},"geometry":{"type":"Point","coordinates":[132.82937,-23.98248]}},
{"type":"Feature","properties":{"objectid":69,"community_id":910,"bushtel_url":"https://bushtel.nt.gov.au/profile/910","community_name":"ARRUNGKEE","community_aliases":"ARRUNGE,FERDIES BORE,GARDEN BORE","community_type":"Family Outstation","main_language":"Not recorded","local_govt_council":"CENTRAL DESERT","ward":"ANMATJERE","land_council":"CENTRAL LAND COUNCIL","electorate":"GWOJA","ntg_region":"CENTRAL AUSTRALIA","population_source":"Homelands Service Provider Report 2023","population_count":10,"longitude":132.28147,"latitude":-22.49935},"geometry":{"type":"Point","coordinates":[132.28147,-22.49935]}},
{"type":"Feature","properties":{"objectid":70,"community_id":22,"bushtel_url":"https://bushtel.nt.gov.au/profile/22","community_name":"ARTEKERR","community_aliases":"ARTEKKERRE,ATIKIRRA,THREE BORES","community_type":"Family Outstation","main_language":"Not recorded","local_govt_council":"BARKLY","ward":"ALYAWARR","land_council":"CENTRAL LAND COUNCIL","electorate":"BARKLY","ntg_region":"BARKLY","population_source":"Homelands Service Provider Report 2023","population_count":26,"longitude":134.54312,"latitude":-22.29022},"geometry":{"type":"Point","coordinates":[134.54312,-22.29022]}},
{"type":"Feature","properties":{"objectid":71,"community_id":712,"bushtel_url":"https://bushtel.nt.gov.au/profile/712","community_name":"ARTEKERRE","community_aliases":"ARTERRE,HARRY CREEK,MCGRATH FLAT","community_type":"Family Outstation","main_language":"Not recorded","local_govt_council":"MACDONNELL","ward":"RODINGA","land_council":"CENTRAL LAND COUNCIL","electorate":"NAMATJIRA","ntg_region":"CENTRAL AUSTRALIA","population_source":"Homelands Service Provider Report 2023","population_count":51,"longitude":133.7666,"latitude":-23.25739},"geometry":{"type":"Point","coordinates":[133.7666,-23.25739]}},
{"type":"Feature","properties":{"objectid":72,"community_id":729,"bushtel_url":"https://bushtel.nt.gov.au/profile/729","community_name":"ATHELEY","community_aliases":"ATHILIYA,SILLYA","community_type":"Family Outstation","main_language":"Not recorded","local_govt_council":"BARKLY","ward":"ALYAWARR","land_council":"CENTRAL LAND COUNCIL","electorate":"BARKLY","ntg_region":"BARKLY","population_source":"Homelands Service Provider Report 2023","population_count":88,"longitude":134.86766,"latitude":-21.91757},"geometry":{"type":"Point","coordinates":[134.867660000000114,-21.91757]}},
{"type":"Feature","properties":{"objectid":73,"community_id":42,"bushtel_url":"https://bushtel.nt.gov.au/profile/42","community_name":"ATITJERE","community_aliases":"ARLTARLPILTA,HART RANGE,HARTS RANGE","community_type":"Major","main_language":"Eastern Arrente","local_govt_council":"CENTRAL DESERT","ward":"AKITYARRE","land_council":"CENTRAL LAND COUNCIL","electorate":"NAMATJIRA","ntg_region":"CENTRAL AUSTRALIA","population_source":"Based on ABS 2021 Census SA1","population_count":239,"longitude":134.9341,"latitude":-22.9843},"geometry":{"type":"Point","coordinates":[134.9341,-22.9843]}},
{"type":"Feature","properties":{"objectid":74,"community_id":1015,"bushtel_url":"https://bushtel.nt.gov.au/profile/1015","community_name":"ATJI CREEK","community_aliases":"No aliases recorded with NTG DIPL","community_type":"Family Outstation","main_language":"Not recorded","local_govt_council":"MACDONNELL","ward":"LURITJA PINTUBI","land_council":"CENTRAL LAND COUNCIL","electorate":"GWOJA","ntg_region":"CENTRAL AUSTRALIA","population_source":"Homelands Service Provider Report 2023","population_count":10,"longitude":131.98389,"latitude":-23.39945},"geometry":{"type":"Point","coordinates":[131.98389,-23.39945]}},
{"type":"Feature","properties":{"objectid":75,"community_id":146,"bushtel_url":"https://bushtel.nt.gov.au/profile/146","community_name":"ATNARARA","community_aliases":"AHALPERARENYE,ATNARARRA,SOAKAGE BORE","community_type":"Family Outstation","main_language":"Not recorded","local_govt_council":"BARKLY","ward":"ALYAWARR","land_council":"CENTRAL LAND COUNCIL","electorate":"BARKLY","ntg_region":"BARKLY","population_source":"Homelands Service Provider Report 2023","population_count":47,"longitude":134.78721,"latitude":-22.02622},"geometry":{"type":"Point","coordinates":[134.78721,-22.02622]}},
{"type":"Feature","properties":{"objectid":76,"community_id":24995,"bushtel_url":"https://bushtel.nt.gov.au/profile/24995","community_name":"ATNARPA","community_aliases":"No aliases recorded with NTG DIPL","community_type":"Family Outstation","main_language":"Not recorded","local_govt_council":"MACDONNELL","ward":"RODINGA","land_council":"CENTRAL LAND COUNCIL","electorate":"NAMATJIRA","ntg_region":"CENTRAL AUSTRALIA","population_source":"Homelands Service Provider Report 2023","population_count":8,"longitude":134.78911,"latitude":-23.52358},"geometry":{"type":"Point","coordinates":[134.78911,-23.52358]}},
{"type":"Feature","properties":{"objectid":77,"community_id":27,"bushtel_url":"https://bushtel.nt.gov.au/profile/27","community_name":"ATNELTYEY","community_aliases":"ALLALGARA ANNANGARA,ANILTJIY,ATNELTYEYE,BOUNDARY BORE","community_type":"Family Outstation","main_language":"Not recorded","local_govt_council":"BARKLY","ward":"ALYAWARR","land_council":"CENTRAL LAND COUNCIL","electorate":"BARKLY","ntg_region":"BARKLY","population_source":"Homelands Service Provider Report 2023","population_count":51,"longitude":134.61166,"latitude":-22.03683},"geometry":{"type":"Point","coordinates":[134.61166,-22.03683]}},
{"type":"Feature","properties":{"objectid":78,"community_id":23,"bushtel_url":"https://bushtel.nt.gov.au/profile/23","community_name":"ATNWENGERRPE","community_aliases":"AMMAROO,ATNUNGURRPA,ATNWENGERRP,QUART POT,QUART POTS","community_type":"Family Outstation","main_language":"Not recorded","local_govt_council":"BARKLY","ward":"ALYAWARR","land_council":"CENTRAL LAND COUNCIL","electorate":"BARKLY","ntg_region":"BARKLY","population_source":"Homelands Service Provider Report 2023","population_count":30,"longitude":134.99411,"latitude":-21.86956},"geometry":{"type":"Point","coordinates":[134.99411,-21.86956]}},
{"type":"Feature","properties":{"objectid":79,"community_id":754,"bushtel_url":"https://bushtel.nt.gov.au/profile/754","community_name":"AWUMBUNYJI","community_aliases":"No aliases recorded with NTG DIPL","community_type":"Family Outstation","main_language":"Not recorded","local_govt_council":"ROPER GULF","ward":"YUGUL MANGI","land_council":"NORTHERN LAND COUNCIL","electorate":"ARNHEM","ntg_region":"BIG RIVERS","population_source":"Not recorded","population_count":null,"longitude":135.43529,"latitude":-14.44723},"geometry":{"type":"Point","coordinates":[135.43529,-14.44723]}},
{"type":"Feature","properties":{"objectid":80,"community_id":1011,"bushtel_url":"https://bushtel.nt.gov.au/profile/1011","community_name":"BABUNGI","community_aliases":"VICTORIA BAY","community_type":"Family Outstation","main_language":"Not recorded","local_govt_council":"ROPER GULF","ward":"SOUTH WEST GULF","land_council":"NORTHERN LAND COUNCIL","electorate":"BARKLY","ntg_region":"BIG RIVERS","population_source":"Homelands Service Provider Report 2023","population_count":8,"longitude":136.97858,"latitude":-15.74444},"geometry":{"type":"Point","coordinates":[136.97858,-15.74444]}},
{"type":"Feature","properties":{"objectid":81,"community_id":577,"bushtel_url":"https://bushtel.nt.gov.au/profile/577","community_name":"BADAWARRKA","community_aliases":"BADANARRKKA,BADDAWARRKU,BUDDAWARKA,FIVE MILE CAMP","community_type":"Family Outstation","main_language":"Not recorded","local_govt_council":"ROPER GULF","ward":"YUGUL MANGI","land_council":"NORTHERN LAND COUNCIL","electorate":"ARNHEM","ntg_region":"BIG RIVERS","population_source":"Homelands Service Provider Report 2023","population_count":3,"longitude":134.44378,"latitude":-14.69603},"geometry":{"type":"Point","coordinates":[134.44378,-14.69603]}},
{"type":"Feature","properties":{"objectid":82,"community_id":811,"bushtel_url":"https://bushtel.nt.gov.au/profile/811","community_name":"BAGHETTI","community_aliases":"No aliases recorded with NTG DIPL","community_type":"Family Outstation","main_language":"Not recorded","local_govt_council":"ROPER GULF","ward":"NYIRRANGGULUNG","land_council":"NORTHERN LAND COUNCIL","electorate":"ARNHEM","ntg_region":"BIG RIVERS","population_source":"Homelands Service Provider Report 2023","population_count":2,"longitude":134.46372,"latitude":-13.75874},"geometry":{"type":"Point","coordinates":[134.46372,-13.75874]}},
{"type":"Feature","properties":{"objectid":83,"community_id":290,"bushtel_url":"https://bushtel.nt.gov.au/profile/290","community_name":"BAGOT","community_aliases":"No aliases recorded with NTG DIPL","community_type":"Town Camp","main_language":"Not recorded","local_govt_council":"DARWIN","ward":"CHAN","land_council":"NORTHERN LAND COUNCIL","electorate":"FANNIE BAY","ntg_region":"DARWIN, PALMERSTON, LITCHFIELD","population_source":"Not recorded","population_count":null,"longitude":130.85515,"latitude":-12.41613},"geometry":{"type":"Point","coordinates":[130.85515,-12.41613]}},
{"type":"Feature","properties":{"objectid":84,"community_id":209,"bushtel_url":"https://bushtel.nt.gov.au/profile/209","community_name":"BAJAMINYI","community_aliases":"BARAMINGI,FISH RIVER","community_type":"Family Outstation","main_language":"Not recorded","local_govt_council":"BARKLY","ward":"KUWARRANGU","land_council":"NORTHERN LAND COUNCIL","electorate":"BARKLY","ntg_region":"BARKLY","population_source":"Not recorded","population_count":null,"longitude":137.71243,"latitude":-17.77489},"geometry":{"type":"Point","coordinates":[137.71243,-17.77489]}},
{"type":"Feature","properties":{"objectid":85,"community_id":456,"bushtel_url":"https://bushtel.nt.gov.au/profile/456","community_name":"BALMA","community_aliases":"No aliases recorded with NTG DIPL","community_type":"Family Outstation","main_language":"Not recorded","local_govt_council":"EAST ARNHEM","ward":"GUMURR MIYARRKA","land_council":"NORTHERN LAND COUNCIL","electorate":"ARNHEM","ntg_region":"EAST ARNHEM","population_source":"Homelands Service Provider Report 2023","population_count":11,"longitude":135.84857,"latitude":-13.24939},"geometry":{"type":"Point","coordinates":[135.848570000000109,-13.24939]}},
{"type":"Feature","properties":{"objectid":86,"community_id":578,"bushtel_url":"https://bushtel.nt.gov.au/profile/578","community_name":"BAMBOO SPRINGS","community_aliases":"JIRRNGOW","community_type":"Family Outstation","main_language":"Not recorded","local_govt_council":"VICTORIA DALY","ward":"TIMBER CREEK","land_council":"CENTRAL LAND COUNCIL","electorate":"GWOJA","ntg_region":"BIG RIVERS","population_source":"Not recorded","population_count":null,"longitude":129.08393,"latitude":-16.95993},"geometry":{"type":"Point","coordinates":[129.08393,-16.95993]}},
{"type":"Feature","properties":{"objectid":87,"community_id":946,"bushtel_url":"https://bushtel.nt.gov.au/profile/946","community_name":"BANATJARL","community_aliases":"KING VALLEY","community_type":"Family Outstation","main_language":"Not recorded","local_govt_council":"ROPER GULF","ward":"NYIRRANGGULUNG","land_council":"NORTHERN LAND COUNCIL","electorate":"ARNHEM","ntg_region":"BIG RIVERS","population_source":"Homelands Service Provider Report 2023","population_count":10,"longitude":132.6514,"latitude":-14.47668},"geometry":{"type":"Point","coordinates":[132.6514,-14.47668]}},
{"type":"Feature","properties":{"objectid":88,"community_id":458,"bushtel_url":"https://bushtel.nt.gov.au/profile/458","community_name":"BANIYALA","community_aliases":"BANYALA,YILPARA","community_type":"Minor","main_language":"Not recorded","local_govt_council":"EAST ARNHEM","ward":"GUMURR MIWATJ","land_council":"NORTHERN LAND COUNCIL","electorate":"ARNHEM","ntg_region":"EAST ARNHEM","population_source":"Homelands Service Provider Report 2023","population_count":146,"longitude":136.2261,"latitude":-13.2004},"geometry":{"type":"Point","coordinates":[136.2261,-13.2004]}},
{"type":"Feature","properties":{"objectid":89,"community_id":457,"bushtel_url":"https://bushtel.nt.gov.au/profile/457","community_name":"BANTHULA","community_aliases":"BAN'TALA,BANDHULA,BANT'THULA,GAMPURA,GANPURA","community_type":"Family Outstation","main_language":"Not recorded","local_govt_council":"EAST ARNHEM","ward":"GUMURR MARTHAKAL","land_council":"NORTHERN LAND COUNCIL","electorate":"MULKA","ntg_region":"EAST ARNHEM","population_source":"Homelands Service Provider Report 2023","population_count":24,"longitude":135.87365,"latitude":-11.83585},"geometry":{"type":"Point","coordinates":[135.873650000000112,-11.83585]}},
{"type":"Feature","properties":{"objectid":90,"community_id":865,"bushtel_url":"https://bushtel.nt.gov.au/profile/865","community_name":"BARDALUMBA","community_aliases":"BARTALUMBA BAY,BARTELUMBA","community_type":"Family Outstation","main_language":"Not recorded","local_govt_council":"EAST ARNHEM","ward":"ANINDILYAKWA","land_council":"ANINDILYAKWA LAND COUNCIL","electorate":"ARNHEM","ntg_region":"EAST ARNHEM","population_source":"Homelands Service Provider Report 2023","population_count":26,"longitude":136.4489,"latitude":-13.82445},"geometry":{"type":"Point","coordinates":[136.4489,-13.82445]}},
{"type":"Feature","properties":{"objectid":91,"community_id":14045564,"bushtel_url":"https://bushtel.nt.gov.au/profile/14045564","community_name":"BARNJARN","community_aliases":"No aliases recorded with NTG DIPL","community_type":"Family Outstation","main_language":"Not recorded","local_govt_council":"ROPER GULF","ward":"NYIRRANGGULUNG","land_council":"NORTHERN LAND COUNCIL","electorate":"ARNHEM","ntg_region":"BIG RIVERS","population_source":"Homelands Service Provider Report 2023","population_count":8,"longitude":132.08321,"latitude":-14.28264},"geometry":{"type":"Point","coordinates":[132.08321,-14.28264]}},
{"type":"Feature","properties":{"objectid":92,"community_id":699,"bushtel_url":"https://bushtel.nt.gov.au/profile/699","community_name":"BARRAK BARRAK","community_aliases":"BARRAC BARRAC,MAYAMUM","community_type":"Family Outstation","main_language":"Not recorded","local_govt_council":"VICTORIA DALY","ward":"TIMBER CREEK","land_council":"NORTHERN LAND COUNCIL","electorate":"GWOJA","ntg_region":"BIG RIVERS","population_source":"Not recorded","population_count":null,"longitude":130.35876,"latitude":-15.8716},"geometry":{"type":"Point","coordinates":[130.35876,-15.8716]}},
{"type":"Feature","properties":{"objectid":93,"community_id":579,"bushtel_url":"https://bushtel.nt.gov.au/profile/579","community_name":"BARRAPUNTA","community_aliases":"BANAPINTA,BANURRPANDA,EMU SPRINGS","community_type":"Family Outstation","main_language":"Not recorded","local_govt_council":"ROPER GULF","ward":"NYIRRANGGULUNG","land_council":"NORTHERN LAND COUNCIL","electorate":"ARNHEM","ntg_region":"BIG RIVERS","population_source":"Homelands Service Provider Report 2023","population_count":1,"longitude":134.85057,"latitude":-13.15658},"geometry":{"type":"Point","coordinates":[134.85057,-13.15658]}},
{"type":"Feature","properties":{"objectid":94,"community_id":938,"bushtel_url":"https://bushtel.nt.gov.au/profile/938","community_name":"BARRARATJPI","community_aliases":"No aliases recorded with NTG DIPL","community_type":"Family Outstation","main_language":"Not recorded","local_govt_council":"EAST ARNHEM","ward":"GUMURR MIWATJ","land_council":"NORTHERN LAND COUNCIL","electorate":"ARNHEM","ntg_region":"EAST ARNHEM","population_source":"Homelands Service Provider Report 2023","population_count":23,"longitude":136.39138,"latitude":-13.21858},"geometry":{"type":"Point","coordinates":[136.39138,-13.21858]}},
{"type":"Feature","properties":{"objectid":95,"community_id":792,"bushtel_url":"https://bushtel.nt.gov.au/profile/792","community_name":"BARRIDJOWKENG","community_aliases":"BARRIDJOWEN,BARRIHYOWKENG","community_type":"Family Outstation","main_language":"Not recorded","local_govt_council":"WEST ARNHEM","ward":"MANINGRIDA","land_council":"NORTHERN LAND COUNCIL","electorate":"ARAFURA","ntg_region":"TOP END","population_source":"Homelands Service Provider Report 2023","population_count":2,"longitude":134.17529,"latitude":-12.34863},"geometry":{"type":"Point","coordinates":[134.17529,-12.34863]}},
{"type":"Feature","properties":{"objectid":96,"community_id":888,"bushtel_url":"https://bushtel.nt.gov.au/profile/888","community_name":"BARRKIRA","community_aliases":"No aliases recorded with NTG DIPL","community_type":"Family Outstation","main_language":"Not recorded","local_govt_council":"EAST ARNHEM","ward":"GUMURR MIWATJ","land_council":"NORTHERN LAND COUNCIL","electorate":"MULKA","ntg_region":"EAST ARNHEM","population_source":"Homelands Service Provider Report 2023","population_count":13,"longitude":136.4649,"latitude":-12.0086},"geometry":{"type":"Point","coordinates":[136.4649,-12.0086]}},
{"type":"Feature","properties":{"objectid":97,"community_id":580,"bushtel_url":"https://bushtel.nt.gov.au/profile/580","community_name":"BARUNGA","community_aliases":"BAMYILI","community_type":"Major","main_language":"Eastside Kriol","local_govt_council":"ROPER GULF","ward":"NYIRRANGGULUNG","land_council":"NORTHERN LAND COUNCIL","electorate":"ARNHEM","ntg_region":"BIG RIVERS","population_source":"Based on ABS 2021 Census SA1","population_count":396,"longitude":132.86668,"latitude":-14.52363},"geometry":{"type":"Point","coordinates":[132.86668,-14.52363]}},
{"type":"Feature","properties":{"objectid":98,"community_id":10677,"bushtel_url":"https://bushtel.nt.gov.au/profile/10677","community_name":"BATCHELOR","community_aliases":"No aliases recorded with NTG DIPL","community_type":"Village","main_language":"Not recorded","local_govt_council":"COOMALIE","ward":"BATCHELOR TOWNSHIP WARD","land_council":"NORTHERN LAND COUNCIL","electorate":"DALY","ntg_region":"TOP END","population_source":"Not recorded","population_count":null,"longitude":131.02883,"latitude":-13.04629},"geometry":{"type":"Point","coordinates":[131.02883,-13.04629]}},
{"type":"Feature","properties":{"objectid":99,"community_id":25070,"bushtel_url":"https://bushtel.nt.gov.au/profile/25070","community_name":"BATTON HILL","community_aliases":"No aliases recorded with NTG DIPL","community_type":"Family Outstation","main_language":"Not recorded","local_govt_council":"CENTRAL DESERT","ward":"AKITYARRE","land_council":"CENTRAL LAND COUNCIL","electorate":"NAMATJIRA","ntg_region":"CENTRAL AUSTRALIA","population_source":"Homelands Service Provider Report 2023","population_count":2,"longitude":136.86913,"latitude":-23.02915},"geometry":{"type":"Point","coordinates":[136.86913,-23.02915]}},
{"type":"Feature","properties":{"objectid":100,"community_id":212,"bushtel_url":"https://bushtel.nt.gov.au/profile/212","community_name":"BAUHINIA DOWNS","community_aliases":"GURDANJI BINGBINGA","community_type":"Family Outstation","main_language":"Not recorded","local_govt_council":"ROPER GULF","ward":"SOUTH WEST GULF","land_council":"NORTHERN LAND COUNCIL","electorate":"BARKLY","ntg_region":"BIG RIVERS","population_source":"Homelands Service Provider Report 2023","population_count":11,"longitude":135.46968,"latitude":-16.21512},"geometry":{"type":"Point","coordinates":[135.46968,-16.21512]}},
{"type":"Feature","properties":{"objectid":101,"community_id":462,"bushtel_url":"https://bushtel.nt.gov.au/profile/462","community_name":"BAWAKA","community_aliases":"No aliases recorded with NTG DIPL","community_type":"Family Outstation","main_language":"Not recorded","local_govt_council":"EAST ARNHEM","ward":"GUMURR MIWATJ","land_council":"NORTHERN LAND COUNCIL","electorate":"MULKA","ntg_region":"EAST ARNHEM","population_source":"Homelands Service Provider Report 2023","population_count":9,"longitude":136.76402,"latitude":-12.53365},"geometry":{"type":"Point","coordinates":[136.76402,-12.53365]}},
{"type":"Feature","properties":{"objectid":102,"community_id":494,"bushtel_url":"https://bushtel.nt.gov.au/profile/494","community_name":"BAYAGIDA","community_aliases":"GALUNGALI,GALUNGULI,RAPUMA,RAPUMA GALINGULLA,RAPUMA ISLAND,YABOOMA ISLAND","community_type":"Family Outstation","main_language":"Not recorded","local_govt_council":"EAST ARNHEM","ward":"GUMURR GATTJIRRK","land_council":"NORTHERN LAND COUNCIL","electorate":"MULKA","ntg_region":"EAST ARNHEM","population_source":"Not recorded","population_count":null,"longitude":134.92821,"latitude":-12.04269},"geometry":{"type":"Point","coordinates":[134.92821,-12.04269]}},
{"type":"Feature","properties":{"objectid":103,"community_id":463,"bushtel_url":"https://bushtel.nt.gov.au/profile/463","community_name":"BAYGURRTJI","community_aliases":"BAGURRITJI,BAYKURRTJI","community_type":"Family Outstation","main_language":"Not recorded","local_govt_council":"EAST ARNHEM","ward":"GUMURR MIYARRKA","land_council":"NORTHERN LAND COUNCIL","electorate":"ARNHEM","ntg_region":"EAST ARNHEM","population_source":"Homelands Service Provider Report 2023","population_count":2,"longitude":135.86654,"latitude":-13.15787},"geometry":{"type":"Point","coordinates":[135.8665400000001,-13.15787]}},
{"type":"Feature","properties":{"objectid":104,"community_id":25071,"bushtel_url":"https://bushtel.nt.gov.au/profile/25071","community_name":"BEASLEY KNOB","community_aliases":"JIYLINUM","community_type":"Family Outstation","main_language":"Not recorded","local_govt_council":"VICTORIA DALY","ward":"TIMBER CREEK","land_council":"NORTHERN LAND COUNCIL","electorate":"GWOJA","ntg_region":"BIG RIVERS","population_source":"Homelands Service Provider Report 2023","population_count":19,"longitude":129.0085,"latitude":-15.97708},"geometry":{"type":"Point","coordinates":[129.0085,-15.97708]}},
{"type":"Feature","properties":{"objectid":105,"community_id":844,"bushtel_url":"https://bushtel.nt.gov.au/profile/844","community_name":"BEER ST BORE","community_aliases":"No aliases recorded with NTG DIPL","community_type":"Family Outstation","main_language":"Not recorded","local_govt_council":"MACDONNELL","ward":"RODINGA","land_council":"CENTRAL LAND COUNCIL","electorate":"NAMATJIRA","ntg_region":"CENTRAL AUSTRALIA","population_source":"Not recorded","population_count":null,"longitude":134.52565,"latitude":-25.58297},"geometry":{"type":"Point","coordinates":[134.52565,-25.58297]}},
{"type":"Feature","properties":{"objectid":106,"community_id":294,"bushtel_url":"https://bushtel.nt.gov.au/profile/294","community_name":"BELYUEN","community_aliases":"DELISAVILLE,DELISSAVILLE","community_type":"Major","main_language":"Kriol","local_govt_council":"BELYUEN","ward":"Not recorded","land_council":"NORTHERN LAND COUNCIL","electorate":"DALY","ntg_region":"TOP END","population_source":"Based on ABS 2021 Census SA1","population_count":175,"longitude":130.6999,"latitude":-12.5386},"geometry":{"type":"Point","coordinates":[130.6999,-12.5386]}},
{"type":"Feature","properties":{"objectid":107,"community_id":295,"bushtel_url":"https://bushtel.nt.gov.au/profile/295","community_name":"BERRAJA","community_aliases":"BERBAJA,BERRAIYA","community_type":"Family Outstation","main_language":"Not recorded","local_govt_council":"WEST ARNHEM","ward":"MANINGRIDA","land_council":"NORTHERN LAND COUNCIL","electorate":"ARAFURA","ntg_region":"TOP END","population_source":"Not recorded","population_count":null,"longitude":134.50486,"latitude":-12.07195},"geometry":{"type":"Point","coordinates":[134.50486,-12.07195]}},
{"type":"Feature","properties":{"objectid":108,"community_id":582,"bushtel_url":"https://bushtel.nt.gov.au/profile/582","community_name":"BINJARI","community_aliases":"BINJARRI,WYLUNBA","community_type":"Minor","main_language":"Kriol","local_govt_council":"KATHERINE","ward":"Not recorded","land_council":"NORTHERN LAND COUNCIL","electorate":"KATHERINE","ntg_region":"BIG RIVERS","population_source":"Based on ABS 2021 Census SA1","population_count":282,"longitude":132.1815,"latitude":-14.5502},"geometry":{"type":"Point","coordinates":[132.1815,-14.5502]}},
{"type":"Feature","properties":{"objectid":109,"community_id":464,"bushtel_url":"https://bushtel.nt.gov.au/profile/464","community_name":"BIRANY BIRANY","community_aliases":"BIRANYBIRANY","community_type":"Minor","main_language":"Not recorded","local_govt_council":"EAST ARNHEM","ward":"GUMURR MIWATJ","land_council":"NORTHERN LAND COUNCIL","electorate":"MULKA","ntg_region":"EAST ARNHEM","population_source":"Homelands Service Provider Report 2023","population_count":16,"longitude":136.47669,"latitude":-12.81703},"geometry":{"type":"Point","coordinates":[136.47669,-12.81703]}},
{"type":"Feature","properties":{"objectid":110,"community_id":810,"bushtel_url":"https://bushtel.nt.gov.au/profile/810","community_name":"BISHOPS BORE","community_aliases":"No aliases recorded with NTG DIPL","community_type":"Family Outstation","main_language":"Not recorded","local_govt_council":"ROPER GULF","ward":"NYIRRANGGULUNG","land_council":"NORTHERN LAND COUNCIL","electorate":"ARNHEM","ntg_region":"BIG RIVERS","population_source":"Not recorded","population_count":null,"longitude":133.07053,"latitude":-14.61452},"geometry":{"type":"Point","coordinates":[133.07053,-14.61452]}},
{"type":"Feature","properties":{"objectid":111,"community_id":24899,"bushtel_url":"https://bushtel.nt.gov.au/profile/24899","community_name":"BLACK ROCK LANDING","community_aliases":"No aliases recorded with NTG DIPL","community_type":"Family Outstation","main_language":"Not recorded","local_govt_council":"ROPER GULF","ward":"SOUTH WEST GULF","land_council":"NORTHERN LAND COUNCIL","electorate":"BARKLY","ntg_region":"BIG RIVERS","population_source":"Homelands Service Provider Report 2023","population_count":4,"longitude":136.51042,"latitude":-15.92062},"geometry":{"type":"Point","coordinates":[136.51042,-15.92062]}},
{"type":"Feature","properties":{"objectid":112,"community_id":784,"bushtel_url":"https://bushtel.nt.gov.au/profile/784","community_name":"BLACKTANK BORE","community_aliases":"APMWERRE,BOND SPRINGS","community_type":"Family Outstation","main_language":"Not recorded","local_govt_council":"MACDONNELL","ward":"RODINGA","land_council":"CENTRAL LAND COUNCIL","electorate":"NAMATJIRA","ntg_region":"CENTRAL AUSTRALIA","population_source":"Homelands Service Provider Report 2023","population_count":18,"longitude":134.02049,"latitude":-23.32352},"geometry":{"type":"Point","coordinates":[134.020490000000109,-23.32352]}},
{"type":"Feature","properties":{"objectid":113,"community_id":25,"bushtel_url":"https://bushtel.nt.gov.au/profile/25","community_name":"BLACKWATER","community_aliases":"ATURU","community_type":"Family Outstation","main_language":"Not recorded","local_govt_council":"MACDONNELL","ward":"LURITJA PINTUBI","land_council":"CENTRAL LAND COUNCIL","electorate":"GWOJA","ntg_region":"CENTRAL AUSTRALIA","population_source":"Homelands Service Provider Report 2023","population_count":9,"longitude":131.89688,"latitude":-23.26181},"geometry":{"type":"Point","coordinates":[131.89688,-23.26181]}},
{"type":"Feature","properties":{"objectid":114,"community_id":843,"bushtel_url":"https://bushtel.nt.gov.au/profile/843","community_name":"BLOODWOOD BORE","community_aliases":"No aliases recorded with NTG DIPL","community_type":"Family Outstation","main_language":"Not recorded","local_govt_council":"MACDONNELL","ward":"RODINGA","land_council":"CENTRAL LAND COUNCIL","electorate":"NAMATJIRA","ntg_region":"CENTRAL AUSTRALIA","population_source":"Not recorded","population_count":null,"longitude":134.2883,"latitude":-25.76764},"geometry":{"type":"Point","coordinates":[134.2883,-25.76764]}},
{"type":"Feature","properties":{"objectid":115,"community_id":829,"bushtel_url":"https://bushtel.nt.gov.au/profile/829","community_name":"BLUE BUSH","community_aliases":"BLUEBUSH","community_type":"Family Outstation","main_language":"Not recorded","local_govt_council":"BARKLY","ward":"PATTA","land_council":"CENTRAL LAND COUNCIL","electorate":"BARKLY","ntg_region":"BARKLY","population_source":"Not recorded","population_count":null,"longitude":133.73583,"latitude":-19.02411},"geometry":{"type":"Point","coordinates":[133.73583,-19.02411]}},
{"type":"Feature","properties":{"objectid":116,"community_id":698,"bushtel_url":"https://bushtel.nt.gov.au/profile/698","community_name":"BOBS YARD","community_aliases":"IUWAKAM,KUTJULUM BURRU","community_type":"Family Outstation","main_language":"Not recorded","local_govt_council":"VICTORIA DALY","ward":"TIMBER CREEK","land_council":"NORTHERN LAND COUNCIL","electorate":"GWOJA","ntg_region":"BIG RIVERS","population_source":"Not recorded","population_count":null,"longitude":130.61125,"latitude":-16.00945},"geometry":{"type":"Point","coordinates":[130.61125,-16.00945]}},
{"type":"Feature","properties":{"objectid":117,"community_id":465,"bushtel_url":"https://bushtel.nt.gov.au/profile/465","community_name":"BODIA","community_aliases":"No aliases recorded with NTG DIPL","community_type":"Family Outstation","main_language":"Not recorded","local_govt_council":"EAST ARNHEM","ward":"GUMURR GATTJIRRK","land_council":"NORTHERN LAND COUNCIL","electorate":"MULKA","ntg_region":"EAST ARNHEM","population_source":"Homelands Service Provider Report 2023","population_count":44,"longitude":134.89628,"latitude":-12.07688},"geometry":{"type":"Point","coordinates":[134.89628,-12.07688]}},
{"type":"Feature","properties":{"objectid":118,"community_id":298,"bushtel_url":"https://bushtel.nt.gov.au/profile/298","community_name":"BOLKDJAM","community_aliases":"BORLKDJAM,BULKDJAM","community_type":"Family Outstation","main_language":"Not recorded","local_govt_council":"WEST ARNHEM","ward":"MANINGRIDA","land_council":"NORTHERN LAND COUNCIL","electorate":"ARAFURA","ntg_region":"TOP END","population_source":"Homelands Service Provider Report 2023","population_count":50,"longitude":134.41998,"latitude":-12.41151},"geometry":{"type":"Point","coordinates":[134.41998,-12.41151]}},
{"type":"Feature","properties":{"objectid":119,"community_id":583,"bushtel_url":"https://bushtel.nt.gov.au/profile/583","community_name":"BOOMERANG LAGOON","community_aliases":"MALANBAPOY","community_type":"Family Outstation","main_language":"Not recorded","local_govt_council":"ROPER GULF","ward":"YUGUL MANGI","land_council":"NORTHERN LAND COUNCIL","electorate":"ARNHEM","ntg_region":"BIG RIVERS","population_source":"Not recorded","population_count":null,"longitude":135.03925,"latitude":-14.45061},"geometry":{"type":"Point","coordinates":[135.03925,-14.45061]}},
{"type":"Feature","properties":{"objectid":120,"community_id":481,"bushtel_url":"https://bushtel.nt.gov.au/profile/481","community_name":"BOROGOMARRA","community_aliases":"DJAKALAJIRAPURRA,DJAKALAJIRIPURRA,MANGBIRR,MANGBIRRI","community_type":"Family Outstation","main_language":"Not recorded","local_govt_council":"EAST ARNHEM","ward":"BIRR RAWARRANG","land_council":"NORTHERN LAND COUNCIL","electorate":"MULKA","ntg_region":"EAST ARNHEM","population_source":"Not recorded","population_count":null,"longitude":134.97834,"latitude":-12.24159},"geometry":{"type":"Point","coordinates":[134.978340000000117,-12.24159]}},
{"type":"Feature","properties":{"objectid":121,"community_id":11092,"bushtel_url":"https://bushtel.nt.gov.au/profile/11092","community_name":"BORROLOOLA","community_aliases":"No aliases recorded with NTG DIPL","community_type":"Village","main_language":"Garrwa, Eastside Kriol","local_govt_council":"ROPER GULF","ward":"SOUTH WEST GULF","land_council":"NORTHERN LAND COUNCIL","electorate":"BARKLY","ntg_region":"BIG RIVERS","population_source":"Based on ABS 2021 Census SA1","population_count":886,"longitude":136.3069,"latitude":-16.0676},"geometry":{"type":"Point","coordinates":[136.3069,-16.0676]}},
{"type":"Feature","properties":{"objectid":122,"community_id":24904,"bushtel_url":"https://bushtel.nt.gov.au/profile/24904","community_name":"BRUMBY PLAINS","community_aliases":"No aliases recorded with NTG DIPL","community_type":"Family Outstation","main_language":"Not recorded","local_govt_council":"VICTORIA DALY","ward":"DAGURAGU","land_council":"CENTRAL LAND COUNCIL","electorate":"GWOJA","ntg_region":"BIG RIVERS","population_source":"Homelands Service Provider Report 2023","population_count":8,"longitude":129.01037,"latitude":-17.05303},"geometry":{"type":"Point","coordinates":[129.01037,-17.05303]}},
{"type":"Feature","properties":{"objectid":123,"community_id":585,"bushtel_url":"https://bushtel.nt.gov.au/profile/585","community_name":"BUBBLE BUBBLE","community_aliases":"DHAMBERRAL,DJAMBORAL,DUMBARAL ASSOC,DUMBRAL,NEWRY STATION","community_type":"Family Outstation","main_language":"Not recorded","local_govt_council":"VICTORIA DALY","ward":"TIMBER CREEK","land_council":"NORTHERN LAND COUNCIL","electorate":"GWOJA","ntg_region":"BIG RIVERS","population_source":"Homelands Service Provider Report 2023","population_count":10,"longitude":129.31022,"latitude":-15.81036},"geometry":{"type":"Point","coordinates":[129.31022,-15.81036]}},
{"type":"Feature","properties":{"objectid":124,"community_id":700,"bushtel_url":"https://bushtel.nt.gov.au/profile/700","community_name":"BUCKET SPRINGS","community_aliases":"BINJEN NINGGUWUNG","community_type":"Family Outstation","main_language":"Not recorded","local_govt_council":"VICTORIA DALY","ward":"TIMBER CREEK","land_council":"NORTHERN LAND COUNCIL","electorate":"GWOJA","ntg_region":"BIG RIVERS","population_source":"Not recorded","population_count":null,"longitude":129.16465,"latitude":-15.74001},"geometry":{"type":"Point","coordinates":[129.16465,-15.74001]}},
{"type":"Feature","properties":{"objectid":125,"community_id":986,"bushtel_url":"https://bushtel.nt.gov.au/profile/986","community_name":"BUDJANGA","community_aliases":"No aliases recorded with NTG DIPL","community_type":"Family Outstation","main_language":"Not recorded","local_govt_council":"ROPER GULF","ward":"SOUTH WEST GULF","land_council":"NORTHERN LAND COUNCIL","electorate":"BARKLY","ntg_region":"BIG RIVERS","population_source":"Homelands Service Provider Report 2023","population_count":8,"longitude":136.76818,"latitude":-16.17945},"geometry":{"type":"Point","coordinates":[136.76818,-16.17945]}},
{"type":"Feature","properties":{"objectid":126,"community_id":1027,"bushtel_url":"https://bushtel.nt.gov.au/profile/1027","community_name":"BUFFALO FARM","community_aliases":"No aliases recorded with NTG DIPL","community_type":"Family Outstation","main_language":"Not recorded","local_govt_council":"WEST ARNHEM","ward":"KAKADU","land_council":"NORTHERN LAND COUNCIL","electorate":"ARAFURA","ntg_region":"TOP END","population_source":"Homelands Service Provider Report 2023","population_count":6,"longitude":132.59382,"latitude":-12.81369},"geometry":{"type":"Point","coordinates":[132.59382,-12.81369]}},
{"type":"Feature","properties":{"objectid":127,"community_id":257,"bushtel_url":"https://bushtel.nt.gov.au/profile/257","community_name":"BUJAN","community_aliases":"BUJANA,EAST WYREAN,PUJANA","community_type":"Family Outstation","main_language":"Not recorded","local_govt_council":"ROPER GULF","ward":"SOUTH WEST GULF","land_council":"NORTHERN LAND COUNCIL","electorate":"BARKLY","ntg_region":"BIG RIVERS","population_source":"Homelands Service Provider Report 2023","population_count":4,"longitude":136.87915,"latitude":-16.26901},"geometry":{"type":"Point","coordinates":[136.87915,-16.26901]}},
{"type":"Feature","properties":{"objectid":128,"community_id":466,"bushtel_url":"https://bushtel.nt.gov.au/profile/466","community_name":"BUKUDAL","community_aliases":"No aliases recorded with NTG DIPL","community_type":"Family Outstation","main_language":"Not recorded","local_govt_council":"EAST ARNHEM","ward":"GUMURR MIWATJ","land_council":"NORTHERN LAND COUNCIL","electorate":"ARNHEM","ntg_region":"EAST ARNHEM","population_source":"Homelands Service Provider Report 2023","population_count":16,"longitude":136.61353,"latitude":-12.96647},"geometry":{"type":"Point","coordinates":[136.61353,-12.96647]}},
{"type":"Feature","properties":{"objectid":129,"community_id":467,"bushtel_url":"https://bushtel.nt.gov.au/profile/467","community_name":"BULARRING","community_aliases":"BULARRINY,BULARRINYUR","community_type":"Family Outstation","main_language":"Not recorded","local_govt_council":"EAST ARNHEM","ward":"GUMURR MARTHAKAL","land_council":"NORTHERN LAND COUNCIL","electorate":"MULKA","ntg_region":"EAST ARNHEM","population_source":"Not recorded","population_count":null,"longitude":135.70342,"latitude":-12.04636},"geometry":{"type":"Point","coordinates":[135.70342,-12.04636]}},
{"type":"Feature","properties":{"objectid":130,"community_id":300,"bushtel_url":"https://bushtel.nt.gov.au/profile/300","community_name":"BULGUL","community_aliases":"WADJIGAN","community_type":"Family Outstation","main_language":"Not recorded","local_govt_council":"UN-INCORPORATED (COX-DALY)","ward":"Not recorded","land_council":"NORTHERN LAND COUNCIL","electorate":"DALY","ntg_region":"TOP END","population_source":"Homelands Service Provider Report 2023","population_count":21,"longitude":130.12203,"latitude":-13.08387},"geometry":{"type":"Point","coordinates":[130.122030000000109,-13.08387]}},
{"type":"Feature","properties":{"objectid":131,"community_id":586,"bushtel_url":"https://bushtel.nt.gov.au/profile/586","community_name":"BULLA","community_aliases":"GUDABIJIN,GURRBIJIM","community_type":"Minor","main_language":"Westside Kriol/ Ngarinyman","local_govt_council":"VICTORIA DALY","ward":"TIMBER CREEK","land_council":"NORTHERN LAND COUNCIL","electorate":"GWOJA","ntg_region":"BIG RIVERS","population_source":"Based on ABS 2021 Census SA1","population_count":95,"longitude":130.03936,"latitude":-15.76492},"geometry":{"type":"Point","coordinates":[130.039360000000102,-15.76492]}},
{"type":"Feature","properties":{"objectid":132,"community_id":587,"bushtel_url":"https://bushtel.nt.gov.au/profile/587","community_name":"BULMAN","community_aliases":"GULIN GULIN,YULNGU","community_type":"Major","main_language":"Eastside Kriol","local_govt_council":"ROPER GULF","ward":"NYIRRANGGULUNG","land_council":"NORTHERN LAND COUNCIL","electorate":"ARNHEM","ntg_region":"BIG RIVERS","population_source":"Based on ABS 2021 Census SA1","population_count":190,"longitude":134.33335,"latitude":-13.66529},"geometry":{"type":"Point","coordinates":[134.33335000000011,-13.66529]}},
{"type":"Feature","properties":{"objectid":133,"community_id":302,"bushtel_url":"https://bushtel.nt.gov.au/profile/302","community_name":"BULUHKADURU","community_aliases":"BUKUHKADURU,BULAGADARU,BULUNKADURU","community_type":"Family Outstation","main_language":"Not recorded","local_govt_council":"WEST ARNHEM","ward":"MANINGRIDA","land_council":"NORTHERN LAND COUNCIL","electorate":"ARAFURA","ntg_region":"TOP END","population_source":"Homelands Service Provider Report 2023","population_count":32,"longitude":134.42307,"latitude":-12.43247},"geometry":{"type":"Point","coordinates":[134.42307,-12.43247]}},
{"type":"Feature","properties":{"objectid":134,"community_id":468,"bushtel_url":"https://bushtel.nt.gov.au/profile/468","community_name":"BUNDATHARRI","community_aliases":"BUNDADHARRI","community_type":"Family Outstation","main_language":"Not recorded","local_govt_council":"EAST ARNHEM","ward":"BIRR RAWARRANG","land_council":"NORTHERN LAND COUNCIL","electorate":"MULKA","ntg_region":"EAST ARNHEM","population_source":"Not recorded","population_count":null,"longitude":134.84672,"latitude":-12.23568},"geometry":{"type":"Point","coordinates":[134.846720000000118,-12.23568]}},
{"type":"Feature","properties":{"objectid":135,"community_id":949,"bushtel_url":"https://bushtel.nt.gov.au/profile/949","community_name":"BUNHANURA","community_aliases":"No aliases recorded with NTG DIPL","community_type":"Family Outstation","main_language":"Not recorded","local_govt_council":"EAST ARNHEM","ward":"GUMURR MIYARRKA","land_council":"NORTHERN LAND COUNCIL","electorate":"ARNHEM","ntg_region":"EAST ARNHEM","population_source":"Homelands Service Provider Report 2023","population_count":15,"longitude":135.72221,"latitude":-12.37449},"geometry":{"type":"Point","coordinates":[135.72221,-12.37449]}},
{"type":"Feature","properties":{"objectid":136,"community_id":976,"bushtel_url":"https://bushtel.nt.gov.au/profile/976","community_name":"BUNI-INWUNBULUK","community_aliases":"ANNESLEY POINT","community_type":"Family Outstation","main_language":"Not recorded","local_govt_council":"WEST ARNHEM","ward":"BARRAH","land_council":"NORTHERN LAND COUNCIL","electorate":"ARAFURA","ntg_region":"TOP END","population_source":"Homelands Service Provider Report 2023","population_count":10,"longitude":132.82554,"latitude":-11.40613},"geometry":{"type":"Point","coordinates":[132.82554,-11.40613]}},
{"type":"Feature","properties":{"objectid":137,"community_id":470,"bushtel_url":"https://bushtel.nt.gov.au/profile/470","community_name":"BURRUM","community_aliases":"BULAKATOR","community_type":"Family Outstation","main_language":"Not recorded","local_govt_council":"EAST ARNHEM","ward":"GUMURR MIYARRKA","land_council":"NORTHERN LAND COUNCIL","electorate":"ARNHEM","ntg_region":"EAST ARNHEM","population_source":"Homelands Service Provider Report 2023","population_count":13,"longitude":135.9605,"latitude":-12.3094},"geometry":{"type":"Point","coordinates":[135.9605,-12.3094]}},
{"type":"Feature","properties":{"objectid":138,"community_id":686,"bushtel_url":"https://bushtel.nt.gov.au/profile/686","community_name":"BURRUMBURRU","community_aliases":"DRY CREEK","community_type":"Family Outstation","main_language":"Not recorded","local_govt_council":"BARKLY","ward":"KUWARRANGU","land_council":"NORTHERN LAND COUNCIL","electorate":"BARKLY","ntg_region":"BARKLY","population_source":"Not recorded","population_count":null,"longitude":137.78155,"latitude":-17.74229},"geometry":{"type":"Point","coordinates":[137.78155,-17.74229]}},
{"type":"Feature","properties":{"objectid":139,"community_id":713,"bushtel_url":"https://bushtel.nt.gov.au/profile/713","community_name":"BURT CREEK","community_aliases":"RICE'S CAMP,YAMBA-MPWERINGE,YAMBAH-MPWERINGE","community_type":"Family Outstation","main_language":"Not recorded","local_govt_council":"MACDONNELL","ward":"RODINGA","land_council":"CENTRAL LAND COUNCIL","electorate":"NAMATJIRA","ntg_region":"CENTRAL AUSTRALIA","population_source":"Homelands Service Provider Report 2023","population_count":37,"longitude":133.74759,"latitude":-23.19652},"geometry":{"type":"Point","coordinates":[133.74759,-23.19652]}},
{"type":"Feature","properties":{"objectid":140,"community_id":944,"bushtel_url":"https://bushtel.nt.gov.au/profile/944","community_name":"BURTA WURTA","community_aliases":"BARDU WARDU,BIRDIWATER","community_type":"Family Outstation","main_language":"Not recorded","local_govt_council":"VICTORIA DALY","ward":"DAGURAGU","land_council":"CENTRAL LAND COUNCIL","electorate":"GWOJA","ntg_region":"BIG RIVERS","population_source":"Not recorded","population_count":null,"longitude":130.47592,"latitude":-17.53597},"geometry":{"type":"Point","coordinates":[130.47592,-17.53597]}},
{"type":"Feature","properties":{"objectid":141,"community_id":1019,"bushtel_url":"https://bushtel.nt.gov.au/profile/1019","community_name":"BURUDU","community_aliases":"RANKEN","community_type":"Family Outstation","main_language":"Not recorded","local_govt_council":"BARKLY","ward":"KUWARRANGU","land_council":"NORTHERN LAND COUNCIL","electorate":"BARKLY","ntg_region":"BARKLY","population_source":"Homelands Service Provider Report 2023","population_count":4,"longitude":136.92545,"latitude":-19.59874},"geometry":{"type":"Point","coordinates":[136.92545,-19.59874]}},
{"type":"Feature","properties":{"objectid":142,"community_id":24994,"bushtel_url":"https://bushtel.nt.gov.au/profile/24994","community_name":"BUSHCAMP","community_aliases":"KALYWANPA","community_type":"Family Outstation","main_language":"Not recorded","local_govt_council":"BARKLY","ward":"PATTA","land_council":"CENTRAL LAND COUNCIL","electorate":"BARKLY","ntg_region":"BARKLY","population_source":"Not recorded","population_count":null,"longitude":134.15408,"latitude":-19.71711},"geometry":{"type":"Point","coordinates":[134.15408,-19.71711]}},
{"type":"Feature","properties":{"objectid":143,"community_id":803,"bushtel_url":"https://bushtel.nt.gov.au/profile/803","community_name":"BUYMARR","community_aliases":"BUYMARRWUY","community_type":"Family Outstation","main_language":"Not recorded","local_govt_council":"EAST ARNHEM","ward":"GUMURR MIWATJ","land_council":"NORTHERN LAND COUNCIL","electorate":"MULKA","ntg_region":"EAST ARNHEM","population_source":"Homelands Service Provider Report 2023","population_count":6,"longitude":136.63653,"latitude":-12.69827},"geometry":{"type":"Point","coordinates":[136.636530000000107,-12.69827]}},
{"type":"Feature","properties":{"objectid":144,"community_id":728,"bushtel_url":"https://bushtel.nt.gov.au/profile/728","community_name":"CAMEL CAMP","community_aliases":"No aliases recorded with NTG DIPL","community_type":"Family Outstation","main_language":"Not recorded","local_govt_council":"BARKLY","ward":"ALYAWARR","land_council":"CENTRAL LAND COUNCIL","electorate":"BARKLY","ntg_region":"BARKLY","population_source":"Homelands Service Provider Report 2023","population_count":39,"longitude":134.55242,"latitude":-22.27181},"geometry":{"type":"Point","coordinates":[134.55242,-22.27181]}},
{"type":"Feature","properties":{"objectid":145,"community_id":768,"bushtel_url":"https://bushtel.nt.gov.au/profile/768","community_name":"CAMELS HUMP","community_aliases":"UNGKURRKUGA","community_type":"Family Outstation","main_language":"Not recorded","local_govt_council":"MACDONNELL","ward":"LURITJA PINTUBI","land_council":"CENTRAL LAND COUNCIL","electorate":"GWOJA","ntg_region":"CENTRAL AUSTRALIA","population_source":"Homelands Service Provider Report 2023","population_count":3,"longitude":131.59435,"latitude":-23.75175},"geometry":{"type":"Point","coordinates":[131.59435,-23.75175]}},
{"type":"Feature","properties":{"objectid":146,"community_id":304,"bushtel_url":"https://bushtel.nt.gov.au/profile/304","community_name":"CANNON HILL","community_aliases":"EAST ALLIGATOR,MEL","community_type":"Family Outstation","main_language":"Not recorded","local_govt_council":"WEST ARNHEM","ward":"KAKADU","land_council":"NORTHERN LAND COUNCIL","electorate":"ARAFURA","ntg_region":"TOP END","population_source":"Homelands Service Provider Report 2023","population_count":8,"longitude":132.94593,"latitude":-12.35758},"geometry":{"type":"Point","coordinates":[132.94593,-12.35758]}},
{"type":"Feature","properties":{"objectid":147,"community_id":219,"bushtel_url":"https://bushtel.nt.gov.au/profile/219","community_name":"CANTEEN CREEK","community_aliases":"ORWAITILLA,ORWAITILLYA,OWAIRTILLA","community_type":"Major","main_language":"Alyawarr","local_govt_council":"BARKLY","ward":"ALYAWARR","land_council":"CENTRAL LAND COUNCIL","electorate":"BARKLY","ntg_region":"BARKLY","population_source":"Based on ABS 2021 Census SA1","population_count":173,"longitude":135.58678,"latitude":-20.64508},"geometry":{"type":"Point","coordinates":[135.58678,-20.64508]}},
{"type":"Feature","properties":{"objectid":148,"community_id":11623,"bushtel_url":"https://bushtel.nt.gov.au/profile/11623","community_name":"CATTLE CREEK","community_aliases":"No aliases recorded with NTG DIPL","community_type":"Family Outstation","main_language":"Not recorded","local_govt_council":"VICTORIA DALY","ward":"DAGURAGU","land_council":"CENTRAL LAND COUNCIL","electorate":"GWOJA","ntg_region":"BIG RIVERS","population_source":"Not recorded","population_count":null,"longitude":131.54521,"latitude":-17.59747},"geometry":{"type":"Point","coordinates":[131.545210000000111,-17.59747]}},
{"type":"Feature","properties":{"objectid":149,"community_id":846,"bushtel_url":"https://bushtel.nt.gov.au/profile/846","community_name":"CHARLOTTE WATERS","community_aliases":"No aliases recorded with NTG DIPL","community_type":"Family Outstation","main_language":"Not recorded","local_govt_council":"MACDONNELL","ward":"RODINGA","land_council":"CENTRAL LAND COUNCIL","electorate":"NAMATJIRA","ntg_region":"CENTRAL AUSTRALIA","population_source":"Not recorded","population_count":null,"longitude":134.89274,"latitude":-25.91424},"geometry":{"type":"Point","coordinates":[134.892740000000117,-25.91424]}},
{"type":"Feature","properties":{"objectid":150,"community_id":757,"bushtel_url":"https://bushtel.nt.gov.au/profile/757","community_name":"CHILLA WELL","community_aliases":"JILA,TJILLA","community_type":"Family Outstation","main_language":"Not recorded","local_govt_council":"CENTRAL DESERT","ward":"SOUTHERN TANAMI","land_council":"CENTRAL LAND COUNCIL","electorate":"GWOJA","ntg_region":"CENTRAL AUSTRALIA","population_source":"Not recorded","population_count":null,"longitude":130.97067,"latitude":-21.52777},"geometry":{"type":"Point","coordinates":[130.97067,-21.52777]}},
{"type":"Feature","properties":{"objectid":151,"community_id":779,"bushtel_url":"https://bushtel.nt.gov.au/profile/779","community_name":"CHULUK","community_aliases":"CHILLUK,CHILUK,DJILUK","community_type":"Family Outstation","main_language":"Not recorded","local_govt_council":"WEST DALY","ward":"THAMARRURR/PINDI PINDI","land_council":"NORTHERN LAND COUNCIL","electorate":"DALY","ntg_region":"TOP END","population_source":"Not recorded","population_count":null,"longitude":130.26778,"latitude":-13.665},"geometry":{"type":"Point","coordinates":[130.26778,-13.665]}},
{"type":"Feature","properties":{"objectid":152,"community_id":1012,"bushtel_url":"https://bushtel.nt.gov.au/profile/1012","community_name":"CONDER POINT","community_aliases":"CONDOR POINT,YIMPINARI","community_type":"Family Outstation","main_language":"Not recorded","local_govt_council":"TIWI ISLANDS","ward":"MILIKAPITI WARD","land_council":"TIWI LAND COUNCIL","electorate":"ARAFURA","ntg_region":"TOP END","population_source":"Homelands Service Provider Report 2023","population_count":8,"longitude":131.32757,"latitude":-11.65088},"geometry":{"type":"Point","coordinates":[131.32757,-11.65088]}},
{"type":"Feature","properties":{"objectid":153,"community_id":901,"bushtel_url":"https://bushtel.nt.gov.au/profile/901","community_name":"CONNELLS LAGOON","community_aliases":"No aliases recorded with NTG DIPL","community_type":"Family Outstation","main_language":"Not recorded","local_govt_council":"BARKLY","ward":"KUWARRANGU","land_council":"NORTHERN LAND COUNCIL","electorate":"BARKLY","ntg_region":"BARKLY","population_source":"Not recorded","population_count":null,"longitude":136.54802,"latitude":-18.89143},"geometry":{"type":"Point","coordinates":[136.54802,-18.89143]}},
{"type":"Feature","properties":{"objectid":154,"community_id":220,"bushtel_url":"https://bushtel.nt.gov.au/profile/220","community_name":"CORELLA CREEK","community_aliases":"No aliases recorded with NTG DIPL","community_type":"Family Outstation","main_language":"Not recorded","local_govt_council":"BARKLY","ward":"KUWARRANGU","land_council":"NORTHERN LAND COUNCIL","electorate":"BARKLY","ntg_region":"BARKLY","population_source":"Homelands Service Provider Report 2023","population_count":30,"longitude":135.85671,"latitude":-18.36685},"geometry":{"type":"Point","coordinates":[135.85671,-18.36685]}},
{"type":"Feature","properties":{"objectid":155,"community_id":1009,"bushtel_url":"https://bushtel.nt.gov.au/profile/1009","community_name":"CORKWOOD BORE","community_aliases":"AULPERENGE,MORRIS DAM","community_type":"Family Outstation","main_language":"Not recorded","local_govt_council":"MACDONNELL","ward":"RODINGA","land_council":"CENTRAL LAND COUNCIL","electorate":"NAMATJIRA","ntg_region":"CENTRAL AUSTRALIA","population_source":"Homelands Service Provider Report 2023","population_count":36,"longitude":133.86792,"latitude":-23.31225},"geometry":{"type":"Point","coordinates":[133.86792,-23.31225]}},
{"type":"Feature","properties":{"objectid":156,"community_id":590,"bushtel_url":"https://bushtel.nt.gov.au/profile/590","community_name":"COSTELLO","community_aliases":"CASTELLO,JILWILI,KASTELLO","community_type":"Family Outstation","main_language":"Not recorded","local_govt_council":"ROPER GULF","ward":"YUGUL MANGI","land_council":"NORTHERN LAND COUNCIL","electorate":"ARNHEM","ntg_region":"BIG RIVERS","population_source":"Homelands Service Provider Report 2023","population_count":2,"longitude":134.88289,"latitude":-14.56453},"geometry":{"type":"Point","coordinates":[134.88289,-14.56453]}},
{"type":"Feature","properties":{"objectid":157,"community_id":972,"bushtel_url":"https://bushtel.nt.gov.au/profile/972","community_name":"COW LAGOON","community_aliases":"TALWALLAH","community_type":"Family Outstation","main_language":"Not recorded","local_govt_council":"ROPER GULF","ward":"SOUTH WEST GULF","land_council":"NORTHERN LAND COUNCIL","electorate":"BARKLY","ntg_region":"BIG RIVERS","population_source":"Homelands Service Provider Report 2023","population_count":6,"longitude":135.94962,"latitude":-16.20751},"geometry":{"type":"Point","coordinates":[135.94962,-16.20751]}},
{"type":"Feature","properties":{"objectid":158,"community_id":24901,"bushtel_url":"https://bushtel.nt.gov.au/profile/24901","community_name":"CRABHOLE","community_aliases":"No aliases recorded with NTG DIPL","community_type":"Family Outstation","main_language":"Not recorded","local_govt_council":"ROPER GULF","ward":"SOUTH WEST GULF","land_council":"NORTHERN LAND COUNCIL","electorate":"BARKLY","ntg_region":"BIG RIVERS","population_source":"Homelands Service Provider Report 2023","population_count":2,"longitude":137.09915,"latitude":-16.21525},"geometry":{"type":"Point","coordinates":[137.09915,-16.21525]}},
{"type":"Feature","properties":{"objectid":159,"community_id":591,"bushtel_url":"https://bushtel.nt.gov.au/profile/591","community_name":"DAGURAGU","community_aliases":"DAGARAGU,WATTIE CREEK","community_type":"Major","main_language":"Gurindji / Kriol","local_govt_council":"VICTORIA DALY","ward":"DAGURAGU","land_council":"CENTRAL LAND COUNCIL","electorate":"GWOJA","ntg_region":"BIG RIVERS","population_source":"Based on ABS 2021 Census SA1","population_count":230,"longitude":130.80491,"latitude":-17.40059},"geometry":{"type":"Point","coordinates":[130.80491,-17.40059]}},
{"type":"Feature","properties":{"objectid":160,"community_id":956,"bushtel_url":"https://bushtel.nt.gov.au/profile/956","community_name":"DALIWUY BAY","community_aliases":"DALYWOI","community_type":"Family Outstation","main_language":"Not recorded","local_govt_council":"EAST ARNHEM","ward":"GUMURR MIWATJ","land_council":"NORTHERN LAND COUNCIL","electorate":"MULKA","ntg_region":"EAST ARNHEM","population_source":"Not recorded","population_count":null,"longitude":136.91835,"latitude":-12.34085},"geometry":{"type":"Point","coordinates":[136.91835,-12.34085]}},
{"type":"Feature","properties":{"objectid":161,"community_id":12194,"bushtel_url":"https://bushtel.nt.gov.au/profile/12194","community_name":"DALY WATERS","community_aliases":"No aliases recorded with NTG DIPL","community_type":"Village","main_language":"Not recorded","local_govt_council":"ROPER GULF","ward":"NEVER NEVER","land_council":"NORTHERN LAND COUNCIL","electorate":"BARKLY","ntg_region":"BIG RIVERS","population_source":"Not recorded","population_count":null,"longitude":133.36932,"latitude":-16.25333},"geometry":{"type":"Point","coordinates":[133.36932,-16.25333]}},
{"type":"Feature","properties":{"objectid":162,"community_id":307,"bushtel_url":"https://bushtel.nt.gov.au/profile/307","community_name":"DAMDAM","community_aliases":"DAM DAM","community_type":"Family Outstation","main_language":"Not recorded","local_govt_council":"WEST ARNHEM","ward":"MANINGRIDA","land_council":"NORTHERN LAND COUNCIL","electorate":"ARAFURA","ntg_region":"TOP END","population_source":"Not recorded","population_count":null,"longitude":134.64529,"latitude":-12.16556},"geometry":{"type":"Point","coordinates":[134.64529,-12.16556]}},
{"type":"Feature","properties":{"objectid":163,"community_id":1003,"bushtel_url":"https://bushtel.nt.gov.au/profile/1003","community_name":"DARRANDARRA","community_aliases":"SOUTHPORT","community_type":"Family Outstation","main_language":"Not recorded","local_govt_council":"LITCHFIELD","ward":"SOUTH WARD","land_council":"NORTHERN LAND COUNCIL","electorate":"DALY","ntg_region":"DARWIN, PALMERSTON, LITCHFIELD","population_source":"Not recorded","population_count":null,"longitude":130.95462,"latitude":-12.74098},"geometry":{"type":"Point","coordinates":[130.95462,-12.74098]}},
{"type":"Feature","properties":{"objectid":164,"community_id":472,"bushtel_url":"https://bushtel.nt.gov.au/profile/472","community_name":"DARRANGMURMANJA","community_aliases":"MARBLE POINT","community_type":"Family Outstation","main_language":"Not recorded","local_govt_council":"EAST ARNHEM","ward":"ANINDILYAKWA","land_council":"ANINDILYAKWA LAND COUNCIL","electorate":"ARNHEM","ntg_region":"EAST ARNHEM","population_source":"Not recorded","population_count":null,"longitude":136.59277,"latitude":-13.72486},"geometry":{"type":"Point","coordinates":[136.59277,-13.72486]}},
{"type":"Feature","properties":{"objectid":165,"community_id":12218,"bushtel_url":"https://bushtel.nt.gov.au/profile/12218","community_name":"DARWIN","community_aliases":"No aliases recorded with NTG DIPL","community_type":"City","main_language":"Not recorded","local_govt_council":"DARWIN","ward":"LYONS","land_council":"NORTHERN LAND COUNCIL","electorate":"PORT DARWIN","ntg_region":"DARWIN, PALMERSTON, LITCHFIELD","population_source":"Not recorded","population_count":null,"longitude":130.84244,"latitude":-12.46153},"geometry":{"type":"Point","coordinates":[130.84244,-12.46153]}},
{"type":"Feature","properties":{"objectid":166,"community_id":775,"bushtel_url":"https://bushtel.nt.gov.au/profile/775","community_name":"DELEYE","community_aliases":"DELYE","community_type":"Family Outstation","main_language":"Not recorded","local_govt_council":"WEST DALY","ward":"THAMARRURR/PINDI PINDI","land_council":"NORTHERN LAND COUNCIL","electorate":"DALY","ntg_region":"TOP END","population_source":"Homelands Service Provider Report 2023","population_count":31,"longitude":129.97667,"latitude":-13.76535},"geometry":{"type":"Point","coordinates":[129.97667,-13.76535]}},
{"type":"Feature","properties":{"objectid":167,"community_id":473,"bushtel_url":"https://bushtel.nt.gov.au/profile/473","community_name":"DHALINYBUY","community_aliases":"DHALINGBOY","community_type":"Minor","main_language":"Not recorded","local_govt_council":"EAST ARNHEM","ward":"GUMURR MIWATJ","land_council":"NORTHERN LAND COUNCIL","electorate":"MULKA","ntg_region":"EAST ARNHEM","population_source":"Homelands Service Provider Report 2023","population_count":117,"longitude":136.3878,"latitude":-12.4125},"geometry":{"type":"Point","coordinates":[136.3878,-12.4125]}},
{"type":"Feature","properties":{"objectid":168,"community_id":896,"bushtel_url":"https://bushtel.nt.gov.au/profile/896","community_name":"DHAMBALA","community_aliases":"No aliases recorded with NTG DIPL","community_type":"Family Outstation","main_language":"Not recorded","local_govt_council":"EAST ARNHEM","ward":"GUMURR MARTHAKAL","land_council":"NORTHERN LAND COUNCIL","electorate":"MULKA","ntg_region":"EAST ARNHEM","population_source":"Homelands Service Provider Report 2023","population_count":14,"longitude":135.5609,"latitude":-12.0526},"geometry":{"type":"Point","coordinates":[135.5609,-12.0526]}},
{"type":"Feature","properties":{"objectid":169,"community_id":475,"bushtel_url":"https://bushtel.nt.gov.au/profile/475","community_name":"DHAMIYAKA","community_aliases":"No aliases recorded with NTG DIPL","community_type":"Family Outstation","main_language":"Not recorded","local_govt_council":"EAST ARNHEM","ward":"GUMURR MIYARRKA","land_council":"NORTHERN LAND COUNCIL","electorate":"ARNHEM","ntg_region":"EAST ARNHEM","population_source":"Homelands Service Provider Report 2023","population_count":2,"longitude":135.85557,"latitude":-12.6564},"geometry":{"type":"Point","coordinates":[135.85557,-12.6564]}},
{"type":"Feature","properties":{"objectid":170,"community_id":955,"bushtel_url":"https://bushtel.nt.gov.au/profile/955","community_name":"DHANIYA","community_aliases":"PORT BRADSHAW","community_type":"Family Outstation","main_language":"Not recorded","local_govt_council":"EAST ARNHEM","ward":"GUMURR MIWATJ","land_council":"NORTHERN LAND COUNCIL","electorate":"MULKA","ntg_region":"EAST ARNHEM","population_source":"Homelands Service Provider Report 2023","population_count":9,"longitude":136.73791,"latitude":-12.55007},"geometry":{"type":"Point","coordinates":[136.73791,-12.55007]}},
{"type":"Feature","properties":{"objectid":171,"community_id":805,"bushtel_url":"https://bushtel.nt.gov.au/profile/805","community_name":"DHARAWA","community_aliases":"DHARRWAR","community_type":"Family Outstation","main_language":"Not recorded","local_govt_council":"EAST ARNHEM","ward":"GUMURR MARTHAKAL","land_council":"NORTHERN LAND COUNCIL","electorate":"MULKA","ntg_region":"EAST ARNHEM","population_source":"Not recorded","population_count":null,"longitude":135.84693,"latitude":-11.84938},"geometry":{"type":"Point","coordinates":[135.84693,-11.84938]}},
{"type":"Feature","properties":{"objectid":172,"community_id":476,"bushtel_url":"https://bushtel.nt.gov.au/profile/476","community_name":"DHARRNI","community_aliases":"DHARRI,WUYINDHANGAYN","community_type":"Family Outstation","main_language":"Not recorded","local_govt_council":"ROPER GULF","ward":"NUMBULWAR NUMBURINDI","land_council":"NORTHERN LAND COUNCIL","electorate":"ARNHEM","ntg_region":"BIG RIVERS","population_source":"Not recorded","population_count":null,"longitude":136.02005,"latitude":-13.74983},"geometry":{"type":"Point","coordinates":[136.02005,-13.74983]}},
{"type":"Feature","properties":{"objectid":173,"community_id":806,"bushtel_url":"https://bushtel.nt.gov.au/profile/806","community_name":"DHAYIRRI","community_aliases":"No aliases recorded with NTG DIPL","community_type":"Family Outstation","main_language":"Not recorded","local_govt_council":"EAST ARNHEM","ward":"GUMURR MARTHAKAL","land_council":"NORTHERN LAND COUNCIL","electorate":"MULKA","ntg_region":"EAST ARNHEM","population_source":"Homelands Service Provider Report 2023","population_count":6,"longitude":135.6187,"latitude":-11.9612},"geometry":{"type":"Point","coordinates":[135.618700000000104,-11.9612]}},
{"type":"Feature","properties":{"objectid":174,"community_id":477,"bushtel_url":"https://bushtel.nt.gov.au/profile/477","community_name":"DHIPIRRINJURA","community_aliases":"DHIPIRRINGURA,DIPITJI","community_type":"Family Outstation","main_language":"Not recorded","local_govt_council":"EAST ARNHEM","ward":"GUMURR GATTJIRRK","land_council":"NORTHERN LAND COUNCIL","electorate":"MULKA","ntg_region":"EAST ARNHEM","population_source":"Homelands Service Provider Report 2023","population_count":18,"longitude":135.09762,"latitude":-12.24844},"geometry":{"type":"Point","coordinates":[135.09762000000012,-12.24844]}},
{"type":"Feature","properties":{"objectid":175,"community_id":478,"bushtel_url":"https://bushtel.nt.gov.au/profile/478","community_name":"DHOLTJI","community_aliases":"No aliases recorded with NTG DIPL","community_type":"Family Outstation","main_language":"Not recorded","local_govt_council":"EAST ARNHEM","ward":"GUMURR MARTHAKAL","land_council":"NORTHERN LAND COUNCIL","electorate":"MULKA","ntg_region":"EAST ARNHEM","population_source":"Not recorded","population_count":null,"longitude":136.46161,"latitude":-11.94835},"geometry":{"type":"Point","coordinates":[136.46161,-11.94835]}},
{"type":"Feature","properties":{"objectid":176,"community_id":664,"bushtel_url":"https://bushtel.nt.gov.au/profile/664","community_name":"DHUDUPU","community_aliases":"No aliases recorded with NTG DIPL","community_type":"Family Outstation","main_language":"Not recorded","local_govt_council":"EAST ARNHEM","ward":"GUMURR MARTHAKAL","land_council":"NORTHERN LAND COUNCIL","electorate":"MULKA","ntg_region":"EAST ARNHEM","population_source":"Homelands Service Provider Report 2023","population_count":4,"longitude":135.5692,"latitude":-12.0033},"geometry":{"type":"Point","coordinates":[135.5692,-12.0033]}},
{"type":"Feature","properties":{"objectid":177,"community_id":954,"bushtel_url":"https://bushtel.nt.gov.au/profile/954","community_name":"DHULMULMIYA","community_aliases":"SPRING CAMP","community_type":"Family Outstation","main_language":"Not recorded","local_govt_council":"EAST ARNHEM","ward":"GUMURR MIWATJ","land_council":"NORTHERN LAND COUNCIL","electorate":"MULKA","ntg_region":"EAST ARNHEM","population_source":"Not recorded","population_count":null,"longitude":136.72533,"latitude":-12.52781},"geometry":{"type":"Point","coordinates":[136.72533,-12.52781]}},
{"type":"Feature","properties":{"objectid":178,"community_id":479,"bushtel_url":"https://bushtel.nt.gov.au/profile/479","community_name":"DHUPUWAMIRRI","community_aliases":"No aliases recorded with NTG DIPL","community_type":"Family Outstation","main_language":"Not recorded","local_govt_council":"EAST ARNHEM","ward":"GUMURR MIYARRKA","land_council":"NORTHERN LAND COUNCIL","electorate":"ARNHEM","ntg_region":"EAST ARNHEM","population_source":"Homelands Service Provider Report 2023","population_count":6,"longitude":135.39218,"latitude":-12.66796},"geometry":{"type":"Point","coordinates":[135.39218,-12.66796]}},
{"type":"Feature","properties":{"objectid":179,"community_id":554,"bushtel_url":"https://bushtel.nt.gov.au/profile/554","community_name":"DHURUPUTJPI","community_aliases":"DHURPUTJPI,DHURUPUJPI,MAYUNDJI,MAYWUNDJI,RURRUNARLA","community_type":"Family Outstation","main_language":"Not recorded","local_govt_council":"EAST ARNHEM","ward":"GUMURR MIWATJ","land_council":"NORTHERN LAND COUNCIL","electorate":"ARNHEM","ntg_region":"EAST ARNHEM","population_source":"Homelands Service Provider Report 2023","population_count":12,"longitude":136.17661,"latitude":-13.05478},"geometry":{"type":"Point","coordinates":[136.17661,-13.05478]}},
{"type":"Feature","properties":{"objectid":180,"community_id":819,"bushtel_url":"https://bushtel.nt.gov.au/profile/819","community_name":"DILLINYA","community_aliases":"DRY CREEK","community_type":"Family Outstation","main_language":"Not recorded","local_govt_council":"VICTORIA DALY","ward":"TIMBER CREEK","land_council":"NORTHERN LAND COUNCIL","electorate":"DALY","ntg_region":"BIG RIVERS","population_source":"Not recorded","population_count":null,"longitude":132.04505,"latitude":-15.85698},"geometry":{"type":"Point","coordinates":[132.04505,-15.85698]}},
{"type":"Feature","properties":{"objectid":181,"community_id":310,"bushtel_url":"https://bushtel.nt.gov.au/profile/310","community_name":"DITCHI","community_aliases":"DITHI,DITJI","community_type":"Family Outstation","main_language":"Not recorded","local_govt_council":"WEST DALY","ward":"THAMARRURR/PINDI PINDI","land_council":"NORTHERN LAND COUNCIL","electorate":"DALY","ntg_region":"TOP END","population_source":"Not recorded","population_count":null,"longitude":129.40855,"latitude":-14.30373},"geometry":{"type":"Point","coordinates":[129.408550000000105,-14.30373]}},
{"type":"Feature","properties":{"objectid":182,"community_id":482,"bushtel_url":"https://bushtel.nt.gov.au/profile/482","community_name":"DJARRAKPI","community_aliases":"CAPE SHIELD,DJARRAPI","community_type":"Family Outstation","main_language":"Not recorded","local_govt_council":"EAST ARNHEM","ward":"GUMURR MIWATJ","land_council":"NORTHERN LAND COUNCIL","electorate":"ARNHEM","ntg_region":"EAST ARNHEM","population_source":"Homelands Service Provider Report 2023","population_count":29,"longitude":136.35162,"latitude":-13.29691},"geometry":{"type":"Point","coordinates":[136.35162,-13.29691]}},
{"type":"Feature","properties":{"objectid":183,"community_id":670,"bushtel_url":"https://bushtel.nt.gov.au/profile/670","community_name":"DJARRUNG","community_aliases":"DJURRUNG","community_type":"Family Outstation","main_language":"Not recorded","local_govt_council":"VICTORIA DALY","ward":"TIMBER CREEK","land_council":"NORTHERN LAND COUNCIL","electorate":"DALY","ntg_region":"BIG RIVERS","population_source":"Homelands Service Provider Report 2023","population_count":2,"longitude":131.53759,"latitude":-14.81311},"geometry":{"type":"Point","coordinates":[131.53759,-14.81311]}},
{"type":"Feature","properties":{"objectid":184,"community_id":965,"bushtel_url":"https://bushtel.nt.gov.au/profile/965","community_name":"DJINKARR","community_aliases":"No aliases recorded with NTG DIPL","community_type":"Family Outstation","main_language":"Not recorded","local_govt_council":"WEST ARNHEM","ward":"MANINGRIDA","land_council":"NORTHERN LAND COUNCIL","electorate":"ARAFURA","ntg_region":"TOP END","population_source":"Homelands Service Provider Report 2023","population_count":10,"longitude":134.29626,"latitude":-12.21287},"geometry":{"type":"Point","coordinates":[134.29626,-12.21287]}},
{"type":"Feature","properties":{"objectid":185,"community_id":981,"bushtel_url":"https://bushtel.nt.gov.au/profile/981","community_name":"DJIRRBIYAK","community_aliases":"WHISTLE DUCK DREAMING","community_type":"Family Outstation","main_language":"Not recorded","local_govt_council":"WEST ARNHEM","ward":"KAKADU","land_council":"NORTHERN LAND COUNCIL","electorate":"ARAFURA","ntg_region":"TOP END","population_source":"Homelands Service Provider Report 2023","population_count":30,"longitude":132.76363,"latitude":-12.72945},"geometry":{"type":"Point","coordinates":[132.76363,-12.72945]}},
{"type":"Feature","properties":{"objectid":186,"community_id":484,"bushtel_url":"https://bushtel.nt.gov.au/profile/484","community_name":"DJURRANALPI","community_aliases":"DJANALPI","community_type":"Family Outstation","main_language":"Not recorded","local_govt_council":"EAST ARNHEM","ward":"GUMURR MARTHAKAL","land_council":"NORTHERN LAND COUNCIL","electorate":"MULKA","ntg_region":"EAST ARNHEM","population_source":"Homelands Service Provider Report 2023","population_count":1,"longitude":135.87292,"latitude":-11.84684},"geometry":{"type":"Point","coordinates":[135.87292,-11.84684]}},
{"type":"Feature","properties":{"objectid":187,"community_id":46,"bushtel_url":"https://bushtel.nt.gov.au/profile/46","community_name":"DONS BORE","community_aliases":"ILBPILLA,ILLIPUNU,ILLIPUNY,MT ALLAN","community_type":"Family Outstation","main_language":"Not recorded","local_govt_council":"CENTRAL DESERT","ward":"ANMATJERE","land_council":"CENTRAL LAND COUNCIL","electorate":"GWOJA","ntg_region":"CENTRAL AUSTRALIA","population_source":"Homelands Service Provider Report 2023","population_count":8,"longitude":131.92027,"latitude":-22.26233},"geometry":{"type":"Point","coordinates":[131.92027,-22.26233]}},
{"type":"Feature","properties":{"objectid":188,"community_id":485,"bushtel_url":"https://bushtel.nt.gov.au/profile/485","community_name":"DONYDJI","community_aliases":"DOINDJI,DONIDJI,DOYNDJI","community_type":"Family Outstation","main_language":"Not recorded","local_govt_council":"EAST ARNHEM","ward":"GUMURR MIYARRKA","land_council":"NORTHERN LAND COUNCIL","electorate":"ARNHEM","ntg_region":"EAST ARNHEM","population_source":"Homelands Service Provider Report 2023","population_count":39,"longitude":135.47028,"latitude":-12.89045},"geometry":{"type":"Point","coordinates":[135.470280000000116,-12.89045]}},
{"type":"Feature","properties":{"objectid":189,"community_id":942,"bushtel_url":"https://bushtel.nt.gov.au/profile/942","community_name":"DOOJUM","community_aliases":"No aliases recorded with NTG DIPL","community_type":"Family Outstation","main_language":"Not recorded","local_govt_council":"VICTORIA DALY","ward":"TIMBER CREEK","land_council":"NORTHERN LAND COUNCIL","electorate":"GWOJA","ntg_region":"BIG RIVERS","population_source":"Not recorded","population_count":null,"longitude":129.15921,"latitude":-15.72519},"geometry":{"type":"Point","coordinates":[129.15921,-15.72519]}},
{"type":"Feature","properties":{"objectid":190,"community_id":812,"bushtel_url":"https://bushtel.nt.gov.au/profile/812","community_name":"DOOLGARINA","community_aliases":"JIBABANA","community_type":"Family Outstation","main_language":"Not recorded","local_govt_council":"ROPER GULF","ward":"SOUTH WEST GULF","land_council":"NORTHERN LAND COUNCIL","electorate":"BARKLY","ntg_region":"BIG RIVERS","population_source":"Not recorded","population_count":null,"longitude":136.76611,"latitude":-16.22917},"geometry":{"type":"Point","coordinates":[136.76611,-16.22917]}},
{"type":"Feature","properties":{"objectid":191,"community_id":24897,"bushtel_url":"https://bushtel.nt.gov.au/profile/24897","community_name":"DOUBLE D","community_aliases":"No aliases recorded with NTG DIPL","community_type":"Family Outstation","main_language":"Not recorded","local_govt_council":"BARKLY","ward":"ALYAWARR","land_council":"CENTRAL LAND COUNCIL","electorate":"BARKLY","ntg_region":"BARKLY","population_source":"Homelands Service Provider Report 2023","population_count":1,"longitude":134.94684,"latitude":-21.23177},"geometry":{"type":"Point","coordinates":[134.94684,-21.23177]}},
{"type":"Feature","properties":{"objectid":192,"community_id":631,"bushtel_url":"https://bushtel.nt.gov.au/profile/631","community_name":"DUCK PONDS","community_aliases":"KULINGALIMPAU,MIRRIRINYUNGU,MURRINYU","community_type":"Family Outstation","main_language":"Not recorded","local_govt_council":"CENTRAL DESERT","ward":"NORTHERN TANAMI","land_council":"CENTRAL LAND COUNCIL","electorate":"GWOJA","ntg_region":"CENTRAL AUSTRALIA","population_source":"Not recorded","population_count":null,"longitude":131.27766,"latitude":-18.77377},"geometry":{"type":"Point","coordinates":[131.27766,-18.77377]}},
{"type":"Feature","properties":{"objectid":193,"community_id":879,"bushtel_url":"https://bushtel.nt.gov.au/profile/879","community_name":"EAGLE VALLEY","community_aliases":"No aliases recorded with NTG DIPL","community_type":"Family Outstation","main_language":"Not recorded","local_govt_council":"MACDONNELL","ward":"IYARRKA","land_council":"CENTRAL LAND COUNCIL","electorate":"GWOJA","ntg_region":"CENTRAL AUSTRALIA","population_source":"Not recorded","population_count":null,"longitude":129.09845,"latitude":-24.92999},"geometry":{"type":"Point","coordinates":[129.09845,-24.92999]}},
{"type":"Feature","properties":{"objectid":194,"community_id":34,"bushtel_url":"https://bushtel.nt.gov.au/profile/34","community_name":"EIGHT MILE","community_aliases":"8 MILE,EROMANTATAKA,EROMBANTAKA,NEW 8 MILE,NEW EIGHT MILE","community_type":"Family Outstation","main_language":"Not recorded","local_govt_council":"MACDONNELL","ward":"LJIRAPINTA","land_council":"CENTRAL LAND COUNCIL","electorate":"GWOJA","ntg_region":"CENTRAL AUSTRALIA","population_source":"Not recorded","population_count":null,"longitude":132.68279,"latitude":-23.88699},"geometry":{"type":"Point","coordinates":[132.68279,-23.88699]}},
{"type":"Feature","properties":{"objectid":195,"community_id":920,"bushtel_url":"https://bushtel.nt.gov.au/profile/920","community_name":"ELITJIA","community_aliases":"ALKIMILYA","community_type":"Family Outstation","main_language":"Not recorded","local_govt_council":"MACDONNELL","ward":"RODINGA","land_council":"CENTRAL LAND COUNCIL","electorate":"NAMATJIRA","ntg_region":"CENTRAL AUSTRALIA","population_source":"Homelands Service Provider Report 2023","population_count":16,"longitude":133.61583,"latitude":-23.77677},"geometry":{"type":"Point","coordinates":[133.61583,-23.77677]}},
{"type":"Feature","properties":{"objectid":196,"community_id":12641,"bushtel_url":"https://bushtel.nt.gov.au/profile/12641","community_name":"ELLIOTT","community_aliases":"No aliases recorded with NTG DIPL","community_type":"Village","main_language":"Kriol","local_govt_council":"BARKLY","ward":"KUWARRANGU","land_council":"NORTHERN LAND COUNCIL","electorate":"BARKLY","ntg_region":"BARKLY","population_source":"Based on ABS 2021 Census SA1","population_count":337,"longitude":133.5408,"latitude":-17.5527},"geometry":{"type":"Point","coordinates":[133.540800000000104,-17.5527]}},
{"type":"Feature","properties":{"objectid":197,"community_id":225,"bushtel_url":"https://bushtel.nt.gov.au/profile/225","community_name":"ELLIOTT NORTH CAMP","community_aliases":"ELLIOTT,GURUNGU,NORTH CAMP","community_type":"Town Camp","main_language":"Not recorded","local_govt_council":"BARKLY","ward":"KUWARRANGU","land_council":"NORTHERN LAND COUNCIL","electorate":"BARKLY","ntg_region":"BARKLY","population_source":"Not recorded","population_count":null,"longitude":133.53597,"latitude":-17.54989},"geometry":{"type":"Point","coordinates":[133.53597,-17.54989]}},
{"type":"Feature","properties":{"objectid":198,"community_id":224,"bushtel_url":"https://bushtel.nt.gov.au/profile/224","community_name":"ELLIOTT SOUTH CAMP","community_aliases":"SOUTH CAMP,WILYUGH,WILYUGOO,WILYUGU","community_type":"Town Camp","main_language":"Not recorded","local_govt_council":"BARKLY","ward":"KUWARRANGU","land_council":"NORTHERN LAND COUNCIL","electorate":"BARKLY","ntg_region":"BARKLY","population_source":"Not recorded","population_count":null,"longitude":133.55746,"latitude":-17.56218},"geometry":{"type":"Point","coordinates":[133.557460000000106,-17.56218]}},
{"type":"Feature","properties":{"objectid":199,"community_id":882,"bushtel_url":"https://bushtel.nt.gov.au/profile/882","community_name":"EMU POINT","community_aliases":"MULYUNG,NGANAMBALA","community_type":"Family Outstation","main_language":"Not recorded","local_govt_council":"WEST DALY","ward":"THAMARRURR/PINDI PINDI","land_council":"NORTHERN LAND COUNCIL","electorate":"DALY","ntg_region":"TOP END","population_source":"Homelands Service Provider Report 2023","population_count":85,"longitude":130.32777,"latitude":-14.17021},"geometry":{"type":"Point","coordinates":[130.3277700000001,-14.17021]}},
{"type":"Feature","properties":{"objectid":200,"community_id":33,"bushtel_url":"https://bushtel.nt.gov.au/profile/33","community_name":"ENGAWALA","community_aliases":"ALCOOTA","community_type":"Minor","main_language":"Eastern Arrente, Alyawarr","local_govt_council":"CENTRAL DESERT","ward":"ANMATJERE","land_council":"CENTRAL LAND COUNCIL","electorate":"NAMATJIRA","ntg_region":"CENTRAL AUSTRALIA","population_source":"Based on ABS 2021 Census SA1","population_count":193,"longitude":134.45547,"latitude":-22.80257},"geometry":{"type":"Point","coordinates":[134.455470000000105,-22.80257]}},
{"type":"Feature","properties":{"objectid":201,"community_id":35,"bushtel_url":"https://bushtel.nt.gov.au/profile/35","community_name":"EWYENPER ATWATYE","community_aliases":"HIDDEN VALLEY,ILPEA ILPEA","community_type":"Town Camp","main_language":"Not recorded","local_govt_council":"ALICE SPRINGS","ward":"Not recorded","land_council":"CENTRAL LAND COUNCIL","electorate":"ARALUEN","ntg_region":"CENTRAL AUSTRALIA","population_source":"Not recorded","population_count":null,"longitude":133.89974,"latitude":-23.7081},"geometry":{"type":"Point","coordinates":[133.89974,-23.7081]}},
{"type":"Feature","properties":{"objectid":202,"community_id":36,"bushtel_url":"https://bushtel.nt.gov.au/profile/36","community_name":"FINKE","community_aliases":"APATULA,APUTULA","community_type":"Major","main_language":"Pitjantjatjara, Yankunytjatjara, Southern Luritja","local_govt_council":"MACDONNELL","ward":"RODINGA","land_council":"CENTRAL LAND COUNCIL","electorate":"NAMATJIRA","ntg_region":"CENTRAL AUSTRALIA","population_source":"Based on ABS 2021 Census SA1","population_count":224,"longitude":134.57842,"latitude":-25.58144},"geometry":{"type":"Point","coordinates":[134.57842,-25.58144]}},
{"type":"Feature","properties":{"objectid":203,"community_id":950,"bushtel_url":"https://bushtel.nt.gov.au/profile/950","community_name":"FITZROY STATION","community_aliases":"No aliases recorded with NTG DIPL","community_type":"Family Outstation","main_language":"Not recorded","local_govt_council":"VICTORIA DALY","ward":"TIMBER CREEK","land_council":"NORTHERN LAND COUNCIL","electorate":"DALY","ntg_region":"BIG RIVERS","population_source":"Homelands Service Provider Report 2023","population_count":12,"longitude":130.93431,"latitude":-15.56298},"geometry":{"type":"Point","coordinates":[130.93431,-15.56298]}},
{"type":"Feature","properties":{"objectid":204,"community_id":57,"bushtel_url":"https://bushtel.nt.gov.au/profile/57","community_name":"FIVE MILE","community_aliases":"5 MILE,INTJARRANGA,RUTJINKA","community_type":"Family Outstation","main_language":"Not recorded","local_govt_council":"MACDONNELL","ward":"LJIRAPINTA","land_council":"CENTRAL LAND COUNCIL","electorate":"GWOJA","ntg_region":"CENTRAL AUSTRALIA","population_source":"Homelands Service Provider Report 2023","population_count":3,"longitude":132.84834,"latitude":-23.91848},"geometry":{"type":"Point","coordinates":[132.84834,-23.91848]}},
{"type":"Feature","properties":{"objectid":205,"community_id":12769,"bushtel_url":"https://bushtel.nt.gov.au/profile/12769","community_name":"FIVE MILE","community_aliases":"FAPIWATI FAMILY OUTSTATION,FEPPIWETI FAMILY OUTSTATION","community_type":"Family Outstation","main_language":"Not recorded","local_govt_council":"VICTORIA DALY","ward":"MILNGIN","land_council":"NORTHERN LAND COUNCIL","electorate":"DALY","ntg_region":"TOP END","population_source":"Not recorded","population_count":null,"longitude":130.71831,"latitude":-13.72684},"geometry":{"type":"Point","coordinates":[130.71831,-13.72684]}},
{"type":"Feature","properties":{"objectid":206,"community_id":685,"bushtel_url":"https://bushtel.nt.gov.au/profile/685","community_name":"FLICKS HOLE","community_aliases":"FLICKS WATERHOLE,WUNOORILL ASSOC","community_type":"Family Outstation","main_language":"Not recorded","local_govt_council":"ROPER GULF","ward":"NEVER NEVER","land_council":"NORTHERN LAND COUNCIL","electorate":"ARNHEM","ntg_region":"BIG RIVERS","population_source":"Not recorded","population_count":null,"longitude":134.09331,"latitude":-15.61606},"geometry":{"type":"Point","coordinates":[134.09331,-15.61606]}},
{"type":"Feature","properties":{"objectid":207,"community_id":911,"bushtel_url":"https://bushtel.nt.gov.au/profile/911","community_name":"FOSSIL HEAD","community_aliases":"No aliases recorded with NTG DIPL","community_type":"Family Outstation","main_language":"Not recorded","local_govt_council":"WEST DALY","ward":"THAMARRURR/PINDI PINDI","land_council":"NORTHERN LAND COUNCIL","electorate":"DALY","ntg_region":"TOP END","population_source":"Homelands Service Provider Report 2023","population_count":34,"longitude":129.52127,"latitude":-14.53778},"geometry":{"type":"Point","coordinates":[129.52127,-14.53778]}},
{"type":"Feature","properties":{"objectid":208,"community_id":909,"bushtel_url":"https://bushtel.nt.gov.au/profile/909","community_name":"FOXALLS WELL","community_aliases":"FOXELLS WELL,FOXHALLS WELL","community_type":"Family Outstation","main_language":"Not recorded","local_govt_council":"CENTRAL DESERT","ward":"AKITYARRE","land_council":"CENTRAL LAND COUNCIL","electorate":"NAMATJIRA","ntg_region":"CENTRAL AUSTRALIA","population_source":"Homelands Service Provider Report 2023","population_count":8,"longitude":134.82355,"latitude":-23.07383},"geometry":{"type":"Point","coordinates":[134.82355,-23.07383]}},
{"type":"Feature","properties":{"objectid":209,"community_id":496,"bushtel_url":"https://bushtel.nt.gov.au/profile/496","community_name":"GALARU","community_aliases":"EAST WOODY,GALURU","community_type":"Family Outstation","main_language":"Not recorded","local_govt_council":"EAST ARNHEM","ward":"GUMURR MIWATJ","land_council":"NORTHERN LAND COUNCIL","electorate":"MULKA","ntg_region":"EAST ARNHEM","population_source":"Not recorded","population_count":null,"longitude":136.75732,"latitude":-12.16601},"geometry":{"type":"Point","coordinates":[136.75732,-12.16601]}},
{"type":"Feature","properties":{"objectid":210,"community_id":807,"bushtel_url":"https://bushtel.nt.gov.au/profile/807","community_name":"GALAWARRA","community_aliases":"No aliases recorded with NTG DIPL","community_type":"Family Outstation","main_language":"Not recorded","local_govt_council":"EAST ARNHEM","ward":"GUMURR MARTHAKAL","land_council":"NORTHERN LAND COUNCIL","electorate":"MULKA","ntg_region":"EAST ARNHEM","population_source":"Homelands Service Provider Report 2023","population_count":4,"longitude":135.59373,"latitude":-12.0444},"geometry":{"type":"Point","coordinates":[135.59373,-12.0444]}},
{"type":"Feature","properties":{"objectid":211,"community_id":489,"bushtel_url":"https://bushtel.nt.gov.au/profile/489","community_name":"GALAWDJAPIN","community_aliases":"GALADJAPIN,GALATJAPAN","community_type":"Family Outstation","main_language":"Not recorded","local_govt_council":"EAST ARNHEM","ward":"BIRR RAWARRANG","land_council":"NORTHERN LAND COUNCIL","electorate":"MULKA","ntg_region":"EAST ARNHEM","population_source":"Homelands Service Provider Report 2023","population_count":12,"longitude":134.81751,"latitude":-12.28695},"geometry":{"type":"Point","coordinates":[134.81751,-12.28695]}},
{"type":"Feature","properties":{"objectid":212,"community_id":492,"bushtel_url":"https://bushtel.nt.gov.au/profile/492","community_name":"GALIWINKU","community_aliases":"ELCHO ISLAND,GALIWIN'KU","community_type":"Major","main_language":"Yolngu Matha (Djambarrpuyngu, Gupapuyngu, Djinang)","local_govt_council":"EAST ARNHEM","ward":"GUMURR MARTHAKAL","land_council":"NORTHERN LAND COUNCIL","electorate":"MULKA","ntg_region":"EAST ARNHEM","population_source":"Based on ABS 2021 Census SA1","population_count":2582,"longitude":135.5664,"latitude":-12.0235},"geometry":{"type":"Point","coordinates":[135.5664,-12.0235]}},
{"type":"Feature","properties":{"objectid":213,"community_id":495,"bushtel_url":"https://bushtel.nt.gov.au/profile/495","community_name":"GALUPA","community_aliases":"KINGS VILLAGE,WARDJUK","community_type":"Family Outstation","main_language":"Not recorded","local_govt_council":"EAST ARNHEM","ward":"GUMURR MIWATJ","land_council":"NORTHERN LAND COUNCIL","electorate":"MULKA","ntg_region":"EAST ARNHEM","population_source":"Not recorded","population_count":null,"longitude":136.6892,"latitude":-12.1925},"geometry":{"type":"Point","coordinates":[136.6892,-12.1925]}},
{"type":"Feature","properties":{"objectid":214,"community_id":315,"bushtel_url":"https://bushtel.nt.gov.au/profile/315","community_name":"GAMARDI","community_aliases":"GAMEDI,JIMARDE","community_type":"Family Outstation","main_language":"Not recorded","local_govt_council":"WEST ARNHEM","ward":"MANINGRIDA","land_council":"NORTHERN LAND COUNCIL","electorate":"ARAFURA","ntg_region":"TOP END","population_source":"Homelands Service Provider Report 2023","population_count":55,"longitude":134.68321,"latitude":-12.27398},"geometry":{"type":"Point","coordinates":[134.68321,-12.27398]}},
{"type":"Feature","properties":{"objectid":215,"community_id":316,"bushtel_url":"https://bushtel.nt.gov.au/profile/316","community_name":"GAMARGAWAN","community_aliases":"GAMARGWAN,GAMARRGAWAN","community_type":"Family Outstation","main_language":"Not recorded","local_govt_council":"WEST ARNHEM","ward":"GUNBALANYA","land_council":"NORTHERN LAND COUNCIL","electorate":"ARAFURA","ntg_region":"TOP END","population_source":"Homelands Service Provider Report 2023","population_count":12,"longitude":134.07646,"latitude":-12.64914},"geometry":{"type":"Point","coordinates":[134.076460000000111,-12.64914]}},
{"type":"Feature","properties":{"objectid":216,"community_id":498,"bushtel_url":"https://bushtel.nt.gov.au/profile/498","community_name":"GAN GAN","community_aliases":"GANGAN","community_type":"Minor","main_language":"Not recorded","local_govt_council":"EAST ARNHEM","ward":"GUMURR MIWATJ","land_council":"NORTHERN LAND COUNCIL","electorate":"ARNHEM","ntg_region":"EAST ARNHEM","population_source":"Homelands Service Provider Report 2023","population_count":78,"longitude":135.94354,"latitude":-13.04605},"geometry":{"type":"Point","coordinates":[135.94354,-13.04605]}},
{"type":"Feature","properties":{"objectid":217,"community_id":1024,"bushtel_url":"https://bushtel.nt.gov.au/profile/1024","community_name":"GANIYARRANG","community_aliases":"GUNIARA,KANNIYARANG,ROSS HILL","community_type":"Family Outstation","main_language":"Not recorded","local_govt_council":"ROPER GULF","ward":"YUGUL MANGI","land_council":"NORTHERN LAND COUNCIL","electorate":"ARNHEM","ntg_region":"BIG RIVERS","population_source":"Not recorded","population_count":null,"longitude":135.02131,"latitude":-14.475},"geometry":{"type":"Point","coordinates":[135.02131,-14.475]}},
{"type":"Feature","properties":{"objectid":218,"community_id":499,"bushtel_url":"https://bushtel.nt.gov.au/profile/499","community_name":"GANPURA","community_aliases":"BAPULU,GANABURRA,GANPURRA","community_type":"Family Outstation","main_language":"Not recorded","local_govt_council":"EAST ARNHEM","ward":"GUMURR MARTHAKAL","land_council":"NORTHERN LAND COUNCIL","electorate":"MULKA","ntg_region":"EAST ARNHEM","population_source":"Homelands Service Provider Report 2023","population_count":5,"longitude":135.81235,"latitude":-11.88523},"geometry":{"type":"Point","coordinates":[135.81235,-11.88523]}},
{"type":"Feature","properties":{"objectid":219,"community_id":500,"bushtel_url":"https://bushtel.nt.gov.au/profile/500","community_name":"GAPUWIYAK","community_aliases":"LAKE EVELLA","community_type":"Major","main_language":"Yolngu Matha (Djambarrpuyngu)","local_govt_council":"EAST ARNHEM","ward":"GUMURR MIYARRKA","land_council":"NORTHERN LAND COUNCIL","electorate":"ARNHEM","ntg_region":"EAST ARNHEM","population_source":"Based on ABS 2021 Census SA1","population_count":828,"longitude":135.80587,"latitude":-12.50322},"geometry":{"type":"Point","coordinates":[135.80587,-12.50322]}},
{"type":"Feature","properties":{"objectid":220,"community_id":963,"bushtel_url":"https://bushtel.nt.gov.au/profile/963","community_name":"GARANYDJIRR","community_aliases":"No aliases recorded with NTG DIPL","community_type":"Family Outstation","main_language":"Not recorded","local_govt_council":"EAST ARNHEM","ward":"BIRR RAWARRANG","land_council":"NORTHERN LAND COUNCIL","electorate":"MULKA","ntg_region":"EAST ARNHEM","population_source":"Homelands Service Provider Report 2023","population_count":8,"longitude":135.02095,"latitude":-12.28204},"geometry":{"type":"Point","coordinates":[135.02095,-12.28204]}},
{"type":"Feature","properties":{"objectid":221,"community_id":229,"bushtel_url":"https://bushtel.nt.gov.au/profile/229","community_name":"GARAWA 1","community_aliases":"BORROLOOLA TOWN CAMP,GARAWA","community_type":"Town Camp","main_language":"Not recorded","local_govt_council":"ROPER GULF","ward":"SOUTH WEST GULF","land_council":"NORTHERN LAND COUNCIL","electorate":"BARKLY","ntg_region":"BIG RIVERS","population_source":"Not recorded","population_count":null,"longitude":136.32129,"latitude":-16.06879},"geometry":{"type":"Point","coordinates":[136.32129,-16.06879]}},
{"type":"Feature","properties":{"objectid":222,"community_id":992,"bushtel_url":"https://bushtel.nt.gov.au/profile/992","community_name":"GARAWA 2","community_aliases":"BORROLOOLA TOWN CAMP","community_type":"Town Camp","main_language":"Not recorded","local_govt_council":"ROPER GULF","ward":"SOUTH WEST GULF","land_council":"NORTHERN LAND COUNCIL","electorate":"BARKLY","ntg_region":"BIG RIVERS","population_source":"Not recorded","population_count":null,"longitude":136.3189,"latitude":-16.0739},"geometry":{"type":"Point","coordinates":[136.3189,-16.0739]}},
{"type":"Feature","properties":{"objectid":223,"community_id":993,"bushtel_url":"https://bushtel.nt.gov.au/profile/993","community_name":"GARRINJINNY","community_aliases":"GARRINJINI","community_type":"Family Outstation","main_language":"Not recorded","local_govt_council":"ROPER GULF","ward":"SOUTH WEST GULF","land_council":"NORTHERN LAND COUNCIL","electorate":"BARKLY","ntg_region":"BIG RIVERS","population_source":"Homelands Service Provider Report 2023","population_count":8,"longitude":135.64751,"latitude":-16.67496},"geometry":{"type":"Point","coordinates":[135.64751,-16.67496]}},
{"type":"Feature","properties":{"objectid":224,"community_id":504,"bushtel_url":"https://bushtel.nt.gov.au/profile/504","community_name":"GARRIYAK","community_aliases":"GARRANDNGJUR,GARRIYAKNGURR,GIARRIYAKGUR","community_type":"Family Outstation","main_language":"Not recorded","local_govt_council":"EAST ARNHEM","ward":"GUMURR MARTHAKAL","land_council":"NORTHERN LAND COUNCIL","electorate":"MULKA","ntg_region":"EAST ARNHEM","population_source":"Not recorded","population_count":null,"longitude":135.56284,"latitude":-12.14861},"geometry":{"type":"Point","coordinates":[135.56284,-12.14861]}},
{"type":"Feature","properties":{"objectid":225,"community_id":505,"bushtel_url":"https://bushtel.nt.gov.au/profile/505","community_name":"GARRTHALALA","community_aliases":"GARRTBALALA","community_type":"Family Outstation","main_language":"Not recorded","local_govt_council":"EAST ARNHEM","ward":"GUMURR MIWATJ","land_council":"NORTHERN LAND COUNCIL","electorate":"MULKA","ntg_region":"EAST ARNHEM","population_source":"Homelands Service Provider Report 2023","population_count":54,"longitude":136.56918,"latitude":-12.76305},"geometry":{"type":"Point","coordinates":[136.56918,-12.76305]}},
{"type":"Feature","properties":{"objectid":226,"community_id":507,"bushtel_url":"https://bushtel.nt.gov.au/profile/507","community_name":"GATJI","community_aliases":"GADJI,GARTJI","community_type":"Family Outstation","main_language":"Not recorded","local_govt_council":"EAST ARNHEM","ward":"BIRR RAWARRANG","land_council":"NORTHERN LAND COUNCIL","electorate":"MULKA","ntg_region":"EAST ARNHEM","population_source":"Homelands Service Provider Report 2023","population_count":4,"longitude":134.82029,"latitude":-12.27306},"geometry":{"type":"Point","coordinates":[134.820290000000114,-12.27306]}},
{"type":"Feature","properties":{"objectid":227,"community_id":508,"bushtel_url":"https://bushtel.nt.gov.au/profile/508","community_name":"GAWA","community_aliases":"No aliases recorded with NTG DIPL","community_type":"Family Outstation","main_language":"Not recorded","local_govt_council":"EAST ARNHEM","ward":"GUMURR MARTHAKAL","land_council":"NORTHERN LAND COUNCIL","electorate":"MULKA","ntg_region":"EAST ARNHEM","population_source":"Homelands Service Provider Report 2023","population_count":19,"longitude":135.90485,"latitude":-11.76032},"geometry":{"type":"Point","coordinates":[135.90485,-11.76032]}},
{"type":"Feature","properties":{"objectid":228,"community_id":509,"bushtel_url":"https://bushtel.nt.gov.au/profile/509","community_name":"GIKAL","community_aliases":"No aliases recorded with NTG DIPL","community_type":"Family Outstation","main_language":"Not recorded","local_govt_council":"EAST ARNHEM","ward":"GUMURR MARTHAKAL","land_council":"NORTHERN LAND COUNCIL","electorate":"MULKA","ntg_region":"EAST ARNHEM","population_source":"Not recorded","population_count":null,"longitude":136.32037,"latitude":-12.05218},"geometry":{"type":"Point","coordinates":[136.32037,-12.05218]}},
{"type":"Feature","properties":{"objectid":229,"community_id":38,"bushtel_url":"https://bushtel.nt.gov.au/profile/38","community_name":"GILBERT SPRINGS","community_aliases":"LTALALTUMA","community_type":"Family Outstation","main_language":"Not recorded","local_govt_council":"MACDONNELL","ward":"LJIRAPINTA","land_council":"CENTRAL LAND COUNCIL","electorate":"GWOJA","ntg_region":"CENTRAL AUSTRALIA","population_source":"Not recorded","population_count":null,"longitude":132.48073,"latitude":-23.97177},"geometry":{"type":"Point","coordinates":[132.480730000000108,-23.97177]}},
{"type":"Feature","properties":{"objectid":230,"community_id":490,"bushtel_url":"https://bushtel.nt.gov.au/profile/490","community_name":"GILIRRI","community_aliases":"GALERRA,GELERRI","community_type":"Family Outstation","main_language":"Not recorded","local_govt_council":"EAST ARNHEM","ward":"BIRR RAWARRANG","land_council":"NORTHERN LAND COUNCIL","electorate":"MULKA","ntg_region":"EAST ARNHEM","population_source":"Not recorded","population_count":null,"longitude":134.81695,"latitude":-12.33029},"geometry":{"type":"Point","coordinates":[134.81695,-12.33029]}},
{"type":"Feature","properties":{"objectid":231,"community_id":597,"bushtel_url":"https://bushtel.nt.gov.au/profile/597","community_name":"GILWI","community_aliases":"11 MILE,TWELVE MILE BORE,TWELVE MILE HOLE","community_type":"Family Outstation","main_language":"Not recorded","local_govt_council":"VICTORIA DALY","ward":"TIMBER CREEK","land_council":"NORTHERN LAND COUNCIL","electorate":"DALY","ntg_region":"BIG RIVERS","population_source":"Homelands Service Provider Report 2023","population_count":86,"longitude":130.53275,"latitude":-15.78711},"geometry":{"type":"Point","coordinates":[130.53275,-15.78711]}},
{"type":"Feature","properties":{"objectid":232,"community_id":945,"bushtel_url":"https://bushtel.nt.gov.au/profile/945","community_name":"GIMBAT","community_aliases":"No aliases recorded with NTG DIPL","community_type":"Family Outstation","main_language":"Not recorded","local_govt_council":"ROPER GULF","ward":"NYIRRANGGULUNG","land_council":"NORTHERN LAND COUNCIL","electorate":"ARNHEM","ntg_region":"BIG RIVERS","population_source":"Not recorded","population_count":null,"longitude":132.60772,"latitude":-13.57854},"geometry":{"type":"Point","coordinates":[132.60772,-13.57854]}},
{"type":"Feature","properties":{"objectid":233,"community_id":510,"bushtel_url":"https://bushtel.nt.gov.au/profile/510","community_name":"GITAN","community_aliases":"GITJAN","community_type":"Family Outstation","main_language":"Not recorded","local_govt_council":"EAST ARNHEM","ward":"GUMURR MARTHAKAL","land_council":"NORTHERN LAND COUNCIL","electorate":"MULKA","ntg_region":"EAST ARNHEM","population_source":"Not recorded","population_count":null,"longitude":135.78183,"latitude":-11.91169},"geometry":{"type":"Point","coordinates":[135.78183,-11.91169]}},
{"type":"Feature","properties":{"objectid":234,"community_id":319,"bushtel_url":"https://bushtel.nt.gov.au/profile/319","community_name":"GOCHAN JINY JIRRA","community_aliases":"CADELL GUNARDPA,GOCHAN JINY-JIRRA,GOCHIN JINY JARD,GOCHIN JINY JIRRA,GOTJANJINJIRRA","community_type":"Minor","main_language":"Not recorded","local_govt_council":"WEST ARNHEM","ward":"MANINGRIDA","land_council":"NORTHERN LAND COUNCIL","electorate":"ARAFURA","ntg_region":"TOP END","population_source":"Homelands Service Provider Report 2023","population_count":33,"longitude":134.45751,"latitude":-12.19925},"geometry":{"type":"Point","coordinates":[134.45751,-12.19925]}},
{"type":"Feature","properties":{"objectid":235,"community_id":669,"bushtel_url":"https://bushtel.nt.gov.au/profile/669","community_name":"GONGURUWUY","community_aliases":"GOYNGURUMUY,GUNGURUWUY,INGLIS ISLAND,WATAYNGA","community_type":"Family Outstation","main_language":"Not recorded","local_govt_council":"EAST ARNHEM","ward":"GUMURR MARTHAKAL","land_council":"NORTHERN LAND COUNCIL","electorate":"MULKA","ntg_region":"EAST ARNHEM","population_source":"Not recorded","population_count":null,"longitude":136.15085,"latitude":-12.06638},"geometry":{"type":"Point","coordinates":[136.150850000000105,-12.06638]}},
{"type":"Feature","properties":{"objectid":236,"community_id":723,"bushtel_url":"https://bushtel.nt.gov.au/profile/723","community_name":"GOOLMINYINI","community_aliases":"DEVIL SPRING","community_type":"Family Outstation","main_language":"Not recorded","local_govt_council":"ROPER GULF","ward":"SOUTH WEST GULF","land_council":"NORTHERN LAND COUNCIL","electorate":"BARKLY","ntg_region":"BIG RIVERS","population_source":"Homelands Service Provider Report 2023","population_count":29,"longitude":136.09751,"latitude":-16.15829},"geometry":{"type":"Point","coordinates":[136.09751,-16.15829]}},
{"type":"Feature","properties":{"objectid":237,"community_id":596,"bushtel_url":"https://bushtel.nt.gov.au/profile/596","community_name":"GORPULYUL","community_aliases":"DALANGARR,GALPULYU,GALPYUL,GULPULIYUL,GULPULYAL","community_type":"Family Outstation","main_language":"Not recorded","local_govt_council":"ROPER GULF","ward":"NYIRRANGGULUNG","land_council":"NORTHERN LAND COUNCIL","electorate":"ARNHEM","ntg_region":"BIG RIVERS","population_source":"Not recorded","population_count":null,"longitude":134.14587,"latitude":-13.34621},"geometry":{"type":"Point","coordinates":[134.14587,-13.34621]}},
{"type":"Feature","properties":{"objectid":238,"community_id":321,"bushtel_url":"https://bushtel.nt.gov.au/profile/321","community_name":"GORRONG-GORRONG","community_aliases":"GORONG GORONG,GORRON GORRONG","community_type":"Family Outstation","main_language":"Not recorded","local_govt_council":"WEST ARNHEM","ward":"MANINGRIDA","land_council":"NORTHERN LAND COUNCIL","electorate":"ARAFURA","ntg_region":"TOP END","population_source":"Homelands Service Provider Report 2023","population_count":6,"longitude":134.49532,"latitude":-12.12294},"geometry":{"type":"Point","coordinates":[134.495320000000106,-12.12294]}},
{"type":"Feature","properties":{"objectid":239,"community_id":44,"bushtel_url":"https://bushtel.nt.gov.au/profile/44","community_name":"GREEN VALLEY","community_aliases":"ILILLI,KUMANJAYE","community_type":"Family Outstation","main_language":"Not recorded","local_govt_council":"MACDONNELL","ward":"LURITJA PINTUBI","land_council":"CENTRAL LAND COUNCIL","electorate":"GWOJA","ntg_region":"CENTRAL AUSTRALIA","population_source":"Homelands Service Provider Report 2023","population_count":2,"longitude":131.73817,"latitude":-23.15051},"geometry":{"type":"Point","coordinates":[131.73817,-23.15051]}},
{"type":"Feature","properties":{"objectid":240,"community_id":740,"bushtel_url":"https://bushtel.nt.gov.au/profile/740","community_name":"GUDJEKBIN","community_aliases":"GUBJEKBINJ,GUDJERBINJ,KUJAKBI","community_type":"Family Outstation","main_language":"Not recorded","local_govt_council":"WEST ARNHEM","ward":"GUNBALANYA","land_council":"NORTHERN LAND COUNCIL","electorate":"ARAFURA","ntg_region":"TOP END","population_source":"Not recorded","population_count":null,"longitude":133.80109,"latitude":-12.25097},"geometry":{"type":"Point","coordinates":[133.80109,-12.25097]}},
{"type":"Feature","properties":{"objectid":241,"community_id":741,"bushtel_url":"https://bushtel.nt.gov.au/profile/741","community_name":"GUL GUL","community_aliases":"DANGER POINT,GULGUL","community_type":"Family Outstation","main_language":"Not recorded","local_govt_council":null,"ward":"Not recorded","land_council":"Not recorded","electorate":"ARAFURA","ntg_region":"Not recorded","population_source":"Not recorded","population_count":null,"longitude":132.33842,"latitude":-11.13042},"geometry":{"type":"Point","coordinates":[132.33842,-11.13042]}},
{"type":"Feature","properties":{"objectid":242,"community_id":24905,"bushtel_url":"https://bushtel.nt.gov.au/profile/24905","community_name":"GULARDI","community_aliases":"No aliases recorded with NTG DIPL","community_type":"Family Outstation","main_language":"Not recorded","local_govt_council":"VICTORIA DALY","ward":"TIMBER CREEK","land_council":"NORTHERN LAND COUNCIL","electorate":"DALY","ntg_region":"BIG RIVERS","population_source":"Homelands Service Provider Report 2023","population_count":14,"longitude":130.48399,"latitude":-15.71326},"geometry":{"type":"Point","coordinates":[130.48399,-15.71326]}},
{"type":"Feature","properties":{"objectid":243,"community_id":512,"bushtel_url":"https://bushtel.nt.gov.au/profile/512","community_name":"GULMARRI","community_aliases":"GALMARRI,GULAMARRI,GULMARI,GULUMARRI","community_type":"Family Outstation","main_language":"Not recorded","local_govt_council":"EAST ARNHEM","ward":"GUMURR MARTHAKAL","land_council":"NORTHERN LAND COUNCIL","electorate":"MULKA","ntg_region":"EAST ARNHEM","population_source":"Homelands Service Provider Report 2023","population_count":5,"longitude":135.82229,"latitude":-11.91701},"geometry":{"type":"Point","coordinates":[135.82229,-11.91701]}},
{"type":"Feature","properties":{"objectid":244,"community_id":867,"bushtel_url":"https://bushtel.nt.gov.au/profile/867","community_name":"GULNGARRING","community_aliases":"No aliases recorded with NTG DIPL","community_type":"Family Outstation","main_language":"Not recorded","local_govt_council":"COOMALIE","ward":"COOMALIE RURAL WARD","land_council":"NORTHERN LAND COUNCIL","electorate":"DALY","ntg_region":"TOP END","population_source":"Not recorded","population_count":null,"longitude":131.09811,"latitude":-13.13876},"geometry":{"type":"Point","coordinates":[131.09811,-13.13876]}},
{"type":"Feature","properties":{"objectid":245,"community_id":204,"bushtel_url":"https://bushtel.nt.gov.au/profile/204","community_name":"GULUNGURU","community_aliases":"ALROY DOWNS,GULUNURRU,GULUNURU","community_type":"Family Outstation","main_language":"Not recorded","local_govt_council":"BARKLY","ward":"KUWARRANGU","land_council":"NORTHERN LAND COUNCIL","electorate":"BARKLY","ntg_region":"BARKLY","population_source":"Not recorded","population_count":null,"longitude":136.03855,"latitude":-19.35439},"geometry":{"type":"Point","coordinates":[136.0385500000001,-19.35439]}},
{"type":"Feature","properties":{"objectid":246,"community_id":328,"bushtel_url":"https://bushtel.nt.gov.au/profile/328","community_name":"GUMARRIRNBANG","community_aliases":"GUMARINBARN,GUMARRINBANG,KUMARRINBAN","community_type":"Family Outstation","main_language":"Not recorded","local_govt_council":"WEST ARNHEM","ward":"GUNBALANYA","land_council":"NORTHERN LAND COUNCIL","electorate":"ARAFURA","ntg_region":"TOP END","population_source":"Homelands Service Provider Report 2023","population_count":31,"longitude":133.99695,"latitude":-12.32945},"geometry":{"type":"Point","coordinates":[133.99695,-12.32945]}},
{"type":"Feature","properties":{"objectid":247,"community_id":308,"bushtel_url":"https://bushtel.nt.gov.au/profile/308","community_name":"GUMERAGI","community_aliases":"GAMURIGGI,GUMARAGI,REEF POINT","community_type":"Family Outstation","main_language":"Not recorded","local_govt_council":"WEST ARNHEM","ward":"BARRAH","land_council":"NORTHERN LAND COUNCIL","electorate":"ARAFURA","ntg_region":"TOP END","population_source":"Homelands Service Provider Report 2023","population_count":7,"longitude":132.1647,"latitude":-11.1688},"geometry":{"type":"Point","coordinates":[132.1647,-11.1688]}},
{"type":"Feature","properties":{"objectid":248,"community_id":691,"bushtel_url":"https://bushtel.nt.gov.au/profile/691","community_name":"GUMULUJI","community_aliases":"WALLIS CREEK","community_type":"Family Outstation","main_language":"Not recorded","local_govt_council":"BARKLY","ward":"KUWARRANGU","land_council":"NORTHERN LAND COUNCIL","electorate":"BARKLY","ntg_region":"BARKLY","population_source":"Not recorded","population_count":null,"longitude":137.48038,"latitude":-17.93534},"geometry":{"type":"Point","coordinates":[137.48038,-17.93534]}},
{"type":"Feature","properties":{"objectid":249,"community_id":497,"bushtel_url":"https://bushtel.nt.gov.au/profile/497","community_name":"GUMURUGURU","community_aliases":"GAMARRAGURRA,GAMARRU GUYURRU,GAMURRU GUYURRA,GARMALATJIRRINA","community_type":"Family Outstation","main_language":"Not recorded","local_govt_council":"EAST ARNHEM","ward":"GUMURR GATTJIRRK","land_council":"NORTHERN LAND COUNCIL","electorate":"ARAFURA","ntg_region":"EAST ARNHEM","population_source":"Not recorded","population_count":null,"longitude":134.76306,"latitude":-12.06001},"geometry":{"type":"Point","coordinates":[134.76306000000011,-12.06001]}},
{"type":"Feature","properties":{"objectid":250,"community_id":329,"bushtel_url":"https://bushtel.nt.gov.au/profile/329","community_name":"GUNBALANYA","community_aliases":"KUNBARLLANJNJA,OENPELLI","community_type":"Major","main_language":"Kunwinjku","local_govt_council":"WEST ARNHEM","ward":"GUNBALANYA","land_council":"NORTHERN LAND COUNCIL","electorate":"ARAFURA","ntg_region":"TOP END","population_source":"Based on ABS 2021 Census SA1","population_count":1354,"longitude":133.056,"latitude":-12.324},"geometry":{"type":"Point","coordinates":[133.056,-12.324]}},
{"type":"Feature","properties":{"objectid":251,"community_id":514,"bushtel_url":"https://bushtel.nt.gov.au/profile/514","community_name":"GUNYANGARA","community_aliases":"DRIMMIE HEAD,MARNGARR,SKI BEACH","community_type":"Minor","main_language":"Yolgnu Matha(Gumatj)","local_govt_council":"EAST ARNHEM","ward":"GUMURR MIWATJ","land_council":"NORTHERN LAND COUNCIL","electorate":"MULKA","ntg_region":"EAST ARNHEM","population_source":"Based on ABS 2021 Census SA1","population_count":283,"longitude":136.70569,"latitude":-12.21542},"geometry":{"type":"Point","coordinates":[136.705690000000118,-12.21542]}},
{"type":"Feature","properties":{"objectid":252,"community_id":330,"bushtel_url":"https://bushtel.nt.gov.au/profile/330","community_name":"GUPANGA","community_aliases":"KOPUNGA","community_type":"Family Outstation","main_language":"Not recorded","local_govt_council":"WEST ARNHEM","ward":"MANINGRIDA","land_council":"NORTHERN LAND COUNCIL","electorate":"ARAFURA","ntg_region":"TOP END","population_source":"Not recorded","population_count":null,"longitude":134.5843,"latitude":-12.0752},"geometry":{"type":"Point","coordinates":[134.5843,-12.0752]}},
{"type":"Feature","properties":{"objectid":253,"community_id":516,"bushtel_url":"https://bushtel.nt.gov.au/profile/516","community_name":"GURKAWUY","community_aliases":"GURKHAWUY,GURRKUWUY NO.2,TRIAL BAY","community_type":"Family Outstation","main_language":"Not recorded","local_govt_council":"EAST ARNHEM","ward":"GUMURR MIWATJ","land_council":"NORTHERN LAND COUNCIL","electorate":"ARNHEM","ntg_region":"EAST ARNHEM","population_source":"Homelands Service Provider Report 2023","population_count":9,"longitude":136.50362,"latitude":-12.97616},"geometry":{"type":"Point","coordinates":[136.50362,-12.97616]}},
{"type":"Feature","properties":{"objectid":254,"community_id":331,"bushtel_url":"https://bushtel.nt.gov.au/profile/331","community_name":"GURRGURR","community_aliases":"GURRHGURR,TABLE HILL","community_type":"Family Outstation","main_language":"Not recorded","local_govt_council":"WEST ARNHEM","ward":"GUNBALANYA","land_council":"NORTHERN LAND COUNCIL","electorate":"ARAFURA","ntg_region":"TOP END","population_source":"Not recorded","population_count":null,"longitude":134.00904,"latitude":-12.20644},"geometry":{"type":"Point","coordinates":[134.00904,-12.20644]}},
{"type":"Feature","properties":{"objectid":255,"community_id":517,"bushtel_url":"https://bushtel.nt.gov.au/profile/517","community_name":"GURRUMURU","community_aliases":"GURRUMURRU","community_type":"Minor","main_language":"Not recorded","local_govt_council":"EAST ARNHEM","ward":"GUMURR MIWATJ","land_council":"NORTHERN LAND COUNCIL","electorate":"MULKA","ntg_region":"EAST ARNHEM","population_source":"Homelands Service Provider Report 2023","population_count":44,"longitude":136.23168,"latitude":-12.59224},"geometry":{"type":"Point","coordinates":[136.23168,-12.59224]}},
{"type":"Feature","properties":{"objectid":256,"community_id":804,"bushtel_url":"https://bushtel.nt.gov.au/profile/804","community_name":"GUTJANGAN","community_aliases":"BREMER ISLAND NORTH","community_type":"Family Outstation","main_language":"Not recorded","local_govt_council":"EAST ARNHEM","ward":"GUMURR MIWATJ","land_council":"NORTHERN LAND COUNCIL","electorate":"MULKA","ntg_region":"EAST ARNHEM","population_source":"Homelands Service Provider Report 2023","population_count":37,"longitude":136.80857,"latitude":-12.0839},"geometry":{"type":"Point","coordinates":[136.80857,-12.0839]}},
{"type":"Feature","properties":{"objectid":257,"community_id":41,"bushtel_url":"https://bushtel.nt.gov.au/profile/41","community_name":"HAASTS BLUFF","community_aliases":"IKUNTJI,KUNPARRKA","community_type":"Major","main_language":"Luritja/Pintupi","local_govt_council":"MACDONNELL","ward":"LURITJA PINTUBI","land_council":"CENTRAL LAND COUNCIL","electorate":"GWOJA","ntg_region":"CENTRAL AUSTRALIA","population_source":"Based on ABS 2021 Census SA1","population_count":96,"longitude":131.88129,"latitude":-23.44733},"geometry":{"type":"Point","coordinates":[131.88129,-23.44733]}},
{"type":"Feature","properties":{"objectid":258,"community_id":845,"bushtel_url":"https://bushtel.nt.gov.au/profile/845","community_name":"HALFWAY CAMP","community_aliases":"No aliases recorded with NTG DIPL","community_type":"Family Outstation","main_language":"Not recorded","local_govt_council":"MACDONNELL","ward":"RODINGA","land_council":"CENTRAL LAND COUNCIL","electorate":"NAMATJIRA","ntg_region":"CENTRAL AUSTRALIA","population_source":"Not recorded","population_count":null,"longitude":134.36263,"latitude":-25.69492},"geometry":{"type":"Point","coordinates":[134.36263,-25.69492]}},
{"type":"Feature","properties":{"objectid":259,"community_id":903,"bushtel_url":"https://bushtel.nt.gov.au/profile/903","community_name":"HATCHES CREEK","community_aliases":"No aliases recorded with NTG DIPL","community_type":"Family Outstation","main_language":"Not recorded","local_govt_council":"BARKLY","ward":"ALYAWARR","land_council":"CENTRAL LAND COUNCIL","electorate":"BARKLY","ntg_region":"BARKLY","population_source":"Homelands Service Provider Report 2023","population_count":1,"longitude":135.21349,"latitude":-20.84606},"geometry":{"type":"Point","coordinates":[135.21349,-20.84606]}},
{"type":"Feature","properties":{"objectid":260,"community_id":1028,"bushtel_url":"https://bushtel.nt.gov.au/profile/1028","community_name":"HAWK DREAMING","community_aliases":"AWARCANARJU","community_type":"Family Outstation","main_language":"Not recorded","local_govt_council":"WEST ARNHEM","ward":"KAKADU","land_council":"NORTHERN LAND COUNCIL","electorate":"ARAFURA","ntg_region":"TOP END","population_source":"Homelands Service Provider Report 2023","population_count":4,"longitude":132.93914,"latitude":-12.37053},"geometry":{"type":"Point","coordinates":[132.93914,-12.37053]}},
{"type":"Feature","properties":{"objectid":261,"community_id":43,"bushtel_url":"https://bushtel.nt.gov.au/profile/43","community_name":"HERMANNSBURG","community_aliases":"NTARIA","community_type":"Major","main_language":"Western Arrernte","local_govt_council":"MACDONNELL","ward":"LJIRAPINTA","land_council":"CENTRAL LAND COUNCIL","electorate":"GWOJA","ntg_region":"CENTRAL AUSTRALIA","population_source":"Based on ABS 2021 Census SA1","population_count":647,"longitude":132.7787,"latitude":-23.9427},"geometry":{"type":"Point","coordinates":[132.7787,-23.9427]}},
{"type":"Feature","properties":{"objectid":262,"community_id":973,"bushtel_url":"https://bushtel.nt.gov.au/profile/973","community_name":"HINGSTONS PLACE","community_aliases":"CROW DOWNS","community_type":"Family Outstation","main_language":"Not recorded","local_govt_council":"BARKLY","ward":"PATTA","land_council":"CENTRAL LAND COUNCIL","electorate":"BARKLY","ntg_region":"BARKLY","population_source":"Homelands Service Provider Report 2023","population_count":6,"longitude":134.19703,"latitude":-19.61773},"geometry":{"type":"Point","coordinates":[134.19703,-19.61773]}},
{"type":"Feature","properties":{"objectid":263,"community_id":600,"bushtel_url":"https://bushtel.nt.gov.au/profile/600","community_name":"HODGSON RIVER STATION","community_aliases":"STATION HOMESTEAD","community_type":"Minor","main_language":"Not recorded","local_govt_council":"ROPER GULF","ward":"NEVER NEVER","land_council":"NORTHERN LAND COUNCIL","electorate":"ARNHEM","ntg_region":"BIG RIVERS","population_source":"Not recorded","population_count":null,"longitude":134.09553,"latitude":-15.57495},"geometry":{"type":"Point","coordinates":[134.09553,-15.57495]}},
{"type":"Feature","properties":{"objectid":264,"community_id":13339033,"bushtel_url":"https://bushtel.nt.gov.au/profile/13339033","community_name":"HONEYMOON BORE","community_aliases":"No aliases recorded with NTG DIPL","community_type":"Family Outstation","main_language":"Not recorded","local_govt_council":"BARKLY","ward":"ALYAWARR","land_council":"CENTRAL LAND COUNCIL","electorate":"BARKLY","ntg_region":"BARKLY","population_source":"Homelands Service Provider Report 2023","population_count":2,"longitude":135.24665,"latitude":-21.66791},"geometry":{"type":"Point","coordinates":[135.24665,-21.66791]}},
{"type":"Feature","properties":{"objectid":265,"community_id":675,"bushtel_url":"https://bushtel.nt.gov.au/profile/675","community_name":"HOPPYS CAMP","community_aliases":"ALICE SPRINGS TOWN CAMP,ARMITJIRA CAMP,HOPPY'S CAMP,LHENPA-ARTNE,LHENPA-ARTNETA,NTALKA ULPAYA","community_type":"Town Camp","main_language":"Not recorded","local_govt_council":"ALICE SPRINGS","ward":"Not recorded","land_council":"CENTRAL LAND COUNCIL","electorate":"NAMATJIRA","ntg_region":"CENTRAL AUSTRALIA","population_source":"Not recorded","population_count":null,"longitude":133.87658,"latitude":-23.68405},"geometry":{"type":"Point","coordinates":[133.876580000000104,-23.68405]}},
{"type":"Feature","properties":{"objectid":266,"community_id":334,"bushtel_url":"https://bushtel.nt.gov.au/profile/334","community_name":"HUMPTY DOO","community_aliases":"KOOLPINYAH,LIMILNGAN,WARIUK ASSOC.","community_type":"Family Outstation","main_language":"Not recorded","local_govt_council":"LITCHFIELD","ward":"CENTRAL WARD","land_council":"NORTHERN LAND COUNCIL","electorate":"GOYDER","ntg_region":"DARWIN, PALMERSTON, LITCHFIELD","population_source":"Homelands Service Provider Report 2023","population_count":4,"longitude":131.26078,"latitude":-12.63105},"geometry":{"type":"Point","coordinates":[131.26078,-12.63105]}},
{"type":"Feature","properties":{"objectid":267,"community_id":800,"bushtel_url":"https://bushtel.nt.gov.au/profile/800","community_name":"HUNTERS CAMP","community_aliases":"KURRAJONG FLATS","community_type":"Family Outstation","main_language":"Not recorded","local_govt_council":"WEST ARNHEM","ward":"KAKADU","land_council":"NORTHERN LAND COUNCIL","electorate":"ARAFURA","ntg_region":"TOP END","population_source":"Homelands Service Provider Report 2023","population_count":8,"longitude":132.8291,"latitude":-12.65001},"geometry":{"type":"Point","coordinates":[132.8291,-12.65001]}},
{"type":"Feature","properties":{"objectid":268,"community_id":813,"bushtel_url":"https://bushtel.nt.gov.au/profile/813","community_name":"IJARRA","community_aliases":"CROCODILE CREEK,IJARRI","community_type":"Family Outstation","main_language":"Not recorded","local_govt_council":"ROPER GULF","ward":"SOUTH WEST GULF","land_council":"NORTHERN LAND COUNCIL","electorate":"BARKLY","ntg_region":"BIG RIVERS","population_source":"Not recorded","population_count":null,"longitude":136.00501,"latitude":-16.2152},"geometry":{"type":"Point","coordinates":[136.00501,-16.2152]}},
{"type":"Feature","properties":{"objectid":269,"community_id":1005,"bushtel_url":"https://bushtel.nt.gov.au/profile/1005","community_name":"ILEPARRATYE","community_aliases":"ILLAPAREYE,WOODS CAMP","community_type":"Family Outstation","main_language":"Not recorded","local_govt_council":"CENTRAL DESERT","ward":"ANMATJERE","land_council":"CENTRAL LAND COUNCIL","electorate":"BARKLY","ntg_region":"CENTRAL AUSTRALIA","population_source":"Homelands Service Provider Report 2023","population_count":9,"longitude":133.42931,"latitude":-22.02145},"geometry":{"type":"Point","coordinates":[133.4293100000001,-22.02145]}},
{"type":"Feature","properties":{"objectid":270,"community_id":24990,"bushtel_url":"https://bushtel.nt.gov.au/profile/24990","community_name":"ILJITJARRI","community_aliases":"KURRKU","community_type":"Family Outstation","main_language":"Not recorded","local_govt_council":"MACDONNELL","ward":"LJIRAPINTA","land_council":"CENTRAL LAND COUNCIL","electorate":"GWOJA","ntg_region":"CENTRAL AUSTRALIA","population_source":"Homelands Service Provider Report 2023","population_count":5,"longitude":132.49215,"latitude":-24.53401},"geometry":{"type":"Point","coordinates":[132.49215,-24.53401]}},
{"type":"Feature","properties":{"objectid":271,"community_id":45,"bushtel_url":"https://bushtel.nt.gov.au/profile/45","community_name":"ILKARRALALAMA","community_aliases":"ILKARILALAMA","community_type":"Family Outstation","main_language":"Not recorded","local_govt_council":"MACDONNELL","ward":"LJIRAPINTA","land_council":"CENTRAL LAND COUNCIL","electorate":"GWOJA","ntg_region":"CENTRAL AUSTRALIA","population_source":"Homelands Service Provider Report 2023","population_count":2,"longitude":132.46504,"latitude":-23.96461},"geometry":{"type":"Point","coordinates":[132.46504,-23.96461]}},
{"type":"Feature","properties":{"objectid":272,"community_id":737,"bushtel_url":"https://bushtel.nt.gov.au/profile/737","community_name":"ILLEUWURRU","community_aliases":"ILLURAHARRA","community_type":"Family Outstation","main_language":"Not recorded","local_govt_council":"BARKLY","ward":"ALYAWARR","land_council":"CENTRAL LAND COUNCIL","electorate":"BARKLY","ntg_region":"BARKLY","population_source":"Not recorded","population_count":null,"longitude":134.39411,"latitude":-21.60913},"geometry":{"type":"Point","coordinates":[134.39411,-21.60913]}},
{"type":"Feature","properties":{"objectid":273,"community_id":709,"bushtel_url":"https://bushtel.nt.gov.au/profile/709","community_name":"ILPERLE","community_aliases":"DEAD HORSE SOAK,ILPARLE,JINKA","community_type":"Family Outstation","main_language":"Not recorded","local_govt_council":"CENTRAL DESERT","ward":"AKITYARRE","land_council":"CENTRAL LAND COUNCIL","electorate":"NAMATJIRA","ntg_region":"CENTRAL AUSTRALIA","population_source":"Homelands Service Provider Report 2023","population_count":3,"longitude":135.71575,"latitude":-22.92737},"geometry":{"type":"Point","coordinates":[135.71575,-22.92737]}},
{"type":"Feature","properties":{"objectid":274,"community_id":48,"bushtel_url":"https://bushtel.nt.gov.au/profile/48","community_name":"ILPERLE-TYATHE","community_aliases":"LLBILI TJATJA,MOTOR REGISTRY,WALPIRI,WARLPIRI CAMP","community_type":"Town Camp","main_language":"Not recorded","local_govt_council":"ALICE SPRINGS","ward":"Not recorded","land_council":"CENTRAL LAND COUNCIL","electorate":"BRAITLING","ntg_region":"CENTRAL AUSTRALIA","population_source":"Not recorded","population_count":null,"longitude":133.8611,"latitude":-23.6656},"geometry":{"type":"Point","coordinates":[133.8611,-23.6656]}},
{"type":"Feature","properties":{"objectid":275,"community_id":676,"bushtel_url":"https://bushtel.nt.gov.au/profile/676","community_name":"ILPEYE ILPEYE ESTATE","community_aliases":"ALICE SPRINGS TOWN CAMP,GOLDERS CAMP,ILPEYE ILPEYE,ILPEYE-ILPEYE,ILPIYE ILPIYE,ILPIYE-ILPIYE","community_type":"Town Camp","main_language":"Not recorded","local_govt_council":"ALICE SPRINGS","ward":"Not recorded","land_council":"CENTRAL LAND COUNCIL","electorate":"ARALUEN","ntg_region":"CENTRAL AUSTRALIA","population_source":"Not recorded","population_count":null,"longitude":133.90731,"latitude":-23.70016},"geometry":{"type":"Point","coordinates":[133.90731,-23.70016]}},
{"type":"Feature","properties":{"objectid":276,"community_id":49,"bushtel_url":"https://bushtel.nt.gov.au/profile/49","community_name":"ILPILI","community_aliases":"ILBPILLA,ILLPILLA,ILLPILLI,ILPILLY","community_type":"Family Outstation","main_language":"Not recorded","local_govt_council":"MACDONNELL","ward":"LURITJA PINTUBI","land_council":"CENTRAL LAND COUNCIL","electorate":"GWOJA","ntg_region":"CENTRAL AUSTRALIA","population_source":"Not recorded","population_count":null,"longitude":130.36045,"latitude":-23.32393},"geometry":{"type":"Point","coordinates":[130.36045,-23.32393]}},
{"type":"Feature","properties":{"objectid":277,"community_id":1018,"bushtel_url":"https://bushtel.nt.gov.au/profile/1018","community_name":"ILPURLA","community_aliases":"No aliases recorded with NTG DIPL","community_type":"Family Outstation","main_language":"Not recorded","local_govt_council":"MACDONNELL","ward":"LJIRAPINTA","land_council":"CENTRAL LAND COUNCIL","electorate":"GWOJA","ntg_region":"CENTRAL AUSTRALIA","population_source":"Homelands Service Provider Report 2023","population_count":6,"longitude":132.71446,"latitude":-24.31521},"geometry":{"type":"Point","coordinates":[132.71446,-24.31521]}},
{"type":"Feature","properties":{"objectid":278,"community_id":904,"bushtel_url":"https://bushtel.nt.gov.au/profile/904","community_name":"ILUWURRU","community_aliases":"ALEXANDRIA","community_type":"Family Outstation","main_language":"Not recorded","local_govt_council":"BARKLY","ward":"KUWARRANGU","land_council":"NORTHERN LAND COUNCIL","electorate":"BARKLY","ntg_region":"BARKLY","population_source":"Not recorded","population_count":null,"longitude":136.65003,"latitude":-19.03222},"geometry":{"type":"Point","coordinates":[136.65003,-19.03222]}},
{"type":"Feature","properties":{"objectid":279,"community_id":50,"bushtel_url":"https://bushtel.nt.gov.au/profile/50","community_name":"ILYIPERENYE","community_aliases":"ALICE SPRINGS TOWN CAMP,ILPERENTYE,ILYPERENYE,OLD TIMERS CAMP","community_type":"Town Camp","main_language":"Not recorded","local_govt_council":"ALICE SPRINGS","ward":"Not recorded","land_council":"CENTRAL LAND COUNCIL","electorate":"NAMATJIRA","ntg_region":"CENTRAL AUSTRALIA","population_source":"Not recorded","population_count":null,"longitude":133.87079,"latitude":-23.74382},"geometry":{"type":"Point","coordinates":[133.87079,-23.74382]}},
{"type":"Feature","properties":{"objectid":280,"community_id":250,"bushtel_url":"https://bushtel.nt.gov.au/profile/250","community_name":"IMANGARA","community_aliases":"IMANGARA MUNGARAI,IMANGARRA,MURRAY DOWNS,MURRY DOWNS","community_type":"Minor","main_language":"Alyawarr","local_govt_council":"BARKLY","ward":"ALYAWARR","land_council":"CENTRAL LAND COUNCIL","electorate":"BARKLY","ntg_region":"BARKLY","population_source":"Based on ABS 2021 Census SA1","population_count":79,"longitude":134.68117,"latitude":-21.04961},"geometry":{"type":"Point","coordinates":[134.68117,-21.04961]}},
{"type":"Feature","properties":{"objectid":281,"community_id":51,"bushtel_url":"https://bushtel.nt.gov.au/profile/51","community_name":"IMANPA","community_aliases":"MT EBENEZER","community_type":"Major","main_language":"Pitjantjatjara","local_govt_council":"MACDONNELL","ward":"IYARRKA","land_council":"CENTRAL LAND COUNCIL","electorate":"GWOJA","ntg_region":"CENTRAL AUSTRALIA","population_source":"Based on ABS 2021 Census SA1","population_count":146,"longitude":132.56999,"latitude":-25.13051},"geometry":{"type":"Point","coordinates":[132.56999,-25.13051]}},
{"type":"Feature","properties":{"objectid":282,"community_id":20926,"bushtel_url":"https://bushtel.nt.gov.au/profile/20926","community_name":"IMPADNA","community_aliases":"No aliases recorded with NTG DIPL","community_type":"Family Outstation","main_language":"Not recorded","local_govt_council":"MACDONNELL","ward":"IYARRKA","land_council":"CENTRAL LAND COUNCIL","electorate":"NAMATJIRA","ntg_region":"CENTRAL AUSTRALIA","population_source":"Not recorded","population_count":null,"longitude":133.56947,"latitude":-25.15452},"geometry":{"type":"Point","coordinates":[133.56947,-25.15452]}},
{"type":"Feature","properties":{"objectid":283,"community_id":961,"bushtel_url":"https://bushtel.nt.gov.au/profile/961","community_name":"IMPERRENTH","community_aliases":"ELKEDRA","community_type":"Family Outstation","main_language":"Not recorded","local_govt_council":"BARKLY","ward":"ALYAWARR","land_council":"CENTRAL LAND COUNCIL","electorate":"BARKLY","ntg_region":"BARKLY","population_source":"Not recorded","population_count":null,"longitude":134.96858,"latitude":-21.21086},"geometry":{"type":"Point","coordinates":[134.96858,-21.21086]}},
{"type":"Feature","properties":{"objectid":284,"community_id":52,"bushtel_url":"https://bushtel.nt.gov.au/profile/52","community_name":"IMPORTNA","community_aliases":"IMPOTNA,NAMATJIRA'S CAMP,NAMATYIRAS COTTAGE","community_type":"Family Outstation","main_language":"Not recorded","local_govt_council":"MACDONNELL","ward":"LJIRAPINTA","land_council":"CENTRAL LAND COUNCIL","electorate":"GWOJA","ntg_region":"CENTRAL AUSTRALIA","population_source":"Homelands Service Provider Report 2023","population_count":4,"longitude":132.74341,"latitude":-23.94048},"geometry":{"type":"Point","coordinates":[132.74341,-23.94048]}},
{"type":"Feature","properties":{"objectid":285,"community_id":90,"bushtel_url":"https://bushtel.nt.gov.au/profile/90","community_name":"INARLENGE","community_aliases":"LITTLE SISTERS","community_type":"Town Camp","main_language":"Not recorded","local_govt_council":"ALICE SPRINGS","ward":"Not recorded","land_council":"CENTRAL LAND COUNCIL","electorate":"NAMATJIRA","ntg_region":"CENTRAL AUSTRALIA","population_source":"Not recorded","population_count":null,"longitude":133.85896,"latitude":-23.72882},"geometry":{"type":"Point","coordinates":[133.85896,-23.72882]}},
{"type":"Feature","properties":{"objectid":286,"community_id":932,"bushtel_url":"https://bushtel.nt.gov.au/profile/932","community_name":"INBINA ATWATYE","community_aliases":"TYWENPE (B)","community_type":"Family Outstation","main_language":"Not recorded","local_govt_council":"MACDONNELL","ward":"RODINGA","land_council":"CENTRAL LAND COUNCIL","electorate":"NAMATJIRA","ntg_region":"CENTRAL AUSTRALIA","population_source":"Homelands Service Provider Report 2023","population_count":11,"longitude":133.71324,"latitude":-23.74118},"geometry":{"type":"Point","coordinates":[133.71324,-23.74118]}},
{"type":"Feature","properties":{"objectid":287,"community_id":15,"bushtel_url":"https://bushtel.nt.gov.au/profile/15","community_name":"INDARINGINYA","community_aliases":"ANDARININYA,ANTARRENGE,ANTARRENGENY,ANTARRINGINYA","community_type":"Family Outstation","main_language":"Not recorded","local_govt_council":"BARKLY","ward":"ALYAWARR","land_council":"CENTRAL LAND COUNCIL","electorate":"BARKLY","ntg_region":"BARKLY","population_source":"Homelands Service Provider Report 2023","population_count":41,"longitude":134.71992,"latitude":-21.67707},"geometry":{"type":"Point","coordinates":[134.719920000000116,-21.67707]}},
{"type":"Feature","properties":{"objectid":288,"community_id":54,"bushtel_url":"https://bushtel.nt.gov.au/profile/54","community_name":"ININTI","community_aliases":"RED BANK BORE,REDBANK","community_type":"Family Outstation","main_language":"Not recorded","local_govt_council":"MACDONNELL","ward":"LURITJA PINTUBI","land_council":"CENTRAL LAND COUNCIL","electorate":"GWOJA","ntg_region":"CENTRAL AUSTRALIA","population_source":"Not recorded","population_count":null,"longitude":129.15249,"latitude":-23.16827},"geometry":{"type":"Point","coordinates":[129.15249,-23.16827]}},
{"type":"Feature","properties":{"objectid":289,"community_id":336,"bushtel_url":"https://bushtel.nt.gov.au/profile/336","community_name":"INJILATPARRI","community_aliases":"INJALAPARRA,INJALATPARRI,SOUTH GOULBURN","community_type":"Family Outstation","main_language":"Not recorded","local_govt_council":"WEST ARNHEM","ward":"BARRAH","land_council":"NORTHERN LAND COUNCIL","electorate":"ARAFURA","ntg_region":"TOP END","population_source":"Not recorded","population_count":null,"longitude":133.41363,"latitude":-11.61113},"geometry":{"type":"Point","coordinates":[133.41363,-11.61113]}},
{"type":"Feature","properties":{"objectid":290,"community_id":55,"bushtel_url":"https://bushtel.nt.gov.au/profile/55","community_name":"INJIRRAMURRI","community_aliases":"YINJIRMARDI,YINTJIRRIMARDI","community_type":"Family Outstation","main_language":"Not recorded","local_govt_council":"CENTRAL DESERT","ward":"SOUTHERN TANAMI","land_council":"CENTRAL LAND COUNCIL","electorate":"GWOJA","ntg_region":"CENTRAL AUSTRALIA","population_source":"Not recorded","population_count":null,"longitude":131.12911,"latitude":-22.46523},"geometry":{"type":"Point","coordinates":[131.12911,-22.46523]}},
{"type":"Feature","properties":{"objectid":291,"community_id":8,"bushtel_url":"https://bushtel.nt.gov.au/profile/8","community_name":"INJULKAMA","community_aliases":"AMBURLA","community_type":"Family Outstation","main_language":"Not recorded","local_govt_council":"MACDONNELL","ward":"RODINGA","land_council":"CENTRAL LAND COUNCIL","electorate":"NAMATJIRA","ntg_region":"CENTRAL AUSTRALIA","population_source":"Not recorded","population_count":null,"longitude":133.10673,"latitude":-23.07626},"geometry":{"type":"Point","coordinates":[133.10673,-23.07626]}},
{"type":"Feature","properties":{"objectid":292,"community_id":726,"bushtel_url":"https://bushtel.nt.gov.au/profile/726","community_name":"INKAWENYERRE","community_aliases":"ANGAWANGERE,MORTONS,ROCKET RANGE","community_type":"Family Outstation","main_language":"Not recorded","local_govt_council":"BARKLY","ward":"ALYAWARR","land_council":"CENTRAL LAND COUNCIL","electorate":"BARKLY","ntg_region":"BARKLY","population_source":"Homelands Service Provider Report 2023","population_count":43,"longitude":134.84707,"latitude":-21.82016},"geometry":{"type":"Point","coordinates":[134.84707,-21.82016]}},
{"type":"Feature","properties":{"objectid":293,"community_id":82,"bushtel_url":"https://bushtel.nt.gov.au/profile/82","community_name":"INKWELAYE","community_aliases":"INGKWELAYE,KURRAJONG BORE,NGKULAYA","community_type":"Family Outstation","main_language":"Not recorded","local_govt_council":"BARKLY","ward":"ALYAWARR","land_council":"CENTRAL LAND COUNCIL","electorate":"BARKLY","ntg_region":"BARKLY","population_source":"Homelands Service Provider Report 2023","population_count":31,"longitude":134.83153,"latitude":-22.07951},"geometry":{"type":"Point","coordinates":[134.83153,-22.07951]}},
{"type":"Feature","properties":{"objectid":294,"community_id":56,"bushtel_url":"https://bushtel.nt.gov.au/profile/56","community_name":"INTJARTNAMA","community_aliases":"COOK'S OUTSTATION,INTJARRTNAMA","community_type":"Family Outstation","main_language":"Not recorded","local_govt_council":"MACDONNELL","ward":"LJIRAPINTA","land_council":"CENTRAL LAND COUNCIL","electorate":"GWOJA","ntg_region":"CENTRAL AUSTRALIA","population_source":"Homelands Service Provider Report 2023","population_count":16,"longitude":132.92056,"latitude":-24.06292},"geometry":{"type":"Point","coordinates":[132.92056,-24.06292]}},
{"type":"Feature","properties":{"objectid":295,"community_id":59,"bushtel_url":"https://bushtel.nt.gov.au/profile/59","community_name":"INYILINGI","community_aliases":"ANILTJIY,INYALINGA,INYILINGIE,INYILINGKI","community_type":"Family Outstation","main_language":"Not recorded","local_govt_council":"MACDONNELL","ward":"LURITJA PINTUBI","land_council":"CENTRAL LAND COUNCIL","electorate":"GWOJA","ntg_region":"CENTRAL AUSTRALIA","population_source":"Not recorded","population_count":null,"longitude":131.42488,"latitude":-23.24973},"geometry":{"type":"Point","coordinates":[131.42488,-23.24973]}},
{"type":"Feature","properties":{"objectid":296,"community_id":771,"bushtel_url":"https://bushtel.nt.gov.au/profile/771","community_name":"IPALALA","community_aliases":"No aliases recorded with NTG DIPL","community_type":"Family Outstation","main_language":"Not recorded","local_govt_council":"MACDONNELL","ward":"LJIRAPINTA","land_council":"CENTRAL LAND COUNCIL","electorate":"GWOJA","ntg_region":"CENTRAL AUSTRALIA","population_source":"Homelands Service Provider Report 2023","population_count":3,"longitude":132.67808,"latitude":-23.92556},"geometry":{"type":"Point","coordinates":[132.67808,-23.92556]}},
{"type":"Feature","properties":{"objectid":297,"community_id":60,"bushtel_url":"https://bushtel.nt.gov.au/profile/60","community_name":"IPOLERA","community_aliases":"No aliases recorded with NTG DIPL","community_type":"Family Outstation","main_language":"Not recorded","local_govt_council":"MACDONNELL","ward":"LJIRAPINTA","land_council":"CENTRAL LAND COUNCIL","electorate":"GWOJA","ntg_region":"CENTRAL AUSTRALIA","population_source":"Not recorded","population_count":null,"longitude":132.37407,"latitude":-23.98862},"geometry":{"type":"Point","coordinates":[132.37407,-23.98862]}},
{"type":"Feature","properties":{"objectid":298,"community_id":978,"bushtel_url":"https://bushtel.nt.gov.au/profile/978","community_name":"IRGUL POINT","community_aliases":"URGUL","community_type":"Family Outstation","main_language":"Not recorded","local_govt_council":"WEST ARNHEM","ward":"BARRAH","land_council":"NORTHERN LAND COUNCIL","electorate":"ARAFURA","ntg_region":"TOP END","population_source":"Homelands Service Provider Report 2023","population_count":14,"longitude":132.52876,"latitude":-11.34201},"geometry":{"type":"Point","coordinates":[132.52876,-11.34201]}},
{"type":"Feature","properties":{"objectid":299,"community_id":1025,"bushtel_url":"https://bushtel.nt.gov.au/profile/1025","community_name":"IRKLANCHA ATWACHA","community_aliases":"ALICE SPRINGS TOWN CAMP","community_type":"Town Camp","main_language":"Not recorded","local_govt_council":"ALICE SPRINGS","ward":"Not recorded","land_council":"CENTRAL LAND COUNCIL","electorate":"ARALUEN","ntg_region":"CENTRAL AUSTRALIA","population_source":"Not recorded","population_count":null,"longitude":133.9052,"latitude":-23.6941},"geometry":{"type":"Point","coordinates":[133.9052,-23.6941]}},
{"type":"Feature","properties":{"objectid":300,"community_id":826,"bushtel_url":"https://bushtel.nt.gov.au/profile/826","community_name":"IRON STONE","community_aliases":"IRONSTONE,WAGAIT,WHITE EAGLE","community_type":"Family Outstation","main_language":"Not recorded","local_govt_council":"UN-INCORPORATED (COX-DALY)","ward":"Not recorded","land_council":"NORTHERN LAND COUNCIL","electorate":"DALY","ntg_region":"TOP END","population_source":"Not recorded","population_count":null,"longitude":130.43571,"latitude":-12.89499},"geometry":{"type":"Point","coordinates":[130.43571,-12.89499]}},
{"type":"Feature","properties":{"objectid":301,"community_id":703,"bushtel_url":"https://bushtel.nt.gov.au/profile/703","community_name":"IRRERLIRRE","community_aliases":"MACDONALD DOWNS,MOUNT SWAN,NO 5","community_type":"Family Outstation","main_language":"Not recorded","local_govt_council":"CENTRAL DESERT","ward":"AKITYARRE","land_council":"CENTRAL LAND COUNCIL","electorate":"NAMATJIRA","ntg_region":"CENTRAL AUSTRALIA","population_source":"Homelands Service Provider Report 2023","population_count":40,"longitude":135.1345,"latitude":-22.8462},"geometry":{"type":"Point","coordinates":[135.134500000000116,-22.8462]}},
{"type":"Feature","properties":{"objectid":302,"community_id":921,"bushtel_url":"https://bushtel.nt.gov.au/profile/921","community_name":"IRRILTYERE (A)","community_aliases":"No aliases recorded with NTG DIPL","community_type":"Family Outstation","main_language":"Not recorded","local_govt_council":"MACDONNELL","ward":"RODINGA","land_council":"CENTRAL LAND COUNCIL","electorate":"NAMATJIRA","ntg_region":"CENTRAL AUSTRALIA","population_source":"Homelands Service Provider Report 2023","population_count":9,"longitude":133.69467,"latitude":-23.75129},"geometry":{"type":"Point","coordinates":[133.69467,-23.75129]}},
{"type":"Feature","properties":{"objectid":303,"community_id":922,"bushtel_url":"https://bushtel.nt.gov.au/profile/922","community_name":"IRRILTYERE (B)","community_aliases":"No aliases recorded with NTG DIPL","community_type":"Family Outstation","main_language":"Not recorded","local_govt_council":"MACDONNELL","ward":"RODINGA","land_council":"CENTRAL LAND COUNCIL","electorate":"NAMATJIRA","ntg_region":"CENTRAL AUSTRALIA","population_source":"Homelands Service Provider Report 2023","population_count":10,"longitude":133.68564,"latitude":-23.76105},"geometry":{"type":"Point","coordinates":[133.68564,-23.76105]}},
{"type":"Feature","properties":{"objectid":304,"community_id":853,"bushtel_url":"https://bushtel.nt.gov.au/profile/853","community_name":"IRRMARNE","community_aliases":"ERMARNE,OORRATIPPA","community_type":"Family Outstation","main_language":"Not recorded","local_govt_council":"BARKLY","ward":"ALPURRURULAM","land_council":"CENTRAL LAND COUNCIL","electorate":"BARKLY","ntg_region":"BARKLY","population_source":"Not recorded","population_count":null,"longitude":136.39475,"latitude":-21.65405},"geometry":{"type":"Point","coordinates":[136.39475,-21.65405]}},
{"type":"Feature","properties":{"objectid":305,"community_id":24989,"bushtel_url":"https://bushtel.nt.gov.au/profile/24989","community_name":"IRROWA","community_aliases":"No aliases recorded with NTG DIPL","community_type":"Family Outstation","main_language":"Not recorded","local_govt_council":"MACDONNELL","ward":"IYARRKA","land_council":"CENTRAL LAND COUNCIL","electorate":"GWOJA","ntg_region":"CENTRAL AUSTRALIA","population_source":"Homelands Service Provider Report 2023","population_count":9,"longitude":132.33103,"latitude":-24.62515},"geometry":{"type":"Point","coordinates":[132.33103,-24.62515]}},
{"type":"Feature","properties":{"objectid":306,"community_id":63,"bushtel_url":"https://bushtel.nt.gov.au/profile/63","community_name":"IRRULTJA","community_aliases":"IRRWELTY,ITTWELTYE","community_type":"Minor","main_language":"Not recorded","local_govt_council":"BARKLY","ward":"ALYAWARR","land_council":"CENTRAL LAND COUNCIL","electorate":"BARKLY","ntg_region":"BARKLY","population_source":"Homelands Service Provider Report 2023","population_count":45,"longitude":135.11128,"latitude":-21.97997},"geometry":{"type":"Point","coordinates":[135.11128,-21.97997]}},
{"type":"Feature","properties":{"objectid":307,"community_id":935,"bushtel_url":"https://bushtel.nt.gov.au/profile/935","community_name":"ITCHY KOO PARK","community_aliases":"TYWENPE (E)","community_type":"Family Outstation","main_language":"Not recorded","local_govt_council":"MACDONNELL","ward":"RODINGA","land_council":"CENTRAL LAND COUNCIL","electorate":"NAMATJIRA","ntg_region":"CENTRAL AUSTRALIA","population_source":"Homelands Service Provider Report 2023","population_count":52,"longitude":133.65816,"latitude":-23.76667},"geometry":{"type":"Point","coordinates":[133.65816,-23.76667]}},
{"type":"Feature","properties":{"objectid":308,"community_id":923,"bushtel_url":"https://bushtel.nt.gov.au/profile/923","community_name":"ITEYEPINTYE","community_aliases":"No aliases recorded with NTG DIPL","community_type":"Family Outstation","main_language":"Not recorded","local_govt_council":"MACDONNELL","ward":"RODINGA","land_council":"CENTRAL LAND COUNCIL","electorate":"NAMATJIRA","ntg_region":"CENTRAL AUSTRALIA","population_source":"Homelands Service Provider Report 2023","population_count":25,"longitude":133.59994,"latitude":-23.76466},"geometry":{"type":"Point","coordinates":[133.59994,-23.76466]}},
{"type":"Feature","properties":{"objectid":309,"community_id":924,"bushtel_url":"https://bushtel.nt.gov.au/profile/924","community_name":"ITPERLYENGE","community_aliases":"No aliases recorded with NTG DIPL","community_type":"Family Outstation","main_language":"Not recorded","local_govt_council":"MACDONNELL","ward":"RODINGA","land_council":"CENTRAL LAND COUNCIL","electorate":"NAMATJIRA","ntg_region":"CENTRAL AUSTRALIA","population_source":"Homelands Service Provider Report 2023","population_count":23,"longitude":133.61103,"latitude":-23.76361},"geometry":{"type":"Point","coordinates":[133.61103,-23.76361]}},
{"type":"Feature","properties":{"objectid":310,"community_id":64,"bushtel_url":"https://bushtel.nt.gov.au/profile/64","community_name":"ITWIYETHWENGE","community_aliases":"ALICE SPRINGS TOWN CAMP,BASSO'S FARM,BAZZO'S FARM","community_type":"Town Camp","main_language":"Not recorded","local_govt_council":"ALICE SPRINGS","ward":"Not recorded","land_council":"CENTRAL LAND COUNCIL","electorate":"BRAITLING","ntg_region":"CENTRAL AUSTRALIA","population_source":"Not recorded","population_count":null,"longitude":133.87168,"latitude":-23.66363},"geometry":{"type":"Point","coordinates":[133.87168,-23.66363]}},
{"type":"Feature","properties":{"objectid":311,"community_id":65,"bushtel_url":"https://bushtel.nt.gov.au/profile/65","community_name":"IWUPATAKA","community_aliases":"JAY CREEK","community_type":"Minor","main_language":"Not recorded","local_govt_council":"MACDONNELL","ward":"RODINGA","land_council":"CENTRAL LAND COUNCIL","electorate":"NAMATJIRA","ntg_region":"CENTRAL AUSTRALIA","population_source":"Not recorded","population_count":null,"longitude":133.50327,"latitude":-23.79061},"geometry":{"type":"Point","coordinates":[133.50327,-23.79061]}},
{"type":"Feature","properties":{"objectid":312,"community_id":727,"bushtel_url":"https://bushtel.nt.gov.au/profile/727","community_name":"IYLENTYE","community_aliases":"IYIYINTJA,MOSQUITO BORE,PMARA LLINTJA","community_type":"Family Outstation","main_language":"Not recorded","local_govt_council":"BARKLY","ward":"ALYAWARR","land_council":"CENTRAL LAND COUNCIL","electorate":"BARKLY","ntg_region":"BARKLY","population_source":"Homelands Service Provider Report 2023","population_count":33,"longitude":134.72667,"latitude":-21.98676},"geometry":{"type":"Point","coordinates":[134.72667,-21.98676]}},
{"type":"Feature","properties":{"objectid":313,"community_id":13836,"bushtel_url":"https://bushtel.nt.gov.au/profile/13836","community_name":"JABIRU","community_aliases":"No aliases recorded with NTG DIPL","community_type":"Village","main_language":"Not recorded","local_govt_council":"WEST ARNHEM","ward":"KAKADU","land_council":"NORTHERN LAND COUNCIL","electorate":"ARAFURA","ntg_region":"TOP END","population_source":"Based on ABS 2021 Census SA1","population_count":886,"longitude":132.8337,"latitude":-12.6752},"geometry":{"type":"Point","coordinates":[132.8337,-12.6752]}},
{"type":"Feature","properties":{"objectid":314,"community_id":704,"bushtel_url":"https://bushtel.nt.gov.au/profile/704","community_name":"JANGIRULU","community_aliases":"JANGIRURLU,JANGULURI JANGIRURLY,POWELL CREEK","community_type":"Family Outstation","main_language":"Not recorded","local_govt_council":"BARKLY","ward":"KUWARRANGU","land_council":"NORTHERN LAND COUNCIL","electorate":"BARKLY","ntg_region":"BARKLY","population_source":"Not recorded","population_count":null,"longitude":133.61111,"latitude":-18.12561},"geometry":{"type":"Point","coordinates":[133.61111,-18.12561]}},
{"type":"Feature","properties":{"objectid":315,"community_id":234,"bushtel_url":"https://bushtel.nt.gov.au/profile/234","community_name":"JARRA JARRA","community_aliases":"No aliases recorded with NTG DIPL","community_type":"Family Outstation","main_language":"Not recorded","local_govt_council":"BARKLY","ward":"ALYAWARR","land_council":"CENTRAL LAND COUNCIL","electorate":"BARKLY","ntg_region":"BARKLY","population_source":"Not recorded","population_count":null,"longitude":133.22064,"latitude":-20.84765},"geometry":{"type":"Point","coordinates":[133.220640000000117,-20.84765]}},
{"type":"Feature","properties":{"objectid":316,"community_id":966,"bushtel_url":"https://bushtel.nt.gov.au/profile/966","community_name":"JARRAMAGORNDARRA","community_aliases":"JARRAMONGORNDARRA","community_type":"Family Outstation","main_language":"Not recorded","local_govt_council":"WEST ARNHEM","ward":"MANINGRIDA","land_council":"NORTHERN LAND COUNCIL","electorate":"ARAFURA","ntg_region":"TOP END","population_source":"Not recorded","population_count":null,"longitude":134.65311,"latitude":-12.29072},"geometry":{"type":"Point","coordinates":[134.65311,-12.29072]}},
{"type":"Feature","properties":{"objectid":317,"community_id":824,"bushtel_url":"https://bushtel.nt.gov.au/profile/824","community_name":"JEMELKE","community_aliases":"BARROW CREEK","community_type":"Family Outstation","main_language":"Not recorded","local_govt_council":"BARKLY","ward":"ALYAWARR","land_council":"CENTRAL LAND COUNCIL","electorate":"BARKLY","ntg_region":"BARKLY","population_source":"Homelands Service Provider Report 2023","population_count":10,"longitude":133.87473,"latitude":-21.53389},"geometry":{"type":"Point","coordinates":[133.874730000000113,-21.53389]}},
{"type":"Feature","properties":{"objectid":318,"community_id":338,"bushtel_url":"https://bushtel.nt.gov.au/profile/338","community_name":"JI-BALBAL","community_aliases":"BAMBOO CREEK,JIBALBAL","community_type":"Family Outstation","main_language":"Not recorded","local_govt_council":"WEST ARNHEM","ward":"MANINGRIDA","land_council":"NORTHERN LAND COUNCIL","electorate":"ARAFURA","ntg_region":"TOP END","population_source":"Homelands Service Provider Report 2023","population_count":12,"longitude":134.61989,"latitude":-12.29755},"geometry":{"type":"Point","coordinates":[134.61989,-12.29755]}},
{"type":"Feature","properties":{"objectid":319,"community_id":311,"bushtel_url":"https://bushtel.nt.gov.au/profile/311","community_name":"JI-BENA","community_aliases":"DJEBENNA","community_type":"Family Outstation","main_language":"Not recorded","local_govt_council":"WEST ARNHEM","ward":"MANINGRIDA","land_council":"NORTHERN LAND COUNCIL","electorate":"ARAFURA","ntg_region":"TOP END","population_source":"Homelands Service Provider Report 2023","population_count":29,"longitude":134.5264,"latitude":-12.14418},"geometry":{"type":"Point","coordinates":[134.5264,-12.14418]}},
{"type":"Feature","properties":{"objectid":320,"community_id":793,"bushtel_url":"https://bushtel.nt.gov.au/profile/793","community_name":"JI-MALAWA","community_aliases":"DJIMALAWA,JI-MALOWA,JIMALAWA","community_type":"Family Outstation","main_language":"Not recorded","local_govt_council":"WEST ARNHEM","ward":"MANINGRIDA","land_council":"NORTHERN LAND COUNCIL","electorate":"ARAFURA","ntg_region":"TOP END","population_source":"Homelands Service Provider Report 2023","population_count":50,"longitude":134.67334,"latitude":-12.12168},"geometry":{"type":"Point","coordinates":[134.67334,-12.12168]}},
{"type":"Feature","properties":{"objectid":321,"community_id":340,"bushtel_url":"https://bushtel.nt.gov.au/profile/340","community_name":"JI-MARDA","community_aliases":"DJIMARDA,JIMARDA","community_type":"Family Outstation","main_language":"Not recorded","local_govt_council":"WEST ARNHEM","ward":"MANINGRIDA","land_council":"NORTHERN LAND COUNCIL","electorate":"ARAFURA","ntg_region":"TOP END","population_source":"Homelands Service Provider Report 2023","population_count":55,"longitude":134.61501,"latitude":-12.05613},"geometry":{"type":"Point","coordinates":[134.61501,-12.05613]}},
{"type":"Feature","properties":{"objectid":322,"community_id":593,"bushtel_url":"https://bushtel.nt.gov.au/profile/593","community_name":"JILKMINGGAN","community_aliases":"DJEMBERE,DJILKMINGGAN,DUCK CREEK,JILKMINGGAL","community_type":"Minor","main_language":"Eastside Kriol","local_govt_council":"ROPER GULF","ward":"NEVER NEVER","land_council":"NORTHERN LAND COUNCIL","electorate":"ARNHEM","ntg_region":"BIG RIVERS","population_source":"Based on ABS 2021 Census SA1","population_count":309,"longitude":133.3,"latitude":-14.95306},"geometry":{"type":"Point","coordinates":[133.3,-14.95306]}},
{"type":"Feature","properties":{"objectid":323,"community_id":261,"bushtel_url":"https://bushtel.nt.gov.au/profile/261","community_name":"JILUNDARINA","community_aliases":"JURLINDARRI,SEIGAL CREEK,SIEGAL CREEK,SIEGEL CREEK","community_type":"Family Outstation","main_language":"Not recorded","local_govt_council":"BARKLY","ward":"KUWARRANGU","land_council":"NORTHERN LAND COUNCIL","electorate":"BARKLY","ntg_region":"BARKLY","population_source":"Not recorded","population_count":null,"longitude":137.57665,"latitude":-17.60557},"geometry":{"type":"Point","coordinates":[137.57665,-17.60557]}},
{"type":"Feature","properties":{"objectid":324,"community_id":989,"bushtel_url":"https://bushtel.nt.gov.au/profile/989","community_name":"JIMILAYA","community_aliases":"BLACK CRAGGY ISLAND","community_type":"Family Outstation","main_language":"Not recorded","local_govt_council":"ROPER GULF","ward":"SOUTH WEST GULF","land_council":"NORTHERN LAND COUNCIL","electorate":"BARKLY","ntg_region":"BIG RIVERS","population_source":"Not recorded","population_count":null,"longitude":136.67192,"latitude":-15.6082},"geometry":{"type":"Point","coordinates":[136.671920000000114,-15.6082]}},
{"type":"Feature","properties":{"objectid":325,"community_id":235,"bushtel_url":"https://bushtel.nt.gov.au/profile/235","community_name":"JINGALOO","community_aliases":"BEETALOO","community_type":"Family Outstation","main_language":"Not recorded","local_govt_council":"BARKLY","ward":"KUWARRANGU","land_council":"NORTHERN LAND COUNCIL","electorate":"BARKLY","ntg_region":"BARKLY","population_source":"Not recorded","population_count":null,"longitude":133.61433,"latitude":-17.11311},"geometry":{"type":"Point","coordinates":[133.614330000000109,-17.11311]}},
{"type":"Feature","properties":{"objectid":326,"community_id":646,"bushtel_url":"https://bushtel.nt.gov.au/profile/646","community_name":"JIWARANPA","community_aliases":"JIWAN,JWARNPA,KAMARA,KAMIRA,TALBOT WELL","community_type":"Family Outstation","main_language":"Not recorded","local_govt_council":"CENTRAL DESERT","ward":"NORTHERN TANAMI","land_council":"CENTRAL LAND COUNCIL","electorate":"GWOJA","ntg_region":"CENTRAL AUSTRALIA","population_source":"Not recorded","population_count":null,"longitude":129.92674,"latitude":-19.55541},"geometry":{"type":"Point","coordinates":[129.926740000000109,-19.55541]}},
{"type":"Feature","properties":{"objectid":327,"community_id":598,"bushtel_url":"https://bushtel.nt.gov.au/profile/598","community_name":"JODETLUK","community_aliases":"GORGE CAMP,KATHERINE TOWN CAMP,MAUDE CREEK CAMP","community_type":"Family Outstation","main_language":"Not recorded","local_govt_council":"ROPER GULF","ward":"NYIRRANGGULUNG","land_council":"NORTHERN LAND COUNCIL","electorate":"KATHERINE","ntg_region":"BIG RIVERS","population_source":"Homelands Service Provider Report 2023","population_count":21,"longitude":132.43333,"latitude":-14.36},"geometry":{"type":"Point","coordinates":[132.43333,-14.36]}},
{"type":"Feature","properties":{"objectid":328,"community_id":710,"bushtel_url":"https://bushtel.nt.gov.au/profile/710","community_name":"JOMET (URPALARWN)","community_aliases":"BIRDUM,GORRIE,JOMET,NO 1 BORE,URPALARWN,WUBALAWAN","community_type":"Family Outstation","main_language":"Not recorded","local_govt_council":"ROPER GULF","ward":"NEVER NEVER","land_council":"NORTHERN LAND COUNCIL","electorate":"ARNHEM","ntg_region":"BIG RIVERS","population_source":"Not recorded","population_count":null,"longitude":133.11146,"latitude":-15.42069},"geometry":{"type":"Point","coordinates":[133.11146,-15.42069]}},
{"type":"Feature","properties":{"objectid":329,"community_id":602,"bushtel_url":"https://bushtel.nt.gov.au/profile/602","community_name":"JOWAR","community_aliases":"JOYAR,JUYAR,ROPER BAR","community_type":"Family Outstation","main_language":"Not recorded","local_govt_council":"ROPER GULF","ward":"YUGUL MANGI","land_council":"NORTHERN LAND COUNCIL","electorate":"ARNHEM","ntg_region":"BIG RIVERS","population_source":"Not recorded","population_count":null,"longitude":134.42881,"latitude":-14.72747},"geometry":{"type":"Point","coordinates":[134.428810000000112,-14.72747]}},
{"type":"Feature","properties":{"objectid":330,"community_id":695,"bushtel_url":"https://bushtel.nt.gov.au/profile/695","community_name":"JUNGARRAYI WARRNU","community_aliases":"JUNGARRAYIWARNU,NEW HAVEN YARIBILANGU,YARIPILANGU","community_type":"Family Outstation","main_language":"Not recorded","local_govt_council":"CENTRAL DESERT","ward":"SOUTHERN TANAMI","land_council":"CENTRAL LAND COUNCIL","electorate":"GWOJA","ntg_region":"CENTRAL AUSTRALIA","population_source":"Not recorded","population_count":null,"longitude":131.43088,"latitude":-22.68594},"geometry":{"type":"Point","coordinates":[131.430880000000116,-22.68594]}},
{"type":"Feature","properties":{"objectid":331,"community_id":734,"bushtel_url":"https://bushtel.nt.gov.au/profile/734","community_name":"JUNKAJI","community_aliases":"GREENWOOD,JUNGKAGU,JUNGKAJI","community_type":"Family Outstation","main_language":"Not recorded","local_govt_council":"BARKLY","ward":"PATTA","land_council":"CENTRAL LAND COUNCIL","electorate":"BARKLY","ntg_region":"BARKLY","population_source":"Not recorded","population_count":null,"longitude":134.14149,"latitude":-20.44656},"geometry":{"type":"Point","coordinates":[134.14149,-20.44656]}},
{"type":"Feature","properties":{"objectid":332,"community_id":794,"bushtel_url":"https://bushtel.nt.gov.au/profile/794","community_name":"KABALYARRA","community_aliases":"No aliases recorded with NTG DIPL","community_type":"Family Outstation","main_language":"Not recorded","local_govt_council":"WEST ARNHEM","ward":"MANINGRIDA","land_council":"NORTHERN LAND COUNCIL","electorate":"ARAFURA","ntg_region":"TOP END","population_source":"Homelands Service Provider Report 2023","population_count":15,"longitude":134.21279,"latitude":-12.06946},"geometry":{"type":"Point","coordinates":[134.21279,-12.06946]}},
{"type":"Feature","properties":{"objectid":333,"community_id":1007,"bushtel_url":"https://bushtel.nt.gov.au/profile/1007","community_name":"KABULWARNAMYO","community_aliases":"NORHNI","community_type":"Family Outstation","main_language":"Not recorded","local_govt_council":"WEST ARNHEM","ward":"GUNBALANYA","land_council":"NORTHERN LAND COUNCIL","electorate":"ARAFURA","ntg_region":"TOP END","population_source":"Homelands Service Provider Report 2023","population_count":4,"longitude":133.84472,"latitude":-12.76486},"geometry":{"type":"Point","coordinates":[133.84472,-12.76486]}},
{"type":"Feature","properties":{"objectid":334,"community_id":326,"bushtel_url":"https://bushtel.nt.gov.au/profile/326","community_name":"KAKODBABULDI","community_aliases":"GUGODBABULDI,KUKOTBUBULDI","community_type":"Family Outstation","main_language":"Not recorded","local_govt_council":"WEST ARNHEM","ward":"MANINGRIDA","land_council":"NORTHERN LAND COUNCIL","electorate":"ARAFURA","ntg_region":"TOP END","population_source":"Homelands Service Provider Report 2023","population_count":20,"longitude":134.15779,"latitude":-12.40779},"geometry":{"type":"Point","coordinates":[134.15779,-12.40779]}},
{"type":"Feature","properties":{"objectid":335,"community_id":736,"bushtel_url":"https://bushtel.nt.gov.au/profile/736","community_name":"KALINJARRI","community_aliases":"GORRIE BORE,GORRY'S BORE,KALINJARRA,KALINYMARRA","community_type":"Family Outstation","main_language":"Not recorded","local_govt_council":"BARKLY","ward":"PATTA","land_council":"CENTRAL LAND COUNCIL","electorate":"BARKLY","ntg_region":"BARKLY","population_source":"Not recorded","population_count":null,"longitude":134.36571,"latitude":-20.39752},"geometry":{"type":"Point","coordinates":[134.36571,-20.39752]}},
{"type":"Feature","properties":{"objectid":336,"community_id":603,"bushtel_url":"https://bushtel.nt.gov.au/profile/603","community_name":"KALKARINDJI","community_aliases":"KALKARINGI,WAVE HILL","community_type":"Major","main_language":"Gurindji / Kriol","local_govt_council":"VICTORIA DALY","ward":"DAGURAGU","land_council":"CENTRAL LAND COUNCIL","electorate":"GWOJA","ntg_region":"BIG RIVERS","population_source":"Based on ABS 2021 Census SA1","population_count":450,"longitude":130.83212,"latitude":-17.44675},"geometry":{"type":"Point","coordinates":[130.83212,-17.44675]}},
{"type":"Feature","properties":{"objectid":337,"community_id":947,"bushtel_url":"https://bushtel.nt.gov.au/profile/947","community_name":"KALPITAPTA","community_aliases":"KALPITAPITA","community_type":"Family Outstation","main_language":"Not recorded","local_govt_council":"BARKLY","ward":"ALYAWARR","land_council":"CENTRAL LAND COUNCIL","electorate":"BARKLY","ntg_region":"BARKLY","population_source":"Not recorded","population_count":null,"longitude":135.35397,"latitude":-20.89936},"geometry":{"type":"Point","coordinates":[135.353970000000118,-20.89936]}},
{"type":"Feature","properties":{"objectid":338,"community_id":66,"bushtel_url":"https://bushtel.nt.gov.au/profile/66","community_name":"KALTUKATJARA","community_aliases":"DOCKER RIVER,KALKTUKATJARA","community_type":"Major","main_language":"Pitjantjatjara","local_govt_council":"MACDONNELL","ward":"IYARRKA","land_council":"CENTRAL LAND COUNCIL","electorate":"GWOJA","ntg_region":"CENTRAL AUSTRALIA","population_source":"Based on ABS 2021 Census SA1","population_count":269,"longitude":129.07916,"latitude":-24.87611},"geometry":{"type":"Point","coordinates":[129.079160000000115,-24.87611]}},
{"type":"Feature","properties":{"objectid":339,"community_id":941,"bushtel_url":"https://bushtel.nt.gov.au/profile/941","community_name":"KALUMBULANI","community_aliases":"CAMFIELD,KULUMANBULANI","community_type":"Family Outstation","main_language":"Not recorded","local_govt_council":"VICTORIA DALY","ward":"WALANGERI","land_council":"NORTHERN LAND COUNCIL","electorate":"GWOJA","ntg_region":"BIG RIVERS","population_source":"Not recorded","population_count":null,"longitude":131.21949,"latitude":-16.8772},"geometry":{"type":"Point","coordinates":[131.21949,-16.8772]}},
{"type":"Feature","properties":{"objectid":340,"community_id":236,"bushtel_url":"https://bushtel.nt.gov.au/profile/236","community_name":"KALUMPURLPA","community_aliases":"AKULUMPULPA,BLUE BUSH BORE,KALAMPURLPA,KALUMPARLPA,KALUMPULPA,KULUMPURLPA","community_type":"Family Outstation","main_language":"Not recorded","local_govt_council":"BARKLY","ward":"PATTA","land_council":"CENTRAL LAND COUNCIL","electorate":"BARKLY","ntg_region":"BARKLY","population_source":"Not recorded","population_count":null,"longitude":133.91809,"latitude":-19.00387},"geometry":{"type":"Point","coordinates":[133.91809000000012,-19.00387]}},
{"type":"Feature","properties":{"objectid":341,"community_id":237,"bushtel_url":"https://bushtel.nt.gov.au/profile/237","community_name":"KANGAROO ISLAND","community_aliases":"LOOGANWARRA,YAMEERI","community_type":"Family Outstation","main_language":"Not recorded","local_govt_council":"ROPER GULF","ward":"SOUTH WEST GULF","land_council":"NORTHERN LAND COUNCIL","electorate":"BARKLY","ntg_region":"BIG RIVERS","population_source":"Homelands Service Provider Report 2023","population_count":10,"longitude":136.53951,"latitude":-15.88848},"geometry":{"type":"Point","coordinates":[136.53951,-15.88848]}},
{"type":"Feature","properties":{"objectid":342,"community_id":980,"bushtel_url":"https://bushtel.nt.gov.au/profile/980","community_name":"KAPALGA","community_aliases":"NARAMU","community_type":"Family Outstation","main_language":"Not recorded","local_govt_council":"WEST ARNHEM","ward":"KAKADU","land_council":"NORTHERN LAND COUNCIL","electorate":"ARAFURA","ntg_region":"TOP END","population_source":"Homelands Service Provider Report 2023","population_count":10,"longitude":132.37113,"latitude":-12.69876},"geometry":{"type":"Point","coordinates":[132.371130000000107,-12.69876]}},
{"type":"Feature","properties":{"objectid":343,"community_id":67,"bushtel_url":"https://bushtel.nt.gov.au/profile/67","community_name":"KAPORILYA","community_aliases":"KAPORILJA,KAPORILYA SPRINGS,KAPRILYA","community_type":"Family Outstation","main_language":"Not recorded","local_govt_council":"MACDONNELL","ward":"LJIRAPINTA","land_council":"CENTRAL LAND COUNCIL","electorate":"GWOJA","ntg_region":"CENTRAL AUSTRALIA","population_source":"Homelands Service Provider Report 2023","population_count":9,"longitude":132.72029,"latitude":-23.93974},"geometry":{"type":"Point","coordinates":[132.72029,-23.93974]}},
{"type":"Feature","properties":{"objectid":344,"community_id":238,"bushtel_url":"https://bushtel.nt.gov.au/profile/238","community_name":"KARGARU","community_aliases":"EAST SIDE CAMP,KARGARU CAMP,TENNANT CREEK TOWN CAMP,WARTILPUNGARA","community_type":"Town Camp","main_language":"Not recorded","local_govt_council":"BARKLY","ward":"PATTA","land_council":"CENTRAL LAND COUNCIL","electorate":"BARKLY","ntg_region":"BARKLY","population_source":"Not recorded","population_count":null,"longitude":134.19806,"latitude":-19.65861},"geometry":{"type":"Point","coordinates":[134.19806,-19.65861]}},
{"type":"Feature","properties":{"objectid":345,"community_id":69,"bushtel_url":"https://bushtel.nt.gov.au/profile/69","community_name":"KARNTE","community_aliases":"ALICE SPRINGS TOWN CAMP","community_type":"Town Camp","main_language":"Not recorded","local_govt_council":"ALICE SPRINGS","ward":"Not recorded","land_council":"CENTRAL LAND COUNCIL","electorate":"NAMATJIRA","ntg_region":"CENTRAL AUSTRALIA","population_source":"Not recorded","population_count":null,"longitude":133.86474,"latitude":-23.76437},"geometry":{"type":"Point","coordinates":[133.86474,-23.76437]}},
{"type":"Feature","properties":{"objectid":346,"community_id":116,"bushtel_url":"https://bushtel.nt.gov.au/profile/116","community_name":"KARRINYARRA","community_aliases":"CENTRAL MOUNT WEDGE,KARRIYARRA,MOUNT WEDGE,MOUNT WEDGE STATION","community_type":"Family Outstation","main_language":"Not recorded","local_govt_council":"CENTRAL DESERT","ward":"SOUTHERN TANAMI","land_council":"CENTRAL LAND COUNCIL","electorate":"GWOJA","ntg_region":"CENTRAL AUSTRALIA","population_source":"Not recorded","population_count":null,"longitude":131.87876,"latitude":-22.66329},"geometry":{"type":"Point","coordinates":[131.87876,-22.66329]}},
{"type":"Feature","properties":{"objectid":347,"community_id":14071,"bushtel_url":"https://bushtel.nt.gov.au/profile/14071","community_name":"KATHERINE","community_aliases":"No aliases recorded with NTG DIPL","community_type":"Town","main_language":"Not recorded","local_govt_council":"KATHERINE","ward":"Not recorded","land_council":"NORTHERN LAND COUNCIL","electorate":"KATHERINE","ntg_region":"BIG RIVERS","population_source":"Not recorded","population_count":null,"longitude":132.26677,"latitude":-14.46676},"geometry":{"type":"Point","coordinates":[132.26677,-14.46676]}},
{"type":"Feature","properties":{"objectid":348,"community_id":870,"bushtel_url":"https://bushtel.nt.gov.au/profile/870","community_name":"KATJUTARI","community_aliases":"No aliases recorded with NTG DIPL","community_type":"Family Outstation","main_language":"Not recorded","local_govt_council":"MACDONNELL","ward":"LJIRAPINTA","land_council":"CENTRAL LAND COUNCIL","electorate":"GWOJA","ntg_region":"CENTRAL AUSTRALIA","population_source":"Homelands Service Provider Report 2023","population_count":4,"longitude":132.00474,"latitude":-23.74085},"geometry":{"type":"Point","coordinates":[132.00474,-23.74085]}},
{"type":"Feature","properties":{"objectid":349,"community_id":883,"bushtel_url":"https://bushtel.nt.gov.au/profile/883","community_name":"KELERRK","community_aliases":"No aliases recorded with NTG DIPL","community_type":"Family Outstation","main_language":"Not recorded","local_govt_council":"WEST DALY","ward":"THAMARRURR/PINDI PINDI","land_council":"NORTHERN LAND COUNCIL","electorate":"DALY","ntg_region":"TOP END","population_source":"Not recorded","population_count":null,"longitude":130.32647,"latitude":-13.95783},"geometry":{"type":"Point","coordinates":[130.32647,-13.95783]}},
{"type":"Feature","properties":{"objectid":350,"community_id":1017,"bushtel_url":"https://bushtel.nt.gov.au/profile/1017","community_name":"KEWULYI","community_aliases":"ROPER VALLEY HOMESTEAD","community_type":"Family Outstation","main_language":"Not recorded","local_govt_council":"ROPER GULF","ward":"NEVER NEVER","land_council":"NORTHERN LAND COUNCIL","electorate":"ARNHEM","ntg_region":"BIG RIVERS","population_source":"Homelands Service Provider Report 2023","population_count":16,"longitude":134.00927,"latitude":-14.92699},"geometry":{"type":"Point","coordinates":[134.00927,-14.92699]}},
{"type":"Feature","properties":{"objectid":351,"community_id":722,"bushtel_url":"https://bushtel.nt.gov.au/profile/722","community_name":"KIANA","community_aliases":"No aliases recorded with NTG DIPL","community_type":"Family Outstation","main_language":"Not recorded","local_govt_council":"ROPER GULF","ward":"SOUTH WEST GULF","land_council":"NORTHERN LAND COUNCIL","electorate":"BARKLY","ntg_region":"BIG RIVERS","population_source":"Homelands Service Provider Report 2023","population_count":15,"longitude":136.18411,"latitude":-17.24236},"geometry":{"type":"Point","coordinates":[136.18411,-17.24236]}},
{"type":"Feature","properties":{"objectid":352,"community_id":72,"bushtel_url":"https://bushtel.nt.gov.au/profile/72","community_name":"KINTORE","community_aliases":"WALANGKURA,WALANGURA,WALUNGURRU","community_type":"Major","main_language":"Luritja/Pintupi","local_govt_council":"MACDONNELL","ward":"LURITJA PINTUBI","land_council":"CENTRAL LAND COUNCIL","electorate":"GWOJA","ntg_region":"CENTRAL AUSTRALIA","population_source":"Based on ABS 2021 Census SA1","population_count":493,"longitude":129.38725,"latitude":-23.27591},"geometry":{"type":"Point","coordinates":[129.387250000000108,-23.27591]}},
{"type":"Feature","properties":{"objectid":353,"community_id":344,"bushtel_url":"https://bushtel.nt.gov.au/profile/344","community_name":"KNUCKEY LAGOON INDIGENOUS VILLAGE","community_aliases":"11 MILE,ELEVEN MILE,KNUCKEY LAGOON COMMUNITY,KNUCKEY LAGOON TOWN CAMP","community_type":"Town Camp","main_language":"Not recorded","local_govt_council":"LITCHFIELD","ward":"NORTH WARD","land_council":"NORTHERN LAND COUNCIL","electorate":"KARAMA","ntg_region":"DARWIN, PALMERSTON, LITCHFIELD","population_source":"Not recorded","population_count":null,"longitude":130.93749,"latitude":-12.43654},"geometry":{"type":"Point","coordinates":[130.93749,-12.43654]}},
{"type":"Feature","properties":{"objectid":354,"community_id":345,"bushtel_url":"https://bushtel.nt.gov.au/profile/345","community_name":"KOLORBIDAHDAH","community_aliases":"KORLOBIRRAHDA","community_type":"Family Outstation","main_language":"Not recorded","local_govt_council":"WEST ARNHEM","ward":"MANINGRIDA","land_council":"NORTHERN LAND COUNCIL","electorate":"ARAFURA","ntg_region":"TOP END","population_source":"Homelands Service Provider Report 2023","population_count":14,"longitude":134.32539,"latitude":-12.61309},"geometry":{"type":"Point","coordinates":[134.32539,-12.61309]}},
{"type":"Feature","properties":{"objectid":355,"community_id":912,"bushtel_url":"https://bushtel.nt.gov.au/profile/912","community_name":"KUBUYIRR","community_aliases":"No aliases recorded with NTG DIPL","community_type":"Family Outstation","main_language":"Not recorded","local_govt_council":"WEST DALY","ward":"THAMARRURR/PINDI PINDI","land_council":"NORTHERN LAND COUNCIL","electorate":"DALY","ntg_region":"TOP END","population_source":"Not recorded","population_count":null,"longitude":129.78499,"latitude":-14.12168},"geometry":{"type":"Point","coordinates":[129.784990000000107,-14.12168]}},
{"type":"Feature","properties":{"objectid":356,"community_id":936,"bushtel_url":"https://bushtel.nt.gov.au/profile/936","community_name":"KUDANTIGA","community_aliases":"KURANTIKA","community_type":"Family Outstation","main_language":"Not recorded","local_govt_council":"WEST DALY","ward":"THAMARRURR/PINDI PINDI","land_council":"NORTHERN LAND COUNCIL","electorate":"DALY","ntg_region":"TOP END","population_source":"Homelands Service Provider Report 2023","population_count":9,"longitude":129.42918,"latitude":-14.42918},"geometry":{"type":"Point","coordinates":[129.42918,-14.42918]}},
{"type":"Feature","properties":{"objectid":357,"community_id":347,"bushtel_url":"https://bushtel.nt.gov.au/profile/347","community_name":"KULALUK","community_aliases":"GWALWA DARANIEI ASSOC,GWALWA DARANIKI ASSOCIATION,MINMIRAMA","community_type":"Town Camp","main_language":"Not recorded","local_govt_council":"DARWIN","ward":"CHAN","land_council":"NORTHERN LAND COUNCIL","electorate":"NIGHTCLIFF","ntg_region":"DARWIN, PALMERSTON, LITCHFIELD","population_source":"Not recorded","population_count":null,"longitude":130.8489,"latitude":-12.39279},"geometry":{"type":"Point","coordinates":[130.8489,-12.39279]}},
{"type":"Feature","properties":{"objectid":358,"community_id":747,"bushtel_url":"https://bushtel.nt.gov.au/profile/747","community_name":"KULANG","community_aliases":"KULAIL","community_type":"Family Outstation","main_language":"Not recorded","local_govt_council":"MACDONNELL","ward":"IYARRKA","land_council":"CENTRAL LAND COUNCIL","electorate":"GWOJA","ntg_region":"CENTRAL AUSTRALIA","population_source":"Not recorded","population_count":null,"longitude":129.00638,"latitude":-24.71557},"geometry":{"type":"Point","coordinates":[129.00638,-24.71557]}},
{"type":"Feature","properties":{"objectid":359,"community_id":14240,"bushtel_url":"https://bushtel.nt.gov.au/profile/14240","community_name":"KULGERA","community_aliases":"No aliases recorded with NTG DIPL","community_type":"Village","main_language":"Not recorded","local_govt_council":"MACDONNELL","ward":"RODINGA","land_council":"CENTRAL LAND COUNCIL","electorate":"NAMATJIRA","ntg_region":"CENTRAL AUSTRALIA","population_source":"Not recorded","population_count":null,"longitude":133.30048,"latitude":-25.84084},"geometry":{"type":"Point","coordinates":[133.300480000000107,-25.84084]}},
{"type":"Feature","properties":{"objectid":360,"community_id":76,"bushtel_url":"https://bushtel.nt.gov.au/profile/76","community_name":"KULPITHARRA","community_aliases":"KULPITARA,KULPITARRA","community_type":"Family Outstation","main_language":"Not recorded","local_govt_council":"MACDONNELL","ward":"LJIRAPINTA","land_council":"CENTRAL LAND COUNCIL","electorate":"GWOJA","ntg_region":"CENTRAL AUSTRALIA","population_source":"Homelands Service Provider Report 2023","population_count":2,"longitude":132.00279,"latitude":-23.73974},"geometry":{"type":"Point","coordinates":[132.002790000000118,-23.73974]}},
{"type":"Feature","properties":{"objectid":361,"community_id":351,"bushtel_url":"https://bushtel.nt.gov.au/profile/351","community_name":"KULTCHILL","community_aliases":"KULTHIL,KUTCHILL","community_type":"Family Outstation","main_language":"Not recorded","local_govt_council":"WEST DALY","ward":"THAMARRURR/PINDI PINDI","land_council":"NORTHERN LAND COUNCIL","electorate":"DALY","ntg_region":"TOP END","population_source":"Not recorded","population_count":null,"longitude":129.57391,"latitude":-14.42586},"geometry":{"type":"Point","coordinates":[129.57391,-14.42586]}},
{"type":"Feature","properties":{"objectid":362,"community_id":1000,"bushtel_url":"https://bushtel.nt.gov.au/profile/1000","community_name":"KUMUNU","community_aliases":"KUNUMU","community_type":"Family Outstation","main_language":"Not recorded","local_govt_council":"BARKLY","ward":"PATTA","land_council":"CENTRAL LAND COUNCIL","electorate":"BARKLY","ntg_region":"BARKLY","population_source":"Not recorded","population_count":null,"longitude":133.63946,"latitude":-18.76418},"geometry":{"type":"Point","coordinates":[133.63946,-18.76418]}},
{"type":"Feature","properties":{"objectid":363,"community_id":967,"bushtel_url":"https://bushtel.nt.gov.au/profile/967","community_name":"KUMURRULU","community_aliases":"KUMURULU","community_type":"Family Outstation","main_language":"Not recorded","local_govt_council":"WEST ARNHEM","ward":"GUNBALANYA","land_council":"NORTHERN LAND COUNCIL","electorate":"ARAFURA","ntg_region":"TOP END","population_source":"Homelands Service Provider Report 2023","population_count":15,"longitude":134.07048,"latitude":-12.27171},"geometry":{"type":"Point","coordinates":[134.07048,-12.27171]}},
{"type":"Feature","properties":{"objectid":364,"community_id":77,"bushtel_url":"https://bushtel.nt.gov.au/profile/77","community_name":"KUNAPULA","community_aliases":"No aliases recorded with NTG DIPL","community_type":"Family Outstation","main_language":"Not recorded","local_govt_council":"MACDONNELL","ward":"IYARRKA","land_council":"CENTRAL LAND COUNCIL","electorate":"GWOJA","ntg_region":"CENTRAL AUSTRALIA","population_source":"Not recorded","population_count":null,"longitude":129.23411,"latitude":-25.15697},"geometry":{"type":"Point","coordinates":[129.234110000000101,-25.15697]}},
{"type":"Feature","properties":{"objectid":365,"community_id":239,"bushtel_url":"https://bushtel.nt.gov.au/profile/239","community_name":"KUNAYUNGKU","community_aliases":"KUNYINGU,PARARINGI,PAWARINJI,PUWARIN","community_type":"Family Outstation","main_language":"Not recorded","local_govt_council":"BARKLY","ward":"ALYAWARR","land_council":"CENTRAL LAND COUNCIL","electorate":"BARKLY","ntg_region":"BARKLY","population_source":"Not recorded","population_count":null,"longitude":133.72464,"latitude":-19.74209},"geometry":{"type":"Point","coordinates":[133.72464,-19.74209]}},
{"type":"Feature","properties":{"objectid":366,"community_id":391,"bushtel_url":"https://bushtel.nt.gov.au/profile/391","community_name":"KUNGARREWARL","community_aliases":"CLANCY'S CAMP,DJAYHGURRNGA,NAMARRING KARRAJI,NAMARRINGKARRAYI,OENPELLI CAMP","community_type":"Family Outstation","main_language":"Not recorded","local_govt_council":"WEST ARNHEM","ward":"GUNBALANYA","land_council":"NORTHERN LAND COUNCIL","electorate":"ARAFURA","ntg_region":"TOP END","population_source":"Homelands Service Provider Report 2023","population_count":4,"longitude":133.05617,"latitude":-12.34346},"geometry":{"type":"Point","coordinates":[133.05617,-12.34346]}},
{"type":"Feature","properties":{"objectid":367,"community_id":78,"bushtel_url":"https://bushtel.nt.gov.au/profile/78","community_name":"KUNGKAYUNTI","community_aliases":"BROWNS BORE,KUNGKIYUNTI","community_type":"Family Outstation","main_language":"Not recorded","local_govt_council":"MACDONNELL","ward":"LURITJA PINTUBI","land_council":"CENTRAL LAND COUNCIL","electorate":"GWOJA","ntg_region":"CENTRAL AUSTRALIA","population_source":"Not recorded","population_count":null,"longitude":131.24371,"latitude":-23.62647},"geometry":{"type":"Point","coordinates":[131.24371,-23.62647]}},
{"type":"Feature","properties":{"objectid":368,"community_id":1029,"bushtel_url":"https://bushtel.nt.gov.au/profile/1029","community_name":"KUNOTH","community_aliases":"THE VILLAGE","community_type":"Town Camp","main_language":"Not recorded","local_govt_council":"ALICE SPRINGS","ward":"Not recorded","land_council":"CENTRAL LAND COUNCIL","electorate":"NAMATJIRA","ntg_region":"CENTRAL AUSTRALIA","population_source":"Not recorded","population_count":null,"longitude":133.88026,"latitude":-23.69054},"geometry":{"type":"Point","coordinates":[133.88026,-23.69054]}},
{"type":"Feature","properties":{"objectid":369,"community_id":14262,"bushtel_url":"https://bushtel.nt.gov.au/profile/14262","community_name":"KURINELLI","community_aliases":"No aliases recorded with NTG DIPL","community_type":"Family Outstation","main_language":"Not recorded","local_govt_council":"BARKLY","ward":"ALYAWARR","land_council":"CENTRAL LAND COUNCIL","electorate":"BARKLY","ntg_region":"BARKLY","population_source":"Not recorded","population_count":null,"longitude":135.04,"latitude":-20.6114},"geometry":{"type":"Point","coordinates":[135.04,-20.6114]}},
{"type":"Feature","properties":{"objectid":370,"community_id":110,"bushtel_url":"https://bushtel.nt.gov.au/profile/110","community_name":"KURIPPI","community_aliases":"JONESY'S CAMP,MOUNT DENISON","community_type":"Family Outstation","main_language":"Not recorded","local_govt_council":"CENTRAL DESERT","ward":"SOUTHERN TANAMI","land_council":"CENTRAL LAND COUNCIL","electorate":"GWOJA","ntg_region":"CENTRAL AUSTRALIA","population_source":"Not recorded","population_count":null,"longitude":132.05316,"latitude":-22.14211},"geometry":{"type":"Point","coordinates":[132.05316,-22.14211]}},
{"type":"Feature","properties":{"objectid":371,"community_id":81,"bushtel_url":"https://bushtel.nt.gov.au/profile/81","community_name":"KURKUTJARA","community_aliases":"No aliases recorded with NTG DIPL","community_type":"Family Outstation","main_language":"Not recorded","local_govt_council":"MACDONNELL","ward":"IYARRKA","land_council":"CENTRAL LAND COUNCIL","electorate":"GWOJA","ntg_region":"CENTRAL AUSTRALIA","population_source":"Not recorded","population_count":null,"longitude":129.41115,"latitude":-25.94178},"geometry":{"type":"Point","coordinates":[129.41115,-25.94178]}},
{"type":"Feature","properties":{"objectid":372,"community_id":905,"bushtel_url":"https://bushtel.nt.gov.au/profile/905","community_name":"KURNTAPURRA","community_aliases":"FREWENA,KUNTAPURLA,KURNTURLPARA,NO 6 BORE","community_type":"Family Outstation","main_language":"Not recorded","local_govt_council":"BARKLY","ward":"KUWARRANGU","land_council":"NORTHERN LAND COUNCIL","electorate":"BARKLY","ntg_region":"BARKLY","population_source":"Homelands Service Provider Report 2023","population_count":24,"longitude":135.39788,"latitude":-19.39177},"geometry":{"type":"Point","coordinates":[135.3978800000001,-19.39177]}},
{"type":"Feature","properties":{"objectid":373,"community_id":822,"bushtel_url":"https://bushtel.nt.gov.au/profile/822","community_name":"KURRAYA","community_aliases":"GOOSE RIVER","community_type":"Family Outstation","main_language":"Not recorded","local_govt_council":"BARKLY","ward":"PATTA","land_council":"CENTRAL LAND COUNCIL","electorate":"BARKLY","ntg_region":"BARKLY","population_source":"Homelands Service Provider Report 2023","population_count":1,"longitude":134.47545,"latitude":-19.76559},"geometry":{"type":"Point","coordinates":[134.47545,-19.76559]}},
{"type":"Feature","properties":{"objectid":374,"community_id":753,"bushtel_url":"https://bushtel.nt.gov.au/profile/753","community_name":"KURRURLDUL","community_aliases":"KURRURLOUL,KURULDU","community_type":"Family Outstation","main_language":"Not recorded","local_govt_council":"WEST ARNHEM","ward":"MANINGRIDA","land_council":"NORTHERN LAND COUNCIL","electorate":"ARAFURA","ntg_region":"TOP END","population_source":"Not recorded","population_count":null,"longitude":134.24012,"latitude":-12.48806},"geometry":{"type":"Point","coordinates":[134.24012,-12.48806]}},
{"type":"Feature","properties":{"objectid":375,"community_id":776,"bushtel_url":"https://bushtel.nt.gov.au/profile/776","community_name":"KUWUMA","community_aliases":"DJUDIN,KUAMA,KWARMA","community_type":"Family Outstation","main_language":"Not recorded","local_govt_council":"WEST DALY","ward":"THAMARRURR/PINDI PINDI","land_council":"NORTHERN LAND COUNCIL","electorate":"DALY","ntg_region":"TOP END","population_source":"Homelands Service Provider Report 2023","population_count":1,"longitude":130.36991,"latitude":-13.59805},"geometry":{"type":"Point","coordinates":[130.369910000000118,-13.59805]}},
{"type":"Feature","properties":{"objectid":376,"community_id":718,"bushtel_url":"https://bushtel.nt.gov.au/profile/718","community_name":"KUY","community_aliases":"No aliases recorded with NTG DIPL","community_type":"Family Outstation","main_language":"Not recorded","local_govt_council":"WEST DALY","ward":"THAMARRURR/PINDI PINDI","land_council":"NORTHERN LAND COUNCIL","electorate":"DALY","ntg_region":"TOP END","population_source":"Homelands Service Provider Report 2023","population_count":29,"longitude":129.59784,"latitude":-14.03546},"geometry":{"type":"Point","coordinates":[129.59784,-14.03546]}},
{"type":"Feature","properties":{"objectid":377,"community_id":83,"bushtel_url":"https://bushtel.nt.gov.au/profile/83","community_name":"KWALA","community_aliases":"ELLERY CREEK","community_type":"Family Outstation","main_language":"Not recorded","local_govt_council":"MACDONNELL","ward":"LJIRAPINTA","land_council":"CENTRAL LAND COUNCIL","electorate":"GWOJA","ntg_region":"CENTRAL AUSTRALIA","population_source":"Homelands Service Provider Report 2023","population_count":4,"longitude":132.88974,"latitude":-23.92724},"geometry":{"type":"Point","coordinates":[132.88974,-23.92724]}},
{"type":"Feature","properties":{"objectid":378,"community_id":925,"bushtel_url":"https://bushtel.nt.gov.au/profile/925","community_name":"KWALE KWALE","community_aliases":"PAYEPERRENTYE (A)","community_type":"Family Outstation","main_language":"Not recorded","local_govt_council":"MACDONNELL","ward":"RODINGA","land_council":"CENTRAL LAND COUNCIL","electorate":"NAMATJIRA","ntg_region":"CENTRAL AUSTRALIA","population_source":"Homelands Service Provider Report 2023","population_count":21,"longitude":133.57451,"latitude":-23.76972},"geometry":{"type":"Point","coordinates":[133.57451,-23.76972]}},
{"type":"Feature","properties":{"objectid":379,"community_id":777,"bushtel_url":"https://bushtel.nt.gov.au/profile/777","community_name":"KWOMBOM","community_aliases":"KWOMBON","community_type":"Family Outstation","main_language":"Not recorded","local_govt_council":"WEST DALY","ward":"THAMARRURR/PINDI PINDI","land_council":"NORTHERN LAND COUNCIL","electorate":"DALY","ntg_region":"TOP END","population_source":"Not recorded","population_count":null,"longitude":130.29075,"latitude":-13.95523},"geometry":{"type":"Point","coordinates":[130.290750000000116,-13.95523]}},
{"type":"Feature","properties":{"objectid":380,"community_id":608,"bushtel_url":"https://bushtel.nt.gov.au/profile/608","community_name":"KYBROOK FARM","community_aliases":"COPPERFIELD CREEK","community_type":"Minor","main_language":"Kriol","local_govt_council":"VICTORIA DALY","ward":"PINE CREEK","land_council":"NORTHERN LAND COUNCIL","electorate":"DALY","ntg_region":"BIG RIVERS","population_source":"Not recorded","population_count":null,"longitude":131.82196,"latitude":-13.86316},"geometry":{"type":"Point","coordinates":[131.821960000000104,-13.86316]}},
{"type":"Feature","properties":{"objectid":381,"community_id":85,"bushtel_url":"https://bushtel.nt.gov.au/profile/85","community_name":"LABRAPUNTJA","community_aliases":"No aliases recorded with NTG DIPL","community_type":"Family Outstation","main_language":"Not recorded","local_govt_council":"MACDONNELL","ward":"LJIRAPINTA","land_council":"CENTRAL LAND COUNCIL","electorate":"GWOJA","ntg_region":"CENTRAL AUSTRALIA","population_source":"Homelands Service Provider Report 2023","population_count":9,"longitude":132.93926,"latitude":-23.91184},"geometry":{"type":"Point","coordinates":[132.939260000000104,-23.91184]}},
{"type":"Feature","properties":{"objectid":382,"community_id":609,"bushtel_url":"https://bushtel.nt.gov.au/profile/609","community_name":"LAJAMANU","community_aliases":"HOOKER CREEK","community_type":"Major","main_language":"Warlpiri","local_govt_council":"CENTRAL DESERT","ward":"NORTHERN TANAMI","land_council":"CENTRAL LAND COUNCIL","electorate":"GWOJA","ntg_region":"BIG RIVERS","population_source":"Based on ABS 2021 Census SA1","population_count":767,"longitude":130.63834,"latitude":-18.33584},"geometry":{"type":"Point","coordinates":[130.63834,-18.33584]}},
{"type":"Feature","properties":{"objectid":383,"community_id":833,"bushtel_url":"https://bushtel.nt.gov.au/profile/833","community_name":"LAKE KATHERINE","community_aliases":"No aliases recorded with NTG DIPL","community_type":"Family Outstation","main_language":"Not recorded","local_govt_council":"ROPER GULF","ward":"YUGUL MANGI","land_council":"NORTHERN LAND COUNCIL","electorate":"ARNHEM","ntg_region":"BIG RIVERS","population_source":"Not recorded","population_count":null,"longitude":135.06805,"latitude":-14.27374},"geometry":{"type":"Point","coordinates":[135.06805,-14.27374]}},
{"type":"Feature","properties":{"objectid":384,"community_id":519,"bushtel_url":"https://bushtel.nt.gov.au/profile/519","community_name":"LANGARRA","community_aliases":"HOWARD ISLAND","community_type":"Family Outstation","main_language":"Not recorded","local_govt_council":"EAST ARNHEM","ward":"GUMURR GATTJIRRK","land_council":"NORTHERN LAND COUNCIL","electorate":"MULKA","ntg_region":"EAST ARNHEM","population_source":"Homelands Service Provider Report 2023","population_count":23,"longitude":135.36168,"latitude":-12.09918},"geometry":{"type":"Point","coordinates":[135.36168,-12.09918]}},
{"type":"Feature","properties":{"objectid":385,"community_id":86,"bushtel_url":"https://bushtel.nt.gov.au/profile/86","community_name":"LARAMBA","community_aliases":"NAPPERBY","community_type":"Major","main_language":"Anmatyerr","local_govt_council":"CENTRAL DESERT","ward":"ANMATJERE","land_council":"CENTRAL LAND COUNCIL","electorate":"GWOJA","ntg_region":"CENTRAL AUSTRALIA","population_source":"Based on ABS 2021 Census SA1","population_count":222,"longitude":132.75603,"latitude":-22.53297},"geometry":{"type":"Point","coordinates":[132.75603,-22.53297]}},
{"type":"Feature","properties":{"objectid":386,"community_id":87,"bushtel_url":"https://bushtel.nt.gov.au/profile/87","community_name":"LARAPINTA VALLEY","community_aliases":"ALICE SPRINGS TOWN CAMP,YARINTJA ASSOC,YARRENTY ALTERE,YARRENYTY-ARLTERE","community_type":"Town Camp","main_language":"Not recorded","local_govt_council":"ALICE SPRINGS","ward":"Not recorded","land_council":"CENTRAL LAND COUNCIL","electorate":"NAMATJIRA","ntg_region":"CENTRAL AUSTRALIA","population_source":"Not recorded","population_count":null,"longitude":133.8514,"latitude":-23.71104},"geometry":{"type":"Point","coordinates":[133.8514,-23.71104]}},
{"type":"Feature","properties":{"objectid":387,"community_id":14359,"bushtel_url":"https://bushtel.nt.gov.au/profile/14359","community_name":"LARRIMAH","community_aliases":"No aliases recorded with NTG DIPL","community_type":"Village","main_language":"Not recorded","local_govt_council":"ROPER GULF","ward":"NEVER NEVER","land_council":"NORTHERN LAND COUNCIL","electorate":"BARKLY","ntg_region":"BIG RIVERS","population_source":"Not recorded","population_count":null,"longitude":133.2163,"latitude":-15.5757},"geometry":{"type":"Point","coordinates":[133.2163,-15.5757]}},
{"type":"Feature","properties":{"objectid":388,"community_id":696,"bushtel_url":"https://bushtel.nt.gov.au/profile/696","community_name":"LARRPAYANJI","community_aliases":"MT BIRCH","community_type":"Family Outstation","main_language":"Not recorded","local_govt_council":"ROPER GULF","ward":"YUGUL MANGI","land_council":"NORTHERN LAND COUNCIL","electorate":"ARNHEM","ntg_region":"BIG RIVERS","population_source":"Not recorded","population_count":null,"longitude":134.68017,"latitude":-14.78334},"geometry":{"type":"Point","coordinates":[134.68017,-14.78334]}},
{"type":"Feature","properties":{"objectid":389,"community_id":1008,"bushtel_url":"https://bushtel.nt.gov.au/profile/1008","community_name":"LEICHARDT","community_aliases":"No aliases recorded with NTG DIPL","community_type":"Family Outstation","main_language":"Not recorded","local_govt_council":"WEST DALY","ward":"THAMARRURR/PINDI PINDI","land_council":"NORTHERN LAND COUNCIL","electorate":"DALY","ntg_region":"TOP END","population_source":"Not recorded","population_count":null,"longitude":130.27907,"latitude":-13.84806},"geometry":{"type":"Point","coordinates":[130.27907,-13.84806]}},
{"type":"Feature","properties":{"objectid":390,"community_id":820,"bushtel_url":"https://bushtel.nt.gov.au/profile/820","community_name":"LIJA MUKUMPARLA","community_aliases":"LEIGHJA,LIJA,MUKUMPARLA,MUKUNPARLA,WOMBAYA","community_type":"Family Outstation","main_language":"Not recorded","local_govt_council":"BARKLY","ward":"KUWARRANGU","land_council":"NORTHERN LAND COUNCIL","electorate":"BARKLY","ntg_region":"BARKLY","population_source":"Not recorded","population_count":null,"longitude":135.08074,"latitude":-17.33208},"geometry":{"type":"Point","coordinates":[135.080740000000105,-17.33208]}},
{"type":"Feature","properties":{"objectid":391,"community_id":721,"bushtel_url":"https://bushtel.nt.gov.au/profile/721","community_name":"LIKKAPARTA","community_aliases":"LIKAPARRTA,LIKIPARTA,MARAPURN","community_type":"Minor","main_language":"Not recorded","local_govt_council":"BARKLY","ward":"PATTA","land_council":"CENTRAL LAND COUNCIL","electorate":"BARKLY","ntg_region":"BARKLY","population_source":"Homelands Service Provider Report 2023","population_count":1,"longitude":134.53799,"latitude":-19.34336},"geometry":{"type":"Point","coordinates":[134.53799,-19.34336]}},
{"type":"Feature","properties":{"objectid":392,"community_id":610,"bushtel_url":"https://bushtel.nt.gov.au/profile/610","community_name":"LIKU","community_aliases":"BOONEROO,BOONEROO WAVE HILL","community_type":"Family Outstation","main_language":"Not recorded","local_govt_council":"VICTORIA DALY","ward":"DAGURAGU","land_council":"CENTRAL LAND COUNCIL","electorate":"GWOJA","ntg_region":"BIG RIVERS","population_source":"Not recorded","population_count":null,"longitude":130.50429,"latitude":-17.91141},"geometry":{"type":"Point","coordinates":[130.50429,-17.91141]}},
{"type":"Feature","properties":{"objectid":393,"community_id":88,"bushtel_url":"https://bushtel.nt.gov.au/profile/88","community_name":"LILLA","community_aliases":"LILA,REEDY ROCKHOLE","community_type":"Family Outstation","main_language":"Not recorded","local_govt_council":"MACDONNELL","ward":"LJIRAPINTA","land_council":"CENTRAL LAND COUNCIL","electorate":"GWOJA","ntg_region":"CENTRAL AUSTRALIA","population_source":"Homelands Service Provider Report 2023","population_count":9,"longitude":131.6026,"latitude":-24.3005},"geometry":{"type":"Point","coordinates":[131.6026,-24.3005]}},
{"type":"Feature","properties":{"objectid":394,"community_id":93,"bushtel_url":"https://bushtel.nt.gov.au/profile/93","community_name":"LILTJERA","community_aliases":"LILTJIRA,LILTSERE,LJILJERA,LYILTJARA,LYILTJERA","community_type":"Family Outstation","main_language":"Not recorded","local_govt_council":"MACDONNELL","ward":"LJIRAPINTA","land_council":"CENTRAL LAND COUNCIL","electorate":"GWOJA","ntg_region":"CENTRAL AUSTRALIA","population_source":"Homelands Service Provider Report 2023","population_count":6,"longitude":132.63779,"latitude":-23.9364},"geometry":{"type":"Point","coordinates":[132.637790000000109,-23.9364]}},
{"type":"Feature","properties":{"objectid":395,"community_id":24996,"bushtel_url":"https://bushtel.nt.gov.au/profile/24996","community_name":"LILY HOLE","community_aliases":"LILY HOLE BORE,LILY ROCK HOLE","community_type":"Family Outstation","main_language":"Not recorded","local_govt_council":"BARKLY","ward":"KUWARRANGU","land_council":"NORTHERN LAND COUNCIL","electorate":"BARKLY","ntg_region":"BARKLY","population_source":"Homelands Service Provider Report 2023","population_count":6,"longitude":133.74957,"latitude":-17.24737},"geometry":{"type":"Point","coordinates":[133.74957,-17.24737]}},
{"type":"Feature","properties":{"objectid":396,"community_id":613,"bushtel_url":"https://bushtel.nt.gov.au/profile/613","community_name":"LINGARA","community_aliases":"LINGARRA,OLD HUMBERT RIVER,WALANGERI","community_type":"Family Outstation","main_language":"Not recorded","local_govt_council":"VICTORIA DALY","ward":"WALANGERI","land_council":"NORTHERN LAND COUNCIL","electorate":"GWOJA","ntg_region":"BIG RIVERS","population_source":"Homelands Service Provider Report 2023","population_count":46,"longitude":130.64333,"latitude":-16.48694},"geometry":{"type":"Point","coordinates":[130.643330000000105,-16.48694]}},
{"type":"Feature","properties":{"objectid":397,"community_id":91,"bushtel_url":"https://bushtel.nt.gov.au/profile/91","community_name":"LITTLE WELL","community_aliases":"ALURALKWA ASSOC,ALURALKWE","community_type":"Family Outstation","main_language":"Not recorded","local_govt_council":"MACDONNELL","ward":"RODINGA","land_council":"CENTRAL LAND COUNCIL","electorate":"NAMATJIRA","ntg_region":"CENTRAL AUSTRALIA","population_source":"Homelands Service Provider Report 2023","population_count":6,"longitude":135.33314,"latitude":-24.13547},"geometry":{"type":"Point","coordinates":[135.33314,-24.13547]}},
{"type":"Feature","properties":{"objectid":398,"community_id":856,"bushtel_url":"https://bushtel.nt.gov.au/profile/856","community_name":"LIZARD BORE","community_aliases":"No aliases recorded with NTG DIPL","community_type":"Family Outstation","main_language":"Not recorded","local_govt_council":"MACDONNELL","ward":"LURITJA PINTUBI","land_council":"CENTRAL LAND COUNCIL","electorate":"GWOJA","ntg_region":"CENTRAL AUSTRALIA","population_source":"Not recorded","population_count":null,"longitude":131.13465,"latitude":-23.30034},"geometry":{"type":"Point","coordinates":[131.13465,-23.30034]}},
{"type":"Feature","properties":{"objectid":399,"community_id":92,"bushtel_url":"https://bushtel.nt.gov.au/profile/92","community_name":"LTIRA","community_aliases":"No aliases recorded with NTG DIPL","community_type":"Family Outstation","main_language":"Not recorded","local_govt_council":"MACDONNELL","ward":"LJIRAPINTA","land_council":"CENTRAL LAND COUNCIL","electorate":"GWOJA","ntg_region":"CENTRAL AUSTRALIA","population_source":"Homelands Service Provider Report 2023","population_count":16,"longitude":132.90182,"latitude":-24.05709},"geometry":{"type":"Point","coordinates":[132.90182,-24.05709]}},
{"type":"Feature","properties":{"objectid":400,"community_id":614,"bushtel_url":"https://bushtel.nt.gov.au/profile/614","community_name":"LUL-TJU","community_aliases":"LUL'TJU,LUTTJU","community_type":"Family Outstation","main_language":"Not recorded","local_govt_council":"CENTRAL DESERT","ward":"NORTHERN TANAMI","land_council":"CENTRAL LAND COUNCIL","electorate":"GWOJA","ntg_region":"BIG RIVERS","population_source":"Not recorded","population_count":null,"longitude":130.59313,"latitude":-18.37671},"geometry":{"type":"Point","coordinates":[130.59313,-18.37671]}},
{"type":"Feature","properties":{"objectid":401,"community_id":871,"bushtel_url":"https://bushtel.nt.gov.au/profile/871","community_name":"LUNTHARRA","community_aliases":"LUNTALRA","community_type":"Family Outstation","main_language":"Not recorded","local_govt_council":"MACDONNELL","ward":"LJIRAPINTA","land_council":"CENTRAL LAND COUNCIL","electorate":"GWOJA","ntg_region":"CENTRAL AUSTRALIA","population_source":"Homelands Service Provider Report 2023","population_count":1,"longitude":132.04497,"latitude":-23.73543},"geometry":{"type":"Point","coordinates":[132.04497,-23.73543]}},
{"type":"Feature","properties":{"objectid":402,"community_id":94,"bushtel_url":"https://bushtel.nt.gov.au/profile/94","community_name":"LYILYALANAMA","community_aliases":"IYNGIYNYALA","community_type":"Family Outstation","main_language":"Not recorded","local_govt_council":"MACDONNELL","ward":"LJIRAPINTA","land_council":"CENTRAL LAND COUNCIL","electorate":"GWOJA","ntg_region":"CENTRAL AUSTRALIA","population_source":"Homelands Service Provider Report 2023","population_count":3,"longitude":132.74474,"latitude":-23.94724},"geometry":{"type":"Point","coordinates":[132.74474,-23.94724]}},
{"type":"Feature","properties":{"objectid":403,"community_id":28,"bushtel_url":"https://bushtel.nt.gov.au/profile/28","community_name":"MALA","community_aliases":"No aliases recorded with NTG DIPL","community_type":"Family Outstation","main_language":"Not recorded","local_govt_council":"CENTRAL DESERT","ward":"SOUTHERN TANAMI","land_council":"CENTRAL LAND COUNCIL","electorate":"GWOJA","ntg_region":"CENTRAL AUSTRALIA","population_source":"Not recorded","population_count":null,"longitude":130.85331,"latitude":-21.69494},"geometry":{"type":"Point","coordinates":[130.85331,-21.69494]}},
{"type":"Feature","properties":{"objectid":404,"community_id":376,"bushtel_url":"https://bushtel.nt.gov.au/profile/376","community_name":"MALGAWA","community_aliases":"MARLGAWO,MOLGAWO,MORLGAWO","community_type":"Family Outstation","main_language":"Not recorded","local_govt_council":"WEST ARNHEM","ward":"GUNBALANYA","land_council":"NORTHERN LAND COUNCIL","electorate":"ARAFURA","ntg_region":"TOP END","population_source":"Homelands Service Provider Report 2023","population_count":12,"longitude":133.91826,"latitude":-12.83887},"geometry":{"type":"Point","coordinates":[133.91826,-12.83887]}},
{"type":"Feature","properties":{"objectid":405,"community_id":522,"bushtel_url":"https://bushtel.nt.gov.au/profile/522","community_name":"MALKALA","community_aliases":"MALKULA CREEK","community_type":"Family Outstation","main_language":"Not recorded","local_govt_council":"EAST ARNHEM","ward":"ANINDILYAKWA","land_council":"ANINDILYAKWA LAND COUNCIL","electorate":"ARNHEM","ntg_region":"EAST ARNHEM","population_source":"Homelands Service Provider Report 2023","population_count":97,"longitude":136.44224,"latitude":-13.8914},"geometry":{"type":"Point","coordinates":[136.44224,-13.8914]}},
{"type":"Feature","properties":{"objectid":406,"community_id":851,"bushtel_url":"https://bushtel.nt.gov.au/profile/851","community_name":"MALLARRAMI","community_aliases":"No aliases recorded with NTG DIPL","community_type":"Family Outstation","main_language":"Not recorded","local_govt_council":"EAST ARNHEM","ward":"GUMURR MARTHAKAL","land_council":"NORTHERN LAND COUNCIL","electorate":"MULKA","ntg_region":"EAST ARNHEM","population_source":"Homelands Service Provider Report 2023","population_count":9,"longitude":136.53563,"latitude":-11.77541},"geometry":{"type":"Point","coordinates":[136.53563,-11.77541]}},
{"type":"Feature","properties":{"objectid":407,"community_id":523,"bushtel_url":"https://bushtel.nt.gov.au/profile/523","community_name":"MALNJANGARNAK","community_aliases":"MALANGANAK,MALNYANGANAK","community_type":"Family Outstation","main_language":"Not recorded","local_govt_council":"WEST ARNHEM","ward":"MANINGRIDA","land_council":"NORTHERN LAND COUNCIL","electorate":"ARAFURA","ntg_region":"TOP END","population_source":"Homelands Service Provider Report 2023","population_count":9,"longitude":134.77335,"latitude":-12.66057},"geometry":{"type":"Point","coordinates":[134.77335,-12.66057]}},
{"type":"Feature","properties":{"objectid":408,"community_id":355,"bushtel_url":"https://bushtel.nt.gov.au/profile/355","community_name":"MAMADAWERRE","community_aliases":"MAMADAWERRI,SOUTH GUMADEER","community_type":"Family Outstation","main_language":"Not recorded","local_govt_council":"WEST ARNHEM","ward":"GUNBALANYA","land_council":"NORTHERN LAND COUNCIL","electorate":"ARAFURA","ntg_region":"TOP END","population_source":"Homelands Service Provider Report 2023","population_count":75,"longitude":133.65782,"latitude":-12.25629},"geometry":{"type":"Point","coordinates":[133.65782,-12.25629]}},
{"type":"Feature","properties":{"objectid":409,"community_id":694,"bushtel_url":"https://bushtel.nt.gov.au/profile/694","community_name":"MAMADI","community_aliases":"INVERWAY","community_type":"Family Outstation","main_language":"Not recorded","local_govt_council":"VICTORIA DALY","ward":"DAGURAGU","land_council":"CENTRAL LAND COUNCIL","electorate":"GWOJA","ntg_region":"BIG RIVERS","population_source":"Not recorded","population_count":null,"longitude":129.63515,"latitude":-17.84951},"geometry":{"type":"Point","coordinates":[129.63515,-17.84951]}},
{"type":"Feature","properties":{"objectid":410,"community_id":687,"bushtel_url":"https://bushtel.nt.gov.au/profile/687","community_name":"MANABURDURMA","community_aliases":"JABIRU TOWN CAMP,MANABADURMA,MANABURDUMA","community_type":"Town Camp","main_language":"Not recorded","local_govt_council":"WEST ARNHEM","ward":"KAKADU","land_council":"NORTHERN LAND COUNCIL","electorate":"ARAFURA","ntg_region":"TOP END","population_source":"Not recorded","population_count":null,"longitude":132.84319,"latitude":-12.66638},"geometry":{"type":"Point","coordinates":[132.84319,-12.66638]}},
{"type":"Feature","properties":{"objectid":411,"community_id":816,"bushtel_url":"https://bushtel.nt.gov.au/profile/816","community_name":"MANANGOORA","community_aliases":"WONMURRI,WONMURRIE","community_type":"Family Outstation","main_language":"Not recorded","local_govt_council":"ROPER GULF","ward":"SOUTH WEST GULF","land_council":"NORTHERN LAND COUNCIL","electorate":"BARKLY","ntg_region":"BIG RIVERS","population_source":"Homelands Service Provider Report 2023","population_count":2,"longitude":136.86085,"latitude":-16.0515},"geometry":{"type":"Point","coordinates":[136.86085,-16.0515]}},
{"type":"Feature","properties":{"objectid":412,"community_id":897,"bushtel_url":"https://bushtel.nt.gov.au/profile/897","community_name":"MANDEDJKADJANG","community_aliases":"MANDAJGARDAJANG","community_type":"Family Outstation","main_language":"Not recorded","local_govt_council":"WEST ARNHEM","ward":"GUNBALANYA","land_council":"NORTHERN LAND COUNCIL","electorate":"ARAFURA","ntg_region":"TOP END","population_source":"Homelands Service Provider Report 2023","population_count":9,"longitude":134.03056,"latitude":-12.26454},"geometry":{"type":"Point","coordinates":[134.03056,-12.26454]}},
{"type":"Feature","properties":{"objectid":413,"community_id":359,"bushtel_url":"https://bushtel.nt.gov.au/profile/359","community_name":"MANDILBARRENG","community_aliases":"MANDALBARENG,MANDILBARENG","community_type":"Family Outstation","main_language":"Not recorded","local_govt_council":"WEST ARNHEM","ward":"GUNBALANYA","land_council":"NORTHERN LAND COUNCIL","electorate":"ARAFURA","ntg_region":"TOP END","population_source":"Homelands Service Provider Report 2023","population_count":8,"longitude":133.58456,"latitude":-12.27402},"geometry":{"type":"Point","coordinates":[133.58456,-12.27402]}},
{"type":"Feature","properties":{"objectid":414,"community_id":361,"bushtel_url":"https://bushtel.nt.gov.au/profile/361","community_name":"MANGARDUBU","community_aliases":"COOPERS CREEK,MANGADUBU,MANGARDABU","community_type":"Family Outstation","main_language":"Not recorded","local_govt_council":"WEST ARNHEM","ward":"GUNBALANYA","land_council":"NORTHERN LAND COUNCIL","electorate":"ARAFURA","ntg_region":"TOP END","population_source":"Not recorded","population_count":null,"longitude":133.1864,"latitude":-12.0937},"geometry":{"type":"Point","coordinates":[133.1864,-12.0937]}},
{"type":"Feature","properties":{"objectid":415,"community_id":362,"bushtel_url":"https://bushtel.nt.gov.au/profile/362","community_name":"MANINGRIDA","community_aliases":"No aliases recorded with NTG DIPL","community_type":"Major","main_language":"Ndjebbena","local_govt_council":"WEST ARNHEM","ward":"MANINGRIDA","land_council":"NORTHERN LAND COUNCIL","electorate":"ARAFURA","ntg_region":"TOP END","population_source":"Based on ABS 2021 Census SA1","population_count":2956,"longitude":134.22363,"latitude":-12.05085},"geometry":{"type":"Point","coordinates":[134.22363,-12.05085]}},
{"type":"Feature","properties":{"objectid":416,"community_id":360,"bushtel_url":"https://bushtel.nt.gov.au/profile/360","community_name":"MANKORLOD","community_aliases":"MANGALOD,NGANKDRLORD,NGANKORLOUD","community_type":"Family Outstation","main_language":"Not recorded","local_govt_council":"WEST ARNHEM","ward":"MANINGRIDA","land_council":"NORTHERN LAND COUNCIL","electorate":"ARAFURA","ntg_region":"TOP END","population_source":"Homelands Service Provider Report 2023","population_count":26,"longitude":134.27067,"latitude":-12.56501},"geometry":{"type":"Point","coordinates":[134.270670000000109,-12.56501]}},
{"type":"Feature","properties":{"objectid":417,"community_id":363,"bushtel_url":"https://bushtel.nt.gov.au/profile/363","community_name":"MANMOYI","community_aliases":"MANMOI","community_type":"Minor","main_language":"Not recorded","local_govt_council":"WEST ARNHEM","ward":"GUNBALANYA","land_council":"NORTHERN LAND COUNCIL","electorate":"ARAFURA","ntg_region":"TOP END","population_source":"Homelands Service Provider Report 2023","population_count":81,"longitude":134.11001,"latitude":-12.54064},"geometry":{"type":"Point","coordinates":[134.110010000000102,-12.54064]}},
{"type":"Feature","properties":{"objectid":418,"community_id":97,"bushtel_url":"https://bushtel.nt.gov.au/profile/97","community_name":"MANTAPAYIKA","community_aliases":"No aliases recorded with NTG DIPL","community_type":"Family Outstation","main_language":"Not recorded","local_govt_council":"MACDONNELL","ward":"IYARRKA","land_council":"CENTRAL LAND COUNCIL","electorate":"GWOJA","ntg_region":"CENTRAL AUSTRALIA","population_source":"Not recorded","population_count":null,"longitude":130.22561,"latitude":-25.47458},"geometry":{"type":"Point","coordinates":[130.22561,-25.47458]}},
{"type":"Feature","properties":{"objectid":419,"community_id":595,"bushtel_url":"https://bushtel.nt.gov.au/profile/595","community_name":"MANYALLALUK","community_aliases":"EVA VALLEY","community_type":"Minor","main_language":"Eastside Kriol","local_govt_council":"ROPER GULF","ward":"NYIRRANGGULUNG","land_council":"NORTHERN LAND COUNCIL","electorate":"ARNHEM","ntg_region":"BIG RIVERS","population_source":"Based on ABS 2021 Census SA1","population_count":121,"longitude":132.82797,"latitude":-14.26649},"geometry":{"type":"Point","coordinates":[132.82797,-14.26649]}},
{"type":"Feature","properties":{"objectid":420,"community_id":902,"bushtel_url":"https://bushtel.nt.gov.au/profile/902","community_name":"MAPERTE","community_aliases":"JERVOIS,LUCY CREEK,MAPERTA","community_type":"Family Outstation","main_language":"Not recorded","local_govt_council":"CENTRAL DESERT","ward":"AKITYARRE","land_council":"CENTRAL LAND COUNCIL","electorate":"NAMATJIRA","ntg_region":"CENTRAL AUSTRALIA","population_source":"Not recorded","population_count":null,"longitude":136.38103,"latitude":-22.54159},"geometry":{"type":"Point","coordinates":[136.38103,-22.54159]}},
{"type":"Feature","properties":{"objectid":421,"community_id":524,"bushtel_url":"https://bushtel.nt.gov.au/profile/524","community_name":"MAPURU","community_aliases":"MAPARU,MAPURA,MARPARU","community_type":"Minor","main_language":"Not recorded","local_govt_council":"EAST ARNHEM","ward":"GUMURR MARTHAKAL","land_council":"NORTHERN LAND COUNCIL","electorate":"MULKA","ntg_region":"EAST ARNHEM","population_source":"Homelands Service Provider Report 2023","population_count":81,"longitude":135.43779,"latitude":-12.25318},"geometry":{"type":"Point","coordinates":[135.43779,-12.25318]}},
{"type":"Feature","properties":{"objectid":422,"community_id":222,"bushtel_url":"https://bushtel.nt.gov.au/profile/222","community_name":"MARA","community_aliases":"BORROLOOLA TOWN CAMP,DULU,MALA CAMP","community_type":"Town Camp","main_language":"Not recorded","local_govt_council":"ROPER GULF","ward":"SOUTH WEST GULF","land_council":"NORTHERN LAND COUNCIL","electorate":"BARKLY","ntg_region":"BIG RIVERS","population_source":"Not recorded","population_count":null,"longitude":136.30474,"latitude":-16.05085},"geometry":{"type":"Point","coordinates":[136.30474,-16.05085]}},
{"type":"Feature","properties":{"objectid":423,"community_id":618,"bushtel_url":"https://bushtel.nt.gov.au/profile/618","community_name":"MARIA LAGOON","community_aliases":"NUMULTJA,ST VIDGEONS' STATION","community_type":"Family Outstation","main_language":"Not recorded","local_govt_council":"ROPER GULF","ward":"YUGUL MANGI","land_council":"NORTHERN LAND COUNCIL","electorate":"ARNHEM","ntg_region":"BIG RIVERS","population_source":"Not recorded","population_count":null,"longitude":135.44463,"latitude":-15.29989},"geometry":{"type":"Point","coordinates":[135.44463,-15.29989]}},
{"type":"Feature","properties":{"objectid":424,"community_id":828,"bushtel_url":"https://bushtel.nt.gov.au/profile/828","community_name":"MARIAH","community_aliases":"RAFFLES BAY","community_type":"Family Outstation","main_language":"Not recorded","local_govt_council":"WEST ARNHEM","ward":"BARRAH","land_council":"NORTHERN LAND COUNCIL","electorate":"ARAFURA","ntg_region":"TOP END","population_source":"Not recorded","population_count":null,"longitude":132.38022,"latitude":-11.22968},"geometry":{"type":"Point","coordinates":[132.38022,-11.22968]}},
{"type":"Feature","properties":{"objectid":425,"community_id":994,"bushtel_url":"https://bushtel.nt.gov.au/profile/994","community_name":"MARINIRI","community_aliases":"MARINRI","community_type":"Family Outstation","main_language":"Not recorded","local_govt_council":"ROPER GULF","ward":"SOUTH WEST GULF","land_council":"NORTHERN LAND COUNCIL","electorate":"BARKLY","ntg_region":"BIG RIVERS","population_source":"Not recorded","population_count":null,"longitude":136.9014,"latitude":-16.67001},"geometry":{"type":"Point","coordinates":[136.9014,-16.67001]}},
{"type":"Feature","properties":{"objectid":426,"community_id":223,"bushtel_url":"https://bushtel.nt.gov.au/profile/223","community_name":"MARLA MARLA","community_aliases":"DUMP CAMP,KAITEJ,LUMIN CHRISTIE,LUMIN CHRISTIE VILLAGE","community_type":"Town Camp","main_language":"Not recorded","local_govt_council":"BARKLY","ward":"PATTA","land_council":"CENTRAL LAND COUNCIL","electorate":"BARKLY","ntg_region":"BARKLY","population_source":"Not recorded","population_count":null,"longitude":134.179,"latitude":-19.655},"geometry":{"type":"Point","coordinates":[134.179,-19.655]}},
{"type":"Feature","properties":{"objectid":427,"community_id":252,"bushtel_url":"https://bushtel.nt.gov.au/profile/252","community_name":"MARLINJA","community_aliases":"NEWCASTLE WATERS","community_type":"Minor","main_language":"Not recorded","local_govt_council":"BARKLY","ward":"KUWARRANGU","land_council":"NORTHERN LAND COUNCIL","electorate":"BARKLY","ntg_region":"BARKLY","population_source":"Homelands Service Provider Report 2023","population_count":68,"longitude":133.40305,"latitude":-17.37111},"geometry":{"type":"Point","coordinates":[133.40305,-17.37111]}},
{"type":"Feature","properties":{"objectid":428,"community_id":325,"bushtel_url":"https://bushtel.nt.gov.au/profile/325","community_name":"MARLWON","community_aliases":"KIKIKYOWH,LADY DREAMING,MALWORN","community_type":"Family Outstation","main_language":"Not recorded","local_govt_council":"WEST ARNHEM","ward":"GUNBALANYA","land_council":"NORTHERN LAND COUNCIL","electorate":"ARAFURA","ntg_region":"TOP END","population_source":"Not recorded","population_count":null,"longitude":133.86307,"latitude":-12.13453},"geometry":{"type":"Point","coordinates":[133.863070000000107,-12.13453]}},
{"type":"Feature","properties":{"objectid":429,"community_id":619,"bushtel_url":"https://bushtel.nt.gov.au/profile/619","community_name":"MARRALUM","community_aliases":"LEGUNE STATION,MARRALAM","community_type":"Family Outstation","main_language":"Not recorded","local_govt_council":"VICTORIA DALY","ward":"TIMBER CREEK","land_council":"NORTHERN LAND COUNCIL","electorate":"GWOJA","ntg_region":"BIG RIVERS","population_source":"Homelands Service Provider Report 2023","population_count":18,"longitude":129.25026,"latitude":-15.39109},"geometry":{"type":"Point","coordinates":[129.25026,-15.39109]}},
{"type":"Feature","properties":{"objectid":430,"community_id":894,"bushtel_url":"https://bushtel.nt.gov.au/profile/894","community_name":"MARRAMARRANI","community_aliases":"No aliases recorded with NTG DIPL","community_type":"Family Outstation","main_language":"Not recorded","local_govt_council":"WEST ARNHEM","ward":"BARRAH","land_council":"NORTHERN LAND COUNCIL","electorate":"ARAFURA","ntg_region":"TOP END","population_source":"Not recorded","population_count":null,"longitude":132.55341,"latitude":-11.30261},"geometry":{"type":"Point","coordinates":[132.55341,-11.30261]}},
{"type":"Feature","properties":{"objectid":431,"community_id":527,"bushtel_url":"https://bushtel.nt.gov.au/profile/527","community_name":"MARRAYA","community_aliases":"MARRAIYA","community_type":"Family Outstation","main_language":"Not recorded","local_govt_council":"ROPER GULF","ward":"NUMBULWAR NUMBURINDI","land_council":"NORTHERN LAND COUNCIL","electorate":"ARNHEM","ntg_region":"BIG RIVERS","population_source":"Not recorded","population_count":null,"longitude":135.80099,"latitude":-13.83939},"geometry":{"type":"Point","coordinates":[135.80099,-13.83939]}},
{"type":"Feature","properties":{"objectid":432,"community_id":899,"bushtel_url":"https://bushtel.nt.gov.au/profile/899","community_name":"MARRKALAWA","community_aliases":"No aliases recorded with NTG DIPL","community_type":"Family Outstation","main_language":"Not recorded","local_govt_council":"ROPER GULF","ward":"NUMBULWAR NUMBURINDI","land_council":"NORTHERN LAND COUNCIL","electorate":"ARNHEM","ntg_region":"BIG RIVERS","population_source":"Homelands Service Provider Report 2023","population_count":10,"longitude":135.7131,"latitude":-13.57423},"geometry":{"type":"Point","coordinates":[135.7131,-13.57423]}},
{"type":"Feature","properties":{"objectid":433,"community_id":368,"bushtel_url":"https://bushtel.nt.gov.au/profile/368","community_name":"MARRKOLIDJBAN","community_aliases":"MARRGOLIDJBAN,MARRKILIDBAN,MARRKOLIDBAN","community_type":"Family Outstation","main_language":"Not recorded","local_govt_council":"WEST ARNHEM","ward":"MANINGRIDA","land_council":"NORTHERN LAND COUNCIL","electorate":"ARAFURA","ntg_region":"TOP END","population_source":"Homelands Service Provider Report 2023","population_count":21,"longitude":134.06446,"latitude":-12.23751},"geometry":{"type":"Point","coordinates":[134.06446,-12.23751]}},
{"type":"Feature","properties":{"objectid":434,"community_id":528,"bushtel_url":"https://bushtel.nt.gov.au/profile/528","community_name":"MARTJANBA","community_aliases":"JENSEN BAY,MARCHINBAR ISLAND,RIMBIJA ISLAND","community_type":"Family Outstation","main_language":"Not recorded","local_govt_council":"EAST ARNHEM","ward":"GUMURR MARTHAKAL","land_council":"NORTHERN LAND COUNCIL","electorate":"MULKA","ntg_region":"EAST ARNHEM","population_source":"Not recorded","population_count":null,"longitude":136.70702,"latitude":-11.17006},"geometry":{"type":"Point","coordinates":[136.70702,-11.17006]}},
{"type":"Feature","properties":{"objectid":435,"community_id":529,"bushtel_url":"https://bushtel.nt.gov.au/profile/529","community_name":"MATAMATA","community_aliases":"MATA MATA","community_type":"Family Outstation","main_language":"Not recorded","local_govt_council":"EAST ARNHEM","ward":"GUMURR MARTHAKAL","land_council":"NORTHERN LAND COUNCIL","electorate":"MULKA","ntg_region":"EAST ARNHEM","population_source":"Homelands Service Provider Report 2023","population_count":7,"longitude":136.27125,"latitude":-12.07676},"geometry":{"type":"Point","coordinates":[136.27125,-12.07676]}},
{"type":"Feature","properties":{"objectid":436,"community_id":23547,"bushtel_url":"https://bushtel.nt.gov.au/profile/23547","community_name":"MATARANKA","community_aliases":"No aliases recorded with NTG DIPL","community_type":"Village","main_language":"Not recorded","local_govt_council":"ROPER GULF","ward":"NEVER NEVER","land_council":"NORTHERN LAND COUNCIL","electorate":"ARNHEM","ntg_region":"BIG RIVERS","population_source":"Based on ABS 2021 Census SA1","population_count":384,"longitude":133.06795,"latitude":-14.92435},"geometry":{"type":"Point","coordinates":[133.06795000000011,-14.92435]}},
{"type":"Feature","properties":{"objectid":437,"community_id":620,"bushtel_url":"https://bushtel.nt.gov.au/profile/620","community_name":"MATARANKA TOWN CAMP","community_aliases":"MATARANKA TRANSIENT CAMP","community_type":"Town Camp","main_language":"Not recorded","local_govt_council":"ROPER GULF","ward":"NEVER NEVER","land_council":"NORTHERN LAND COUNCIL","electorate":"ARNHEM","ntg_region":"BIG RIVERS","population_source":"Not recorded","population_count":null,"longitude":133.06738,"latitude":-14.92618},"geometry":{"type":"Point","coordinates":[133.06738,-14.92618]}},
{"type":"Feature","properties":{"objectid":438,"community_id":530,"bushtel_url":"https://bushtel.nt.gov.au/profile/530","community_name":"MAWULYUMANJA","community_aliases":"MANULYUMANJA,MAWALYUMANTTJA,THOMPSON BAY,THOMPSON'S BAY","community_type":"Family Outstation","main_language":"Not recorded","local_govt_council":"EAST ARNHEM","ward":"ANINDILYAKWA","land_council":"ANINDILYAKWA LAND COUNCIL","electorate":"ARNHEM","ntg_region":"EAST ARNHEM","population_source":"Homelands Service Provider Report 2023","population_count":9,"longitude":136.72335,"latitude":-13.84278},"geometry":{"type":"Point","coordinates":[136.72335,-13.84278]}},
{"type":"Feature","properties":{"objectid":439,"community_id":101,"bushtel_url":"https://bushtel.nt.gov.au/profile/101","community_name":"MBALKANAKA","community_aliases":"SALT HOLE","community_type":"Family Outstation","main_language":"Not recorded","local_govt_council":"MACDONNELL","ward":"LJIRAPINTA","land_council":"CENTRAL LAND COUNCIL","electorate":"GWOJA","ntg_region":"CENTRAL AUSTRALIA","population_source":"Homelands Service Provider Report 2023","population_count":2,"longitude":132.87547,"latitude":-23.95349},"geometry":{"type":"Point","coordinates":[132.87547,-23.95349]}},
{"type":"Feature","properties":{"objectid":440,"community_id":102,"bushtel_url":"https://bushtel.nt.gov.au/profile/102","community_name":"MBUNGHARA","community_aliases":"BUNGHARA,DASHWOOD,UMPANGARA,UMPANGARI","community_type":"Family Outstation","main_language":"Not recorded","local_govt_council":"MACDONNELL","ward":"LURITJA PINTUBI","land_council":"CENTRAL LAND COUNCIL","electorate":"GWOJA","ntg_region":"CENTRAL AUSTRALIA","population_source":"Homelands Service Provider Report 2023","population_count":42,"longitude":132.35891,"latitude":-23.29071},"geometry":{"type":"Point","coordinates":[132.35891,-23.29071]}},
{"type":"Feature","properties":{"objectid":441,"community_id":847,"bushtel_url":"https://bushtel.nt.gov.au/profile/847","community_name":"MCDONALDS YARD","community_aliases":"BURURU,PURURU","community_type":"Family Outstation","main_language":"Not recorded","local_govt_council":"VICTORIA DALY","ward":"DAGURAGU","land_council":"CENTRAL LAND COUNCIL","electorate":"GWOJA","ntg_region":"BIG RIVERS","population_source":"Not recorded","population_count":null,"longitude":130.59211,"latitude":-17.78239},"geometry":{"type":"Point","coordinates":[130.59211,-17.78239]}},
{"type":"Feature","properties":{"objectid":442,"community_id":951,"bushtel_url":"https://bushtel.nt.gov.au/profile/951","community_name":"MENNGEN","community_aliases":"DJALIBANG,INNESVALE STATION,JALIJBANG","community_type":"Family Outstation","main_language":"Not recorded","local_govt_council":"VICTORIA DALY","ward":"TIMBER CREEK","land_council":"NORTHERN LAND COUNCIL","electorate":"DALY","ntg_region":"BIG RIVERS","population_source":"Homelands Service Provider Report 2023","population_count":43,"longitude":131.27307,"latitude":-15.35696},"geometry":{"type":"Point","coordinates":[131.27307,-15.35696]}},
{"type":"Feature","properties":{"objectid":443,"community_id":872,"bushtel_url":"https://bushtel.nt.gov.au/profile/872","community_name":"MERRAL NTARRAKALA","community_aliases":"MERRALNTARRAKALA","community_type":"Family Outstation","main_language":"Not recorded","local_govt_council":"MACDONNELL","ward":"LJIRAPINTA","land_council":"CENTRAL LAND COUNCIL","electorate":"GWOJA","ntg_region":"CENTRAL AUSTRALIA","population_source":"Homelands Service Provider Report 2023","population_count":7,"longitude":132.82865,"latitude":-23.91418},"geometry":{"type":"Point","coordinates":[132.82865,-23.91418]}},
{"type":"Feature","properties":{"objectid":444,"community_id":717,"bushtel_url":"https://bushtel.nt.gov.au/profile/717","community_name":"MERREPEN","community_aliases":"MATAPAN","community_type":"Family Outstation","main_language":"Not recorded","local_govt_council":"WEST DALY","ward":"THAMARRURR/PINDI PINDI","land_council":"NORTHERN LAND COUNCIL","electorate":"DALY","ntg_region":"TOP END","population_source":"Homelands Service Provider Report 2023","population_count":26,"longitude":129.96735,"latitude":-14.22128},"geometry":{"type":"Point","coordinates":[129.96735,-14.22128]}},
{"type":"Feature","properties":{"objectid":445,"community_id":372,"bushtel_url":"https://bushtel.nt.gov.au/profile/372","community_name":"MEWIRNBI","community_aliases":"MEWIRNABI","community_type":"Family Outstation","main_language":"Not recorded","local_govt_council":"WEST ARNHEM","ward":"MANINGRIDA","land_council":"NORTHERN LAND COUNCIL","electorate":"ARAFURA","ntg_region":"TOP END","population_source":"Homelands Service Provider Report 2023","population_count":40,"longitude":134.76806,"latitude":-12.12529},"geometry":{"type":"Point","coordinates":[134.768060000000105,-12.12529]}},
{"type":"Feature","properties":{"objectid":446,"community_id":621,"bushtel_url":"https://bushtel.nt.gov.au/profile/621","community_name":"MIALI BRUMBY","community_aliases":"KALAMO,KALAMO-MALI BRUMBY,KALANO,KALANO FARM,MIALLI","community_type":"Town Camp","main_language":"Not recorded","local_govt_council":"KATHERINE","ward":"Not recorded","land_council":"NORTHERN LAND COUNCIL","electorate":"KATHERINE","ntg_region":"BIG RIVERS","population_source":"Not recorded","population_count":null,"longitude":132.2589,"latitude":-14.45583},"geometry":{"type":"Point","coordinates":[132.2589,-14.45583]}},
{"type":"Feature","properties":{"objectid":447,"community_id":373,"bushtel_url":"https://bushtel.nt.gov.au/profile/373","community_name":"MIKGINJ VALLEY","community_aliases":"MIKGIN,MIKGINJ,MIKINJ,MIKINJ VALLEY","community_type":"Family Outstation","main_language":"Not recorded","local_govt_council":"WEST ARNHEM","ward":"GUNBALANYA","land_council":"NORTHERN LAND COUNCIL","electorate":"ARAFURA","ntg_region":"TOP END","population_source":"Homelands Service Provider Report 2023","population_count":12,"longitude":133.07465,"latitude":-12.47966},"geometry":{"type":"Point","coordinates":[133.07465,-12.47966]}},
{"type":"Feature","properties":{"objectid":448,"community_id":987,"bushtel_url":"https://bushtel.nt.gov.au/profile/987","community_name":"MILIBUNTHURRA","community_aliases":"MILLIBUNTHURRA","community_type":"Family Outstation","main_language":"Not recorded","local_govt_council":"ROPER GULF","ward":"SOUTH WEST GULF","land_council":"NORTHERN LAND COUNCIL","electorate":"BARKLY","ntg_region":"BIG RIVERS","population_source":"Homelands Service Provider Report 2023","population_count":4,"longitude":136.42333,"latitude":-15.96231},"geometry":{"type":"Point","coordinates":[136.42333,-15.96231]}},
{"type":"Feature","properties":{"objectid":449,"community_id":374,"bushtel_url":"https://bushtel.nt.gov.au/profile/374","community_name":"MILIKAPITI","community_aliases":"SNAKE BAY","community_type":"Major","main_language":"Tiwi (Modern and Traditional)","local_govt_council":"TIWI ISLANDS","ward":"MILIKAPITI WARD","land_council":"TIWI LAND COUNCIL","electorate":"ARAFURA","ntg_region":"TOP END","population_source":"Based on ABS 2021 Census SA1","population_count":486,"longitude":130.67418,"latitude":-11.42167},"geometry":{"type":"Point","coordinates":[130.67418,-11.42167]}},
{"type":"Feature","properties":{"objectid":450,"community_id":531,"bushtel_url":"https://bushtel.nt.gov.au/profile/531","community_name":"MILINGIMBI","community_aliases":"No aliases recorded with NTG DIPL","community_type":"Major","main_language":"Yolngu Matha (Djambarrpuyngu)","local_govt_council":"EAST ARNHEM","ward":"GUMURR GATTJIRRK","land_council":"NORTHERN LAND COUNCIL","electorate":"MULKA","ntg_region":"EAST ARNHEM","population_source":"Based on ABS 2021 Census SA1","population_count":1288,"longitude":134.9201,"latitude":-12.1036},"geometry":{"type":"Point","coordinates":[134.9201,-12.1036]}},
{"type":"Feature","properties":{"objectid":451,"community_id":830,"bushtel_url":"https://bushtel.nt.gov.au/profile/830","community_name":"MILMILNGKAN","community_aliases":"BURLNGANDI","community_type":"Family Outstation","main_language":"Not recorded","local_govt_council":"WEST ARNHEM","ward":"MANINGRIDA","land_council":"NORTHERN LAND COUNCIL","electorate":"ARAFURA","ntg_region":"TOP END","population_source":"Homelands Service Provider Report 2023","population_count":27,"longitude":134.24731,"latitude":-12.52316},"geometry":{"type":"Point","coordinates":[134.24731,-12.52316]}},
{"type":"Feature","properties":{"objectid":452,"community_id":532,"bushtel_url":"https://bushtel.nt.gov.au/profile/532","community_name":"MILYAKBURRA","community_aliases":"BICKERTON ISLAND","community_type":"Major","main_language":"Anindilyakwa","local_govt_council":"EAST ARNHEM","ward":"ANINDILYAKWA","land_council":"ANINDILYAKWA LAND COUNCIL","electorate":"ARNHEM","ntg_region":"EAST ARNHEM","population_source":"Based on ABS 2021 Census SA1","population_count":124,"longitude":136.19583,"latitude":-13.78389},"geometry":{"type":"Point","coordinates":[136.195830000000115,-13.78389]}},
{"type":"Feature","properties":{"objectid":453,"community_id":724,"bushtel_url":"https://bushtel.nt.gov.au/profile/724","community_name":"MIMINA","community_aliases":"No aliases recorded with NTG DIPL","community_type":"Family Outstation","main_language":"Not recorded","local_govt_council":"ROPER GULF","ward":"SOUTH WEST GULF","land_council":"NORTHERN LAND COUNCIL","electorate":"BARKLY","ntg_region":"BIG RIVERS","population_source":"Not recorded","population_count":null,"longitude":136.83428,"latitude":-16.80211},"geometry":{"type":"Point","coordinates":[136.83428,-16.80211]}},
{"type":"Feature","properties":{"objectid":454,"community_id":375,"bushtel_url":"https://bushtel.nt.gov.au/profile/375","community_name":"MINJILANG","community_aliases":"CROKER ISLAND","community_type":"Major","main_language":"Iwaidja","local_govt_council":"WEST ARNHEM","ward":"BARRAH","land_council":"NORTHERN LAND COUNCIL","electorate":"ARAFURA","ntg_region":"TOP END","population_source":"Based on ABS 2021 Census SA1","population_count":311,"longitude":132.5786,"latitude":-11.1507},"geometry":{"type":"Point","coordinates":[132.5786,-11.1507]}},
{"type":"Feature","properties":{"objectid":455,"community_id":825,"bushtel_url":"https://bushtel.nt.gov.au/profile/825","community_name":"MINMARAMA PARK","community_aliases":"No aliases recorded with NTG DIPL","community_type":"Town Camp","main_language":"Not recorded","local_govt_council":"DARWIN","ward":"CHAN","land_council":"NORTHERN LAND COUNCIL","electorate":"FANNIE BAY","ntg_region":"DARWIN, PALMERSTON, LITCHFIELD","population_source":"Not recorded","population_count":null,"longitude":130.84918,"latitude":-12.41118},"geometry":{"type":"Point","coordinates":[130.84918,-12.41118]}},
{"type":"Feature","properties":{"objectid":456,"community_id":624,"bushtel_url":"https://bushtel.nt.gov.au/profile/624","community_name":"MINYERRI","community_aliases":"HODGSON DOWNS,MINIYERRE,MINYERE,MINYERI,MINYERRE","community_type":"Major","main_language":"Eastside Kriol","local_govt_council":"ROPER GULF","ward":"NEVER NEVER","land_council":"NORTHERN LAND COUNCIL","electorate":"ARNHEM","ntg_region":"BIG RIVERS","population_source":"Based on ABS 2021 Census SA1","population_count":763,"longitude":134.0821,"latitude":-15.2216},"geometry":{"type":"Point","coordinates":[134.0821,-15.2216]}},
{"type":"Feature","properties":{"objectid":457,"community_id":745,"bushtel_url":"https://bushtel.nt.gov.au/profile/745","community_name":"MIRRIDI","community_aliases":"MIRRIRDI","community_type":"Family Outstation","main_language":"Not recorded","local_govt_council":"CENTRAL DESERT","ward":"NORTHERN TANAMI","land_council":"CENTRAL LAND COUNCIL","electorate":"GWOJA","ntg_region":"CENTRAL AUSTRALIA","population_source":"Not recorded","population_count":null,"longitude":130.77884,"latitude":-19.01873},"geometry":{"type":"Point","coordinates":[130.77884,-19.01873]}},
{"type":"Feature","properties":{"objectid":458,"community_id":535,"bushtel_url":"https://bushtel.nt.gov.au/profile/535","community_name":"MIRRNATJA","community_aliases":"MIRRNGATJA","community_type":"Family Outstation","main_language":"Not recorded","local_govt_council":"EAST ARNHEM","ward":"GUMURR MIYARRKA","land_council":"NORTHERN LAND COUNCIL","electorate":"ARNHEM","ntg_region":"EAST ARNHEM","population_source":"Homelands Service Provider Report 2023","population_count":7,"longitude":135.19307,"latitude":-12.65779},"geometry":{"type":"Point","coordinates":[135.19307,-12.65779]}},
{"type":"Feature","properties":{"objectid":459,"community_id":626,"bushtel_url":"https://bushtel.nt.gov.au/profile/626","community_name":"MISTAKE CREEK","community_aliases":"MOONDABIJERRA","community_type":"Family Outstation","main_language":"Not recorded","local_govt_council":"VICTORIA DALY","ward":"DAGURAGU","land_council":"CENTRAL LAND COUNCIL","electorate":"GWOJA","ntg_region":"BIG RIVERS","population_source":"Not recorded","population_count":null,"longitude":129.04319,"latitude":-17.10927},"geometry":{"type":"Point","coordinates":[129.04319,-17.10927]}},
{"type":"Feature","properties":{"objectid":460,"community_id":536,"bushtel_url":"https://bushtel.nt.gov.au/profile/536","community_name":"MIWUL","community_aliases":"MIWAL","community_type":"Family Outstation","main_language":"Not recorded","local_govt_council":"ROPER GULF","ward":"NUMBULWAR NUMBURINDI","land_council":"NORTHERN LAND COUNCIL","electorate":"ARNHEM","ntg_region":"BIG RIVERS","population_source":"Not recorded","population_count":null,"longitude":135.91266,"latitude":-14.03209},"geometry":{"type":"Point","coordinates":[135.91266,-14.03209]}},
{"type":"Feature","properties":{"objectid":461,"community_id":827,"bushtel_url":"https://bushtel.nt.gov.au/profile/827","community_name":"MOBARN","community_aliases":"BLUE WATER,MORBON","community_type":"Family Outstation","main_language":"Not recorded","local_govt_council":"ROPER GULF","ward":"NYIRRANGGULUNG","land_council":"NORTHERN LAND COUNCIL","electorate":"ARNHEM","ntg_region":"BIG RIVERS","population_source":"Not recorded","population_count":null,"longitude":134.35499,"latitude":-13.57939},"geometry":{"type":"Point","coordinates":[134.35499,-13.57939]}},
{"type":"Feature","properties":{"objectid":462,"community_id":627,"bushtel_url":"https://bushtel.nt.gov.au/profile/627","community_name":"MOLE HILL","community_aliases":"GOONDBUROON","community_type":"Family Outstation","main_language":"Not recorded","local_govt_council":"ROPER GULF","ward":"NEVER NEVER","land_council":"NORTHERN LAND COUNCIL","electorate":"ARNHEM","ntg_region":"BIG RIVERS","population_source":"Homelands Service Provider Report 2023","population_count":2,"longitude":133.83303,"latitude":-14.87499},"geometry":{"type":"Point","coordinates":[133.83303,-14.87499]}},
{"type":"Feature","properties":{"objectid":463,"community_id":628,"bushtel_url":"https://bushtel.nt.gov.au/profile/628","community_name":"MOMOB","community_aliases":"BULMAN GORGE,MORMOB","community_type":"Family Outstation","main_language":"Not recorded","local_govt_council":"ROPER GULF","ward":"NYIRRANGGULUNG","land_council":"NORTHERN LAND COUNCIL","electorate":"ARNHEM","ntg_region":"BIG RIVERS","population_source":"Not recorded","population_count":null,"longitude":134.26915,"latitude":-13.35693},"geometry":{"type":"Point","coordinates":[134.26915,-13.35693]}},
{"type":"Feature","properties":{"objectid":464,"community_id":15203,"bushtel_url":"https://bushtel.nt.gov.au/profile/15203","community_name":"MOOLOOLOO","community_aliases":"No aliases recorded with NTG DIPL","community_type":"Family Outstation","main_language":"Not recorded","local_govt_council":"VICTORIA DALY","ward":"WALANGERI","land_council":"NORTHERN LAND COUNCIL","electorate":"GWOJA","ntg_region":"BIG RIVERS","population_source":"Not recorded","population_count":null,"longitude":131.51505,"latitude":-16.33559},"geometry":{"type":"Point","coordinates":[131.51505,-16.33559]}},
{"type":"Feature","properties":{"objectid":465,"community_id":990,"bushtel_url":"https://bushtel.nt.gov.au/profile/990","community_name":"MOOLOOWA","community_aliases":"CAPE VANDERLIN,MULUWA","community_type":"Family Outstation","main_language":"Not recorded","local_govt_council":"ROPER GULF","ward":"SOUTH WEST GULF","land_council":"NORTHERN LAND COUNCIL","electorate":"BARKLY","ntg_region":"BIG RIVERS","population_source":"Homelands Service Provider Report 2023","population_count":5,"longitude":137.00053,"latitude":-15.62411},"geometry":{"type":"Point","coordinates":[137.00053,-15.62411]}},
{"type":"Feature","properties":{"objectid":466,"community_id":501,"bushtel_url":"https://bushtel.nt.gov.au/profile/501","community_name":"MOORONGA","community_aliases":"GARANDJIRRNGURA,GARMALATJIRRINA,MOOROONGGA ISLAND,MOORUNGA ISLAND","community_type":"Family Outstation","main_language":"Not recorded","local_govt_council":"EAST ARNHEM","ward":"GUMURR GATTJIRRK","land_council":"NORTHERN LAND COUNCIL","electorate":"MULKA","ntg_region":"EAST ARNHEM","population_source":"Homelands Service Provider Report 2023","population_count":13,"longitude":135.0749,"latitude":-11.92119},"geometry":{"type":"Point","coordinates":[135.0749,-11.92119]}},
{"type":"Feature","properties":{"objectid":467,"community_id":105,"bushtel_url":"https://bushtel.nt.gov.au/profile/105","community_name":"MORRIS GAP","community_aliases":"No aliases recorded with NTG DIPL","community_type":"Family Outstation","main_language":"Not recorded","local_govt_council":"MACDONNELL","ward":"IYARRKA","land_council":"CENTRAL LAND COUNCIL","electorate":"GWOJA","ntg_region":"CENTRAL AUSTRALIA","population_source":"Not recorded","population_count":null,"longitude":131.4532,"latitude":-24.1307},"geometry":{"type":"Point","coordinates":[131.4532,-24.1307]}},
{"type":"Feature","properties":{"objectid":468,"community_id":106,"bushtel_url":"https://bushtel.nt.gov.au/profile/106","community_name":"MOTNAS","community_aliases":"MOTNA'S CAMP","community_type":"Family Outstation","main_language":"Not recorded","local_govt_council":"MACDONNELL","ward":"LJIRAPINTA","land_council":"CENTRAL LAND COUNCIL","electorate":"GWOJA","ntg_region":"CENTRAL AUSTRALIA","population_source":"Homelands Service Provider Report 2023","population_count":3,"longitude":132.76946,"latitude":-23.94974},"geometry":{"type":"Point","coordinates":[132.76946,-23.94974]}},
{"type":"Feature","properties":{"objectid":469,"community_id":109,"bushtel_url":"https://bushtel.nt.gov.au/profile/109","community_name":"MOUNT BARKLY","community_aliases":"BAU,PAMU,PAWA,PAWU LAND TRUST","community_type":"Family Outstation","main_language":"Not recorded","local_govt_council":"CENTRAL DESERT","ward":"SOUTHERN TANAMI","land_council":"CENTRAL LAND COUNCIL","electorate":"GWOJA","ntg_region":"CENTRAL AUSTRALIA","population_source":"Not recorded","population_count":null,"longitude":132.44114,"latitude":-21.61391},"geometry":{"type":"Point","coordinates":[132.44114,-21.61391]}},
{"type":"Feature","properties":{"objectid":470,"community_id":629,"bushtel_url":"https://bushtel.nt.gov.au/profile/629","community_name":"MOUNT CATT","community_aliases":"BAMIRRAKURLU","community_type":"Family Outstation","main_language":"Not recorded","local_govt_council":"ROPER GULF","ward":"NYIRRANGGULUNG","land_council":"NORTHERN LAND COUNCIL","electorate":"ARNHEM","ntg_region":"BIG RIVERS","population_source":"Homelands Service Provider Report 2023","population_count":12,"longitude":134.43241,"latitude":-13.80018},"geometry":{"type":"Point","coordinates":[134.432410000000118,-13.80018]}},
{"type":"Feature","properties":{"objectid":471,"community_id":957,"bushtel_url":"https://bushtel.nt.gov.au/profile/957","community_name":"MOUNT JEAN","community_aliases":"No aliases recorded with NTG DIPL","community_type":"Family Outstation","main_language":"Not recorded","local_govt_council":"ROPER GULF","ward":"NYIRRANGGULUNG","land_council":"NORTHERN LAND COUNCIL","electorate":"ARNHEM","ntg_region":"BIG RIVERS","population_source":"Not recorded","population_count":null,"longitude":134.17191,"latitude":-13.53259},"geometry":{"type":"Point","coordinates":[134.17191,-13.53259]}},
{"type":"Feature","properties":{"objectid":472,"community_id":112,"bushtel_url":"https://bushtel.nt.gov.au/profile/112","community_name":"MOUNT LIEBIG","community_aliases":"AMUNTURANGU,AMUNTURRUNGA,ANTURGUNU,MT LIEBIG,WATIYAWANU","community_type":"Major","main_language":"Luritja/Pintupi","local_govt_council":"MACDONNELL","ward":"LURITJA PINTUBI","land_council":"CENTRAL LAND COUNCIL","electorate":"GWOJA","ntg_region":"CENTRAL AUSTRALIA","population_source":"Based on ABS 2021 Census SA1","population_count":282,"longitude":131.27319,"latitude":-23.26605},"geometry":{"type":"Point","coordinates":[131.273190000000113,-23.26605]}},
{"type":"Feature","properties":{"objectid":473,"community_id":113,"bushtel_url":"https://bushtel.nt.gov.au/profile/113","community_name":"MOUNT NANCY","community_aliases":"NYEWENTE","community_type":"Town Camp","main_language":"Not recorded","local_govt_council":"ALICE SPRINGS","ward":"Not recorded","land_council":"CENTRAL LAND COUNCIL","electorate":"BRAITLING","ntg_region":"CENTRAL AUSTRALIA","population_source":"Not recorded","population_count":null,"longitude":133.87001,"latitude":-23.66751},"geometry":{"type":"Point","coordinates":[133.87001,-23.66751]}},
{"type":"Feature","properties":{"objectid":474,"community_id":790,"bushtel_url":"https://bushtel.nt.gov.au/profile/790","community_name":"MOUNT PEACHY","community_aliases":"NO. 1 BORE,SYD KENNY'S CAMP","community_type":"Family Outstation","main_language":"Not recorded","local_govt_council":"MACDONNELL","ward":"RODINGA","land_council":"CENTRAL LAND COUNCIL","electorate":"NAMATJIRA","ntg_region":"CENTRAL AUSTRALIA","population_source":"Homelands Service Provider Report 2023","population_count":4,"longitude":133.87181,"latitude":-24.39416},"geometry":{"type":"Point","coordinates":[133.87181,-24.39416]}},
{"type":"Feature","properties":{"objectid":475,"community_id":875,"bushtel_url":"https://bushtel.nt.gov.au/profile/875","community_name":"MOUNT TWELLAR","community_aliases":"No aliases recorded with NTG DIPL","community_type":"Family Outstation","main_language":"Not recorded","local_govt_council":"MACDONNELL","ward":"RODINGA","land_council":"CENTRAL LAND COUNCIL","electorate":"NAMATJIRA","ntg_region":"CENTRAL AUSTRALIA","population_source":"Homelands Service Provider Report 2023","population_count":17,"longitude":133.62279,"latitude":-23.54198},"geometry":{"type":"Point","coordinates":[133.62279,-23.54198]}},
{"type":"Feature","properties":{"objectid":476,"community_id":108,"bushtel_url":"https://bushtel.nt.gov.au/profile/108","community_name":"MPWETYERRE","community_aliases":"ABBOTS CAMP,ABBOTTS CAMP,BP CAMP,MBUTJARA,MISSION BLOCK","community_type":"Town Camp","main_language":"Not recorded","local_govt_council":"ALICE SPRINGS","ward":"Not recorded","land_council":"CENTRAL LAND COUNCIL","electorate":"ARALUEN","ntg_region":"CENTRAL AUSTRALIA","population_source":"Not recorded","population_count":null,"longitude":133.87412,"latitude":-23.71679},"geometry":{"type":"Point","coordinates":[133.87412,-23.71679]}},
{"type":"Feature","properties":{"objectid":477,"community_id":855,"bushtel_url":"https://bushtel.nt.gov.au/profile/855","community_name":"MT EAGLEBEAK","community_aliases":"No aliases recorded with NTG DIPL","community_type":"Family Outstation","main_language":"Not recorded","local_govt_council":"CENTRAL DESERT","ward":"AKITYARRE","land_council":"CENTRAL LAND COUNCIL","electorate":"NAMATJIRA","ntg_region":"CENTRAL AUSTRALIA","population_source":"Homelands Service Provider Report 2023","population_count":24,"longitude":135.19891,"latitude":-22.9564},"geometry":{"type":"Point","coordinates":[135.19891,-22.9564]}},
{"type":"Feature","properties":{"objectid":478,"community_id":702,"bushtel_url":"https://bushtel.nt.gov.au/profile/702","community_name":"MT MAIYO","community_aliases":"MULLUYA","community_type":"Family Outstation","main_language":"Not recorded","local_govt_council":"VICTORIA DALY","ward":"DAGURAGU","land_council":"CENTRAL LAND COUNCIL","electorate":"GWOJA","ntg_region":"BIG RIVERS","population_source":"Not recorded","population_count":null,"longitude":129.39755,"latitude":-17.69491},"geometry":{"type":"Point","coordinates":[129.39755,-17.69491]}},
{"type":"Feature","properties":{"objectid":479,"community_id":964,"bushtel_url":"https://bushtel.nt.gov.au/profile/964","community_name":"MU-GURTA","community_aliases":"No aliases recorded with NTG DIPL","community_type":"Family Outstation","main_language":"Not recorded","local_govt_council":"WEST ARNHEM","ward":"MANINGRIDA","land_council":"NORTHERN LAND COUNCIL","electorate":"ARAFURA","ntg_region":"TOP END","population_source":"Homelands Service Provider Report 2023","population_count":12,"longitude":134.50814,"latitude":-12.25897},"geometry":{"type":"Point","coordinates":[134.50814,-12.25897]}},
{"type":"Feature","properties":{"objectid":480,"community_id":1001,"bushtel_url":"https://bushtel.nt.gov.au/profile/1001","community_name":"MUCKATY","community_aliases":"MARNYWUNGU","community_type":"Family Outstation","main_language":"Not recorded","local_govt_council":"BARKLY","ward":"KUWARRANGU","land_council":"NORTHERN LAND COUNCIL","electorate":"BARKLY","ntg_region":"BARKLY","population_source":"Not recorded","population_count":null,"longitude":133.8959,"latitude":-18.63932},"geometry":{"type":"Point","coordinates":[133.8959,-18.63932]}},
{"type":"Feature","properties":{"objectid":481,"community_id":380,"bushtel_url":"https://bushtel.nt.gov.au/profile/380","community_name":"MUDGINBERRI","community_aliases":"No aliases recorded with NTG DIPL","community_type":"Family Outstation","main_language":"Not recorded","local_govt_council":"WEST ARNHEM","ward":"KAKADU","land_council":"NORTHERN LAND COUNCIL","electorate":"ARAFURA","ntg_region":"TOP END","population_source":"Homelands Service Provider Report 2023","population_count":40,"longitude":132.87334,"latitude":-12.59772},"geometry":{"type":"Point","coordinates":[132.87334,-12.59772]}},
{"type":"Feature","properties":{"objectid":482,"community_id":808,"bushtel_url":"https://bushtel.nt.gov.au/profile/808","community_name":"MUDHAMUL","community_aliases":"MARTHAKAL,MUTHAMAL","community_type":"Family Outstation","main_language":"Not recorded","local_govt_council":"EAST ARNHEM","ward":"GUMURR MARTHAKAL","land_council":"NORTHERN LAND COUNCIL","electorate":"MULKA","ntg_region":"EAST ARNHEM","population_source":"Not recorded","population_count":null,"longitude":136.17208,"latitude":-12.16089},"geometry":{"type":"Point","coordinates":[136.17208,-12.16089]}},
{"type":"Feature","properties":{"objectid":483,"community_id":118,"bushtel_url":"https://bushtel.nt.gov.au/profile/118","community_name":"MULGA BORE","community_aliases":"AKAYA,AKAYE,ATARTINGA,ATHATHENG","community_type":"Family Outstation","main_language":"Not recorded","local_govt_council":"CENTRAL DESERT","ward":"ANMATJERE","land_council":"CENTRAL LAND COUNCIL","electorate":"BARKLY","ntg_region":"CENTRAL AUSTRALIA","population_source":"Homelands Service Provider Report 2023","population_count":46,"longitude":134.20944,"latitude":-22.45139},"geometry":{"type":"Point","coordinates":[134.20944,-22.45139]}},
{"type":"Feature","properties":{"objectid":484,"community_id":971,"bushtel_url":"https://bushtel.nt.gov.au/profile/971","community_name":"MULGGAN","community_aliases":"MATARANKA TOWN CAMP,MULGAN,MULGARN","community_type":"Town Camp","main_language":"Not recorded","local_govt_council":"ROPER GULF","ward":"NEVER NEVER","land_council":"NORTHERN LAND COUNCIL","electorate":"ARNHEM","ntg_region":"BIG RIVERS","population_source":"Not recorded","population_count":null,"longitude":133.0739,"latitude":-14.92004},"geometry":{"type":"Point","coordinates":[133.0739,-14.92004]}},
{"type":"Feature","properties":{"objectid":485,"community_id":538,"bushtel_url":"https://bushtel.nt.gov.au/profile/538","community_name":"MULGURRAM","community_aliases":"MANGU,MULGURRUM","community_type":"Family Outstation","main_language":"Not recorded","local_govt_council":"EAST ARNHEM","ward":"BIRR RAWARRANG","land_council":"NORTHERN LAND COUNCIL","electorate":"MULKA","ntg_region":"EAST ARNHEM","population_source":"Not recorded","population_count":null,"longitude":134.96085,"latitude":-12.40196},"geometry":{"type":"Point","coordinates":[134.96085,-12.40196]}},
{"type":"Feature","properties":{"objectid":486,"community_id":884,"bushtel_url":"https://bushtel.nt.gov.au/profile/884","community_name":"MULINGI","community_aliases":"MT GREENWOOD,MULINGNE","community_type":"Family Outstation","main_language":"Not recorded","local_govt_council":"WEST DALY","ward":"THAMARRURR/PINDI PINDI","land_council":"NORTHERN LAND COUNCIL","electorate":"DALY","ntg_region":"TOP END","population_source":"Homelands Service Provider Report 2023","population_count":8,"longitude":129.95077,"latitude":-13.92666},"geometry":{"type":"Point","coordinates":[129.95077,-13.92666]}},
{"type":"Feature","properties":{"objectid":487,"community_id":382,"bushtel_url":"https://bushtel.nt.gov.au/profile/382","community_name":"MUMEKA","community_aliases":"MOMEKA,MORMEGA","community_type":"Family Outstation","main_language":"Not recorded","local_govt_council":"WEST ARNHEM","ward":"MANINGRIDA","land_council":"NORTHERN LAND COUNCIL","electorate":"ARAFURA","ntg_region":"TOP END","population_source":"Not recorded","population_count":null,"longitude":134.13579,"latitude":-12.36306},"geometry":{"type":"Point","coordinates":[134.13579,-12.36306]}},
{"type":"Feature","properties":{"objectid":488,"community_id":630,"bushtel_url":"https://bushtel.nt.gov.au/profile/630","community_name":"MUMPUMAMPU","community_aliases":"MAMBUMAMBU,MIALURRA,MUMBA MUMBA,MUMBO MUMBO,MUMBU MUMBU","community_type":"Family Outstation","main_language":"Not recorded","local_govt_council":"ROPER GULF","ward":"YUGUL MANGI","land_council":"NORTHERN LAND COUNCIL","electorate":"ARNHEM","ntg_region":"BIG RIVERS","population_source":"Not recorded","population_count":null,"longitude":135.32835,"latitude":-14.38418},"geometry":{"type":"Point","coordinates":[135.328350000000114,-14.38418]}},
{"type":"Feature","properties":{"objectid":489,"community_id":801,"bushtel_url":"https://bushtel.nt.gov.au/profile/801","community_name":"MUMUKALA","community_aliases":"MAMUKALA,MUMAKALA","community_type":"Family Outstation","main_language":"Not recorded","local_govt_council":"WEST ARNHEM","ward":"KAKADU","land_council":"NORTHERN LAND COUNCIL","electorate":"ARAFURA","ntg_region":"TOP END","population_source":"Homelands Service Provider Report 2023","population_count":10,"longitude":132.66648,"latitude":-12.61137},"geometry":{"type":"Point","coordinates":[132.66648,-12.61137]}},
{"type":"Feature","properties":{"objectid":490,"community_id":248,"bushtel_url":"https://bushtel.nt.gov.au/profile/248","community_name":"MUNGALAWURRU","community_aliases":"MANGALAWARRA,MANGALAWU,MANGARLWURRA","community_type":"Family Outstation","main_language":"Not recorded","local_govt_council":"BARKLY","ward":"PATTA","land_council":"CENTRAL LAND COUNCIL","electorate":"BARKLY","ntg_region":"BARKLY","population_source":"Homelands Service Provider Report 2023","population_count":15,"longitude":133.59552,"latitude":-19.38253},"geometry":{"type":"Point","coordinates":[133.59552,-19.38253]}},
{"type":"Feature","properties":{"objectid":491,"community_id":244,"bushtel_url":"https://bushtel.nt.gov.au/profile/244","community_name":"MUNGKARTA","community_aliases":"MCLAREN CREEK,MUNGARTA","community_type":"Minor","main_language":"Not recorded","local_govt_council":"BARKLY","ward":"PATTA","land_council":"CENTRAL LAND COUNCIL","electorate":"BARKLY","ntg_region":"BARKLY","population_source":"Homelands Service Provider Report 2023","population_count":55,"longitude":134.19843,"latitude":-20.33702},"geometry":{"type":"Point","coordinates":[134.19843,-20.33702]}},
{"type":"Feature","properties":{"objectid":492,"community_id":647,"bushtel_url":"https://bushtel.nt.gov.au/profile/647","community_name":"MUNGURRUPA","community_aliases":"MANGKURRUPA,MANGKURRURPA,MONGREL DOWNS,MUNGKURRUPA,TANAMI DOWNS","community_type":"Family Outstation","main_language":"Not recorded","local_govt_council":"CENTRAL DESERT","ward":"NORTHERN TANAMI","land_council":"CENTRAL LAND COUNCIL","electorate":"GWOJA","ntg_region":"CENTRAL AUSTRALIA","population_source":"Not recorded","population_count":null,"longitude":129.73313,"latitude":-20.58481},"geometry":{"type":"Point","coordinates":[129.73313,-20.58481]}},
{"type":"Feature","properties":{"objectid":493,"community_id":215,"bushtel_url":"https://bushtel.nt.gov.au/profile/215","community_name":"MUNJI-MARLA","community_aliases":"BLUEBERRY HILL,MUNJI MALA","community_type":"Town Camp","main_language":"Not recorded","local_govt_council":"BARKLY","ward":"PATTA","land_council":"CENTRAL LAND COUNCIL","electorate":"BARKLY","ntg_region":"BARKLY","population_source":"Not recorded","population_count":null,"longitude":134.18279,"latitude":-19.64765},"geometry":{"type":"Point","coordinates":[134.18279,-19.64765]}},
{"type":"Feature","properties":{"objectid":494,"community_id":249,"bushtel_url":"https://bushtel.nt.gov.au/profile/249","community_name":"MUNYALINI","community_aliases":"CAMPBELL SPRINGS,MINYALLINI","community_type":"Family Outstation","main_language":"Not recorded","local_govt_council":"ROPER GULF","ward":"SOUTH WEST GULF","land_council":"NORTHERN LAND COUNCIL","electorate":"BARKLY","ntg_region":"BIG RIVERS","population_source":"Homelands Service Provider Report 2023","population_count":44,"longitude":136.18938,"latitude":-16.09259},"geometry":{"type":"Point","coordinates":[136.18938,-16.09259]}},
{"type":"Feature","properties":{"objectid":495,"community_id":977,"bushtel_url":"https://bushtel.nt.gov.au/profile/977","community_name":"MURGENELLA PLAINS","community_aliases":"ARRDUKBUKBUN","community_type":"Family Outstation","main_language":"Not recorded","local_govt_council":"WEST ARNHEM","ward":"BARRAH","land_council":"NORTHERN LAND COUNCIL","electorate":"ARAFURA","ntg_region":"TOP END","population_source":"Not recorded","population_count":null,"longitude":132.91239,"latitude":-11.71041},"geometry":{"type":"Point","coordinates":[132.91239,-11.71041]}},
{"type":"Feature","properties":{"objectid":496,"community_id":858,"bushtel_url":"https://bushtel.nt.gov.au/profile/858","community_name":"MURRANJI","community_aliases":"No aliases recorded with NTG DIPL","community_type":"Family Outstation","main_language":"Not recorded","local_govt_council":"BARKLY","ward":"KUWARRANGU","land_council":"NORTHERN LAND COUNCIL","electorate":"BARKLY","ntg_region":"BARKLY","population_source":"Homelands Service Provider Report 2023","population_count":4,"longitude":132.8107,"latitude":-16.83598},"geometry":{"type":"Point","coordinates":[132.810700000000111,-16.83598]}},
{"type":"Feature","properties":{"objectid":497,"community_id":688,"bushtel_url":"https://bushtel.nt.gov.au/profile/688","community_name":"MURTULKI","community_aliases":"MURTALKI","community_type":"Family Outstation","main_language":"Not recorded","local_govt_council":"BARKLY","ward":"PATTA","land_council":"CENTRAL LAND COUNCIL","electorate":"BARKLY","ntg_region":"BARKLY","population_source":"Not recorded","population_count":null,"longitude":134.38936,"latitude":-19.91784},"geometry":{"type":"Point","coordinates":[134.38936,-19.91784]}},
{"type":"Feature","properties":{"objectid":498,"community_id":689,"bushtel_url":"https://bushtel.nt.gov.au/profile/689","community_name":"MURUN MURULA","community_aliases":"MURAN MURULA,MURRA MURULA,MURRAMARULA,MURU MURULA,MURULMURULA","community_type":"Family Outstation","main_language":"Not recorded","local_govt_council":"BARKLY","ward":"KUWARRANGU","land_council":"NORTHERN LAND COUNCIL","electorate":"BARKLY","ntg_region":"BARKLY","population_source":"Not recorded","population_count":null,"longitude":137.51754,"latitude":-18.49908},"geometry":{"type":"Point","coordinates":[137.51754,-18.49908]}},
{"type":"Feature","properties":{"objectid":499,"community_id":648,"bushtel_url":"https://bushtel.nt.gov.au/profile/648","community_name":"MURUNING","community_aliases":"DARBY'S,MURINGUNG,MURRUNING,TIMBER CREEK","community_type":"Family Outstation","main_language":"Not recorded","local_govt_council":"VICTORIA DALY","ward":"TIMBER CREEK","land_council":"NORTHERN LAND COUNCIL","electorate":"DALY","ntg_region":"BIG RIVERS","population_source":"Homelands Service Provider Report 2023","population_count":50,"longitude":130.48457,"latitude":-15.67527},"geometry":{"type":"Point","coordinates":[130.48457,-15.67527]}},
{"type":"Feature","properties":{"objectid":500,"community_id":120,"bushtel_url":"https://bushtel.nt.gov.au/profile/120","community_name":"MUTITJULU","community_aliases":"AYERS ROCK,MUTITJULA","community_type":"Major","main_language":"Pitjantjatjara","local_govt_council":"MACDONNELL","ward":"IYARRKA","land_council":"CENTRAL LAND COUNCIL","electorate":"GWOJA","ntg_region":"CENTRAL AUSTRALIA","population_source":"Based on ABS 2021 Census SA1","population_count":348,"longitude":131.0667,"latitude":-25.3523},"geometry":{"type":"Point","coordinates":[131.0667,-25.3523]}},
{"type":"Feature","properties":{"objectid":501,"community_id":764,"bushtel_url":"https://bushtel.nt.gov.au/profile/764","community_name":"MUYIN","community_aliases":"MOYEN,MUYINNGA","community_type":"Family Outstation","main_language":"Not recorded","local_govt_council":"MACDONNELL","ward":"LURITJA PINTUBI","land_council":"CENTRAL LAND COUNCIL","electorate":"GWOJA","ntg_region":"CENTRAL AUSTRALIA","population_source":"Not recorded","population_count":null,"longitude":129.00489,"latitude":-23.15972},"geometry":{"type":"Point","coordinates":[129.00489,-23.15972]}},
{"type":"Feature","properties":{"objectid":502,"community_id":678,"bushtel_url":"https://bushtel.nt.gov.au/profile/678","community_name":"MYATT","community_aliases":"5 MILE,FIVE MILE,GULARDI,JERRY'S","community_type":"Family Outstation","main_language":"Not recorded","local_govt_council":"VICTORIA DALY","ward":"TIMBER CREEK","land_council":"NORTHERN LAND COUNCIL","electorate":"DALY","ntg_region":"BIG RIVERS","population_source":"Homelands Service Provider Report 2023","population_count":12,"longitude":130.48335,"latitude":-15.70656},"geometry":{"type":"Point","coordinates":[130.48335,-15.70656]}},
{"type":"Feature","properties":{"objectid":503,"community_id":395,"bushtel_url":"https://bushtel.nt.gov.au/profile/395","community_name":"NABARLEK","community_aliases":"NARBALEK","community_type":"Family Outstation","main_language":"Not recorded","local_govt_council":"WEST ARNHEM","ward":"GUNBALANYA","land_council":"NORTHERN LAND COUNCIL","electorate":"ARAFURA","ntg_region":"TOP END","population_source":"Not recorded","population_count":null,"longitude":133.29216,"latitude":-12.30829},"geometry":{"type":"Point","coordinates":[133.29216,-12.30829]}},
{"type":"Feature","properties":{"objectid":504,"community_id":887,"bushtel_url":"https://bushtel.nt.gov.au/profile/887","community_name":"NABBARLA KUNINDABBA","community_aliases":"NAQARLA,ROCKY POINT","community_type":"Family Outstation","main_language":"Not recorded","local_govt_council":"WEST ARNHEM","ward":"MANINGRIDA","land_council":"NORTHERN LAND COUNCIL","electorate":"ARAFURA","ntg_region":"TOP END","population_source":"Not recorded","population_count":null,"longitude":134.40225,"latitude":-12.06125},"geometry":{"type":"Point","coordinates":[134.40225,-12.06125]}},
{"type":"Feature","properties":{"objectid":505,"community_id":886,"bushtel_url":"https://bushtel.nt.gov.au/profile/886","community_name":"NADILMUK","community_aliases":"NDJUDDA POINT","community_type":"Family Outstation","main_language":"Not recorded","local_govt_council":"WEST ARNHEM","ward":"MANINGRIDA","land_council":"NORTHERN LAND COUNCIL","electorate":"ARAFURA","ntg_region":"TOP END","population_source":"Homelands Service Provider Report 2023","population_count":5,"longitude":134.29454,"latitude":-11.99384},"geometry":{"type":"Point","coordinates":[134.29454,-11.99384]}},
{"type":"Feature","properties":{"objectid":506,"community_id":396,"bushtel_url":"https://bushtel.nt.gov.au/profile/396","community_name":"NADIRRI","community_aliases":"NARDIDI,NARDIRRI","community_type":"Family Outstation","main_language":"Not recorded","local_govt_council":"WEST DALY","ward":"THAMARRURR/PINDI PINDI","land_council":"NORTHERN LAND COUNCIL","electorate":"DALY","ntg_region":"TOP END","population_source":"Not recorded","population_count":null,"longitude":129.76657,"latitude":-13.95376},"geometry":{"type":"Point","coordinates":[129.766570000000115,-13.95376]}},
{"type":"Feature","properties":{"objectid":507,"community_id":541,"bushtel_url":"https://bushtel.nt.gov.au/profile/541","community_name":"NALIYINDI","community_aliases":"NALIYINJI,NALYINDI,NAYAWILI,NGLIYINDI","community_type":"Family Outstation","main_language":"Not recorded","local_govt_council":"EAST ARNHEM","ward":"GUMURR MIYARRKA","land_council":"NORTHERN LAND COUNCIL","electorate":"ARNHEM","ntg_region":"EAST ARNHEM","population_source":"Not recorded","population_count":null,"longitude":135.17863,"latitude":-12.54196},"geometry":{"type":"Point","coordinates":[135.178630000000112,-12.54196]}},
{"type":"Feature","properties":{"objectid":508,"community_id":1026,"bushtel_url":"https://bushtel.nt.gov.au/profile/1026","community_name":"NAMA","community_aliases":"WUDIPULINAMA","community_type":"Family Outstation","main_language":"Not recorded","local_govt_council":"WEST DALY","ward":"THAMARRURR/PINDI PINDI","land_council":"NORTHERN LAND COUNCIL","electorate":"DALY","ntg_region":"TOP END","population_source":"Homelands Service Provider Report 2023","population_count":28,"longitude":129.85879,"latitude":-14.22945},"geometry":{"type":"Point","coordinates":[129.858790000000113,-14.22945]}},
{"type":"Feature","properties":{"objectid":509,"community_id":906,"bushtel_url":"https://bushtel.nt.gov.au/profile/906","community_name":"NAMERINNI","community_aliases":"TOMKINSON CREEK","community_type":"Family Outstation","main_language":"Not recorded","local_govt_council":"BARKLY","ward":"KUWARRANGU","land_council":"NORTHERN LAND COUNCIL","electorate":"BARKLY","ntg_region":"BARKLY","population_source":"Not recorded","population_count":null,"longitude":133.71549,"latitude":-18.56818},"geometry":{"type":"Point","coordinates":[133.71549,-18.56818]}},
{"type":"Feature","properties":{"objectid":510,"community_id":389,"bushtel_url":"https://bushtel.nt.gov.au/profile/389","community_name":"NAMUGARDABU","community_aliases":"NAMAGARDABU,NAMAGARRARBU,NAMURGARDABU","community_type":"Family Outstation","main_language":"Not recorded","local_govt_council":"WEST ARNHEM","ward":"GUNBALANYA","land_council":"NORTHERN LAND COUNCIL","electorate":"ARAFURA","ntg_region":"TOP END","population_source":"Not recorded","population_count":null,"longitude":134.02473,"latitude":-12.15779},"geometry":{"type":"Point","coordinates":[134.02473,-12.15779]}},
{"type":"Feature","properties":{"objectid":511,"community_id":392,"bushtel_url":"https://bushtel.nt.gov.au/profile/392","community_name":"NANGAK","community_aliases":"NANGARK","community_type":"Family Outstation","main_language":"Not recorded","local_govt_council":"WEST ARNHEM","ward":"MANINGRIDA","land_council":"NORTHERN LAND COUNCIL","electorate":"ARAFURA","ntg_region":"TOP END","population_source":"Homelands Service Provider Report 2023","population_count":14,"longitude":134.28387,"latitude":-12.21148},"geometry":{"type":"Point","coordinates":[134.28387,-12.21148]}},
{"type":"Feature","properties":{"objectid":512,"community_id":393,"bushtel_url":"https://bushtel.nt.gov.au/profile/393","community_name":"NANGU","community_aliases":"POINT PEARCE","community_type":"Family Outstation","main_language":"Not recorded","local_govt_council":"WEST DALY","ward":"THAMARRURR/PINDI PINDI","land_council":"NORTHERN LAND COUNCIL","electorate":"DALY","ntg_region":"TOP END","population_source":"Not recorded","population_count":null,"longitude":129.37335,"latitude":-14.37314},"geometry":{"type":"Point","coordinates":[129.37335,-14.37314]}},
{"type":"Feature","properties":{"objectid":513,"community_id":543,"bushtel_url":"https://bushtel.nt.gov.au/profile/543","community_name":"NANYINGBURRA","community_aliases":"NANGABURA,NANGINGBURRA,NANGINYBURRA,NANINGBURA POINT","community_type":"Family Outstation","main_language":"Not recorded","local_govt_council":"EAST ARNHEM","ward":"GUMURR MARTHAKAL","land_council":"NORTHERN LAND COUNCIL","electorate":"MULKA","ntg_region":"EAST ARNHEM","population_source":"Homelands Service Provider Report 2023","population_count":7,"longitude":135.87365,"latitude":-11.76057},"geometry":{"type":"Point","coordinates":[135.873650000000112,-11.76057]}},
{"type":"Feature","properties":{"objectid":514,"community_id":974,"bushtel_url":"https://bushtel.nt.gov.au/profile/974","community_name":"NAPAGUNPA","community_aliases":"NGAPAGUNPA","community_type":"Family Outstation","main_language":"Not recorded","local_govt_council":"BARKLY","ward":"PATTA","land_council":"CENTRAL LAND COUNCIL","electorate":"BARKLY","ntg_region":"BARKLY","population_source":"Not recorded","population_count":null,"longitude":133.61851,"latitude":-19.10426},"geometry":{"type":"Point","coordinates":[133.61851,-19.10426]}},
{"type":"Feature","properties":{"objectid":515,"community_id":873,"bushtel_url":"https://bushtel.nt.gov.au/profile/873","community_name":"NATJITNAMA","community_aliases":"No aliases recorded with NTG DIPL","community_type":"Family Outstation","main_language":"Not recorded","local_govt_council":"MACDONNELL","ward":"LJIRAPINTA","land_council":"CENTRAL LAND COUNCIL","electorate":"GWOJA","ntg_region":"CENTRAL AUSTRALIA","population_source":"Not recorded","population_count":null,"longitude":132.98113,"latitude":-24.02113},"geometry":{"type":"Point","coordinates":[132.98113,-24.02113]}},
{"type":"Feature","properties":{"objectid":516,"community_id":397,"bushtel_url":"https://bushtel.nt.gov.au/profile/397","community_name":"NAUIYU","community_aliases":"DALY RIVER,NAMIYU,NAUIYU NAMBIYI,NAUIYU NAMBIYU","community_type":"Major","main_language":"Kriol","local_govt_council":"VICTORIA DALY","ward":"MILNGIN","land_council":"NORTHERN LAND COUNCIL","electorate":"DALY","ntg_region":"TOP END","population_source":"Based on ABS 2021 Census SA1","population_count":411,"longitude":130.68893,"latitude":-13.75054},"geometry":{"type":"Point","coordinates":[130.68893,-13.75054]}},
{"type":"Feature","properties":{"objectid":517,"community_id":341,"bushtel_url":"https://bushtel.nt.gov.au/profile/341","community_name":"NDJUDDA","community_aliases":"NDJUDDA POINT,NJUDDA,NJUDDA POINT","community_type":"Family Outstation","main_language":"Not recorded","local_govt_council":"WEST ARNHEM","ward":"MANINGRIDA","land_council":"NORTHERN LAND COUNCIL","electorate":"ARAFURA","ntg_region":"TOP END","population_source":"Not recorded","population_count":null,"longitude":134.24773,"latitude":-11.98809},"geometry":{"type":"Point","coordinates":[134.24773,-11.98809]}},
{"type":"Feature","properties":{"objectid":518,"community_id":716,"bushtel_url":"https://bushtel.nt.gov.au/profile/716","community_name":"NEMARLUK","community_aliases":"No aliases recorded with NTG DIPL","community_type":"Family Outstation","main_language":"Not recorded","local_govt_council":"WEST DALY","ward":"THAMARRURR/PINDI PINDI","land_council":"NORTHERN LAND COUNCIL","electorate":"DALY","ntg_region":"TOP END","population_source":"Homelands Service Provider Report 2023","population_count":24,"longitude":130.00325,"latitude":-14.24122},"geometry":{"type":"Point","coordinates":[130.00325,-14.24122]}},
{"type":"Feature","properties":{"objectid":519,"community_id":121,"bushtel_url":"https://bushtel.nt.gov.au/profile/121","community_name":"NEW BORE","community_aliases":"WADIYAWANU","community_type":"Family Outstation","main_language":"Not recorded","local_govt_council":"MACDONNELL","ward":"LURITJA PINTUBI","land_council":"CENTRAL LAND COUNCIL","electorate":"GWOJA","ntg_region":"CENTRAL AUSTRALIA","population_source":"Homelands Service Provider Report 2023","population_count":9,"longitude":131.32769,"latitude":-23.22172},"geometry":{"type":"Point","coordinates":[131.32769,-23.22172]}},
{"type":"Feature","properties":{"objectid":520,"community_id":47,"bushtel_url":"https://bushtel.nt.gov.au/profile/47","community_name":"NEW ILPARPA","community_aliases":"ALICE SPRINGS TOWN CAMP,ILPARPA","community_type":"Town Camp","main_language":"Not recorded","local_govt_council":"ALICE SPRINGS","ward":"Not recorded","land_council":"CENTRAL LAND COUNCIL","electorate":"NAMATJIRA","ntg_region":"CENTRAL AUSTRALIA","population_source":"Not recorded","population_count":null,"longitude":133.87068,"latitude":-23.76576},"geometry":{"type":"Point","coordinates":[133.870680000000107,-23.76576]}},
{"type":"Feature","properties":{"objectid":521,"community_id":21684,"bushtel_url":"https://bushtel.nt.gov.au/profile/21684","community_name":"NEWCASTLE WATERS","community_aliases":"No aliases recorded with NTG DIPL","community_type":"Village","main_language":"Not recorded","local_govt_council":"BARKLY","ward":"KUWARRANGU","land_council":"NORTHERN LAND COUNCIL","electorate":"BARKLY","ntg_region":"BARKLY","population_source":"Not recorded","population_count":null,"longitude":133.4103,"latitude":-17.3718},"geometry":{"type":"Point","coordinates":[133.41030000000012,-17.3718]}},
{"type":"Feature","properties":{"objectid":522,"community_id":545,"bushtel_url":"https://bushtel.nt.gov.au/profile/545","community_name":"NGADUMIYERRKA","community_aliases":"LITTLE PARADISE,NGADUMI TERRN","community_type":"Family Outstation","main_language":"Not recorded","local_govt_council":"EAST ARNHEM","ward":"ANINDILYAKWA","land_council":"ANINDILYAKWA LAND COUNCIL","electorate":"ARNHEM","ntg_region":"EAST ARNHEM","population_source":"Homelands Service Provider Report 2023","population_count":27,"longitude":136.4564,"latitude":-13.82001},"geometry":{"type":"Point","coordinates":[136.4564,-13.82001]}},
{"type":"Feature","properties":{"objectid":523,"community_id":246,"bushtel_url":"https://bushtel.nt.gov.au/profile/246","community_name":"NGALPA NGALPA","community_aliases":"MULGA CAMP","community_type":"Town Camp","main_language":"Not recorded","local_govt_council":"BARKLY","ward":"PATTA","land_council":"CENTRAL LAND COUNCIL","electorate":"BARKLY","ntg_region":"BARKLY","population_source":"Not recorded","population_count":null,"longitude":134.19363,"latitude":-19.63529},"geometry":{"type":"Point","coordinates":[134.19363,-19.63529]}},
{"type":"Feature","properties":{"objectid":524,"community_id":542,"bushtel_url":"https://bushtel.nt.gov.au/profile/542","community_name":"NGANGALALA","community_aliases":"NANGALA,NANGALALA","community_type":"Minor","main_language":"Not recorded","local_govt_council":"EAST ARNHEM","ward":"BIRR RAWARRANG","land_council":"NORTHERN LAND COUNCIL","electorate":"MULKA","ntg_region":"EAST ARNHEM","population_source":"Homelands Service Provider Report 2023","population_count":44,"longitude":134.99224,"latitude":-12.29835},"geometry":{"type":"Point","coordinates":[134.99224,-12.29835]}},
{"type":"Feature","properties":{"objectid":525,"community_id":16207,"bushtel_url":"https://bushtel.nt.gov.au/profile/16207","community_name":"NGANGURR","community_aliases":"No aliases recorded with NTG DIPL","community_type":"Family Outstation","main_language":"Not recorded","local_govt_council":"MACDONNELL","ward":"IYARRKA","land_council":"CENTRAL LAND COUNCIL","electorate":"GWOJA","ntg_region":"CENTRAL AUSTRALIA","population_source":"Not recorded","population_count":null,"longitude":129.9158,"latitude":-25.22205},"geometry":{"type":"Point","coordinates":[129.915800000000104,-25.22205]}},
{"type":"Feature","properties":{"objectid":526,"community_id":765,"bushtel_url":"https://bushtel.nt.gov.au/profile/765","community_name":"NGANKIRITJA","community_aliases":"NGANRRITJA","community_type":"Family Outstation","main_language":"Not recorded","local_govt_council":"MACDONNELL","ward":"LURITJA PINTUBI","land_council":"CENTRAL LAND COUNCIL","electorate":"GWOJA","ntg_region":"CENTRAL AUSTRALIA","population_source":"Homelands Service Provider Report 2023","population_count":10,"longitude":131.87969,"latitude":-23.46459},"geometry":{"type":"Point","coordinates":[131.87969,-23.46459]}},
{"type":"Feature","properties":{"objectid":527,"community_id":404,"bushtel_url":"https://bushtel.nt.gov.au/profile/404","community_name":"NGANMARRIYANGA","community_aliases":"PALUMPA","community_type":"Major","main_language":"Murrinh Patha","local_govt_council":"WEST DALY","ward":"NGANMARRIYANGA","land_council":"NORTHERN LAND COUNCIL","electorate":"DALY","ntg_region":"TOP END","population_source":"Based on ABS 2021 Census SA1","population_count":427,"longitude":129.87889,"latitude":-14.35111},"geometry":{"type":"Point","coordinates":[129.87889,-14.35111]}},
{"type":"Feature","properties":{"objectid":528,"community_id":731,"bushtel_url":"https://bushtel.nt.gov.au/profile/731","community_name":"NGAPPAMILARNU","community_aliases":"MANGALAURNA,NGAPAMILARNU,NGAPPAMILARWU,PAWARINJI,YANKIRIKILANGU,YANKIRRAKALONG","community_type":"Family Outstation","main_language":"Not recorded","local_govt_council":"BARKLY","ward":"ALYAWARR","land_council":"CENTRAL LAND COUNCIL","electorate":"BARKLY","ntg_region":"BARKLY","population_source":"Not recorded","population_count":null,"longitude":133.27846,"latitude":-19.86188},"geometry":{"type":"Point","coordinates":[133.278460000000109,-19.86188]}},
{"type":"Feature","properties":{"objectid":529,"community_id":430,"bushtel_url":"https://bushtel.nt.gov.au/profile/430","community_name":"NGARDINITCHI","community_aliases":"NGARDINITH,WENTEK,WENTES NGANAMI WENTEK","community_type":"Family Outstation","main_language":"Not recorded","local_govt_council":"WEST DALY","ward":"THAMARRURR/PINDI PINDI","land_council":"NORTHERN LAND COUNCIL","electorate":"DALY","ntg_region":"TOP END","population_source":"Not recorded","population_count":null,"longitude":129.48431,"latitude":-14.19288},"geometry":{"type":"Point","coordinates":[129.48431,-14.19288]}},
{"type":"Feature","properties":{"objectid":530,"community_id":23746,"bushtel_url":"https://bushtel.nt.gov.au/profile/23746","community_name":"NGARILIKIRLANGU","community_aliases":"No aliases recorded with NTG DIPL","community_type":"Family Outstation","main_language":"Not recorded","local_govt_council":"CENTRAL DESERT","ward":"SOUTHERN TANAMI","land_council":"CENTRAL LAND COUNCIL","electorate":"GWOJA","ntg_region":"CENTRAL AUSTRALIA","population_source":"Not recorded","population_count":null,"longitude":131.7727,"latitude":-22.1251},"geometry":{"type":"Point","coordinates":[131.7727000000001,-22.1251]}},
{"type":"Feature","properties":{"objectid":531,"community_id":913,"bushtel_url":"https://bushtel.nt.gov.au/profile/913","community_name":"NGARINTHI","community_aliases":"WUMARR","community_type":"Family Outstation","main_language":"Not recorded","local_govt_council":"WEST DALY","ward":"THAMARRURR/PINDI PINDI","land_council":"NORTHERN LAND COUNCIL","electorate":"DALY","ntg_region":"TOP END","population_source":"Not recorded","population_count":null,"longitude":129.42257,"latitude":-14.46204},"geometry":{"type":"Point","coordinates":[129.42257,-14.46204]}},
{"type":"Feature","properties":{"objectid":532,"community_id":969,"bushtel_url":"https://bushtel.nt.gov.au/profile/969","community_name":"NGARLU NGARLU","community_aliases":"KING RIVER","community_type":"Family Outstation","main_language":"Not recorded","local_govt_council":"WEST ARNHEM","ward":"BARRAH","land_council":"NORTHERN LAND COUNCIL","electorate":"ARAFURA","ntg_region":"TOP END","population_source":"Not recorded","population_count":null,"longitude":133.40906,"latitude":-11.86629},"geometry":{"type":"Point","coordinates":[133.40906,-11.86629]}},
{"type":"Feature","properties":{"objectid":533,"community_id":869,"bushtel_url":"https://bushtel.nt.gov.au/profile/869","community_name":"NGARNKA","community_aliases":"BLUE BUSH","community_type":"Family Outstation","main_language":"Not recorded","local_govt_council":"CENTRAL DESERT","ward":"NORTHERN TANAMI","land_council":"CENTRAL LAND COUNCIL","electorate":"GWOJA","ntg_region":"CENTRAL AUSTRALIA","population_source":"Not recorded","population_count":null,"longitude":129.90876,"latitude":-20.17566},"geometry":{"type":"Point","coordinates":[129.90876,-20.17566]}},
{"type":"Feature","properties":{"objectid":534,"community_id":544,"bushtel_url":"https://bushtel.nt.gov.au/profile/544","community_name":"NGAYAWILLI","community_aliases":"FIRST CREEK,NAYAWILLI","community_type":"Family Outstation","main_language":"Not recorded","local_govt_council":"EAST ARNHEM","ward":"GUMURR MARTHAKAL","land_council":"NORTHERN LAND COUNCIL","electorate":"MULKA","ntg_region":"EAST ARNHEM","population_source":"Homelands Service Provider Report 2023","population_count":8,"longitude":135.5745,"latitude":-11.9943},"geometry":{"type":"Point","coordinates":[135.5745,-11.9943]}},
{"type":"Feature","properties":{"objectid":535,"community_id":546,"bushtel_url":"https://bushtel.nt.gov.au/profile/546","community_name":"NGILIPITJI","community_aliases":"NGULIPITJI","community_type":"Family Outstation","main_language":"Not recorded","local_govt_council":"EAST ARNHEM","ward":"GUMURR MIYARRKA","land_council":"NORTHERN LAND COUNCIL","electorate":"ARNHEM","ntg_region":"EAST ARNHEM","population_source":"Not recorded","population_count":null,"longitude":135.52562,"latitude":-13.54468},"geometry":{"type":"Point","coordinates":[135.525620000000117,-13.54468]}},
{"type":"Feature","properties":{"objectid":536,"community_id":802,"bushtel_url":"https://bushtel.nt.gov.au/profile/802","community_name":"NGIPIN","community_aliases":"NGIJBIN,NGIJIPIN,SOUTH GOULBURN","community_type":"Family Outstation","main_language":"Not recorded","local_govt_council":"WEST ARNHEM","ward":"BARRAH","land_council":"NORTHERN LAND COUNCIL","electorate":"ARAFURA","ntg_region":"TOP END","population_source":"Not recorded","population_count":null,"longitude":133.45832,"latitude":-11.60003},"geometry":{"type":"Point","coordinates":[133.45832,-11.60003]}},
{"type":"Feature","properties":{"objectid":537,"community_id":126,"bushtel_url":"https://bushtel.nt.gov.au/profile/126","community_name":"NGKWARLERLANEM","community_aliases":"NGKWARLALANIMA,NGWALALANIMA","community_type":"Family Outstation","main_language":"Not recorded","local_govt_council":"BARKLY","ward":"ALYAWARR","land_council":"CENTRAL LAND COUNCIL","electorate":"BARKLY","ntg_region":"BARKLY","population_source":"Not recorded","population_count":null,"longitude":134.79113,"latitude":-21.72741},"geometry":{"type":"Point","coordinates":[134.79113,-21.72741]}},
{"type":"Feature","properties":{"objectid":538,"community_id":633,"bushtel_url":"https://bushtel.nt.gov.au/profile/633","community_name":"NGUKURR","community_aliases":"ROPER RIVER","community_type":"Major","main_language":"Eastside Kriol","local_govt_council":"ROPER GULF","ward":"YUGUL MANGI","land_council":"NORTHERN LAND COUNCIL","electorate":"ARNHEM","ntg_region":"BIG RIVERS","population_source":"Based on ABS 2021 Census SA1","population_count":1277,"longitude":134.7321,"latitude":-14.7317},"geometry":{"type":"Point","coordinates":[134.7321,-14.7317]}},
{"type":"Feature","properties":{"objectid":539,"community_id":125,"bushtel_url":"https://bushtel.nt.gov.au/profile/125","community_name":"NGUMAN","community_aliases":"NEUMAN,NEUNMAN,NGUNMAN,NUGLUMAN","community_type":"Family Outstation","main_language":"Not recorded","local_govt_council":"MACDONNELL","ward":"LURITJA PINTUBI","land_council":"CENTRAL LAND COUNCIL","electorate":"GWOJA","ntg_region":"CENTRAL AUSTRALIA","population_source":"Not recorded","population_count":null,"longitude":129.75638,"latitude":-23.54158},"geometry":{"type":"Point","coordinates":[129.75638,-23.54158]}},
{"type":"Feature","properties":{"objectid":540,"community_id":24900,"bushtel_url":"https://bushtel.nt.gov.au/profile/24900","community_name":"NGUNGA","community_aliases":"No aliases recorded with NTG DIPL","community_type":"Family Outstation","main_language":"Not recorded","local_govt_council":"MACDONNELL","ward":"LURITJA PINTUBI","land_council":"CENTRAL LAND COUNCIL","electorate":"GWOJA","ntg_region":"CENTRAL AUSTRALIA","population_source":"Homelands Service Provider Report 2023","population_count":5,"longitude":131.2545,"latitude":-23.26484},"geometry":{"type":"Point","coordinates":[131.2545,-23.26484]}},
{"type":"Feature","properties":{"objectid":541,"community_id":915,"bushtel_url":"https://bushtel.nt.gov.au/profile/915","community_name":"NGUNTHAK","community_aliases":"No aliases recorded with NTG DIPL","community_type":"Family Outstation","main_language":"Not recorded","local_govt_council":"WEST DALY","ward":"THAMARRURR/PINDI PINDI","land_council":"NORTHERN LAND COUNCIL","electorate":"DALY","ntg_region":"TOP END","population_source":"Not recorded","population_count":null,"longitude":129.36183,"latitude":-14.40445},"geometry":{"type":"Point","coordinates":[129.36183,-14.40445]}},
{"type":"Feature","properties":{"objectid":542,"community_id":907,"bushtel_url":"https://bushtel.nt.gov.au/profile/907","community_name":"NGURRARA","community_aliases":"FREWENA,WOLLALA","community_type":"Family Outstation","main_language":"Not recorded","local_govt_council":"BARKLY","ward":"KUWARRANGU","land_council":"NORTHERN LAND COUNCIL","electorate":"BARKLY","ntg_region":"BARKLY","population_source":"Homelands Service Provider Report 2023","population_count":10,"longitude":135.40553,"latitude":-19.42135},"geometry":{"type":"Point","coordinates":[135.405530000000113,-19.42135]}},
{"type":"Feature","properties":{"objectid":543,"community_id":16217,"bushtel_url":"https://bushtel.nt.gov.au/profile/16217","community_name":"NGURRUTIJI","community_aliases":"No aliases recorded with NTG DIPL","community_type":"Family Outstation","main_language":"Not recorded","local_govt_council":"BARKLY","ward":"PATTA","land_council":"CENTRAL LAND COUNCIL","electorate":"BARKLY","ntg_region":"BARKLY","population_source":"Not recorded","population_count":null,"longitude":134.5167,"latitude":-20.1167},"geometry":{"type":"Point","coordinates":[134.5167,-20.1167]}},
{"type":"Feature","properties":{"objectid":544,"community_id":763,"bushtel_url":"https://bushtel.nt.gov.au/profile/763","community_name":"NGUTJUL","community_aliases":"No aliases recorded with NTG DIPL","community_type":"Family Outstation","main_language":"Not recorded","local_govt_council":"MACDONNELL","ward":"LURITJA PINTUBI","land_council":"CENTRAL LAND COUNCIL","electorate":"GWOJA","ntg_region":"CENTRAL AUSTRALIA","population_source":"Not recorded","population_count":null,"longitude":129.46752,"latitude":-23.29677},"geometry":{"type":"Point","coordinates":[129.46752,-23.29677]}},
{"type":"Feature","properties":{"objectid":545,"community_id":839,"bushtel_url":"https://bushtel.nt.gov.au/profile/839","community_name":"NGUYARRAMINI","community_aliases":"WAIRAMINNEE","community_type":"Family Outstation","main_language":"Not recorded","local_govt_council":"BARKLY","ward":"PATTA","land_council":"CENTRAL LAND COUNCIL","electorate":"BARKLY","ntg_region":"BARKLY","population_source":"Homelands Service Provider Report 2023","population_count":25,"longitude":134.38577,"latitude":-20.08713},"geometry":{"type":"Point","coordinates":[134.38577,-20.08713]}},
{"type":"Feature","properties":{"objectid":546,"community_id":16222,"bushtel_url":"https://bushtel.nt.gov.au/profile/16222","community_name":"NHULUNBUY","community_aliases":"No aliases recorded with NTG DIPL","community_type":"Town","main_language":"Not recorded","local_govt_council":"UN-INCORPORATED (NHULUNBUY)","ward":"Not recorded","land_council":"NORTHERN LAND COUNCIL","electorate":"MULKA","ntg_region":"EAST ARNHEM","population_source":"Not recorded","population_count":null,"longitude":136.7763,"latitude":-12.187},"geometry":{"type":"Point","coordinates":[136.776300000000106,-12.187]}},
{"type":"Feature","properties":{"objectid":547,"community_id":547,"bushtel_url":"https://bushtel.nt.gov.au/profile/547","community_name":"NIKAWU","community_aliases":"HOWARD ISLAND,NIKAWUNGYURA","community_type":"Family Outstation","main_language":"Not recorded","local_govt_council":"EAST ARNHEM","ward":"GUMURR MARTHAKAL","land_council":"NORTHERN LAND COUNCIL","electorate":"MULKA","ntg_region":"EAST ARNHEM","population_source":"Not recorded","population_count":null,"longitude":135.54545,"latitude":-12.08962},"geometry":{"type":"Point","coordinates":[135.54545,-12.08962]}},
{"type":"Feature","properties":{"objectid":548,"community_id":639,"bushtel_url":"https://bushtel.nt.gov.au/profile/639","community_name":"NITJPURRU","community_aliases":"BUNBIDEE","community_type":"Minor","main_language":"Gurindji / Ngarinyman","local_govt_council":"VICTORIA DALY","ward":"WALANGERI","land_council":"NORTHERN LAND COUNCIL","electorate":"GWOJA","ntg_region":"BIG RIVERS","population_source":"Based on ABS 2021 Census SA1","population_count":142,"longitude":131.22037,"latitude":-16.81412},"geometry":{"type":"Point","coordinates":[131.220370000000116,-16.81412]}},
{"type":"Feature","properties":{"objectid":549,"community_id":814,"bushtel_url":"https://bushtel.nt.gov.au/profile/814","community_name":"NORTH ISLAND","community_aliases":"BARRANYI,WEBE POINT","community_type":"Family Outstation","main_language":"Not recorded","local_govt_council":"ROPER GULF","ward":"SOUTH WEST GULF","land_council":"NORTHERN LAND COUNCIL","electorate":"BARKLY","ntg_region":"BIG RIVERS","population_source":"Not recorded","population_count":null,"longitude":136.84527,"latitude":-15.56294},"geometry":{"type":"Point","coordinates":[136.84527,-15.56294]}},
{"type":"Feature","properties":{"objectid":550,"community_id":770,"bushtel_url":"https://bushtel.nt.gov.au/profile/770","community_name":"NTAKARRA","community_aliases":"No aliases recorded with NTG DIPL","community_type":"Family Outstation","main_language":"Not recorded","local_govt_council":"MACDONNELL","ward":"LJIRAPINTA","land_council":"CENTRAL LAND COUNCIL","electorate":"GWOJA","ntg_region":"CENTRAL AUSTRALIA","population_source":"Homelands Service Provider Report 2023","population_count":4,"longitude":132.68001,"latitude":-23.89501},"geometry":{"type":"Point","coordinates":[132.68001,-23.89501]}},
{"type":"Feature","properties":{"objectid":551,"community_id":127,"bushtel_url":"https://bushtel.nt.gov.au/profile/127","community_name":"NTURIYA","community_aliases":"TI TREE,TI TREE STATION","community_type":"Major","main_language":"Anmatyerr","local_govt_council":"CENTRAL DESERT","ward":"ANMATJERE","land_council":"CENTRAL LAND COUNCIL","electorate":"BARKLY","ntg_region":"CENTRAL AUSTRALIA","population_source":"Based on ABS 2021 Census SA1","population_count":77,"longitude":133.26529,"latitude":-22.12379},"geometry":{"type":"Point","coordinates":[133.26529,-22.12379]}},
{"type":"Feature","properties":{"objectid":552,"community_id":251,"bushtel_url":"https://bushtel.nt.gov.au/profile/251","community_name":"NUDJABARRA","community_aliases":"NAJABARRA,NICHOLSON RIVER,NUDGABURRA,NUDGEBURRA","community_type":"Family Outstation","main_language":"Not recorded","local_govt_council":"BARKLY","ward":"KUWARRANGU","land_council":"NORTHERN LAND COUNCIL","electorate":"BARKLY","ntg_region":"BARKLY","population_source":"Not recorded","population_count":null,"longitude":137.96944,"latitude":-17.97998},"geometry":{"type":"Point","coordinates":[137.96944,-17.97998]}},
{"type":"Feature","properties":{"objectid":553,"community_id":632,"bushtel_url":"https://bushtel.nt.gov.au/profile/632","community_name":"NULAWAN","community_aliases":"NALAWAN,NALLAWAN,NALLAWUN,NALLOWA","community_type":"Family Outstation","main_language":"Not recorded","local_govt_council":"ROPER GULF","ward":"YUGUL MANGI","land_council":"NORTHERN LAND COUNCIL","electorate":"ARNHEM","ntg_region":"BIG RIVERS","population_source":"Homelands Service Provider Report 2023","population_count":4,"longitude":134.93128,"latitude":-14.78729},"geometry":{"type":"Point","coordinates":[134.93128,-14.78729]}},
{"type":"Feature","properties":{"objectid":554,"community_id":549,"bushtel_url":"https://bushtel.nt.gov.au/profile/549","community_name":"NUMBULWAR","community_aliases":"ROSE RIVER","community_type":"Major","main_language":"Eastside Kriol","local_govt_council":"ROPER GULF","ward":"NUMBULWAR NUMBURINDI","land_council":"NORTHERN LAND COUNCIL","electorate":"ARNHEM","ntg_region":"BIG RIVERS","population_source":"Based on ABS 2021 Census SA1","population_count":799,"longitude":135.7406,"latitude":-14.2791},"geometry":{"type":"Point","coordinates":[135.7406,-14.2791]}},
{"type":"Feature","properties":{"objectid":555,"community_id":635,"bushtel_url":"https://bushtel.nt.gov.au/profile/635","community_name":"NUMMERLOORI","community_aliases":"NAMALIWIRRI,NAMALURI","community_type":"Family Outstation","main_language":"Not recorded","local_govt_council":"ROPER GULF","ward":"YUGUL MANGI","land_council":"NORTHERN LAND COUNCIL","electorate":"ARNHEM","ntg_region":"BIG RIVERS","population_source":"Not recorded","population_count":null,"longitude":134.97727,"latitude":-14.59159},"geometry":{"type":"Point","coordinates":[134.97727,-14.59159]}},
{"type":"Feature","properties":{"objectid":556,"community_id":253,"bushtel_url":"https://bushtel.nt.gov.au/profile/253","community_name":"NURADIDGEE","community_aliases":"NGURADIDGEE,NGURAMINYI,NGUYARRMINI,NURADIGEE","community_type":"Family Outstation","main_language":"Not recorded","local_govt_council":"BARKLY","ward":"PATTA","land_council":"CENTRAL LAND COUNCIL","electorate":"BARKLY","ntg_region":"BARKLY","population_source":"Not recorded","population_count":null,"longitude":134.50849,"latitude":-20.11437},"geometry":{"type":"Point","coordinates":[134.50849,-20.11437]}},
{"type":"Feature","properties":{"objectid":557,"community_id":129,"bushtel_url":"https://bushtel.nt.gov.au/profile/129","community_name":"NYEWENTE","community_aliases":"NYWENTE,OOTHNARANGATCHA,TRUCKING YARDS","community_type":"Town Camp","main_language":"Not recorded","local_govt_council":"ALICE SPRINGS","ward":"Not recorded","land_council":"CENTRAL LAND COUNCIL","electorate":"BRAITLING","ntg_region":"CENTRAL AUSTRALIA","population_source":"Not recorded","population_count":null,"longitude":133.86285,"latitude":-23.68779},"geometry":{"type":"Point","coordinates":[133.86285,-23.68779]}},
{"type":"Feature","properties":{"objectid":558,"community_id":128,"bushtel_url":"https://bushtel.nt.gov.au/profile/128","community_name":"NYIRRIPI","community_aliases":"WAITE CREEK","community_type":"Major","main_language":"Warlpiri","local_govt_council":"CENTRAL DESERT","ward":"SOUTHERN TANAMI","land_council":"CENTRAL LAND COUNCIL","electorate":"GWOJA","ntg_region":"CENTRAL AUSTRALIA","population_source":"Based on ABS 2021 Census SA1","population_count":295,"longitude":130.5532,"latitude":-22.6505},"geometry":{"type":"Point","coordinates":[130.5532,-22.6505]}},
{"type":"Feature","properties":{"objectid":559,"community_id":789,"bushtel_url":"https://bushtel.nt.gov.au/profile/789","community_name":"OAK VALLEY","community_aliases":"ROBERT ROSS CAMP","community_type":"Family Outstation","main_language":"Not recorded","local_govt_council":"MACDONNELL","ward":"RODINGA","land_council":"CENTRAL LAND COUNCIL","electorate":"NAMATJIRA","ntg_region":"CENTRAL AUSTRALIA","population_source":"Homelands Service Provider Report 2023","population_count":4,"longitude":133.93218,"latitude":-24.38498},"geometry":{"type":"Point","coordinates":[133.93218,-24.38498]}},
{"type":"Feature","properties":{"objectid":560,"community_id":914,"bushtel_url":"https://bushtel.nt.gov.au/profile/914","community_name":"OLD MISSION","community_aliases":"WUNDAKUNNY","community_type":"Family Outstation","main_language":"Not recorded","local_govt_council":"WEST DALY","ward":"THAMARRURR/PINDI PINDI","land_council":"NORTHERN LAND COUNCIL","electorate":"DALY","ntg_region":"TOP END","population_source":"Homelands Service Provider Report 2023","population_count":20,"longitude":129.49807,"latitude":-14.12918},"geometry":{"type":"Point","coordinates":[129.49807,-14.12918]}},
{"type":"Feature","properties":{"objectid":561,"community_id":100,"bushtel_url":"https://bushtel.nt.gov.au/profile/100","community_name":"OLD STATION","community_aliases":"MBAKUPUTA,MPAKAPUTA,PMAKAPUTA","community_type":"Family Outstation","main_language":"Not recorded","local_govt_council":"MACDONNELL","ward":"LJIRAPINTA","land_council":"CENTRAL LAND COUNCIL","electorate":"GWOJA","ntg_region":"CENTRAL AUSTRALIA","population_source":"Homelands Service Provider Report 2023","population_count":2,"longitude":132.86345,"latitude":-24.01911},"geometry":{"type":"Point","coordinates":[132.86345,-24.01911]}},
{"type":"Feature","properties":{"objectid":562,"community_id":878,"bushtel_url":"https://bushtel.nt.gov.au/profile/878","community_name":"OONDALOO","community_aliases":"No aliases recorded with NTG DIPL","community_type":"Family Outstation","main_language":"Not recorded","local_govt_council":"MACDONNELL","ward":"IYARRKA","land_council":"CENTRAL LAND COUNCIL","electorate":"GWOJA","ntg_region":"CENTRAL AUSTRALIA","population_source":"Not recorded","population_count":null,"longitude":129.06454,"latitude":-24.88715},"geometry":{"type":"Point","coordinates":[129.06454,-24.88715]}},
{"type":"Feature","properties":{"objectid":563,"community_id":26,"bushtel_url":"https://bushtel.nt.gov.au/profile/26","community_name":"ORRTIPA-THURRA","community_aliases":"BAIKAL,BONYA,DORTIPPA-THURRA ASSOC,ORRTIPA THURRA,ORTIPETHERRE,ORTIPPA THURA","community_type":"Minor","main_language":"Not recorded","local_govt_council":"CENTRAL DESERT","ward":"AKITYARRE","land_council":"CENTRAL LAND COUNCIL","electorate":"NAMATJIRA","ntg_region":"CENTRAL AUSTRALIA","population_source":"Homelands Service Provider Report 2023","population_count":62,"longitude":136.16829,"latitude":-22.78458},"geometry":{"type":"Point","coordinates":[136.16829,-22.78458]}},
{"type":"Feature","properties":{"objectid":564,"community_id":975,"bushtel_url":"https://bushtel.nt.gov.au/profile/975","community_name":"PAKULKI","community_aliases":"No aliases recorded with NTG DIPL","community_type":"Family Outstation","main_language":"Not recorded","local_govt_council":"BARKLY","ward":"PATTA","land_council":"CENTRAL LAND COUNCIL","electorate":"BARKLY","ntg_region":"BARKLY","population_source":"Homelands Service Provider Report 2023","population_count":6,"longitude":134.41846,"latitude":-19.50438},"geometry":{"type":"Point","coordinates":[134.41846,-19.50438]}},
{"type":"Feature","properties":{"objectid":565,"community_id":773,"bushtel_url":"https://bushtel.nt.gov.au/profile/773","community_name":"PALM PADDOCK","community_aliases":"INTIYA MANGAMA,INTIYAMANGAMA,INTYAMANGAMA,PALM VALLEY","community_type":"Family Outstation","main_language":"Not recorded","local_govt_council":"MACDONNELL","ward":"LJIRAPINTA","land_council":"CENTRAL LAND COUNCIL","electorate":"GWOJA","ntg_region":"CENTRAL AUSTRALIA","population_source":"Homelands Service Provider Report 2023","population_count":4,"longitude":132.68126,"latitude":-24.08534},"geometry":{"type":"Point","coordinates":[132.68126,-24.08534]}},
{"type":"Feature","properties":{"objectid":566,"community_id":17470,"bushtel_url":"https://bushtel.nt.gov.au/profile/17470","community_name":"PALMERSTON","community_aliases":"No aliases recorded with NTG DIPL","community_type":"Town","main_language":"Not recorded","local_govt_council":"PALMERSTON","ward":"Not recorded","land_council":"NORTHERN LAND COUNCIL","electorate":"DRYSDALE","ntg_region":"DARWIN, PALMERSTON, LITCHFIELD","population_source":"Not recorded","population_count":null,"longitude":130.9841,"latitude":-12.4808},"geometry":{"type":"Point","coordinates":[130.9841,-12.4808]}},
{"type":"Feature","properties":{"objectid":567,"community_id":403,"bushtel_url":"https://bushtel.nt.gov.au/profile/403","community_name":"PALMERSTON INDIGENOUS VILLAGE","community_aliases":"16 MILE,PALMERSTON TOWN CAMP","community_type":"Town Camp","main_language":"Not recorded","local_govt_council":"PALMERSTON","ward":"Not recorded","land_council":"NORTHERN LAND COUNCIL","electorate":"NELSON","ntg_region":"DARWIN, PALMERSTON, LITCHFIELD","population_source":"Not recorded","population_count":null,"longitude":131.01168,"latitude":-12.4881},"geometry":{"type":"Point","coordinates":[131.01168,-12.4881]}},
{"type":"Feature","properties":{"objectid":568,"community_id":369,"bushtel_url":"https://bushtel.nt.gov.au/profile/369","community_name":"PANDAYAL","community_aliases":"MCCALLUM CREEK,MCCULLUM,TWIN HILL,TWO SISTERS HILLS","community_type":"Family Outstation","main_language":"Not recorded","local_govt_council":"UN-INCORPORATED (COX-DALY)","ward":"Not recorded","land_council":"NORTHERN LAND COUNCIL","electorate":"DALY","ntg_region":"TOP END","population_source":"Homelands Service Provider Report 2023","population_count":8,"longitude":130.55589,"latitude":-13.07478},"geometry":{"type":"Point","coordinates":[130.55589,-13.07478]}},
{"type":"Feature","properties":{"objectid":569,"community_id":997,"bushtel_url":"https://bushtel.nt.gov.au/profile/997","community_name":"PANTHARRPILENHE","community_aliases":"AMBALINDUM,PANEL WELL","community_type":"Family Outstation","main_language":"Not recorded","local_govt_council":"CENTRAL DESERT","ward":"AKITYARRE","land_council":"CENTRAL LAND COUNCIL","electorate":"NAMATJIRA","ntg_region":"CENTRAL AUSTRALIA","population_source":"Homelands Service Provider Report 2023","population_count":4,"longitude":134.78921,"latitude":-23.37058},"geometry":{"type":"Point","coordinates":[134.78921,-23.37058]}},
{"type":"Feature","properties":{"objectid":570,"community_id":854,"bushtel_url":"https://bushtel.nt.gov.au/profile/854","community_name":"PANTYINTEME","community_aliases":"CAVE HOLE","community_type":"Family Outstation","main_language":"Not recorded","local_govt_council":"MACDONNELL","ward":"LJIRAPINTA","land_council":"CENTRAL LAND COUNCIL","electorate":"GWOJA","ntg_region":"CENTRAL AUSTRALIA","population_source":"Homelands Service Provider Report 2023","population_count":12,"longitude":133.11207,"latitude":-24.45011},"geometry":{"type":"Point","coordinates":[133.11207,-24.45011]}},
{"type":"Feature","properties":{"objectid":571,"community_id":405,"bushtel_url":"https://bushtel.nt.gov.au/profile/405","community_name":"PAPANGALA","community_aliases":"MULCHILL,PERREDERR","community_type":"Family Outstation","main_language":"Not recorded","local_govt_council":"WEST DALY","ward":"THAMARRURR/PINDI PINDI","land_council":"NORTHERN LAND COUNCIL","electorate":"DALY","ntg_region":"TOP END","population_source":"Homelands Service Provider Report 2023","population_count":12,"longitude":130.02548,"latitude":-14.30762},"geometry":{"type":"Point","coordinates":[130.02548,-14.30762]}},
{"type":"Feature","properties":{"objectid":572,"community_id":131,"bushtel_url":"https://bushtel.nt.gov.au/profile/131","community_name":"PAPUNYA","community_aliases":"No aliases recorded with NTG DIPL","community_type":"Major","main_language":"Luritja/Pintupi","local_govt_council":"MACDONNELL","ward":"LURITJA PINTUBI","land_council":"CENTRAL LAND COUNCIL","electorate":"GWOJA","ntg_region":"CENTRAL AUSTRALIA","population_source":"Based on ABS 2021 Census SA1","population_count":514,"longitude":131.9111,"latitude":-23.20306},"geometry":{"type":"Point","coordinates":[131.9111,-23.20306]}},
{"type":"Feature","properties":{"objectid":573,"community_id":281,"bushtel_url":"https://bushtel.nt.gov.au/profile/281","community_name":"PARADISE FARM","community_aliases":"ALDERSON,ALDERSON STATION,JIM JIM PARK HQ,JIM JIM RANGER STATION","community_type":"Family Outstation","main_language":"Not recorded","local_govt_council":"WEST ARNHEM","ward":"KAKADU","land_council":"NORTHERN LAND COUNCIL","electorate":"ARAFURA","ntg_region":"TOP END","population_source":"Homelands Service Provider Report 2023","population_count":12,"longitude":132.53271,"latitude":-12.9391},"geometry":{"type":"Point","coordinates":[132.53271,-12.9391]}},
{"type":"Feature","properties":{"objectid":574,"community_id":638,"bushtel_url":"https://bushtel.nt.gov.au/profile/638","community_name":"PARNTA","community_aliases":"WINNECKE","community_type":"Family Outstation","main_language":"Not recorded","local_govt_council":"CENTRAL DESERT","ward":"NORTHERN TANAMI","land_council":"CENTRAL LAND COUNCIL","electorate":"GWOJA","ntg_region":"BIG RIVERS","population_source":"Not recorded","population_count":null,"longitude":130.65104,"latitude":-18.68438},"geometry":{"type":"Point","coordinates":[130.65104,-18.68438]}},
{"type":"Feature","properties":{"objectid":575,"community_id":40,"bushtel_url":"https://bushtel.nt.gov.au/profile/40","community_name":"PARRULYU","community_aliases":"MT DAVIDSON,YARRIPIRRI","community_type":"Family Outstation","main_language":"Not recorded","local_govt_council":"CENTRAL DESERT","ward":"NORTHERN TANAMI","land_council":"CENTRAL LAND COUNCIL","electorate":"GWOJA","ntg_region":"CENTRAL AUSTRALIA","population_source":"Not recorded","population_count":null,"longitude":130.90912,"latitude":-20.45276},"geometry":{"type":"Point","coordinates":[130.90912,-20.45276]}},
{"type":"Feature","properties":{"objectid":576,"community_id":407,"bushtel_url":"https://bushtel.nt.gov.au/profile/407","community_name":"PARU","community_aliases":"No aliases recorded with NTG DIPL","community_type":"Family Outstation","main_language":"Not recorded","local_govt_council":"TIWI ISLANDS","ward":"PIRLANGIMPI WARD","land_council":"TIWI LAND COUNCIL","electorate":"ARAFURA","ntg_region":"TOP END","population_source":"Homelands Service Provider Report 2023","population_count":3,"longitude":130.64642,"latitude":-11.74982},"geometry":{"type":"Point","coordinates":[130.64642,-11.74982]}},
{"type":"Feature","properties":{"objectid":577,"community_id":409,"bushtel_url":"https://bushtel.nt.gov.au/profile/409","community_name":"PATONGA (AIRSTRIP)","community_aliases":"MURDUJUL","community_type":"Family Outstation","main_language":"Not recorded","local_govt_council":"WEST ARNHEM","ward":"KAKADU","land_council":"NORTHERN LAND COUNCIL","electorate":"ARAFURA","ntg_region":"TOP END","population_source":"Homelands Service Provider Report 2023","population_count":15,"longitude":132.56901,"latitude":-12.94826},"geometry":{"type":"Point","coordinates":[132.56901,-12.94826]}},
{"type":"Feature","properties":{"objectid":578,"community_id":900,"bushtel_url":"https://bushtel.nt.gov.au/profile/900","community_name":"PATONGA (HOMESTEAD)","community_aliases":"No aliases recorded with NTG DIPL","community_type":"Family Outstation","main_language":"Not recorded","local_govt_council":"WEST ARNHEM","ward":"KAKADU","land_council":"NORTHERN LAND COUNCIL","electorate":"ARAFURA","ntg_region":"TOP END","population_source":"Homelands Service Provider Report 2023","population_count":10,"longitude":132.58047,"latitude":-12.95803},"geometry":{"type":"Point","coordinates":[132.580470000000105,-12.95803]}},
{"type":"Feature","properties":{"objectid":579,"community_id":926,"bushtel_url":"https://bushtel.nt.gov.au/profile/926","community_name":"PAYEPERRENTYE (B)","community_aliases":"No aliases recorded with NTG DIPL","community_type":"Family Outstation","main_language":"Not recorded","local_govt_council":"MACDONNELL","ward":"RODINGA","land_council":"CENTRAL LAND COUNCIL","electorate":"NAMATJIRA","ntg_region":"CENTRAL AUSTRALIA","population_source":"Homelands Service Provider Report 2023","population_count":4,"longitude":133.55621,"latitude":-23.77074},"geometry":{"type":"Point","coordinates":[133.55621,-23.77074]}},
{"type":"Feature","properties":{"objectid":580,"community_id":1014,"bushtel_url":"https://bushtel.nt.gov.au/profile/1014","community_name":"PENYEME","community_aliases":"No aliases recorded with NTG DIPL","community_type":"Family Outstation","main_language":"Not recorded","local_govt_council":"CENTRAL DESERT","ward":"AKITYARRE","land_council":"CENTRAL LAND COUNCIL","electorate":"NAMATJIRA","ntg_region":"CENTRAL AUSTRALIA","population_source":"Not recorded","population_count":null,"longitude":135.67273,"latitude":-22.78725},"geometry":{"type":"Point","coordinates":[135.672730000000115,-22.78725]}},
{"type":"Feature","properties":{"objectid":581,"community_id":410,"bushtel_url":"https://bushtel.nt.gov.au/profile/410","community_name":"PEPPIMENARTI","community_aliases":"No aliases recorded with NTG DIPL","community_type":"Major","main_language":"Ngan'gikurunggurr","local_govt_council":"WEST DALY","ward":"TYEMIRRI","land_council":"NORTHERN LAND COUNCIL","electorate":"DALY","ntg_region":"TOP END","population_source":"Based on ABS 2021 Census SA1","population_count":223,"longitude":130.0763,"latitude":-14.1503},"geometry":{"type":"Point","coordinates":[130.0763,-14.1503]}},
{"type":"Feature","properties":{"objectid":582,"community_id":406,"bushtel_url":"https://bushtel.nt.gov.au/profile/406","community_name":"PERREDERR","community_aliases":"MULCHILL,PARADALE","community_type":"Family Outstation","main_language":"Not recorded","local_govt_council":"WEST DALY","ward":"THAMARRURR/PINDI PINDI","land_council":"NORTHERN LAND COUNCIL","electorate":"DALY","ntg_region":"TOP END","population_source":"Homelands Service Provider Report 2023","population_count":61,"longitude":129.82661,"latitude":-14.01963},"geometry":{"type":"Point","coordinates":[129.82661,-14.01963]}},
{"type":"Feature","properties":{"objectid":583,"community_id":859,"bushtel_url":"https://bushtel.nt.gov.au/profile/859","community_name":"PERTARRATENGE","community_aliases":"BOOMERANG BORE","community_type":"Family Outstation","main_language":"Not recorded","local_govt_council":"MACDONNELL","ward":"LJIRAPINTA","land_council":"CENTRAL LAND COUNCIL","electorate":"GWOJA","ntg_region":"CENTRAL AUSTRALIA","population_source":"Homelands Service Provider Report 2023","population_count":24,"longitude":133.31956,"latitude":-24.41326},"geometry":{"type":"Point","coordinates":[133.31956,-24.41326]}},
{"type":"Feature","properties":{"objectid":584,"community_id":927,"bushtel_url":"https://bushtel.nt.gov.au/profile/927","community_name":"PERTE THERRE","community_aliases":"No aliases recorded with NTG DIPL","community_type":"Family Outstation","main_language":"Not recorded","local_govt_council":"MACDONNELL","ward":"RODINGA","land_council":"CENTRAL LAND COUNCIL","electorate":"NAMATJIRA","ntg_region":"CENTRAL AUSTRALIA","population_source":"Homelands Service Provider Report 2023","population_count":17,"longitude":133.64573,"latitude":-23.75818},"geometry":{"type":"Point","coordinates":[133.64573,-23.75818]}},
{"type":"Feature","properties":{"objectid":585,"community_id":860,"bushtel_url":"https://bushtel.nt.gov.au/profile/860","community_name":"PETYALE","community_aliases":"No aliases recorded with NTG DIPL","community_type":"Family Outstation","main_language":"Not recorded","local_govt_council":"CENTRAL DESERT","ward":"ANMATJERE","land_council":"CENTRAL LAND COUNCIL","electorate":"BARKLY","ntg_region":"CENTRAL AUSTRALIA","population_source":"Homelands Service Provider Report 2023","population_count":3,"longitude":133.43363,"latitude":-21.99972},"geometry":{"type":"Point","coordinates":[133.433630000000107,-21.99972]}},
{"type":"Feature","properties":{"objectid":586,"community_id":133,"bushtel_url":"https://bushtel.nt.gov.au/profile/133","community_name":"PHILLIPSON BORE","community_aliases":"PHILIPSON BORE","community_type":"Family Outstation","main_language":"Not recorded","local_govt_council":"MACDONNELL","ward":"RODINGA","land_council":"CENTRAL LAND COUNCIL","electorate":"NAMATJIRA","ntg_region":"CENTRAL AUSTRALIA","population_source":"Homelands Service Provider Report 2023","population_count":6,"longitude":134.43038,"latitude":-24.09593},"geometry":{"type":"Point","coordinates":[134.43038,-24.09593]}},
{"type":"Feature","properties":{"objectid":587,"community_id":604,"bushtel_url":"https://bushtel.nt.gov.au/profile/604","community_name":"PICININNY BORE","community_aliases":"BLACK HILLS,TJABALAJABALA","community_type":"Family Outstation","main_language":"Not recorded","local_govt_council":"CENTRAL DESERT","ward":"NORTHERN TANAMI","land_council":"CENTRAL LAND COUNCIL","electorate":"GWOJA","ntg_region":"CENTRAL AUSTRALIA","population_source":"Not recorded","population_count":null,"longitude":129.78279,"latitude":-19.82711},"geometry":{"type":"Point","coordinates":[129.78279,-19.82711]}},
{"type":"Feature","properties":{"objectid":588,"community_id":744,"bushtel_url":"https://bushtel.nt.gov.au/profile/744","community_name":"PICKERTARAMOOR","community_aliases":"No aliases recorded with NTG DIPL","community_type":"Minor","main_language":"Not recorded","local_govt_council":"TIWI ISLANDS","ward":"PIRLANGIMPI WARD","land_council":"TIWI LAND COUNCIL","electorate":"ARAFURA","ntg_region":"TOP END","population_source":"Not recorded","population_count":null,"longitude":130.89011,"latitude":-11.76361},"geometry":{"type":"Point","coordinates":[130.89011,-11.76361]}},
{"type":"Feature","properties":{"objectid":589,"community_id":17626,"bushtel_url":"https://bushtel.nt.gov.au/profile/17626","community_name":"PINE CREEK","community_aliases":"No aliases recorded with NTG DIPL","community_type":"Village","main_language":"Not recorded","local_govt_council":"VICTORIA DALY","ward":"PINE CREEK","land_council":"NORTHERN LAND COUNCIL","electorate":"DALY","ntg_region":"BIG RIVERS","population_source":"Based on ABS 2021 Census SA1","population_count":373,"longitude":131.8344,"latitude":-13.8227},"geometry":{"type":"Point","coordinates":[131.8344,-13.8227]}},
{"type":"Feature","properties":{"objectid":590,"community_id":640,"bushtel_url":"https://bushtel.nt.gov.au/profile/640","community_name":"PINE CREEK COMPOUND","community_aliases":"STOCKADE CAMP","community_type":"Town Camp","main_language":"Not recorded","local_govt_council":"VICTORIA DALY","ward":"PINE CREEK","land_council":"NORTHERN LAND COUNCIL","electorate":"DALY","ntg_region":"BIG RIVERS","population_source":"Not recorded","population_count":null,"longitude":131.83106,"latitude":-13.81601},"geometry":{"type":"Point","coordinates":[131.83106,-13.81601]}},
{"type":"Feature","properties":{"objectid":591,"community_id":134,"bushtel_url":"https://bushtel.nt.gov.au/profile/134","community_name":"PINE HILL","community_aliases":"ANYUMGYUMBA,AYUNGYMBA","community_type":"Family Outstation","main_language":"Not recorded","local_govt_council":"CENTRAL DESERT","ward":"ANMATJERE","land_council":"CENTRAL LAND COUNCIL","electorate":"BARKLY","ntg_region":"CENTRAL AUSTRALIA","population_source":"Not recorded","population_count":null,"longitude":133.05366,"latitude":-22.37949},"geometry":{"type":"Point","coordinates":[133.05366,-22.37949]}},
{"type":"Feature","properties":{"objectid":592,"community_id":255,"bushtel_url":"https://bushtel.nt.gov.au/profile/255","community_name":"PINGALA","community_aliases":"JRUNTU JANGU,JURNTA JUNGU,JURNTU JUNGU,NUALIDU","community_type":"Family Outstation","main_language":"Not recorded","local_govt_council":"BARKLY","ward":"PATTA","land_council":"CENTRAL LAND COUNCIL","electorate":"BARKLY","ntg_region":"BARKLY","population_source":"Not recorded","population_count":null,"longitude":133.88269,"latitude":-19.0932},"geometry":{"type":"Point","coordinates":[133.88269,-19.0932]}},
{"type":"Feature","properties":{"objectid":593,"community_id":752,"bushtel_url":"https://bushtel.nt.gov.au/profile/752","community_name":"PINJA","community_aliases":"MT WINNECKE,PIELEGJA,PILEAJA,WINNECKE CREEK","community_type":"Family Outstation","main_language":"Not recorded","local_govt_council":"CENTRAL DESERT","ward":"NORTHERN TANAMI","land_council":"CENTRAL LAND COUNCIL","electorate":"GWOJA","ntg_region":"BIG RIVERS","population_source":"Not recorded","population_count":null,"longitude":130.37095,"latitude":-18.80958},"geometry":{"type":"Point","coordinates":[130.370950000000107,-18.80958]}},
{"type":"Feature","properties":{"objectid":594,"community_id":136,"bushtel_url":"https://bushtel.nt.gov.au/profile/136","community_name":"PINPIRNGA","community_aliases":"DESERT BORE,PINIARNGA,PINPIARNA,PINPIARNGA,PINPIRRNGA","community_type":"Family Outstation","main_language":"Not recorded","local_govt_council":"MACDONNELL","ward":"LURITJA PINTUBI","land_council":"CENTRAL LAND COUNCIL","electorate":"GWOJA","ntg_region":"CENTRAL AUSTRALIA","population_source":"Not recorded","population_count":null,"longitude":129.46322,"latitude":-23.16275},"geometry":{"type":"Point","coordinates":[129.46322,-23.16275]}},
{"type":"Feature","properties":{"objectid":595,"community_id":411,"bushtel_url":"https://bushtel.nt.gov.au/profile/411","community_name":"PIRLANGIMPI","community_aliases":"GARDEN POINT,PULARUMPI","community_type":"Major","main_language":"Tiwi (Modern and Traditional)","local_govt_council":"TIWI ISLANDS","ward":"PIRLANGIMPI WARD","land_council":"TIWI LAND COUNCIL","electorate":"ARAFURA","ntg_region":"TOP END","population_source":"Based on ABS 2021 Census SA1","population_count":372,"longitude":130.4172,"latitude":-11.4059},"geometry":{"type":"Point","coordinates":[130.4172,-11.4059]}},
{"type":"Feature","properties":{"objectid":596,"community_id":138,"bushtel_url":"https://bushtel.nt.gov.au/profile/138","community_name":"PMARA JUTUNTA","community_aliases":"SIX MILE,TI TREE SIX MILE","community_type":"Major","main_language":"Anmatyerr / Warlpiri","local_govt_council":"CENTRAL DESERT","ward":"ANMATJERE","land_council":"CENTRAL LAND COUNCIL","electorate":"BARKLY","ntg_region":"CENTRAL AUSTRALIA","population_source":"Based on ABS 2021 Census SA1","population_count":169,"longitude":133.43073,"latitude":-22.20878},"geometry":{"type":"Point","coordinates":[133.43073,-22.20878]}},
{"type":"Feature","properties":{"objectid":597,"community_id":701,"bushtel_url":"https://bushtel.nt.gov.au/profile/701","community_name":"POLICEMANS HOLE","community_aliases":"LITTLE POLICEMANS HOLE,NYAWANYAWAN DAWANG","community_type":"Family Outstation","main_language":"Not recorded","local_govt_council":"VICTORIA DALY","ward":"TIMBER CREEK","land_council":"NORTHERN LAND COUNCIL","electorate":"GWOJA","ntg_region":"BIG RIVERS","population_source":"Not recorded","population_count":null,"longitude":129.10654,"latitude":-15.77853},"geometry":{"type":"Point","coordinates":[129.106540000000109,-15.77853]}},
{"type":"Feature","properties":{"objectid":598,"community_id":139,"bushtel_url":"https://bushtel.nt.gov.au/profile/139","community_name":"PULARDI","community_aliases":"DESERT BORE,MT ALLAN","community_type":"Family Outstation","main_language":"Not recorded","local_govt_council":"CENTRAL DESERT","ward":"ANMATJERE","land_council":"CENTRAL LAND COUNCIL","electorate":"GWOJA","ntg_region":"CENTRAL AUSTRALIA","population_source":"Homelands Service Provider Report 2023","population_count":40,"longitude":132.37978,"latitude":-22.56332},"geometry":{"type":"Point","coordinates":[132.37978,-22.56332]}},
{"type":"Feature","properties":{"objectid":599,"community_id":730,"bushtel_url":"https://bushtel.nt.gov.au/profile/730","community_name":"PUNGALINDUM","community_aliases":"ALPARRINYA,APENGARLINTEM,APUNGALINDUM,PUNGALINDEM,PUNGALINOEM","community_type":"Family Outstation","main_language":"Not recorded","local_govt_council":"BARKLY","ward":"ALYAWARR","land_council":"CENTRAL LAND COUNCIL","electorate":"BARKLY","ntg_region":"BARKLY","population_source":"Homelands Service Provider Report 2023","population_count":33,"longitude":134.68879,"latitude":-22.07061},"geometry":{"type":"Point","coordinates":[134.68879,-22.07061]}},
{"type":"Feature","properties":{"objectid":600,"community_id":840,"bushtel_url":"https://bushtel.nt.gov.au/profile/840","community_name":"PUNJARRIJI","community_aliases":"MOSQUITO CREEK","community_type":"Family Outstation","main_language":"Not recorded","local_govt_council":"BARKLY","ward":"PATTA","land_council":"CENTRAL LAND COUNCIL","electorate":"BARKLY","ntg_region":"BARKLY","population_source":"Not recorded","population_count":null,"longitude":134.50807,"latitude":-20.31062},"geometry":{"type":"Point","coordinates":[134.50807,-20.31062]}},
{"type":"Feature","properties":{"objectid":601,"community_id":140,"bushtel_url":"https://bushtel.nt.gov.au/profile/140","community_name":"PUNRITJANTA","community_aliases":"BLOODS RANGE,PUNITJANTA,PUNTITJARA,PUNTITJATA","community_type":"Family Outstation","main_language":"Not recorded","local_govt_council":"MACDONNELL","ward":"IYARRKA","land_council":"CENTRAL LAND COUNCIL","electorate":"GWOJA","ntg_region":"CENTRAL AUSTRALIA","population_source":"Not recorded","population_count":null,"longitude":129.29393,"latitude":-24.67392},"geometry":{"type":"Point","coordinates":[129.29393,-24.67392]}},
{"type":"Feature","properties":{"objectid":602,"community_id":732,"bushtel_url":"https://bushtel.nt.gov.au/profile/732","community_name":"PURRUKUWURRU","community_aliases":"No aliases recorded with NTG DIPL","community_type":"Family Outstation","main_language":"Not recorded","local_govt_council":"BARKLY","ward":"ALYAWARR","land_council":"CENTRAL LAND COUNCIL","electorate":"BARKLY","ntg_region":"BARKLY","population_source":"Not recorded","population_count":null,"longitude":135.69629,"latitude":-19.94562},"geometry":{"type":"Point","coordinates":[135.69629,-19.94562]}},
{"type":"Feature","properties":{"objectid":603,"community_id":141,"bushtel_url":"https://bushtel.nt.gov.au/profile/141","community_name":"PUTA PUTA","community_aliases":"No aliases recorded with NTG DIPL","community_type":"Family Outstation","main_language":"Not recorded","local_govt_council":"MACDONNELL","ward":"IYARRKA","land_council":"CENTRAL LAND COUNCIL","electorate":"GWOJA","ntg_region":"CENTRAL AUSTRALIA","population_source":"Not recorded","population_count":null,"longitude":129.64045,"latitude":-25.07345},"geometry":{"type":"Point","coordinates":[129.640450000000101,-25.07345]}},
{"type":"Feature","properties":{"objectid":604,"community_id":1020,"bushtel_url":"https://bushtel.nt.gov.au/profile/1020","community_name":"PUTJAMIRRA","community_aliases":"PITJAMIRRA","community_type":"Family Outstation","main_language":"Not recorded","local_govt_council":"TIWI ISLANDS","ward":"PIRLANGIMPI WARD","land_council":"TIWI LAND COUNCIL","electorate":"ARAFURA","ntg_region":"TOP END","population_source":"Homelands Service Provider Report 2023","population_count":4,"longitude":130.36849,"latitude":-11.22457},"geometry":{"type":"Point","coordinates":[130.36849,-11.22457]}},
{"type":"Feature","properties":{"objectid":605,"community_id":117,"bushtel_url":"https://bushtel.nt.gov.au/profile/117","community_name":"PUTULU","community_aliases":"MT. THEO,PITULU,PUTULAI,PUTURLU,WANAYAKA","community_type":"Family Outstation","main_language":"Not recorded","local_govt_council":"CENTRAL DESERT","ward":"SOUTHERN TANAMI","land_council":"CENTRAL LAND COUNCIL","electorate":"GWOJA","ntg_region":"CENTRAL AUSTRALIA","population_source":"Not recorded","population_count":null,"longitude":131.36997,"latitude":-21.34382},"geometry":{"type":"Point","coordinates":[131.36997,-21.34382]}},
{"type":"Feature","properties":{"objectid":606,"community_id":142,"bushtel_url":"https://bushtel.nt.gov.au/profile/142","community_name":"PUYURRU","community_aliases":"No aliases recorded with NTG DIPL","community_type":"Family Outstation","main_language":"Not recorded","local_govt_council":"CENTRAL DESERT","ward":"SOUTHERN TANAMI","land_council":"CENTRAL LAND COUNCIL","electorate":"GWOJA","ntg_region":"CENTRAL AUSTRALIA","population_source":"Not recorded","population_count":null,"longitude":130.81753,"latitude":-21.33117},"geometry":{"type":"Point","coordinates":[130.81753,-21.33117]}},
{"type":"Feature","properties":{"objectid":607,"community_id":940,"bushtel_url":"https://bushtel.nt.gov.au/profile/940","community_name":"PWERTE MARNTE MARNTE","community_aliases":"JOHN HOLLAND BORE","community_type":"Family Outstation","main_language":"Not recorded","local_govt_council":"MACDONNELL","ward":"RODINGA","land_council":"CENTRAL LAND COUNCIL","electorate":"NAMATJIRA","ntg_region":"CENTRAL AUSTRALIA","population_source":"Homelands Service Provider Report 2023","population_count":20,"longitude":133.71982,"latitude":-24.37338},"geometry":{"type":"Point","coordinates":[133.71982,-24.37338]}},
{"type":"Feature","properties":{"objectid":608,"community_id":791,"bushtel_url":"https://bushtel.nt.gov.au/profile/791","community_name":"PWERTENTYE","community_aliases":"JACK BRISCOE'S CAMP","community_type":"Family Outstation","main_language":"Not recorded","local_govt_council":"CENTRAL DESERT","ward":"AKITYARRE","land_council":"CENTRAL LAND COUNCIL","electorate":"NAMATJIRA","ntg_region":"CENTRAL AUSTRALIA","population_source":"Not recorded","population_count":null,"longitude":134.79239,"latitude":-23.37291},"geometry":{"type":"Point","coordinates":[134.79239,-23.37291]}},
{"type":"Feature","properties":{"objectid":609,"community_id":412,"bushtel_url":"https://bushtel.nt.gov.au/profile/412","community_name":"RAILWAY DAM","community_aliases":"ONE MILE DAM","community_type":"Town Camp","main_language":"Not recorded","local_govt_council":"DARWIN","ward":"LYONS","land_council":"NORTHERN LAND COUNCIL","electorate":"PORT DARWIN","ntg_region":"DARWIN, PALMERSTON, LITCHFIELD","population_source":"Not recorded","population_count":null,"longitude":130.8439,"latitude":-12.45404},"geometry":{"type":"Point","coordinates":[130.8439,-12.45404]}},
{"type":"Feature","properties":{"objectid":610,"community_id":550,"bushtel_url":"https://bushtel.nt.gov.au/profile/550","community_name":"RAMINGINING","community_aliases":"No aliases recorded with NTG DIPL","community_type":"Major","main_language":"Yolngu Matha (Djambarrpuyngu)","local_govt_council":"EAST ARNHEM","ward":"BIRR RAWARRANG","land_council":"NORTHERN LAND COUNCIL","electorate":"MULKA","ntg_region":"EAST ARNHEM","population_source":"Based on ABS 2021 Census SA1","population_count":956,"longitude":134.93001,"latitude":-12.32779},"geometry":{"type":"Point","coordinates":[134.93001,-12.32779]}},
{"type":"Feature","properties":{"objectid":611,"community_id":874,"bushtel_url":"https://bushtel.nt.gov.au/profile/874","community_name":"RARANGANTJUTA","community_aliases":"No aliases recorded with NTG DIPL","community_type":"Family Outstation","main_language":"Not recorded","local_govt_council":"MACDONNELL","ward":"LJIRAPINTA","land_council":"CENTRAL LAND COUNCIL","electorate":"GWOJA","ntg_region":"CENTRAL AUSTRALIA","population_source":"Not recorded","population_count":null,"longitude":133.14814,"latitude":-23.98488},"geometry":{"type":"Point","coordinates":[133.14814,-23.98488]}},
{"type":"Feature","properties":{"objectid":612,"community_id":552,"bushtel_url":"https://bushtel.nt.gov.au/profile/552","community_name":"RAYMANGIRR","community_aliases":"RAMANGIRR,RAMUNGIRR","community_type":"Family Outstation","main_language":"Not recorded","local_govt_council":"EAST ARNHEM","ward":"GUMURR MIYARRKA","land_council":"NORTHERN LAND COUNCIL","electorate":"ARNHEM","ntg_region":"EAST ARNHEM","population_source":"Homelands Service Provider Report 2023","population_count":26,"longitude":136.00253,"latitude":-12.34031},"geometry":{"type":"Point","coordinates":[136.00253,-12.34031]}},
{"type":"Feature","properties":{"objectid":613,"community_id":799,"bushtel_url":"https://bushtel.nt.gov.au/profile/799","community_name":"RED LILY","community_aliases":"GIINDA,GINA","community_type":"Family Outstation","main_language":"Not recorded","local_govt_council":"WEST ARNHEM","ward":"KAKADU","land_council":"NORTHERN LAND COUNCIL","electorate":"ARAFURA","ntg_region":"TOP END","population_source":"Homelands Service Provider Report 2023","population_count":5,"longitude":132.56967,"latitude":-12.86449},"geometry":{"type":"Point","coordinates":[132.56967,-12.86449]}},
{"type":"Feature","properties":{"objectid":614,"community_id":5,"bushtel_url":"https://bushtel.nt.gov.au/profile/5","community_name":"RED SANDHILL","community_aliases":"INTJIRRANGA","community_type":"Family Outstation","main_language":"Not recorded","local_govt_council":"MACDONNELL","ward":"LJIRAPINTA","land_council":"CENTRAL LAND COUNCIL","electorate":"GWOJA","ntg_region":"CENTRAL AUSTRALIA","population_source":"Homelands Service Provider Report 2023","population_count":3,"longitude":132.85279,"latitude":-24.00974},"geometry":{"type":"Point","coordinates":[132.85279,-24.00974]}},
{"type":"Feature","properties":{"objectid":615,"community_id":414,"bushtel_url":"https://bushtel.nt.gov.au/profile/414","community_name":"REDCLIFF","community_aliases":"YEDDAIRT","community_type":"Family Outstation","main_language":"Not recorded","local_govt_council":"WEST DALY","ward":"THAMARRURR/PINDI PINDI","land_council":"NORTHERN LAND COUNCIL","electorate":"DALY","ntg_region":"TOP END","population_source":"Homelands Service Provider Report 2023","population_count":27,"longitude":129.70813,"latitude":-14.01484},"geometry":{"type":"Point","coordinates":[129.70813,-14.01484]}},
{"type":"Feature","properties":{"objectid":616,"community_id":641,"bushtel_url":"https://bushtel.nt.gov.au/profile/641","community_name":"RITTARANGU","community_aliases":"URAPUNGA","community_type":"Minor","main_language":"Eastside Kriol","local_govt_council":"ROPER GULF","ward":"YUGUL MANGI","land_council":"NORTHERN LAND COUNCIL","electorate":"ARNHEM","ntg_region":"BIG RIVERS","population_source":"Based on ABS 2021 Census SA1","population_count":139,"longitude":134.56526,"latitude":-14.71011},"geometry":{"type":"Point","coordinates":[134.56526,-14.71011]}},
{"type":"Feature","properties":{"objectid":617,"community_id":258,"bushtel_url":"https://bushtel.nt.gov.au/profile/258","community_name":"ROBINSON RIVER","community_aliases":"MUNGOORBADA","community_type":"Major","main_language":"Eastside Kriol","local_govt_council":"ROPER GULF","ward":"SOUTH WEST GULF","land_council":"NORTHERN LAND COUNCIL","electorate":"BARKLY","ntg_region":"BIG RIVERS","population_source":"Based on ABS 2021 Census SA1","population_count":211,"longitude":136.98057,"latitude":-16.75974},"geometry":{"type":"Point","coordinates":[136.98057,-16.75974]}},
{"type":"Feature","properties":{"objectid":618,"community_id":642,"bushtel_url":"https://bushtel.nt.gov.au/profile/642","community_name":"ROCKHOLE","community_aliases":"ROCHOLE","community_type":"Minor","main_language":"Not recorded","local_govt_council":"KATHERINE","ward":"Not recorded","land_council":"NORTHERN LAND COUNCIL","electorate":"KATHERINE","ntg_region":"BIG RIVERS","population_source":"Homelands Service Provider Report 2023","population_count":108,"longitude":132.18633,"latitude":-14.51935},"geometry":{"type":"Point","coordinates":[132.186330000000112,-14.51935]}},
{"type":"Feature","properties":{"objectid":619,"community_id":144,"bushtel_url":"https://bushtel.nt.gov.au/profile/144","community_name":"RODNA","community_aliases":"No aliases recorded with NTG DIPL","community_type":"Family Outstation","main_language":"Not recorded","local_govt_council":"MACDONNELL","ward":"LJIRAPINTA","land_council":"CENTRAL LAND COUNCIL","electorate":"GWOJA","ntg_region":"CENTRAL AUSTRALIA","population_source":"Not recorded","population_count":null,"longitude":132.67042,"latitude":-23.76213},"geometry":{"type":"Point","coordinates":[132.67042,-23.76213]}},
{"type":"Feature","properties":{"objectid":620,"community_id":469,"bushtel_url":"https://bushtel.nt.gov.au/profile/469","community_name":"RORRUWUY","community_aliases":"BURRAWUY,RHODES POINT","community_type":"Minor","main_language":"Not recorded","local_govt_council":"EAST ARNHEM","ward":"GUMURR MARTHAKAL","land_council":"NORTHERN LAND COUNCIL","electorate":"MULKA","ntg_region":"EAST ARNHEM","population_source":"Homelands Service Provider Report 2023","population_count":28,"longitude":136.29564,"latitude":-12.20292},"geometry":{"type":"Point","coordinates":[136.29564,-12.20292]}},
{"type":"Feature","properties":{"objectid":621,"community_id":480,"bushtel_url":"https://bushtel.nt.gov.au/profile/480","community_name":"RURRANGALA","community_aliases":"DHUWALKITJI,RURRANALI","community_type":"Family Outstation","main_language":"Not recorded","local_govt_council":"EAST ARNHEM","ward":"GUMURR MIWATJ","land_council":"NORTHERN LAND COUNCIL","electorate":"ARNHEM","ntg_region":"EAST ARNHEM","population_source":"Homelands Service Provider Report 2023","population_count":14,"longitude":136.25382,"latitude":-12.90425},"geometry":{"type":"Point","coordinates":[136.25382,-12.90425]}},
{"type":"Feature","properties":{"objectid":622,"community_id":861,"bushtel_url":"https://bushtel.nt.gov.au/profile/861","community_name":"RUTJINGKA","community_aliases":"No aliases recorded with NTG DIPL","community_type":"Family Outstation","main_language":"Not recorded","local_govt_council":"MACDONNELL","ward":"LJIRAPINTA","land_council":"CENTRAL LAND COUNCIL","electorate":"GWOJA","ntg_region":"CENTRAL AUSTRALIA","population_source":"Homelands Service Provider Report 2023","population_count":2,"longitude":132.81527,"latitude":-23.91581},"geometry":{"type":"Point","coordinates":[132.81527,-23.91581]}},
{"type":"Feature","properties":{"objectid":623,"community_id":837,"bushtel_url":"https://bushtel.nt.gov.au/profile/837","community_name":"SABINA","community_aliases":"MUDJALINDI","community_type":"Family Outstation","main_language":"Not recorded","local_govt_council":"WEST DALY","ward":"THAMARRURR/PINDI PINDI","land_council":"NORTHERN LAND COUNCIL","electorate":"DALY","ntg_region":"TOP END","population_source":"Not recorded","population_count":null,"longitude":129.93195,"latitude":-13.8603},"geometry":{"type":"Point","coordinates":[129.93195,-13.8603]}},
{"type":"Feature","properties":{"objectid":624,"community_id":14153168,"bushtel_url":"https://bushtel.nt.gov.au/profile/14153168","community_name":"SALT BORE","community_aliases":"No aliases recorded with NTG DIPL","community_type":"Family Outstation","main_language":"Not recorded","local_govt_council":"MACDONNELL","ward":"RODINGA","land_council":"CENTRAL LAND COUNCIL","electorate":"NAMATJIRA","ntg_region":"CENTRAL AUSTRALIA","population_source":"Homelands Service Provider Report 2023","population_count":4,"longitude":134.52822,"latitude":-23.7712},"geometry":{"type":"Point","coordinates":[134.52822,-23.7712]}},
{"type":"Feature","properties":{"objectid":625,"community_id":988,"bushtel_url":"https://bushtel.nt.gov.au/profile/988","community_name":"SANDRIDGE","community_aliases":"POLICE LAGOON","community_type":"Family Outstation","main_language":"Not recorded","local_govt_council":"ROPER GULF","ward":"SOUTH WEST GULF","land_council":"NORTHERN LAND COUNCIL","electorate":"BARKLY","ntg_region":"BIG RIVERS","population_source":"Homelands Service Provider Report 2023","population_count":16,"longitude":136.34854,"latitude":-16.04184},"geometry":{"type":"Point","coordinates":[136.34854,-16.04184]}},
{"type":"Feature","properties":{"objectid":626,"community_id":892,"bushtel_url":"https://bushtel.nt.gov.au/profile/892","community_name":"SANDY BAY","community_aliases":"No aliases recorded with NTG DIPL","community_type":"Family Outstation","main_language":"Not recorded","local_govt_council":"WEST ARNHEM","ward":"BARRAH","land_council":"NORTHERN LAND COUNCIL","electorate":"ARAFURA","ntg_region":"TOP END","population_source":"Homelands Service Provider Report 2023","population_count":4,"longitude":132.58027,"latitude":-11.20719},"geometry":{"type":"Point","coordinates":[132.58027,-11.20719]}},
{"type":"Feature","properties":{"objectid":627,"community_id":24898,"bushtel_url":"https://bushtel.nt.gov.au/profile/24898","community_name":"SANDY BORE","community_aliases":"ARNAPIPE","community_type":"Family Outstation","main_language":"Not recorded","local_govt_council":"MACDONNELL","ward":"LJIRAPINTA","land_council":"CENTRAL LAND COUNCIL","electorate":"GWOJA","ntg_region":"CENTRAL AUSTRALIA","population_source":"Homelands Service Provider Report 2023","population_count":6,"longitude":132.4995,"latitude":-24.5603},"geometry":{"type":"Point","coordinates":[132.4995,-24.5603]}},
{"type":"Feature","properties":{"objectid":628,"community_id":145,"bushtel_url":"https://bushtel.nt.gov.au/profile/145","community_name":"SANTA TERESA","community_aliases":"LTYENTE PURTE,LTYENTYE APURTE","community_type":"Major","main_language":"Eastern / Central Arrernte","local_govt_council":"MACDONNELL","ward":"RODINGA","land_council":"CENTRAL LAND COUNCIL","electorate":"NAMATJIRA","ntg_region":"CENTRAL AUSTRALIA","population_source":"Based on ABS 2021 Census SA1","population_count":708,"longitude":134.3733,"latitude":-24.1307},"geometry":{"type":"Point","coordinates":[134.3733,-24.1307]}},
{"type":"Feature","properties":{"objectid":629,"community_id":958,"bushtel_url":"https://bushtel.nt.gov.au/profile/958","community_name":"SCOTT POINT","community_aliases":"MILYANGKARRNGARNILANGWA","community_type":"Family Outstation","main_language":"Not recorded","local_govt_council":"EAST ARNHEM","ward":"ANINDILYAKWA","land_council":"ANINDILYAKWA LAND COUNCIL","electorate":"ARNHEM","ntg_region":"EAST ARNHEM","population_source":"Not recorded","population_count":null,"longitude":136.84751,"latitude":-13.75212},"geometry":{"type":"Point","coordinates":[136.84751,-13.75212]}},
{"type":"Feature","properties":{"objectid":630,"community_id":24902,"bushtel_url":"https://bushtel.nt.gov.au/profile/24902","community_name":"SNAKE LAGOON","community_aliases":"No aliases recorded with NTG DIPL","community_type":"Family Outstation","main_language":"Not recorded","local_govt_council":"ROPER GULF","ward":"SOUTH WEST GULF","land_council":"NORTHERN LAND COUNCIL","electorate":"BARKLY","ntg_region":"BIG RIVERS","population_source":"Homelands Service Provider Report 2023","population_count":6,"longitude":136.91303,"latitude":-16.20322},"geometry":{"type":"Point","coordinates":[136.91303,-16.20322]}},
{"type":"Feature","properties":{"objectid":631,"community_id":948,"bushtel_url":"https://bushtel.nt.gov.au/profile/948","community_name":"SNAKE WELL","community_aliases":"AKNGWIRRWELTYE,SNAKE CREEK","community_type":"Family Outstation","main_language":"Not recorded","local_govt_council":"MACDONNELL","ward":"RODINGA","land_council":"CENTRAL LAND COUNCIL","electorate":"NAMATJIRA","ntg_region":"CENTRAL AUSTRALIA","population_source":"Homelands Service Provider Report 2023","population_count":19,"longitude":133.91529,"latitude":-23.15946},"geometry":{"type":"Point","coordinates":[133.91529,-23.15946]}},
{"type":"Feature","properties":{"objectid":632,"community_id":262,"bushtel_url":"https://bushtel.nt.gov.au/profile/262","community_name":"SOUTH WEST ISLAND","community_aliases":"WATHANKA,WATHUNGA","community_type":"Family Outstation","main_language":"Not recorded","local_govt_council":"ROPER GULF","ward":"SOUTH WEST GULF","land_council":"NORTHERN LAND COUNCIL","electorate":"BARKLY","ntg_region":"BIG RIVERS","population_source":"Homelands Service Provider Report 2023","population_count":10,"longitude":136.68821,"latitude":-15.68902},"geometry":{"type":"Point","coordinates":[136.68821,-15.68902]}},
{"type":"Feature","properties":{"objectid":633,"community_id":953,"bushtel_url":"https://bushtel.nt.gov.au/profile/953","community_name":"SPOTTED TIGER","community_aliases":"UNPEYEKENHE","community_type":"Family Outstation","main_language":"Not recorded","local_govt_council":"CENTRAL DESERT","ward":"AKITYARRE","land_council":"CENTRAL LAND COUNCIL","electorate":"NAMATJIRA","ntg_region":"CENTRAL AUSTRALIA","population_source":"Homelands Service Provider Report 2023","population_count":4,"longitude":134.91761,"latitude":-23.04308},"geometry":{"type":"Point","coordinates":[134.91761,-23.04308]}},
{"type":"Feature","properties":{"objectid":634,"community_id":419,"bushtel_url":"https://bushtel.nt.gov.au/profile/419","community_name":"SPRING PEAK","community_aliases":"URGDURR","community_type":"Family Outstation","main_language":"Not recorded","local_govt_council":"WEST ARNHEM","ward":"KAKADU","land_council":"NORTHERN LAND COUNCIL","electorate":"ARAFURA","ntg_region":"TOP END","population_source":"Homelands Service Provider Report 2023","population_count":25,"longitude":132.45424,"latitude":-12.96266},"geometry":{"type":"Point","coordinates":[132.45424,-12.96266]}},
{"type":"Feature","properties":{"objectid":635,"community_id":18,"bushtel_url":"https://bushtel.nt.gov.au/profile/18","community_name":"SUGAR CREEK","community_aliases":"ANTJAKWERA,ANTJAKWERRA,ARRAWARRA,GANTJAKWERRA","community_type":"Family Outstation","main_language":"Not recorded","local_govt_council":"MACDONNELL","ward":"LJIRAPINTA","land_council":"CENTRAL LAND COUNCIL","electorate":"GWOJA","ntg_region":"CENTRAL AUSTRALIA","population_source":"Not recorded","population_count":null,"longitude":132.57363,"latitude":-23.94974},"geometry":{"type":"Point","coordinates":[132.57363,-23.94974]}},
{"type":"Feature","properties":{"objectid":636,"community_id":1013,"bushtel_url":"https://bushtel.nt.gov.au/profile/1013","community_name":"TAKAPIMILIYI","community_aliases":"No aliases recorded with NTG DIPL","community_type":"Family Outstation","main_language":"Not recorded","local_govt_council":"TIWI ISLANDS","ward":"PIRLANGIMPI WARD","land_council":"TIWI LAND COUNCIL","electorate":"ARAFURA","ntg_region":"TOP END","population_source":"Homelands Service Provider Report 2023","population_count":2,"longitude":130.80161,"latitude":-11.81528},"geometry":{"type":"Point","coordinates":[130.80161,-11.81528]}},
{"type":"Feature","properties":{"objectid":637,"community_id":264,"bushtel_url":"https://bushtel.nt.gov.au/profile/264","community_name":"TARA","community_aliases":"NEUTRAL JUNCTION","community_type":"Minor","main_language":"Kayetetye","local_govt_council":"BARKLY","ward":"ALYAWARR","land_council":"CENTRAL LAND COUNCIL","electorate":"BARKLY","ntg_region":"BARKLY","population_source":"Based on ABS 2021 Census SA1","population_count":73,"longitude":133.99669,"latitude":-21.50658},"geometry":{"type":"Point","coordinates":[133.99669,-21.50658]}},
{"type":"Feature","properties":{"objectid":638,"community_id":424,"bushtel_url":"https://bushtel.nt.gov.au/profile/424","community_name":"TARACUMBI","community_aliases":"TARINTIPI,TARRACUMBI,TURACUMBI","community_type":"Family Outstation","main_language":"Not recorded","local_govt_council":"TIWI ISLANDS","ward":"MILIKAPITI WARD","land_council":"TIWI LAND COUNCIL","electorate":"ARAFURA","ntg_region":"TOP END","population_source":"Not recorded","population_count":null,"longitude":130.71131,"latitude":-11.60806},"geometry":{"type":"Point","coordinates":[130.71131,-11.60806]}},
{"type":"Feature","properties":{"objectid":639,"community_id":767,"bushtel_url":"https://bushtel.nt.gov.au/profile/767","community_name":"TARAWARA","community_aliases":"TARAWERA,TARAWERA BORE","community_type":"Family Outstation","main_language":"Not recorded","local_govt_council":"MACDONNELL","ward":"LURITJA PINTUBI","land_council":"CENTRAL LAND COUNCIL","electorate":"GWOJA","ntg_region":"CENTRAL AUSTRALIA","population_source":"Not recorded","population_count":null,"longitude":131.41338,"latitude":-23.54726},"geometry":{"type":"Point","coordinates":[131.41338,-23.54726]}},
{"type":"Feature","properties":{"objectid":640,"community_id":18869,"bushtel_url":"https://bushtel.nt.gov.au/profile/18869","community_name":"TENNANT CREEK","community_aliases":"No aliases recorded with NTG DIPL","community_type":"Town","main_language":"Not recorded","local_govt_council":"BARKLY","ward":"PATTA","land_council":"CENTRAL LAND COUNCIL","electorate":"BARKLY","ntg_region":"BARKLY","population_source":"Not recorded","population_count":null,"longitude":134.1902,"latitude":-19.6478},"geometry":{"type":"Point","coordinates":[134.190200000000118,-19.6478]}},
{"type":"Feature","properties":{"objectid":641,"community_id":18964,"bushtel_url":"https://bushtel.nt.gov.au/profile/18964","community_name":"TI TREE","community_aliases":"TI-TREE","community_type":"Village","main_language":"Not recorded","local_govt_council":"CENTRAL DESERT","ward":"ANMATJERE","land_council":"CENTRAL LAND COUNCIL","electorate":"BARKLY","ntg_region":"CENTRAL AUSTRALIA","population_source":"Based on ABS 2021 Census SA1","population_count":103,"longitude":133.4171,"latitude":-22.1279},"geometry":{"type":"Point","coordinates":[133.417100000000119,-22.1279]}},
{"type":"Feature","properties":{"objectid":642,"community_id":306,"bushtel_url":"https://bushtel.nt.gov.au/profile/306","community_name":"TIGERS CAMP","community_aliases":"WAMUNYI,WANNINGUJI,WANUNGI","community_type":"Family Outstation","main_language":"Not recorded","local_govt_council":"WEST ARNHEM","ward":"BARRAH","land_council":"NORTHERN LAND COUNCIL","electorate":"ARAFURA","ntg_region":"TOP END","population_source":"Not recorded","population_count":null,"longitude":132.77662,"latitude":-11.47407},"geometry":{"type":"Point","coordinates":[132.77662,-11.47407]}},
{"type":"Feature","properties":{"objectid":643,"community_id":18974,"bushtel_url":"https://bushtel.nt.gov.au/profile/18974","community_name":"TIMBER CREEK","community_aliases":"No aliases recorded with NTG DIPL","community_type":"Village","main_language":"Ngarinyman / Kriol","local_govt_council":"VICTORIA DALY","ward":"TIMBER CREEK","land_council":"NORTHERN LAND COUNCIL","electorate":"DALY","ntg_region":"BIG RIVERS","population_source":"Based on ABS 2021 Census SA1","population_count":326,"longitude":130.4804,"latitude":-15.6625},"geometry":{"type":"Point","coordinates":[130.4804,-15.6625]}},
{"type":"Feature","properties":{"objectid":644,"community_id":891,"bushtel_url":"https://bushtel.nt.gov.au/profile/891","community_name":"TIMOR SPRINGS","community_aliases":"No aliases recorded with NTG DIPL","community_type":"Family Outstation","main_language":"Not recorded","local_govt_council":"WEST ARNHEM","ward":"BARRAH","land_council":"NORTHERN LAND COUNCIL","electorate":"ARAFURA","ntg_region":"TOP END","population_source":"Not recorded","population_count":null,"longitude":132.57399,"latitude":-11.09665},"geometry":{"type":"Point","coordinates":[132.57399,-11.09665]}},
{"type":"Feature","properties":{"objectid":645,"community_id":681,"bushtel_url":"https://bushtel.nt.gov.au/profile/681","community_name":"TINKARLI","community_aliases":"TINGKARLI","community_type":"Town Camp","main_language":"Not recorded","local_govt_council":"BARKLY","ward":"PATTA","land_council":"CENTRAL LAND COUNCIL","electorate":"BARKLY","ntg_region":"BARKLY","population_source":"Not recorded","population_count":null,"longitude":134.20251,"latitude":-19.63724},"geometry":{"type":"Point","coordinates":[134.20251,-19.63724]}},
{"type":"Feature","properties":{"objectid":646,"community_id":62,"bushtel_url":"https://bushtel.nt.gov.au/profile/62","community_name":"TINKI","community_aliases":"IRRIMATITJA,TJINKI,TRACTOR BORE","community_type":"Family Outstation","main_language":"Not recorded","local_govt_council":"MACDONNELL","ward":"LURITJA PINTUBI","land_council":"CENTRAL LAND COUNCIL","electorate":"GWOJA","ntg_region":"CENTRAL AUSTRALIA","population_source":"Not recorded","population_count":null,"longitude":129.55768,"latitude":-23.27331},"geometry":{"type":"Point","coordinates":[129.557680000000119,-23.27331]}},
{"type":"Feature","properties":{"objectid":647,"community_id":148,"bushtel_url":"https://bushtel.nt.gov.au/profile/148","community_name":"TITJIKALA","community_aliases":"MARYVALE","community_type":"Major","main_language":"Southern Luritja / Pitjantjatjara","local_govt_council":"MACDONNELL","ward":"RODINGA","land_council":"CENTRAL LAND COUNCIL","electorate":"NAMATJIRA","ntg_region":"CENTRAL AUSTRALIA","population_source":"Based on ABS 2021 Census SA1","population_count":230,"longitude":134.07584,"latitude":-24.67389},"geometry":{"type":"Point","coordinates":[134.07584,-24.67389]}},
{"type":"Feature","properties":{"objectid":648,"community_id":149,"bushtel_url":"https://bushtel.nt.gov.au/profile/149","community_name":"TJAMANGKURRA","community_aliases":"TJAMANGKURA","community_type":"Family Outstation","main_language":"Not recorded","local_govt_council":"MACDONNELL","ward":"LJIRAPINTA","land_council":"CENTRAL LAND COUNCIL","electorate":"GWOJA","ntg_region":"CENTRAL AUSTRALIA","population_source":"Homelands Service Provider Report 2023","population_count":4,"longitude":132.80529,"latitude":-23.9689},"geometry":{"type":"Point","coordinates":[132.80529,-23.9689]}},
{"type":"Feature","properties":{"objectid":649,"community_id":880,"bushtel_url":"https://bushtel.nt.gov.au/profile/880","community_name":"TJAUWATA","community_aliases":"No aliases recorded with NTG DIPL","community_type":"Family Outstation","main_language":"Not recorded","local_govt_council":"MACDONNELL","ward":"IYARRKA","land_council":"CENTRAL LAND COUNCIL","electorate":"GWOJA","ntg_region":"CENTRAL AUSTRALIA","population_source":"Not recorded","population_count":null,"longitude":129.12181,"latitude":-24.91526},"geometry":{"type":"Point","coordinates":[129.12181,-24.91526]}},
{"type":"Feature","properties":{"objectid":650,"community_id":762,"bushtel_url":"https://bushtel.nt.gov.au/profile/762","community_name":"TJINTIRTJINTIRPA","community_aliases":"TJINTITJIWTIPA,WILLYWAGTAIL","community_type":"Family Outstation","main_language":"Not recorded","local_govt_council":"MACDONNELL","ward":"LURITJA PINTUBI","land_council":"CENTRAL LAND COUNCIL","electorate":"GWOJA","ntg_region":"CENTRAL AUSTRALIA","population_source":"Not recorded","population_count":null,"longitude":131.27059,"latitude":-23.28522},"geometry":{"type":"Point","coordinates":[131.27059,-23.28522]}},
{"type":"Feature","properties":{"objectid":651,"community_id":267,"bushtel_url":"https://bushtel.nt.gov.au/profile/267","community_name":"TJOUNGOURI","community_aliases":"RYANS BEND,TJUNGOURI,YUNGURIE","community_type":"Family Outstation","main_language":"Not recorded","local_govt_council":"ROPER GULF","ward":"SOUTH WEST GULF","land_council":"NORTHERN LAND COUNCIL","electorate":"BARKLY","ntg_region":"BIG RIVERS","population_source":"Not recorded","population_count":null,"longitude":136.04365,"latitude":-16.17126},"geometry":{"type":"Point","coordinates":[136.04365,-16.17126]}},
{"type":"Feature","properties":{"objectid":652,"community_id":151,"bushtel_url":"https://bushtel.nt.gov.au/profile/151","community_name":"TJULPUNGU","community_aliases":"ATLEE CREEK,ATLEY CREEK,CHURLPUNGU,DJULPUNG,JURLPUNGU,JUURLUPUNGU,TJUPUNGU","community_type":"Family Outstation","main_language":"Not recorded","local_govt_council":"CENTRAL DESERT","ward":"SOUTHERN TANAMI","land_council":"CENTRAL LAND COUNCIL","electorate":"GWOJA","ntg_region":"CENTRAL AUSTRALIA","population_source":"Not recorded","population_count":null,"longitude":131.41348,"latitude":-21.83419},"geometry":{"type":"Point","coordinates":[131.41348,-21.83419]}},
{"type":"Feature","properties":{"objectid":653,"community_id":152,"bushtel_url":"https://bushtel.nt.gov.au/profile/152","community_name":"TJUNTI","community_aliases":"LASSETERS CAVE","community_type":"Family Outstation","main_language":"Not recorded","local_govt_council":"MACDONNELL","ward":"IYARRKA","land_council":"CENTRAL LAND COUNCIL","electorate":"GWOJA","ntg_region":"CENTRAL AUSTRALIA","population_source":"Not recorded","population_count":null,"longitude":129.40113,"latitude":-25.01763},"geometry":{"type":"Point","coordinates":[129.40113,-25.01763]}},
{"type":"Feature","properties":{"objectid":654,"community_id":153,"bushtel_url":"https://bushtel.nt.gov.au/profile/153","community_name":"TJUNTINANTA","community_aliases":"KIKUNKURRA,TJUNINANTA","community_type":"Family Outstation","main_language":"Not recorded","local_govt_council":"MACDONNELL","ward":"IYARRKA","land_council":"CENTRAL LAND COUNCIL","electorate":"GWOJA","ntg_region":"CENTRAL AUSTRALIA","population_source":"Not recorded","population_count":null,"longitude":129.23084,"latitude":-24.85187},"geometry":{"type":"Point","coordinates":[129.23084,-24.85187]}},
{"type":"Feature","properties":{"objectid":655,"community_id":154,"bushtel_url":"https://bushtel.nt.gov.au/profile/154","community_name":"TNAWURTA","community_aliases":"KWATJINMARRA,TNUWURTA","community_type":"Family Outstation","main_language":"Not recorded","local_govt_council":"MACDONNELL","ward":"LJIRAPINTA","land_council":"CENTRAL LAND COUNCIL","electorate":"GWOJA","ntg_region":"CENTRAL AUSTRALIA","population_source":"Homelands Service Provider Report 2023","population_count":4,"longitude":132.83835,"latitude":-23.9989},"geometry":{"type":"Point","coordinates":[132.838350000000105,-23.9989]}},
{"type":"Feature","properties":{"objectid":656,"community_id":928,"bushtel_url":"https://bushtel.nt.gov.au/profile/928","community_name":"TNERTE","community_aliases":"No aliases recorded with NTG DIPL","community_type":"Family Outstation","main_language":"Not recorded","local_govt_council":"MACDONNELL","ward":"RODINGA","land_council":"CENTRAL LAND COUNCIL","electorate":"NAMATJIRA","ntg_region":"CENTRAL AUSTRALIA","population_source":"Homelands Service Provider Report 2023","population_count":19,"longitude":133.72011,"latitude":-23.74715},"geometry":{"type":"Point","coordinates":[133.72011,-23.74715]}},
{"type":"Feature","properties":{"objectid":657,"community_id":155,"bushtel_url":"https://bushtel.nt.gov.au/profile/155","community_name":"TNYIMIPURTA","community_aliases":"TNJIMIPUTA,TNYIMIPIRTA,TNYIMIPUTA,TNYIMPIRTA","community_type":"Family Outstation","main_language":"Not recorded","local_govt_council":"MACDONNELL","ward":"LJIRAPINTA","land_council":"CENTRAL LAND COUNCIL","electorate":"GWOJA","ntg_region":"CENTRAL AUSTRALIA","population_source":"Homelands Service Provider Report 2023","population_count":11,"longitude":132.67113,"latitude":-23.88779},"geometry":{"type":"Point","coordinates":[132.67113,-23.88779]}},
{"type":"Feature","properties":{"objectid":658,"community_id":14153250,"bushtel_url":"https://bushtel.nt.gov.au/profile/14153250","community_name":"TODD RIVER DOWNS","community_aliases":"No aliases recorded with NTG DIPL","community_type":"Family Outstation","main_language":"Not recorded","local_govt_council":"MACDONNELL","ward":"RODINGA","land_council":"CENTRAL LAND COUNCIL","electorate":"NAMATJIRA","ntg_region":"CENTRAL AUSTRALIA","population_source":"Homelands Service Provider Report 2023","population_count":1,"longitude":135.2705,"latitude":-24.2584},"geometry":{"type":"Point","coordinates":[135.2705,-24.2584]}},
{"type":"Feature","properties":{"objectid":659,"community_id":970,"bushtel_url":"https://bushtel.nt.gov.au/profile/970","community_name":"TOMMYHAWK SWAMP","community_aliases":"No aliases recorded with NTG DIPL","community_type":"Family Outstation","main_language":"Not recorded","local_govt_council":"BARKLY","ward":"ALYAWARR","land_council":"CENTRAL LAND COUNCIL","electorate":"BARKLY","ntg_region":"BARKLY","population_source":"Homelands Service Provider Report 2023","population_count":4,"longitude":134.59274,"latitude":-22.19431},"geometry":{"type":"Point","coordinates":[134.59274,-22.19431]}},
{"type":"Feature","properties":{"objectid":660,"community_id":30,"bushtel_url":"https://bushtel.nt.gov.au/profile/30","community_name":"TOWN BORE","community_aliases":"ARKILKI,ARRKILKI,DERWENT BORE","community_type":"Family Outstation","main_language":"Not recorded","local_govt_council":"MACDONNELL","ward":"LURITJA PINTUBI","land_council":"CENTRAL LAND COUNCIL","electorate":"GWOJA","ntg_region":"CENTRAL AUSTRALIA","population_source":"Homelands Service Provider Report 2023","population_count":15,"longitude":132.06416,"latitude":-23.35473},"geometry":{"type":"Point","coordinates":[132.06416,-23.35473]}},
{"type":"Feature","properties":{"objectid":661,"community_id":423,"bushtel_url":"https://bushtel.nt.gov.au/profile/423","community_name":"TREE POINT","community_aliases":"DURDUGU","community_type":"Family Outstation","main_language":"Not recorded","local_govt_council":"LITCHFIELD","ward":"NORTH WARD","land_council":"NORTHERN LAND COUNCIL","electorate":"NELSON","ntg_region":"DARWIN, PALMERSTON, LITCHFIELD","population_source":"Not recorded","population_count":null,"longitude":131.01819,"latitude":-12.30839},"geometry":{"type":"Point","coordinates":[131.018190000000118,-12.30839]}},
{"type":"Feature","properties":{"objectid":662,"community_id":649,"bushtel_url":"https://bushtel.nt.gov.au/profile/649","community_name":"TURKEY LAGOON","community_aliases":"BANANDA,BANUNDA,BUNUNDA","community_type":"Family Outstation","main_language":"Not recorded","local_govt_council":"ROPER GULF","ward":"YUGUL MANGI","land_council":"NORTHERN LAND COUNCIL","electorate":"ARNHEM","ntg_region":"BIG RIVERS","population_source":"Not recorded","population_count":null,"longitude":134.75093,"latitude":-14.52938},"geometry":{"type":"Point","coordinates":[134.75093,-14.52938]}},
{"type":"Feature","properties":{"objectid":663,"community_id":785,"bushtel_url":"https://bushtel.nt.gov.au/profile/785","community_name":"TURNERS CAMP","community_aliases":"SANDY BORE","community_type":"Family Outstation","main_language":"Not recorded","local_govt_council":"MACDONNELL","ward":"RODINGA","land_council":"CENTRAL LAND COUNCIL","electorate":"NAMATJIRA","ntg_region":"CENTRAL AUSTRALIA","population_source":"Homelands Service Provider Report 2023","population_count":24,"longitude":134.06937,"latitude":-23.30514},"geometry":{"type":"Point","coordinates":[134.06937,-23.30514]}},
{"type":"Feature","properties":{"objectid":664,"community_id":929,"bushtel_url":"https://bushtel.nt.gov.au/profile/929","community_name":"TWETYE (A)","community_aliases":"No aliases recorded with NTG DIPL","community_type":"Family Outstation","main_language":"Not recorded","local_govt_council":"MACDONNELL","ward":"RODINGA","land_council":"CENTRAL LAND COUNCIL","electorate":"NAMATJIRA","ntg_region":"CENTRAL AUSTRALIA","population_source":"Homelands Service Provider Report 2023","population_count":12,"longitude":133.70539,"latitude":-23.74034},"geometry":{"type":"Point","coordinates":[133.70539,-23.74034]}},
{"type":"Feature","properties":{"objectid":665,"community_id":930,"bushtel_url":"https://bushtel.nt.gov.au/profile/930","community_name":"TWETYE (B)","community_aliases":"No aliases recorded with NTG DIPL","community_type":"Family Outstation","main_language":"Not recorded","local_govt_council":"MACDONNELL","ward":"RODINGA","land_council":"CENTRAL LAND COUNCIL","electorate":"NAMATJIRA","ntg_region":"CENTRAL AUSTRALIA","population_source":"Homelands Service Provider Report 2023","population_count":24,"longitude":133.69633,"latitude":-23.74292},"geometry":{"type":"Point","coordinates":[133.696330000000103,-23.74292]}},
{"type":"Feature","properties":{"objectid":666,"community_id":931,"bushtel_url":"https://bushtel.nt.gov.au/profile/931","community_name":"TYWENPE (A)","community_aliases":"TWENPE (A)","community_type":"Family Outstation","main_language":"Not recorded","local_govt_council":"MACDONNELL","ward":"RODINGA","land_council":"CENTRAL LAND COUNCIL","electorate":"NAMATJIRA","ntg_region":"CENTRAL AUSTRALIA","population_source":"Homelands Service Provider Report 2023","population_count":20,"longitude":133.72928,"latitude":-23.72634},"geometry":{"type":"Point","coordinates":[133.72928,-23.72634]}},
{"type":"Feature","properties":{"objectid":667,"community_id":933,"bushtel_url":"https://bushtel.nt.gov.au/profile/933","community_name":"TYWENPE (C)","community_aliases":"TWENPE(C),TYWENPE(C)","community_type":"Family Outstation","main_language":"Not recorded","local_govt_council":"MACDONNELL","ward":"RODINGA","land_council":"CENTRAL LAND COUNCIL","electorate":"NAMATJIRA","ntg_region":"CENTRAL AUSTRALIA","population_source":"Homelands Service Provider Report 2023","population_count":24,"longitude":133.68787,"latitude":-23.74426},"geometry":{"type":"Point","coordinates":[133.68787,-23.74426]}},
{"type":"Feature","properties":{"objectid":668,"community_id":934,"bushtel_url":"https://bushtel.nt.gov.au/profile/934","community_name":"TYWENPE (D)","community_aliases":"TWENPE(D)","community_type":"Family Outstation","main_language":"Not recorded","local_govt_council":"MACDONNELL","ward":"RODINGA","land_council":"CENTRAL LAND COUNCIL","electorate":"NAMATJIRA","ntg_region":"CENTRAL AUSTRALIA","population_source":"Homelands Service Provider Report 2023","population_count":7,"longitude":133.67226,"latitude":-23.7648},"geometry":{"type":"Point","coordinates":[133.67226,-23.7648]}},
{"type":"Feature","properties":{"objectid":669,"community_id":991,"bushtel_url":"https://bushtel.nt.gov.au/profile/991","community_name":"UGUIE","community_aliases":"CLARKSON POINT","community_type":"Family Outstation","main_language":"Not recorded","local_govt_council":"ROPER GULF","ward":"SOUTH WEST GULF","land_council":"NORTHERN LAND COUNCIL","electorate":"BARKLY","ntg_region":"BIG RIVERS","population_source":"Not recorded","population_count":null,"longitude":137.04142,"latitude":-15.83006},"geometry":{"type":"Point","coordinates":[137.04142,-15.83006]}},
{"type":"Feature","properties":{"objectid":670,"community_id":159,"bushtel_url":"https://bushtel.nt.gov.au/profile/159","community_name":"UKAKA","community_aliases":"TEMPE DOWNS","community_type":"Family Outstation","main_language":"Not recorded","local_govt_council":"MACDONNELL","ward":"LJIRAPINTA","land_council":"CENTRAL LAND COUNCIL","electorate":"GWOJA","ntg_region":"CENTRAL AUSTRALIA","population_source":"Homelands Service Provider Report 2023","population_count":24,"longitude":132.37395,"latitude":-24.59261},"geometry":{"type":"Point","coordinates":[132.37395,-24.59261]}},
{"type":"Feature","properties":{"objectid":671,"community_id":160,"bushtel_url":"https://bushtel.nt.gov.au/profile/160","community_name":"UKATJUPU","community_aliases":"UKATJUPA","community_type":"Family Outstation","main_language":"Not recorded","local_govt_council":"MACDONNELL","ward":"IYARRKA","land_council":"CENTRAL LAND COUNCIL","electorate":"GWOJA","ntg_region":"CENTRAL AUSTRALIA","population_source":"Not recorded","population_count":null,"longitude":129.10549,"latitude":-25.90949},"geometry":{"type":"Point","coordinates":[129.10549,-25.90949]}},
{"type":"Feature","properties":{"objectid":672,"community_id":760,"bushtel_url":"https://bushtel.nt.gov.au/profile/760","community_name":"ULAMBARA","community_aliases":"ULAMBAURA,ULLUMBARA","community_type":"Family Outstation","main_language":"Not recorded","local_govt_council":"MACDONNELL","ward":"LURITJA PINTUBI","land_council":"CENTRAL LAND COUNCIL","electorate":"GWOJA","ntg_region":"CENTRAL AUSTRALIA","population_source":"Homelands Service Provider Report 2023","population_count":8,"longitude":131.92748,"latitude":-23.27715},"geometry":{"type":"Point","coordinates":[131.92748,-23.27715]}},
{"type":"Feature","properties":{"objectid":673,"community_id":705,"bushtel_url":"https://bushtel.nt.gov.au/profile/705","community_name":"ULBULLA","community_aliases":"JULALIKARI","community_type":"Family Outstation","main_language":"Not recorded","local_govt_council":"MACDONNELL","ward":"RODINGA","land_council":"CENTRAL LAND COUNCIL","electorate":"GWOJA","ntg_region":"CENTRAL AUSTRALIA","population_source":"Not recorded","population_count":null,"longitude":133.19644,"latitude":-25.68357},"geometry":{"type":"Point","coordinates":[133.19644,-25.68357]}},
{"type":"Feature","properties":{"objectid":674,"community_id":162,"bushtel_url":"https://bushtel.nt.gov.au/profile/162","community_name":"ULPANYALI","community_aliases":"OCHRE HILL","community_type":"Family Outstation","main_language":"Not recorded","local_govt_council":"MACDONNELL","ward":"LJIRAPINTA","land_council":"CENTRAL LAND COUNCIL","electorate":"GWOJA","ntg_region":"CENTRAL AUSTRALIA","population_source":"Homelands Service Provider Report 2023","population_count":17,"longitude":131.50075,"latitude":-24.23091},"geometry":{"type":"Point","coordinates":[131.50075,-24.23091]}},
{"type":"Feature","properties":{"objectid":675,"community_id":772,"bushtel_url":"https://bushtel.nt.gov.au/profile/772","community_name":"ULPUNDA","community_aliases":"MARCUS'S CAMP","community_type":"Family Outstation","main_language":"Not recorded","local_govt_council":"MACDONNELL","ward":"LJIRAPINTA","land_council":"CENTRAL LAND COUNCIL","electorate":"GWOJA","ntg_region":"CENTRAL AUSTRALIA","population_source":"Homelands Service Provider Report 2023","population_count":11,"longitude":132.766,"latitude":-23.9546},"geometry":{"type":"Point","coordinates":[132.766,-23.9546]}},
{"type":"Feature","properties":{"objectid":676,"community_id":1016,"bushtel_url":"https://bushtel.nt.gov.au/profile/1016","community_name":"ULUPERTE","community_aliases":"JUNCTION BORE","community_type":"Family Outstation","main_language":"Not recorded","local_govt_council":"CENTRAL DESERT","ward":"AKITYARRE","land_council":"CENTRAL LAND COUNCIL","electorate":"NAMATJIRA","ntg_region":"CENTRAL AUSTRALIA","population_source":"Not recorded","population_count":null,"longitude":135.69544,"latitude":-23.76408},"geometry":{"type":"Point","coordinates":[135.69544,-23.76408]}},
{"type":"Feature","properties":{"objectid":677,"community_id":555,"bushtel_url":"https://bushtel.nt.gov.au/profile/555","community_name":"UMBAKUMBA","community_aliases":"No aliases recorded with NTG DIPL","community_type":"Major","main_language":"Anindilyakwa","local_govt_council":"EAST ARNHEM","ward":"ANINDILYAKWA","land_council":"ANINDILYAKWA LAND COUNCIL","electorate":"ARNHEM","ntg_region":"EAST ARNHEM","population_source":"Based on ABS 2021 Census SA1","population_count":492,"longitude":136.81113,"latitude":-13.85974},"geometry":{"type":"Point","coordinates":[136.81113,-13.85974]}},
{"type":"Feature","properties":{"objectid":678,"community_id":962,"bushtel_url":"https://bushtel.nt.gov.au/profile/962","community_name":"UMINYULUK","community_aliases":"No aliases recorded with NTG DIPL","community_type":"Family Outstation","main_language":"Not recorded","local_govt_council":"WEST DALY","ward":"THAMARRURR/PINDI PINDI","land_council":"NORTHERN LAND COUNCIL","electorate":"DALY","ntg_region":"TOP END","population_source":"Homelands Service Provider Report 2023","population_count":8,"longitude":130.05311,"latitude":-13.83073},"geometry":{"type":"Point","coordinates":[130.05311,-13.83073]}},
{"type":"Feature","properties":{"objectid":679,"community_id":662,"bushtel_url":"https://bushtel.nt.gov.au/profile/662","community_name":"UN-MARR","community_aliases":"AN-MARR,MADINGNA,MARDENGA,MARDINGA,MARDINGNA,MARINGAR,MARYGAR","community_type":"Family Outstation","main_language":"Not recorded","local_govt_council":"WEST DALY","ward":"THAMARRURR/PINDI PINDI","land_council":"NORTHERN LAND COUNCIL","electorate":"DALY","ntg_region":"TOP END","population_source":"Not recorded","population_count":null,"longitude":129.90879,"latitude":-14.06441},"geometry":{"type":"Point","coordinates":[129.90879,-14.06441]}},
{"type":"Feature","properties":{"objectid":680,"community_id":711,"bushtel_url":"https://bushtel.nt.gov.au/profile/711","community_name":"UNDOOLYA BORE","community_aliases":"MOUNT UNDOOLYA,UNDOOLYA","community_type":"Family Outstation","main_language":"Not recorded","local_govt_council":"MACDONNELL","ward":"RODINGA","land_council":"CENTRAL LAND COUNCIL","electorate":"NAMATJIRA","ntg_region":"CENTRAL AUSTRALIA","population_source":"Homelands Service Provider Report 2023","population_count":24,"longitude":134.11762,"latitude":-23.74762},"geometry":{"type":"Point","coordinates":[134.117620000000102,-23.74762]}},
{"type":"Feature","properties":{"objectid":681,"community_id":166,"bushtel_url":"https://bushtel.nt.gov.au/profile/166","community_name":"UNDURANA 1C","community_aliases":"UNDARANA,UNDERANNA","community_type":"Family Outstation","main_language":"Not recorded","local_govt_council":"MACDONNELL","ward":"LJIRAPINTA","land_council":"CENTRAL LAND COUNCIL","electorate":"GWOJA","ntg_region":"CENTRAL AUSTRALIA","population_source":"Homelands Service Provider Report 2023","population_count":2,"longitude":132.12722,"latitude":-23.75723},"geometry":{"type":"Point","coordinates":[132.12722,-23.75723]}},
{"type":"Feature","properties":{"objectid":682,"community_id":985,"bushtel_url":"https://bushtel.nt.gov.au/profile/985","community_name":"UNDURANA 2A","community_aliases":"No aliases recorded with NTG DIPL","community_type":"Family Outstation","main_language":"Not recorded","local_govt_council":"MACDONNELL","ward":"LJIRAPINTA","land_council":"CENTRAL LAND COUNCIL","electorate":"GWOJA","ntg_region":"CENTRAL AUSTRALIA","population_source":"Homelands Service Provider Report 2023","population_count":6,"longitude":132.10597,"latitude":-23.75901},"geometry":{"type":"Point","coordinates":[132.10597,-23.75901]}},
{"type":"Feature","properties":{"objectid":683,"community_id":156,"bushtel_url":"https://bushtel.nt.gov.au/profile/156","community_name":"URLAMPE","community_aliases":"TOBERMOREY","community_type":"Family Outstation","main_language":"Not recorded","local_govt_council":"CENTRAL DESERT","ward":"AKITYARRE","land_council":"CENTRAL LAND COUNCIL","electorate":"NAMATJIRA","ntg_region":"CENTRAL AUSTRALIA","population_source":"Homelands Service Provider Report 2023","population_count":20,"longitude":137.74252,"latitude":-22.49317},"geometry":{"type":"Point","coordinates":[137.74252,-22.49317]}},
{"type":"Feature","properties":{"objectid":684,"community_id":24992,"bushtel_url":"https://bushtel.nt.gov.au/profile/24992","community_name":"URRERMERNE","community_aliases":"No aliases recorded with NTG DIPL","community_type":"Family Outstation","main_language":"Not recorded","local_govt_council":"MACDONNELL","ward":"RODINGA","land_council":"CENTRAL LAND COUNCIL","electorate":"NAMATJIRA","ntg_region":"CENTRAL AUSTRALIA","population_source":"Homelands Service Provider Report 2023","population_count":14,"longitude":134.06913,"latitude":-23.9629},"geometry":{"type":"Point","coordinates":[134.06913,-23.9629]}},
{"type":"Feature","properties":{"objectid":685,"community_id":24,"bushtel_url":"https://bushtel.nt.gov.au/profile/24","community_name":"UTILY","community_aliases":"AUTILLY,UTILI","community_type":"Family Outstation","main_language":"Not recorded","local_govt_council":"MACDONNELL","ward":"LURITJA PINTUBI","land_council":"CENTRAL LAND COUNCIL","electorate":"GWOJA","ntg_region":"CENTRAL AUSTRALIA","population_source":"Homelands Service Provider Report 2023","population_count":8,"longitude":131.87356,"latitude":-23.48831},"geometry":{"type":"Point","coordinates":[131.873560000000111,-23.48831]}},
{"type":"Feature","properties":{"objectid":686,"community_id":271,"bushtel_url":"https://bushtel.nt.gov.au/profile/271","community_name":"VILLAGE CAMP","community_aliases":"NYINKKANYUNU,NYINKKANYUNY,SORRY CAMP,VILLAGE TOWN CAMP","community_type":"Town Camp","main_language":"Not recorded","local_govt_council":"BARKLY","ward":"PATTA","land_council":"CENTRAL LAND COUNCIL","electorate":"BARKLY","ntg_region":"BARKLY","population_source":"Not recorded","population_count":null,"longitude":134.1842,"latitude":-19.656},"geometry":{"type":"Point","coordinates":[134.1842,-19.656]}},
{"type":"Feature","properties":{"objectid":687,"community_id":815,"bushtel_url":"https://bushtel.nt.gov.au/profile/815","community_name":"WADA WADALLA","community_aliases":"BLACKFELLOW CREEK,WADA WADALA","community_type":"Family Outstation","main_language":"Not recorded","local_govt_council":"ROPER GULF","ward":"SOUTH WEST GULF","land_council":"NORTHERN LAND COUNCIL","electorate":"BARKLY","ntg_region":"BIG RIVERS","population_source":"Homelands Service Provider Report 2023","population_count":3,"longitude":136.42886,"latitude":-15.92948},"geometry":{"type":"Point","coordinates":[136.4288600000001,-15.92948]}},
{"type":"Feature","properties":{"objectid":688,"community_id":214,"bushtel_url":"https://bushtel.nt.gov.au/profile/214","community_name":"WADA WARRA","community_aliases":"BING BONG,BONE LAGOON,WADA WARA,WARRANBARRU ASSOC,WURRUNBURRA ASSOC","community_type":"Family Outstation","main_language":"Not recorded","local_govt_council":"ROPER GULF","ward":"SOUTH WEST GULF","land_council":"NORTHERN LAND COUNCIL","electorate":"BARKLY","ntg_region":"BIG RIVERS","population_source":"Homelands Service Provider Report 2023","population_count":17,"longitude":136.25224,"latitude":-15.74902},"geometry":{"type":"Point","coordinates":[136.25224,-15.74902]}},
{"type":"Feature","properties":{"objectid":689,"community_id":426,"bushtel_url":"https://bushtel.nt.gov.au/profile/426","community_name":"WADEYE","community_aliases":"PORT KEATS","community_type":"Major","main_language":"Murrinh Patha","local_govt_council":"WEST DALY","ward":"THAMARRURR/PINDI PINDI","land_council":"NORTHERN LAND COUNCIL","electorate":"DALY","ntg_region":"TOP END","population_source":"Based on ABS 2021 Census SA1","population_count":2259,"longitude":129.5205,"latitude":-14.2404},"geometry":{"type":"Point","coordinates":[129.5205,-14.2404]}},
{"type":"Feature","properties":{"objectid":690,"community_id":381,"bushtel_url":"https://bushtel.nt.gov.au/profile/381","community_name":"WAIDABOONAR","community_aliases":"MT. BORRADAILE,MUDGIGARDENT,MUDJEEGARDART,MUDJIGARDART,WAIDABONOOR","community_type":"Family Outstation","main_language":"Not recorded","local_govt_council":"WEST ARNHEM","ward":"GUNBALANYA","land_council":"NORTHERN LAND COUNCIL","electorate":"ARAFURA","ntg_region":"TOP END","population_source":"Not recorded","population_count":null,"longitude":132.78225,"latitude":-11.93822},"geometry":{"type":"Point","coordinates":[132.78225,-11.93822]}},
{"type":"Feature","properties":{"objectid":691,"community_id":14188734,"bushtel_url":"https://bushtel.nt.gov.au/profile/14188734","community_name":"WAJU","community_aliases":"NEW WAJU","community_type":"Family Outstation","main_language":"Not recorded","local_govt_council":"MACDONNELL","ward":"RODINGA","land_council":"CENTRAL LAND COUNCIL","electorate":"NAMATJIRA","ntg_region":"CENTRAL AUSTRALIA","population_source":"Not recorded","population_count":null,"longitude":133.46187,"latitude":-25.99241},"geometry":{"type":"Point","coordinates":[133.46187,-25.99241]}},
{"type":"Feature","properties":{"objectid":692,"community_id":908,"bushtel_url":"https://bushtel.nt.gov.au/profile/908","community_name":"WAKURLPU","community_aliases":"WAUCHOPE","community_type":"Family Outstation","main_language":"Not recorded","local_govt_council":"BARKLY","ward":"ALYAWARR","land_council":"CENTRAL LAND COUNCIL","electorate":"BARKLY","ntg_region":"BARKLY","population_source":"Homelands Service Provider Report 2023","population_count":10,"longitude":134.21688,"latitude":-20.63229},"geometry":{"type":"Point","coordinates":[134.21688,-20.63229]}},
{"type":"Feature","properties":{"objectid":693,"community_id":983,"bushtel_url":"https://bushtel.nt.gov.au/profile/983","community_name":"WALANGURRMINY","community_aliases":"FINNISS RIVER","community_type":"Family Outstation","main_language":"Not recorded","local_govt_council":"UN-INCORPORATED (COX-DALY)","ward":"Not recorded","land_council":"NORTHERN LAND COUNCIL","electorate":"DALY","ntg_region":"TOP END","population_source":"Homelands Service Provider Report 2023","population_count":11,"longitude":130.77614,"latitude":-12.97482},"geometry":{"type":"Point","coordinates":[130.77614,-12.97482]}},
{"type":"Feature","properties":{"objectid":694,"community_id":556,"bushtel_url":"https://bushtel.nt.gov.au/profile/556","community_name":"WALDNARR","community_aliases":"HARRIS CREEK,WALDARR,WALDHARR","community_type":"Family Outstation","main_language":"Not recorded","local_govt_council":"ROPER GULF","ward":"NUMBULWAR NUMBURINDI","land_council":"NORTHERN LAND COUNCIL","electorate":"ARNHEM","ntg_region":"BIG RIVERS","population_source":"Homelands Service Provider Report 2023","population_count":10,"longitude":135.80531,"latitude":-13.76563},"geometry":{"type":"Point","coordinates":[135.80531,-13.76563]}},
{"type":"Feature","properties":{"objectid":695,"community_id":291,"bushtel_url":"https://bushtel.nt.gov.au/profile/291","community_name":"WALKA","community_aliases":"BARGE LANDING,WALKAA","community_type":"Family Outstation","main_language":"Not recorded","local_govt_council":"WEST ARNHEM","ward":"BARRAH","land_council":"NORTHERN LAND COUNCIL","electorate":"ARAFURA","ntg_region":"TOP END","population_source":"Not recorded","population_count":null,"longitude":132.58843,"latitude":-11.17957},"geometry":{"type":"Point","coordinates":[132.58843,-11.17957]}},
{"type":"Feature","properties":{"objectid":696,"community_id":720,"bushtel_url":"https://bushtel.nt.gov.au/profile/720","community_name":"WALKABOUT BORE","community_aliases":"JACK KENNY'S CAMP,MPWELARRE","community_type":"Family Outstation","main_language":"Not recorded","local_govt_council":"MACDONNELL","ward":"RODINGA","land_council":"CENTRAL LAND COUNCIL","electorate":"NAMATJIRA","ntg_region":"CENTRAL AUSTRALIA","population_source":"Homelands Service Provider Report 2023","population_count":23,"longitude":133.81687,"latitude":-24.38261},"geometry":{"type":"Point","coordinates":[133.816870000000108,-24.38261]}},
{"type":"Feature","properties":{"objectid":697,"community_id":750,"bushtel_url":"https://bushtel.nt.gov.au/profile/750","community_name":"WALKALBA","community_aliases":"ROCK HILL,WAKALBA,WAKALPA,WAKURLPA,WALKURBLA","community_type":"Family Outstation","main_language":"Not recorded","local_govt_council":"CENTRAL DESERT","ward":"SOUTHERN TANAMI","land_council":"CENTRAL LAND COUNCIL","electorate":"GWOJA","ntg_region":"CENTRAL AUSTRALIA","population_source":"Not recorded","population_count":null,"longitude":131.81991,"latitude":-22.16249},"geometry":{"type":"Point","coordinates":[131.81991,-22.16249]}},
{"type":"Feature","properties":{"objectid":698,"community_id":174,"bushtel_url":"https://bushtel.nt.gov.au/profile/174","community_name":"WALLACE ROCKHOLE","community_aliases":"ULANA,URANDA,WALLACE ROCK HOLE","community_type":"Major","main_language":"Western Arrernte","local_govt_council":"MACDONNELL","ward":"LJIRAPINTA","land_council":"CENTRAL LAND COUNCIL","electorate":"GWOJA","ntg_region":"CENTRAL AUSTRALIA","population_source":"Based on ABS 2021 Census SA1","population_count":102,"longitude":133.0863,"latitude":-24.1245},"geometry":{"type":"Point","coordinates":[133.0863,-24.1245]}},
{"type":"Feature","properties":{"objectid":699,"community_id":24903,"bushtel_url":"https://bushtel.nt.gov.au/profile/24903","community_name":"WALLACES LAGOON","community_aliases":"No aliases recorded with NTG DIPL","community_type":"Family Outstation","main_language":"Not recorded","local_govt_council":"ROPER GULF","ward":"SOUTH WEST GULF","land_council":"NORTHERN LAND COUNCIL","electorate":"BARKLY","ntg_region":"BIG RIVERS","population_source":"Homelands Service Provider Report 2023","population_count":3,"longitude":136.6356,"latitude":-16.12267},"geometry":{"type":"Point","coordinates":[136.6356,-16.12267]}},
{"type":"Feature","properties":{"objectid":700,"community_id":606,"bushtel_url":"https://bushtel.nt.gov.au/profile/606","community_name":"WALPIRI","community_aliases":"GEYULKGAN NGURRA,KATHERINE TOWN CAMP,KATHERINE TRANSIT CAMP,WARLPIRI CAMP,WARLPIRI TRANSIENT CAMP","community_type":"Town Camp","main_language":"Not recorded","local_govt_council":"KATHERINE","ward":"Not recorded","land_council":"NORTHERN LAND COUNCIL","electorate":"KATHERINE","ntg_region":"BIG RIVERS","population_source":"Not recorded","population_count":null,"longitude":132.2693,"latitude":-14.47361},"geometry":{"type":"Point","coordinates":[132.2693,-14.47361]}},
{"type":"Feature","properties":{"objectid":701,"community_id":748,"bushtel_url":"https://bushtel.nt.gov.au/profile/748","community_name":"WALU","community_aliases":"TJILKAMATA","community_type":"Family Outstation","main_language":"Not recorded","local_govt_council":"MACDONNELL","ward":"IYARRKA","land_council":"CENTRAL LAND COUNCIL","electorate":"GWOJA","ntg_region":"CENTRAL AUSTRALIA","population_source":"Not recorded","population_count":null,"longitude":129.52559,"latitude":-24.73711},"geometry":{"type":"Point","coordinates":[129.52559,-24.73711]}},
{"type":"Feature","properties":{"objectid":702,"community_id":176,"bushtel_url":"https://bushtel.nt.gov.au/profile/176","community_name":"WALYTJATJATA","community_aliases":"No aliases recorded with NTG DIPL","community_type":"Family Outstation","main_language":"Not recorded","local_govt_council":"MACDONNELL","ward":"IYARRKA","land_council":"CENTRAL LAND COUNCIL","electorate":"GWOJA","ntg_region":"CENTRAL AUSTRALIA","population_source":"Not recorded","population_count":null,"longitude":129.46583,"latitude":-25.97667},"geometry":{"type":"Point","coordinates":[129.46583,-25.97667]}},
{"type":"Feature","properties":{"objectid":703,"community_id":428,"bushtel_url":"https://bushtel.nt.gov.au/profile/428","community_name":"WAMINARI","community_aliases":"WAMANARI,WAMINARA,WAMINARRA BAY","community_type":"Family Outstation","main_language":"Not recorded","local_govt_council":"WEST ARNHEM","ward":"BARRAH","land_council":"NORTHERN LAND COUNCIL","electorate":"ARAFURA","ntg_region":"TOP END","population_source":"Not recorded","population_count":null,"longitude":133.39754,"latitude":-11.76861},"geometry":{"type":"Point","coordinates":[133.39754,-11.76861]}},
{"type":"Feature","properties":{"objectid":704,"community_id":890,"bushtel_url":"https://bushtel.nt.gov.au/profile/890","community_name":"WANAKUTJA","community_aliases":"No aliases recorded with NTG DIPL","community_type":"Family Outstation","main_language":"Not recorded","local_govt_council":"WEST ARNHEM","ward":"BARRAH","land_council":"NORTHERN LAND COUNCIL","electorate":"ARAFURA","ntg_region":"TOP END","population_source":"Not recorded","population_count":null,"longitude":132.51106,"latitude":-11.10539},"geometry":{"type":"Point","coordinates":[132.51106,-11.10539]}},
{"type":"Feature","properties":{"objectid":705,"community_id":119,"bushtel_url":"https://bushtel.nt.gov.au/profile/119","community_name":"WANARKULA","community_aliases":"MULGA PARK,MULGA PARK STATION,ROCKET BORE","community_type":"Family Outstation","main_language":"Not recorded","local_govt_council":"MACDONNELL","ward":"IYARRKA","land_council":"CENTRAL LAND COUNCIL","electorate":"GWOJA","ntg_region":"CENTRAL AUSTRALIA","population_source":"Not recorded","population_count":null,"longitude":131.58803,"latitude":-25.99663},"geometry":{"type":"Point","coordinates":[131.588030000000117,-25.99663]}},
{"type":"Feature","properties":{"objectid":706,"community_id":256,"bushtel_url":"https://bushtel.nt.gov.au/profile/256","community_name":"WANDANGULA","community_aliases":"POLICE LAGOON,WANDA NGULA,WANDAGULA","community_type":"Minor","main_language":"Not recorded","local_govt_council":"ROPER GULF","ward":"SOUTH WEST GULF","land_council":"NORTHERN LAND COUNCIL","electorate":"BARKLY","ntg_region":"BIG RIVERS","population_source":"Homelands Service Provider Report 2023","population_count":39,"longitude":136.34558,"latitude":-16.05477},"geometry":{"type":"Point","coordinates":[136.34558,-16.05477]}},
{"type":"Feature","properties":{"objectid":707,"community_id":557,"bushtel_url":"https://bushtel.nt.gov.au/profile/557","community_name":"WANDAWUY","community_aliases":"WULWULWUY","community_type":"Family Outstation","main_language":"Not recorded","local_govt_council":"EAST ARNHEM","ward":"GUMURR MIWATJ","land_council":"NORTHERN LAND COUNCIL","electorate":"ARNHEM","ntg_region":"EAST ARNHEM","population_source":"Homelands Service Provider Report 2023","population_count":84,"longitude":136.35636,"latitude":-12.89147},"geometry":{"type":"Point","coordinates":[136.356360000000109,-12.89147]}},
{"type":"Feature","properties":{"objectid":708,"community_id":690,"bushtel_url":"https://bushtel.nt.gov.au/profile/690","community_name":"WANGALINJI","community_aliases":"CLEAN SKIN,WANGGULINJ,WANGULINJI","community_type":"Family Outstation","main_language":"Not recorded","local_govt_council":"BARKLY","ward":"KUWARRANGU","land_council":"NORTHERN LAND COUNCIL","electorate":"BARKLY","ntg_region":"BARKLY","population_source":"Not recorded","population_count":null,"longitude":137.46692,"latitude":-18.39639},"geometry":{"type":"Point","coordinates":[137.46692,-18.39639]}},
{"type":"Feature","properties":{"objectid":709,"community_id":177,"bushtel_url":"https://bushtel.nt.gov.au/profile/177","community_name":"WANGKARI","community_aliases":"No aliases recorded with NTG DIPL","community_type":"Family Outstation","main_language":"Not recorded","local_govt_council":"MACDONNELL","ward":"IYARRKA","land_council":"CENTRAL LAND COUNCIL","electorate":"GWOJA","ntg_region":"CENTRAL AUSTRALIA","population_source":"Not recorded","population_count":null,"longitude":129.01933,"latitude":-25.13169},"geometry":{"type":"Point","coordinates":[129.01933,-25.13169]}},
{"type":"Feature","properties":{"objectid":710,"community_id":178,"bushtel_url":"https://bushtel.nt.gov.au/profile/178","community_name":"WANMARRA","community_aliases":"BAGOT SPRINGS","community_type":"Family Outstation","main_language":"Not recorded","local_govt_council":"MACDONNELL","ward":"LJIRAPINTA","land_council":"CENTRAL LAND COUNCIL","electorate":"GWOJA","ntg_region":"CENTRAL AUSTRALIA","population_source":"Homelands Service Provider Report 2023","population_count":14,"longitude":131.80347,"latitude":-24.38841},"geometry":{"type":"Point","coordinates":[131.80347,-24.38841]}},
{"type":"Feature","properties":{"objectid":711,"community_id":652,"bushtel_url":"https://bushtel.nt.gov.au/profile/652","community_name":"WANMARRI","community_aliases":"WANMARI,WANMURRI","community_type":"Family Outstation","main_language":"Not recorded","local_govt_council":"ROPER GULF","ward":"YUGUL MANGI","land_council":"NORTHERN LAND COUNCIL","electorate":"ARNHEM","ntg_region":"BIG RIVERS","population_source":"Not recorded","population_count":null,"longitude":135.22691,"latitude":-14.45401},"geometry":{"type":"Point","coordinates":[135.22691,-14.45401]}},
{"type":"Feature","properties":{"objectid":712,"community_id":19471,"bushtel_url":"https://bushtel.nt.gov.au/profile/19471","community_name":"WARBY","community_aliases":"No aliases recorded with NTG DIPL","community_type":"Family Outstation","main_language":"Not recorded","local_govt_council":"ROPER GULF","ward":"SOUTH WEST GULF","land_council":"NORTHERN LAND COUNCIL","electorate":"BARKLY","ntg_region":"BIG RIVERS","population_source":"Not recorded","population_count":null,"longitude":136.7344,"latitude":-16.1531},"geometry":{"type":"Point","coordinates":[136.7344,-16.1531]}},
{"type":"Feature","properties":{"objectid":713,"community_id":998,"bushtel_url":"https://bushtel.nt.gov.au/profile/998","community_name":"WARLPEYANGKRERE","community_aliases":"TARLTON DOWNS","community_type":"Family Outstation","main_language":"Not recorded","local_govt_council":"CENTRAL DESERT","ward":"AKITYARRE","land_council":"CENTRAL LAND COUNCIL","electorate":"NAMATJIRA","ntg_region":"CENTRAL AUSTRALIA","population_source":"Not recorded","population_count":null,"longitude":136.99175,"latitude":-22.54894},"geometry":{"type":"Point","coordinates":[136.99175,-22.54894]}},
{"type":"Feature","properties":{"objectid":714,"community_id":179,"bushtel_url":"https://bushtel.nt.gov.au/profile/179","community_name":"WARREN CREEK","community_aliases":"No aliases recorded with NTG DIPL","community_type":"Family Outstation","main_language":"Not recorded","local_govt_council":"MACDONNELL","ward":"LURITJA PINTUBI","land_council":"CENTRAL LAND COUNCIL","electorate":"GWOJA","ntg_region":"CENTRAL AUSTRALIA","population_source":"Homelands Service Provider Report 2023","population_count":6,"longitude":131.17868,"latitude":-23.26572},"geometry":{"type":"Point","coordinates":[131.17868,-23.26572]}},
{"type":"Feature","properties":{"objectid":715,"community_id":429,"bushtel_url":"https://bushtel.nt.gov.au/profile/429","community_name":"WARRUWI","community_aliases":"GOULBURN ISLAND","community_type":"Major","main_language":"Maung","local_govt_council":"WEST ARNHEM","ward":"BARRAH","land_council":"NORTHERN LAND COUNCIL","electorate":"ARAFURA","ntg_region":"TOP END","population_source":"Based on ABS 2021 Census SA1","population_count":507,"longitude":133.38935,"latitude":-11.64896},"geometry":{"type":"Point","coordinates":[133.38935,-11.64896]}},
{"type":"Feature","properties":{"objectid":716,"community_id":180,"bushtel_url":"https://bushtel.nt.gov.au/profile/180","community_name":"WARUMPI","community_aliases":"3 MILE,3 MILE BORE,3 MILES,THREE MILE,THREE MILE BORE,THREE MILES","community_type":"Family Outstation","main_language":"Not recorded","local_govt_council":"MACDONNELL","ward":"LURITJA PINTUBI","land_council":"CENTRAL LAND COUNCIL","electorate":"GWOJA","ntg_region":"CENTRAL AUSTRALIA","population_source":"Homelands Service Provider Report 2023","population_count":6,"longitude":131.97514,"latitude":-23.1851},"geometry":{"type":"Point","coordinates":[131.97514,-23.1851]}},
{"type":"Feature","properties":{"objectid":717,"community_id":877,"bushtel_url":"https://bushtel.nt.gov.au/profile/877","community_name":"WATARU","community_aliases":"No aliases recorded with NTG DIPL","community_type":"Family Outstation","main_language":"Not recorded","local_govt_council":"MACDONNELL","ward":"IYARRKA","land_council":"CENTRAL LAND COUNCIL","electorate":"GWOJA","ntg_region":"CENTRAL AUSTRALIA","population_source":"Homelands Service Provider Report 2023","population_count":7,"longitude":129.05936,"latitude":-24.85858},"geometry":{"type":"Point","coordinates":[129.05936,-24.85858]}},
{"type":"Feature","properties":{"objectid":718,"community_id":889,"bushtel_url":"https://bushtel.nt.gov.au/profile/889","community_name":"WATDAGAWUY","community_aliases":"GANAWA","community_type":"Family Outstation","main_language":"Not recorded","local_govt_council":"EAST ARNHEM","ward":"GUMURR MARTHAKAL","land_council":"NORTHERN LAND COUNCIL","electorate":"MULKA","ntg_region":"EAST ARNHEM","population_source":"Not recorded","population_count":null,"longitude":135.70074,"latitude":-11.93961},"geometry":{"type":"Point","coordinates":[135.70074000000011,-11.93961]}},
{"type":"Feature","properties":{"objectid":719,"community_id":385,"bushtel_url":"https://bushtel.nt.gov.au/profile/385","community_name":"WAUK","community_aliases":"ARRDUKBUKBUN,MUNGULGAN,MURGENELLA","community_type":"Family Outstation","main_language":"Not recorded","local_govt_council":"WEST ARNHEM","ward":"BARRAH","land_council":"NORTHERN LAND COUNCIL","electorate":"ARAFURA","ntg_region":"TOP END","population_source":"Not recorded","population_count":null,"longitude":132.92501,"latitude":-11.54863},"geometry":{"type":"Point","coordinates":[132.92501,-11.54863]}},
{"type":"Feature","properties":{"objectid":720,"community_id":181,"bushtel_url":"https://bushtel.nt.gov.au/profile/181","community_name":"WAYILILINYPA","community_aliases":"NGANA,WAYLILINPA,WAYLILYNPA","community_type":"Family Outstation","main_language":"Not recorded","local_govt_council":"CENTRAL DESERT","ward":"SOUTHERN TANAMI","land_council":"CENTRAL LAND COUNCIL","electorate":"GWOJA","ntg_region":"CENTRAL AUSTRALIA","population_source":"Not recorded","population_count":null,"longitude":131.44669,"latitude":-22.50196},"geometry":{"type":"Point","coordinates":[131.446690000000103,-22.50196]}},
{"type":"Feature","properties":{"objectid":721,"community_id":654,"bushtel_url":"https://bushtel.nt.gov.au/profile/654","community_name":"WEEMOL","community_aliases":"WEEMOLL,WEMOOL","community_type":"Minor","main_language":"Kriol","local_govt_council":"ROPER GULF","ward":"NYIRRANGGULUNG","land_council":"NORTHERN LAND COUNCIL","electorate":"ARNHEM","ntg_region":"BIG RIVERS","population_source":"Based on ABS 2021 Census SA1","population_count":109,"longitude":134.30863,"latitude":-13.64418},"geometry":{"type":"Point","coordinates":[134.308630000000107,-13.64418]}},
{"type":"Feature","properties":{"objectid":722,"community_id":182,"bushtel_url":"https://bushtel.nt.gov.au/profile/182","community_name":"WELERE","community_aliases":"DERRY DOWNS,PERETY","community_type":"Family Outstation","main_language":"Not recorded","local_govt_council":"BARKLY","ward":"ALYAWARR","land_council":"CENTRAL LAND COUNCIL","electorate":"BARKLY","ntg_region":"BARKLY","population_source":"Homelands Service Provider Report 2023","population_count":6,"longitude":135.19169,"latitude":-22.02194},"geometry":{"type":"Point","coordinates":[135.191690000000108,-22.02194]}},
{"type":"Feature","properties":{"objectid":723,"community_id":183,"bushtel_url":"https://bushtel.nt.gov.au/profile/183","community_name":"WELMALA","community_aliases":"WIRRMALYANGA","community_type":"Family Outstation","main_language":"Not recorded","local_govt_council":"MACDONNELL","ward":"RODINGA","land_council":"CENTRAL LAND COUNCIL","electorate":"NAMATJIRA","ntg_region":"CENTRAL AUSTRALIA","population_source":"Not recorded","population_count":null,"longitude":133.26116,"latitude":-25.68278},"geometry":{"type":"Point","coordinates":[133.26116,-25.68278]}},
{"type":"Feature","properties":{"objectid":724,"community_id":655,"bushtel_url":"https://bushtel.nt.gov.au/profile/655","community_name":"WERENBUN","community_aliases":"EDITH FALLS ROAD","community_type":"Family Outstation","main_language":"Not recorded","local_govt_council":"ROPER GULF","ward":"NYIRRANGGULUNG","land_council":"NORTHERN LAND COUNCIL","electorate":"ARNHEM","ntg_region":"BIG RIVERS","population_source":"Homelands Service Provider Report 2023","population_count":20,"longitude":132.1611,"latitude":-14.18255},"geometry":{"type":"Point","coordinates":[132.1611,-14.18255]}},
{"type":"Feature","properties":{"objectid":725,"community_id":708,"bushtel_url":"https://bushtel.nt.gov.au/profile/708","community_name":"WERRE-THERRE","community_aliases":"DAVIS CAMP,HAMILTON DOWNS,KUPULA URBALA,KUPUTA URBALA,MCCORMACKS CAMP,THAKAPERTE,WERE-THERRE","community_type":"Family Outstation","main_language":"Not recorded","local_govt_council":"MACDONNELL","ward":"RODINGA","land_council":"CENTRAL LAND COUNCIL","electorate":"NAMATJIRA","ntg_region":"CENTRAL AUSTRALIA","population_source":"Homelands Service Provider Report 2023","population_count":2,"longitude":133.63473,"latitude":-23.54265},"geometry":{"type":"Point","coordinates":[133.634730000000104,-23.54265]}},
{"type":"Feature","properties":{"objectid":726,"community_id":274,"bushtel_url":"https://bushtel.nt.gov.au/profile/274","community_name":"WEST ISLAND","community_aliases":"WURDIJIYA,WURDILIYA,WURDILYA,YATHUNGA","community_type":"Family Outstation","main_language":"Not recorded","local_govt_council":"ROPER GULF","ward":"SOUTH WEST GULF","land_council":"NORTHERN LAND COUNCIL","electorate":"BARKLY","ntg_region":"BIG RIVERS","population_source":"Homelands Service Provider Report 2023","population_count":8,"longitude":136.50235,"latitude":-15.64251},"geometry":{"type":"Point","coordinates":[136.50235,-15.64251]}},
{"type":"Feature","properties":{"objectid":727,"community_id":185,"bushtel_url":"https://bushtel.nt.gov.au/profile/185","community_name":"WEST WATERHOUSE","community_aliases":"WEST WATER HOUSE NO.2","community_type":"Family Outstation","main_language":"Not recorded","local_govt_council":"MACDONNELL","ward":"LJIRAPINTA","land_council":"CENTRAL LAND COUNCIL","electorate":"GWOJA","ntg_region":"CENTRAL AUSTRALIA","population_source":"Homelands Service Provider Report 2023","population_count":10,"longitude":133.11339,"latitude":-23.99573},"geometry":{"type":"Point","coordinates":[133.11339,-23.99573]}},
{"type":"Feature","properties":{"objectid":728,"community_id":431,"bushtel_url":"https://bushtel.nt.gov.au/profile/431","community_name":"WIGU","community_aliases":"GOULBURN ISLAND,SOUTH GOULBURN IS","community_type":"Family Outstation","main_language":"Not recorded","local_govt_council":"WEST ARNHEM","ward":"BARRAH","land_council":"NORTHERN LAND COUNCIL","electorate":"ARAFURA","ntg_region":"TOP END","population_source":"Not recorded","population_count":null,"longitude":133.43225,"latitude":-11.61353},"geometry":{"type":"Point","coordinates":[133.43225,-11.61353]}},
{"type":"Feature","properties":{"objectid":729,"community_id":952,"bushtel_url":"https://bushtel.nt.gov.au/profile/952","community_name":"WIITIN","community_aliases":"TENNANT CREEK TELEGRAPH STN","community_type":"Family Outstation","main_language":"Not recorded","local_govt_council":"BARKLY","ward":"PATTA","land_council":"CENTRAL LAND COUNCIL","electorate":"BARKLY","ntg_region":"BARKLY","population_source":"Homelands Service Provider Report 2023","population_count":7,"longitude":134.23657,"latitude":-19.54493},"geometry":{"type":"Point","coordinates":[134.23657,-19.54493]}},
{"type":"Feature","properties":{"objectid":730,"community_id":432,"bushtel_url":"https://bushtel.nt.gov.au/profile/432","community_name":"WILGI","community_aliases":"TIGER'S CAMP,WANINGI,WILJI,WILTJU","community_type":"Family Outstation","main_language":"Not recorded","local_govt_council":"WEST ARNHEM","ward":"BARRAH","land_council":"NORTHERN LAND COUNCIL","electorate":"ARAFURA","ntg_region":"TOP END","population_source":"Homelands Service Provider Report 2023","population_count":40,"longitude":132.74947,"latitude":-11.49601},"geometry":{"type":"Point","coordinates":[132.74947,-11.49601]}},
{"type":"Feature","properties":{"objectid":731,"community_id":786,"bushtel_url":"https://bushtel.nt.gov.au/profile/786","community_name":"WILLIAMS WELL","community_aliases":"PWAYNE,WILLIAMS CAMP","community_type":"Family Outstation","main_language":"Not recorded","local_govt_council":"MACDONNELL","ward":"RODINGA","land_council":"CENTRAL LAND COUNCIL","electorate":"NAMATJIRA","ntg_region":"CENTRAL AUSTRALIA","population_source":"Homelands Service Provider Report 2023","population_count":9,"longitude":134.27874,"latitude":-23.67327},"geometry":{"type":"Point","coordinates":[134.27874,-23.67327]}},
{"type":"Feature","properties":{"objectid":732,"community_id":186,"bushtel_url":"https://bushtel.nt.gov.au/profile/186","community_name":"WILLOWRA","community_aliases":"WILLOWRA STATION,WIRLIYATJARRAYI","community_type":"Major","main_language":"Warlpiri","local_govt_council":"CENTRAL DESERT","ward":"SOUTHERN TANAMI","land_council":"CENTRAL LAND COUNCIL","electorate":"GWOJA","ntg_region":"CENTRAL AUSTRALIA","population_source":"Based on ABS 2021 Census SA1","population_count":261,"longitude":132.6139,"latitude":-21.24446},"geometry":{"type":"Point","coordinates":[132.6139,-21.24446]}},
{"type":"Feature","properties":{"objectid":733,"community_id":187,"bushtel_url":"https://bushtel.nt.gov.au/profile/187","community_name":"WILORA","community_aliases":"STIRLING STATION","community_type":"Minor","main_language":"Alyawarr","local_govt_council":"CENTRAL DESERT","ward":"ANMATJERE","land_council":"CENTRAL LAND COUNCIL","electorate":"BARKLY","ntg_region":"CENTRAL AUSTRALIA","population_source":"Based on ABS 2021 Census SA1","population_count":69,"longitude":133.7311,"latitude":-21.7411},"geometry":{"type":"Point","coordinates":[133.7311,-21.7411]}},
{"type":"Feature","properties":{"objectid":734,"community_id":751,"bushtel_url":"https://bushtel.nt.gov.au/profile/751","community_name":"WINPARKU","community_aliases":"WINOPARKU,WINOPARKY","community_type":"Family Outstation","main_language":"Not recorded","local_govt_council":"MACDONNELL","ward":"LURITJA PINTUBI","land_council":"CENTRAL LAND COUNCIL","electorate":"GWOJA","ntg_region":"CENTRAL AUSTRALIA","population_source":"Not recorded","population_count":null,"longitude":131.46172,"latitude":-23.43465},"geometry":{"type":"Point","coordinates":[131.46172,-23.43465]}},
{"type":"Feature","properties":{"objectid":735,"community_id":259,"bushtel_url":"https://bushtel.nt.gov.au/profile/259","community_name":"WOGYALA","community_aliases":"3 MILE FLAT,ROCKHAMPTON DOWNS,WOGAYALA,WOGAYELA","community_type":"Family Outstation","main_language":"Not recorded","local_govt_council":"BARKLY","ward":"KUWARRANGU","land_council":"NORTHERN LAND COUNCIL","electorate":"BARKLY","ntg_region":"BARKLY","population_source":"Homelands Service Provider Report 2023","population_count":40,"longitude":135.17821,"latitude":-19.00617},"geometry":{"type":"Point","coordinates":[135.17821,-19.00617]}},
{"type":"Feature","properties":{"objectid":736,"community_id":21479,"bushtel_url":"https://bushtel.nt.gov.au/profile/21479","community_name":"WOLLAGALONNG OUTSTATION","community_aliases":"No aliases recorded with NTG DIPL","community_type":"Family Outstation","main_language":"Not recorded","local_govt_council":"CENTRAL DESERT","ward":"ANMATJERE","land_council":"CENTRAL LAND COUNCIL","electorate":"BARKLY","ntg_region":"CENTRAL AUSTRALIA","population_source":"Not recorded","population_count":null,"longitude":133.4395,"latitude":-21.36721},"geometry":{"type":"Point","coordinates":[133.4395,-21.36721]}},
{"type":"Feature","properties":{"objectid":737,"community_id":275,"bushtel_url":"https://bushtel.nt.gov.au/profile/275","community_name":"WOLLOGORANG","community_aliases":"BRANCH CREEK,DJANGALINA,JUNGALINA","community_type":"Family Outstation","main_language":"Not recorded","local_govt_council":"ROPER GULF","ward":"SOUTH WEST GULF","land_council":"NORTHERN LAND COUNCIL","electorate":"BARKLY","ntg_region":"BIG RIVERS","population_source":"Homelands Service Provider Report 2023","population_count":2,"longitude":137.98884,"latitude":-17.21828},"geometry":{"type":"Point","coordinates":[137.98884,-17.21828]}},
{"type":"Feature","properties":{"objectid":738,"community_id":434,"bushtel_url":"https://bushtel.nt.gov.au/profile/434","community_name":"WOODYCUPALDIYA","community_aliases":"WOODE CUPILDIYA,WOODICUPILDYA,WOODYKAPILDIYA,WOODYKUPULDIYA,WUDIKAPILDIYEER","community_type":"Minor","main_language":"Not recorded","local_govt_council":"WEST DALY","ward":"THAMARRURR/PINDI PINDI","land_council":"NORTHERN LAND COUNCIL","electorate":"DALY","ntg_region":"TOP END","population_source":"Homelands Service Provider Report 2023","population_count":35,"longitude":130.00115,"latitude":-13.85926},"geometry":{"type":"Point","coordinates":[130.00115,-13.85926]}},
{"type":"Feature","properties":{"objectid":739,"community_id":697,"bushtel_url":"https://bushtel.nt.gov.au/profile/697","community_name":"WOOLANING","community_aliases":"No aliases recorded with NTG DIPL","community_type":"Family Outstation","main_language":"Not recorded","local_govt_council":"UN-INCORPORATED (COX-DALY)","ward":"Not recorded","land_council":"NORTHERN LAND COUNCIL","electorate":"DALY","ntg_region":"TOP END","population_source":"Homelands Service Provider Report 2023","population_count":4,"longitude":130.6589,"latitude":-13.10521},"geometry":{"type":"Point","coordinates":[130.6589,-13.10521]}},
{"type":"Feature","properties":{"objectid":740,"community_id":715,"bushtel_url":"https://bushtel.nt.gov.au/profile/715","community_name":"WOOLIANA","community_aliases":"No aliases recorded with NTG DIPL","community_type":"Family Outstation","main_language":"Not recorded","local_govt_council":"VICTORIA DALY","ward":"MILNGIN","land_council":"NORTHERN LAND COUNCIL","electorate":"DALY","ntg_region":"TOP END","population_source":"Homelands Service Provider Report 2023","population_count":11,"longitude":130.64275,"latitude":-13.67483},"geometry":{"type":"Point","coordinates":[130.64275,-13.67483]}},
{"type":"Feature","properties":{"objectid":741,"community_id":778,"bushtel_url":"https://bushtel.nt.gov.au/profile/778","community_name":"WUDADUK","community_aliases":"MURRADUM,MURRADUN","community_type":"Family Outstation","main_language":"Not recorded","local_govt_council":"WEST DALY","ward":"THAMARRURR/PINDI PINDI","land_council":"NORTHERN LAND COUNCIL","electorate":"DALY","ntg_region":"TOP END","population_source":"Homelands Service Provider Report 2023","population_count":6,"longitude":129.94375,"latitude":-14.02771},"geometry":{"type":"Point","coordinates":[129.94375,-14.02771]}},
{"type":"Feature","properties":{"objectid":742,"community_id":435,"bushtel_url":"https://bushtel.nt.gov.au/profile/435","community_name":"WUDAPULI","community_aliases":"WUDAPULLI,WUDUPULA","community_type":"Family Outstation","main_language":"Not recorded","local_govt_council":"WEST DALY","ward":"THAMARRURR/PINDI PINDI","land_council":"NORTHERN LAND COUNCIL","electorate":"DALY","ntg_region":"TOP END","population_source":"Homelands Service Provider Report 2023","population_count":54,"longitude":129.85315,"latitude":-14.21351},"geometry":{"type":"Point","coordinates":[129.85315,-14.21351]}},
{"type":"Feature","properties":{"objectid":743,"community_id":581,"bushtel_url":"https://bushtel.nt.gov.au/profile/581","community_name":"WUGULARR","community_aliases":"BESWICK","community_type":"Major","main_language":"Eastside Kriol","local_govt_council":"ROPER GULF","ward":"NYIRRANGGULUNG","land_council":"NORTHERN LAND COUNCIL","electorate":"ARNHEM","ntg_region":"BIG RIVERS","population_source":"Based on ABS 2021 Census SA1","population_count":636,"longitude":133.1142,"latitude":-14.5548},"geometry":{"type":"Point","coordinates":[133.1142,-14.5548]}},
{"type":"Feature","properties":{"objectid":744,"community_id":995,"bushtel_url":"https://bushtel.nt.gov.au/profile/995","community_name":"WULABURRI","community_aliases":"No aliases recorded with NTG DIPL","community_type":"Family Outstation","main_language":"Not recorded","local_govt_council":"ROPER GULF","ward":"SOUTH WEST GULF","land_council":"NORTHERN LAND COUNCIL","electorate":"BARKLY","ntg_region":"BIG RIVERS","population_source":"Not recorded","population_count":null,"longitude":136.84162,"latitude":-16.4064},"geometry":{"type":"Point","coordinates":[136.84162,-16.4064]}},
{"type":"Feature","properties":{"objectid":745,"community_id":838,"bushtel_url":"https://bushtel.nt.gov.au/profile/838","community_name":"WULKABIMIRRI","community_aliases":"WULKUBIMIRRI","community_type":"Family Outstation","main_language":"Not recorded","local_govt_council":"EAST ARNHEM","ward":"BIRR RAWARRANG","land_council":"NORTHERN LAND COUNCIL","electorate":"MULKA","ntg_region":"EAST ARNHEM","population_source":"Homelands Service Provider Report 2023","population_count":35,"longitude":134.90591,"latitude":-12.35538},"geometry":{"type":"Point","coordinates":[134.90591,-12.35538]}},
{"type":"Feature","properties":{"objectid":746,"community_id":563,"bushtel_url":"https://bushtel.nt.gov.au/profile/563","community_name":"WUMAJBARR","community_aliases":"WUMARRDJBARR","community_type":"Family Outstation","main_language":"Not recorded","local_govt_council":"ROPER GULF","ward":"NUMBULWAR NUMBURINDI","land_council":"NORTHERN LAND COUNCIL","electorate":"ARNHEM","ntg_region":"BIG RIVERS","population_source":"Homelands Service Provider Report 2023","population_count":8,"longitude":135.69241,"latitude":-14.16648},"geometry":{"type":"Point","coordinates":[135.692410000000109,-14.16648]}},
{"type":"Feature","properties":{"objectid":747,"community_id":937,"bushtel_url":"https://bushtel.nt.gov.au/profile/937","community_name":"WUMIRDIN","community_aliases":"No aliases recorded with NTG DIPL","community_type":"Family Outstation","main_language":"Not recorded","local_govt_council":"WEST DALY","ward":"THAMARRURR/PINDI PINDI","land_council":"NORTHERN LAND COUNCIL","electorate":"DALY","ntg_region":"TOP END","population_source":"Not recorded","population_count":null,"longitude":129.56319,"latitude":-14.18907},"geometry":{"type":"Point","coordinates":[129.56319,-14.18907]}},
{"type":"Feature","properties":{"objectid":748,"community_id":707,"bushtel_url":"https://bushtel.nt.gov.au/profile/707","community_name":"WUNARA","community_aliases":"ARRAWARRA,ARRUWURRA,WUNARRA,WUNURRA","community_type":"Family Outstation","main_language":"Not recorded","local_govt_council":"BARKLY","ward":"ALYAWARR","land_council":"CENTRAL LAND COUNCIL","electorate":"BARKLY","ntg_region":"BARKLY","population_source":"Homelands Service Provider Report 2023","population_count":8,"longitude":136.6181,"latitude":-19.9898},"geometry":{"type":"Point","coordinates":[136.6181,-19.9898]}},
{"type":"Feature","properties":{"objectid":749,"community_id":564,"bushtel_url":"https://bushtel.nt.gov.au/profile/564","community_name":"WUNBURRI","community_aliases":"BURGUNNGURA ISLAND,STEVENS ISLAND,WUNBIRRI","community_type":"Family Outstation","main_language":"Not recorded","local_govt_council":"EAST ARNHEM","ward":"GUMURR MARTHAKAL","land_council":"NORTHERN LAND COUNCIL","electorate":"MULKA","ntg_region":"EAST ARNHEM","population_source":"Not recorded","population_count":null,"longitude":136.07853,"latitude":-11.59498},"geometry":{"type":"Point","coordinates":[136.078530000000114,-11.59498]}},
{"type":"Feature","properties":{"objectid":750,"community_id":996,"bushtel_url":"https://bushtel.nt.gov.au/profile/996","community_name":"WUNDIGALLA","community_aliases":"No aliases recorded with NTG DIPL","community_type":"Family Outstation","main_language":"Not recorded","local_govt_council":"ROPER GULF","ward":"SOUTH WEST GULF","land_council":"NORTHERN LAND COUNCIL","electorate":"BARKLY","ntg_region":"BIG RIVERS","population_source":"Homelands Service Provider Report 2023","population_count":4,"longitude":137.04307,"latitude":-16.47557},"geometry":{"type":"Point","coordinates":[137.04307,-16.47557]}},
{"type":"Feature","properties":{"objectid":751,"community_id":684,"bushtel_url":"https://bushtel.nt.gov.au/profile/684","community_name":"WUPPA","community_aliases":"WAPPA","community_type":"Town Camp","main_language":"Not recorded","local_govt_council":"BARKLY","ward":"PATTA","land_council":"CENTRAL LAND COUNCIL","electorate":"BARKLY","ntg_region":"BARKLY","population_source":"Not recorded","population_count":null,"longitude":134.19918,"latitude":-19.63696},"geometry":{"type":"Point","coordinates":[134.19918,-19.63696]}},
{"type":"Feature","properties":{"objectid":752,"community_id":868,"bushtel_url":"https://bushtel.nt.gov.au/profile/868","community_name":"WURANKUWU","community_aliases":"RANKU","community_type":"Minor","main_language":"Not recorded","local_govt_council":"TIWI ISLANDS","ward":"BATHURST ISLAND WARD","land_council":"TIWI LAND COUNCIL","electorate":"ARAFURA","ntg_region":"TOP END","population_source":"Homelands Service Provider Report 2023","population_count":35,"longitude":130.27763,"latitude":-11.61652},"geometry":{"type":"Point","coordinates":[130.27763,-11.61652]}},
{"type":"Feature","properties":{"objectid":753,"community_id":437,"bushtel_url":"https://bushtel.nt.gov.au/profile/437","community_name":"WURDEJA","community_aliases":"WUDEJA","community_type":"Family Outstation","main_language":"Not recorded","local_govt_council":"WEST ARNHEM","ward":"MANINGRIDA","land_council":"NORTHERN LAND COUNCIL","electorate":"ARAFURA","ntg_region":"TOP END","population_source":"Homelands Service Provider Report 2023","population_count":35,"longitude":134.66085,"latitude":-12.17057},"geometry":{"type":"Point","coordinates":[134.66085,-12.17057]}},
{"type":"Feature","properties":{"objectid":754,"community_id":817,"bushtel_url":"https://bushtel.nt.gov.au/profile/817","community_name":"WURLBU","community_aliases":"OOLBOUGH,WULBU","community_type":"Family Outstation","main_language":"Not recorded","local_govt_council":"ROPER GULF","ward":"SOUTH WEST GULF","land_council":"NORTHERN LAND COUNCIL","electorate":"BARKLY","ntg_region":"BIG RIVERS","population_source":"Homelands Service Provider Report 2023","population_count":5,"longitude":136.28415,"latitude":-16.07464},"geometry":{"type":"Point","coordinates":[136.28415,-16.07464]}},
{"type":"Feature","properties":{"objectid":755,"community_id":565,"bushtel_url":"https://bushtel.nt.gov.au/profile/565","community_name":"WURRUMENBUMANJA","community_aliases":"LESKE POOLS,LESKIE POOLS,WURRUMENBUMANDJA,WURRUMENBUMANTJA","community_type":"Family Outstation","main_language":"Not recorded","local_govt_council":"EAST ARNHEM","ward":"ANINDILYAKWA","land_council":"ANINDILYAKWA LAND COUNCIL","electorate":"ARNHEM","ntg_region":"EAST ARNHEM","population_source":"Homelands Service Provider Report 2023","population_count":20,"longitude":136.51557,"latitude":-14.13779},"geometry":{"type":"Point","coordinates":[136.51557,-14.13779]}},
{"type":"Feature","properties":{"objectid":756,"community_id":400,"bushtel_url":"https://bushtel.nt.gov.au/profile/400","community_name":"WURRUMIYANGA","community_aliases":"BATHURST ISLAND,NGUIU","community_type":"Major","main_language":"Tiwi (Modern and Traditional)","local_govt_council":"TIWI ISLANDS","ward":"BATHURST ISLAND WARD","land_council":"TIWI LAND COUNCIL","electorate":"ARAFURA","ntg_region":"TOP END","population_source":"Based on ABS 2021 Census SA1","population_count":1668,"longitude":130.63747,"latitude":-11.75831},"geometry":{"type":"Point","coordinates":[130.63747,-11.75831]}},
{"type":"Feature","properties":{"objectid":757,"community_id":548,"bushtel_url":"https://bushtel.nt.gov.au/profile/548","community_name":"WURWULA","community_aliases":"INGLIS ISLAND,NIKAWUNGYURA,NYEKALA","community_type":"Family Outstation","main_language":"Not recorded","local_govt_council":"EAST ARNHEM","ward":"GUMURR MARTHAKAL","land_council":"NORTHERN LAND COUNCIL","electorate":"MULKA","ntg_region":"EAST ARNHEM","population_source":"Not recorded","population_count":null,"longitude":136.30349,"latitude":-11.97646},"geometry":{"type":"Point","coordinates":[136.30349,-11.97646]}},
{"type":"Feature","properties":{"objectid":758,"community_id":227,"bushtel_url":"https://bushtel.nt.gov.au/profile/227","community_name":"WUTUNUGURRA","community_aliases":"EPENARRA,WETENNGERR,WUTTUNUGURR,WUTUNURRGURA","community_type":"Major","main_language":"Alyawarr","local_govt_council":"BARKLY","ward":"ALYAWARR","land_council":"CENTRAL LAND COUNCIL","electorate":"BARKLY","ntg_region":"BARKLY","population_source":"Based on ABS 2021 Census SA1","population_count":168,"longitude":135.25241,"latitude":-20.46156},"geometry":{"type":"Point","coordinates":[135.25241,-20.46156]}},
{"type":"Feature","properties":{"objectid":759,"community_id":567,"bushtel_url":"https://bushtel.nt.gov.au/profile/567","community_name":"WUYAGIBA","community_aliases":"WIYAGIBA,WIYAKIPA","community_type":"Family Outstation","main_language":"Not recorded","local_govt_council":"ROPER GULF","ward":"NUMBULWAR NUMBURINDI","land_council":"NORTHERN LAND COUNCIL","electorate":"ARNHEM","ntg_region":"BIG RIVERS","population_source":"Homelands Service Provider Report 2023","population_count":20,"longitude":135.52036,"latitude":-14.62149},"geometry":{"type":"Point","coordinates":[135.52036,-14.62149]}},
{"type":"Feature","properties":{"objectid":760,"community_id":984,"bushtel_url":"https://bushtel.nt.gov.au/profile/984","community_name":"YAKALA","community_aliases":"No aliases recorded with NTG DIPL","community_type":"Family Outstation","main_language":"Not recorded","local_govt_council":"MACDONNELL","ward":"LJIRAPINTA","land_council":"CENTRAL LAND COUNCIL","electorate":"GWOJA","ntg_region":"CENTRAL AUSTRALIA","population_source":"Homelands Service Provider Report 2023","population_count":7,"longitude":132.6639,"latitude":-23.88668},"geometry":{"type":"Point","coordinates":[132.6639,-23.88668]}},
{"type":"Feature","properties":{"objectid":761,"community_id":864,"bushtel_url":"https://bushtel.nt.gov.au/profile/864","community_name":"YALUKUN","community_aliases":"YALAKUN,YALLIQUIN","community_type":"Family Outstation","main_language":"Not recorded","local_govt_council":"EAST ARNHEM","ward":"GUMURR MIYARRKA","land_council":"NORTHERN LAND COUNCIL","electorate":"ARNHEM","ntg_region":"EAST ARNHEM","population_source":"Homelands Service Provider Report 2023","population_count":9,"longitude":136.00585,"latitude":-12.26251},"geometry":{"type":"Point","coordinates":[136.00585,-12.26251]}},
{"type":"Feature","properties":{"objectid":762,"community_id":796,"bushtel_url":"https://bushtel.nt.gov.au/profile/796","community_name":"YAMINYI","community_aliases":"YAMINI","community_type":"Family Outstation","main_language":"Not recorded","local_govt_council":"WEST ARNHEM","ward":"MANINGRIDA","land_council":"NORTHERN LAND COUNCIL","electorate":"ARAFURA","ntg_region":"TOP END","population_source":"Not recorded","population_count":null,"longitude":134.35699,"latitude":-12.79026},"geometry":{"type":"Point","coordinates":[134.35699000000011,-12.79026]}},
{"type":"Feature","properties":{"objectid":763,"community_id":573,"bushtel_url":"https://bushtel.nt.gov.au/profile/573","community_name":"YANBAKWA","community_aliases":"YANBAGWA,YENBAGWA,YENBAKWA,YENBAKWAY","community_type":"Family Outstation","main_language":"Not recorded","local_govt_council":"EAST ARNHEM","ward":"ANINDILYAKWA","land_council":"ANINDILYAKWA LAND COUNCIL","electorate":"ARNHEM","ntg_region":"EAST ARNHEM","population_source":"Homelands Service Provider Report 2023","population_count":29,"longitude":136.45613,"latitude":-14.21668},"geometry":{"type":"Point","coordinates":[136.45613,-14.21668]}},
{"type":"Feature","properties":{"objectid":764,"community_id":218,"bushtel_url":"https://bushtel.nt.gov.au/profile/218","community_name":"YANGULINYINA","community_aliases":"BIDIDA,CALVERT HILLS,SURPRISE CREEK","community_type":"Family Outstation","main_language":"Not recorded","local_govt_council":"ROPER GULF","ward":"SOUTH WEST GULF","land_council":"NORTHERN LAND COUNCIL","electorate":"BARKLY","ntg_region":"BIG RIVERS","population_source":"Homelands Service Provider Report 2023","population_count":13,"longitude":137.20896,"latitude":-16.88886},"geometry":{"type":"Point","coordinates":[137.20896,-16.88886]}},
{"type":"Feature","properties":{"objectid":765,"community_id":569,"bushtel_url":"https://bushtel.nt.gov.au/profile/569","community_name":"YANUNGBI","community_aliases":"YANGUMBI,YANGUNBI","community_type":"Family Outstation","main_language":"Not recorded","local_govt_council":"EAST ARNHEM","ward":"GUMURR MIWATJ","land_council":"NORTHERN LAND COUNCIL","electorate":"MULKA","ntg_region":"EAST ARNHEM","population_source":"Homelands Service Provider Report 2023","population_count":6,"longitude":136.65787,"latitude":-12.27975},"geometry":{"type":"Point","coordinates":[136.657870000000116,-12.27975]}},
{"type":"Feature","properties":{"objectid":766,"community_id":278,"bushtel_url":"https://bushtel.nt.gov.au/profile/278","community_name":"YANYULA","community_aliases":"BORROLOOLA TOWN CAMP,YANULA","community_type":"Town Camp","main_language":"Not recorded","local_govt_council":"ROPER GULF","ward":"SOUTH WEST GULF","land_council":"NORTHERN LAND COUNCIL","electorate":"BARKLY","ntg_region":"BIG RIVERS","population_source":"Not recorded","population_count":null,"longitude":136.3083,"latitude":-16.0613},"geometry":{"type":"Point","coordinates":[136.3083,-16.0613]}},
{"type":"Feature","properties":{"objectid":767,"community_id":658,"bushtel_url":"https://bushtel.nt.gov.au/profile/658","community_name":"YARRALIN","community_aliases":"No aliases recorded with NTG DIPL","community_type":"Major","main_language":"Ngarinyman / Kriol","local_govt_council":"VICTORIA DALY","ward":"WALANGERI","land_council":"NORTHERN LAND COUNCIL","electorate":"GWOJA","ntg_region":"BIG RIVERS","population_source":"Based on ABS 2021 Census SA1","population_count":332,"longitude":130.88279,"latitude":-16.44841},"geometry":{"type":"Point","coordinates":[130.882790000000114,-16.44841]}},
{"type":"Feature","properties":{"objectid":768,"community_id":939,"bushtel_url":"https://bushtel.nt.gov.au/profile/939","community_name":"YARTALU YARTALU","community_aliases":"BOGARDEE,GRANITES,THE GRANITES,YARDULYUYARDULYU","community_type":"Family Outstation","main_language":"Not recorded","local_govt_council":"CENTRAL DESERT","ward":"NORTHERN TANAMI","land_council":"CENTRAL LAND COUNCIL","electorate":"GWOJA","ntg_region":"CENTRAL AUSTRALIA","population_source":"Not recorded","population_count":null,"longitude":130.35528,"latitude":-20.57253},"geometry":{"type":"Point","coordinates":[130.355280000000107,-20.57253]}},
{"type":"Feature","properties":{"objectid":769,"community_id":194,"bushtel_url":"https://bushtel.nt.gov.au/profile/194","community_name":"YATEMANS BORE","community_aliases":"IRRANDI,IRRIANDI","community_type":"Family Outstation","main_language":"Not recorded","local_govt_council":"MACDONNELL","ward":"LJIRAPINTA","land_council":"CENTRAL LAND COUNCIL","electorate":"GWOJA","ntg_region":"CENTRAL AUSTRALIA","population_source":"Not recorded","population_count":null,"longitude":131.61441,"latitude":-23.68622},"geometry":{"type":"Point","coordinates":[131.61441,-23.68622]}},
{"type":"Feature","properties":{"objectid":770,"community_id":571,"bushtel_url":"https://bushtel.nt.gov.au/profile/571","community_name":"YATHALAMARRA","community_aliases":"YATHALAMARA,YATHALMARRA","community_type":"Minor","main_language":"Not recorded","local_govt_council":"EAST ARNHEM","ward":"BIRR RAWARRANG","land_council":"NORTHERN LAND COUNCIL","electorate":"MULKA","ntg_region":"EAST ARNHEM","population_source":"Homelands Service Provider Report 2023","population_count":77,"longitude":134.92196,"latitude":-12.27446},"geometry":{"type":"Point","coordinates":[134.92196,-12.27446]}},
{"type":"Feature","properties":{"objectid":771,"community_id":191,"bushtel_url":"https://bushtel.nt.gov.au/profile/191","community_name":"YATJALU","community_aliases":"YAJALU","community_type":"Family Outstation","main_language":"Not recorded","local_govt_council":"CENTRAL DESERT","ward":"SOUTHERN TANAMI","land_council":"CENTRAL LAND COUNCIL","electorate":"GWOJA","ntg_region":"CENTRAL AUSTRALIA","population_source":"Not recorded","population_count":null,"longitude":131.16216,"latitude":-22.40643},"geometry":{"type":"Point","coordinates":[131.16216,-22.40643]}},
{"type":"Feature","properties":{"objectid":772,"community_id":719,"bushtel_url":"https://bushtel.nt.gov.au/profile/719","community_name":"YEDERR","community_aliases":"No aliases recorded with NTG DIPL","community_type":"Family Outstation","main_language":"Not recorded","local_govt_council":"WEST DALY","ward":"THAMARRURR/PINDI PINDI","land_council":"NORTHERN LAND COUNCIL","electorate":"DALY","ntg_region":"TOP END","population_source":"Not recorded","population_count":null,"longitude":129.72201,"latitude":-14.01965},"geometry":{"type":"Point","coordinates":[129.72201,-14.01965]}},
{"type":"Feature","properties":{"objectid":773,"community_id":572,"bushtel_url":"https://bushtel.nt.gov.au/profile/572","community_name":"YEDIKBA","community_aliases":"EMERALD RIVER","community_type":"Family Outstation","main_language":"Not recorded","local_govt_council":"EAST ARNHEM","ward":"ANINDILYAKWA","land_council":"ANINDILYAKWA LAND COUNCIL","electorate":"ARNHEM","ntg_region":"EAST ARNHEM","population_source":"Homelands Service Provider Report 2023","population_count":8,"longitude":136.45703,"latitude":-14.08056},"geometry":{"type":"Point","coordinates":[136.45703,-14.08056]}},
{"type":"Feature","properties":{"objectid":774,"community_id":797,"bushtel_url":"https://bushtel.nt.gov.au/profile/797","community_name":"YIKARRAKKAL","community_aliases":"KUBUMI,YIKARRAKAL","community_type":"Family Outstation","main_language":"Not recorded","local_govt_council":"WEST ARNHEM","ward":"MANINGRIDA","land_council":"NORTHERN LAND COUNCIL","electorate":"ARAFURA","ntg_region":"TOP END","population_source":"Homelands Service Provider Report 2023","population_count":10,"longitude":134.1114,"latitude":-12.50363},"geometry":{"type":"Point","coordinates":[134.111400000000117,-12.50363]}},
{"type":"Feature","properties":{"objectid":775,"community_id":303,"bushtel_url":"https://bushtel.nt.gov.au/profile/303","community_name":"YILAN","community_aliases":"BUNBAWA,MU-GANARRA,MUGANARRA,MURGANARRA,Y'LAN","community_type":"Family Outstation","main_language":"Not recorded","local_govt_council":"WEST ARNHEM","ward":"MANINGRIDA","land_council":"NORTHERN LAND COUNCIL","electorate":"ARAFURA","ntg_region":"TOP END","population_source":"Homelands Service Provider Report 2023","population_count":30,"longitude":134.62196,"latitude":-12.04251},"geometry":{"type":"Point","coordinates":[134.62196,-12.04251]}},
{"type":"Feature","properties":{"objectid":776,"community_id":898,"bushtel_url":"https://bushtel.nt.gov.au/profile/898","community_name":"YILILA","community_aliases":"No aliases recorded with NTG DIPL","community_type":"Family Outstation","main_language":"Not recorded","local_govt_council":"ROPER GULF","ward":"NUMBULWAR NUMBURINDI","land_council":"NORTHERN LAND COUNCIL","electorate":"ARNHEM","ntg_region":"BIG RIVERS","population_source":"Homelands Service Provider Report 2023","population_count":7,"longitude":135.91308,"latitude":-13.68204},"geometry":{"type":"Point","coordinates":[135.91308,-13.68204]}},
{"type":"Feature","properties":{"objectid":777,"community_id":574,"bushtel_url":"https://bushtel.nt.gov.au/profile/574","community_name":"YIMIDARRA","community_aliases":"POLICEMAN'S CROSSING,YIMIDARRI","community_type":"Family Outstation","main_language":"Not recorded","local_govt_council":"ROPER GULF","ward":"NUMBULWAR NUMBURINDI","land_council":"NORTHERN LAND COUNCIL","electorate":"ARNHEM","ntg_region":"BIG RIVERS","population_source":"Homelands Service Provider Report 2023","population_count":15,"longitude":135.56463,"latitude":-14.21752},"geometry":{"type":"Point","coordinates":[135.56463,-14.21752]}},
{"type":"Feature","properties":{"objectid":778,"community_id":659,"bushtel_url":"https://bushtel.nt.gov.au/profile/659","community_name":"YINGUWUNARRI","community_aliases":"MONTEJINNI,OLD TOP SPRINGS,TOP SPRINGS,WANARR,YINGAWINARRI","community_type":"Family Outstation","main_language":"Not recorded","local_govt_council":"VICTORIA DALY","ward":"WALANGERI","land_council":"NORTHERN LAND COUNCIL","electorate":"GWOJA","ntg_region":"BIG RIVERS","population_source":"Not recorded","population_count":null,"longitude":131.82362,"latitude":-16.60891},"geometry":{"type":"Point","coordinates":[131.823620000000119,-16.60891]}},
{"type":"Feature","properties":{"objectid":779,"community_id":999,"bushtel_url":"https://bushtel.nt.gov.au/profile/999","community_name":"YINYIKAY","community_aliases":"NYINIKAY,RHODES POINT","community_type":"Family Outstation","main_language":"Not recorded","local_govt_council":"EAST ARNHEM","ward":"GUMURR MARTHAKAL","land_council":"NORTHERN LAND COUNCIL","electorate":"MULKA","ntg_region":"EAST ARNHEM","population_source":"Homelands Service Provider Report 2023","population_count":13,"longitude":136.22921,"latitude":-12.21024},"geometry":{"type":"Point","coordinates":[136.22921,-12.21024]}},
{"type":"Feature","properties":{"objectid":780,"community_id":195,"bushtel_url":"https://bushtel.nt.gov.au/profile/195","community_name":"YINYIRIPALANGU","community_aliases":"ETHEL CREEK,NGARI-PALYA","community_type":"Family Outstation","main_language":"Not recorded","local_govt_council":"CENTRAL DESERT","ward":"SOUTHERN TANAMI","land_council":"CENTRAL LAND COUNCIL","electorate":"GWOJA","ntg_region":"CENTRAL AUSTRALIA","population_source":"Not recorded","population_count":null,"longitude":130.20558,"latitude":-22.21046},"geometry":{"type":"Point","coordinates":[130.20558,-22.21046]}},
{"type":"Feature","properties":{"objectid":781,"community_id":1002,"bushtel_url":"https://bushtel.nt.gov.au/profile/1002","community_name":"YIRRA BANDOO","community_aliases":"ELIZABETH RIVER,VIRGINIA","community_type":"Family Outstation","main_language":"Not recorded","local_govt_council":"LITCHFIELD","ward":"CENTRAL WARD","land_council":"NORTHERN LAND COUNCIL","electorate":"GOYDER","ntg_region":"DARWIN, PALMERSTON, LITCHFIELD","population_source":"Not recorded","population_count":null,"longitude":131.02238,"latitude":-12.57293},"geometry":{"type":"Point","coordinates":[131.022380000000112,-12.57293]}},
{"type":"Feature","properties":{"objectid":782,"community_id":575,"bushtel_url":"https://bushtel.nt.gov.au/profile/575","community_name":"YIRRINGA","community_aliases":"DRYSDALE ISLAND","community_type":"Family Outstation","main_language":"Not recorded","local_govt_council":"EAST ARNHEM","ward":"GUMURR MARTHAKAL","land_council":"NORTHERN LAND COUNCIL","electorate":"MULKA","ntg_region":"EAST ARNHEM","population_source":"Not recorded","population_count":null,"longitude":136.02578,"latitude":-11.64538},"geometry":{"type":"Point","coordinates":[136.02578,-11.64538]}},
{"type":"Feature","properties":{"objectid":783,"community_id":576,"bushtel_url":"https://bushtel.nt.gov.au/profile/576","community_name":"YIRRKALA","community_aliases":"No aliases recorded with NTG DIPL","community_type":"Major","main_language":"Yolngu Matha(Djambarrpuyngu)","local_govt_council":"EAST ARNHEM","ward":"GUMURR MIWATJ","land_council":"NORTHERN LAND COUNCIL","electorate":"MULKA","ntg_region":"EAST ARNHEM","population_source":"Based on ABS 2021 Census SA1","population_count":771,"longitude":136.89168,"latitude":-12.25279},"geometry":{"type":"Point","coordinates":[136.89168,-12.25279]}},
{"type":"Feature","properties":{"objectid":784,"community_id":672,"bushtel_url":"https://bushtel.nt.gov.au/profile/672","community_name":"YUDU YUDU","community_aliases":"YUDUYUDU","community_type":"Family Outstation","main_language":"Not recorded","local_govt_council":"EAST ARNHEM","ward":"GUMURR MIWATJ","land_council":"NORTHERN LAND COUNCIL","electorate":"MULKA","ntg_region":"EAST ARNHEM","population_source":"Homelands Service Provider Report 2023","population_count":14,"longitude":136.63724,"latitude":-12.23335},"geometry":{"type":"Point","coordinates":[136.63724,-12.23335]}},
{"type":"Feature","properties":{"objectid":785,"community_id":197,"bushtel_url":"https://bushtel.nt.gov.au/profile/197","community_name":"YUELAMU","community_aliases":"ALPIRAKINA,MOUNT ALLAN","community_type":"Major","main_language":"Anmatyerr / Warlpiri","local_govt_council":"CENTRAL DESERT","ward":"ANMATJERE","land_council":"CENTRAL LAND COUNCIL","electorate":"GWOJA","ntg_region":"CENTRAL AUSTRALIA","population_source":"Based on ABS 2021 Census SA1","population_count":175,"longitude":132.20557,"latitude":-22.25835},"geometry":{"type":"Point","coordinates":[132.20557,-22.25835]}},
{"type":"Feature","properties":{"objectid":786,"community_id":198,"bushtel_url":"https://bushtel.nt.gov.au/profile/198","community_name":"YUENDUMU","community_aliases":"No aliases recorded with NTG DIPL","community_type":"Major","main_language":"Warlpiri","local_govt_council":"CENTRAL DESERT","ward":"SOUTHERN TANAMI","land_council":"CENTRAL LAND COUNCIL","electorate":"GWOJA","ntg_region":"CENTRAL AUSTRALIA","population_source":"Based on ABS 2021 Census SA1","population_count":869,"longitude":131.79529,"latitude":-22.25389},"geometry":{"type":"Point","coordinates":[131.79529,-22.25389]}},
{"type":"Feature","properties":{"objectid":787,"community_id":20026,"bushtel_url":"https://bushtel.nt.gov.au/profile/20026","community_name":"YULARA","community_aliases":"YULURA","community_type":"Town","main_language":"Not recorded","local_govt_council":"UN-INCORPORATED (YULARA)","ward":"Not recorded","land_council":"CENTRAL LAND COUNCIL","electorate":"GWOJA","ntg_region":"CENTRAL AUSTRALIA","population_source":"Not recorded","population_count":null,"longitude":130.98766,"latitude":-25.24133},"geometry":{"type":"Point","coordinates":[130.987660000000119,-25.24133]}},
{"type":"Feature","properties":{"objectid":788,"community_id":863,"bushtel_url":"https://bushtel.nt.gov.au/profile/863","community_name":"YULARA PULKA","community_aliases":"No aliases recorded with NTG DIPL","community_type":"Family Outstation","main_language":"Not recorded","local_govt_council":"MACDONNELL","ward":"IYARRKA","land_council":"CENTRAL LAND COUNCIL","electorate":"GWOJA","ntg_region":"CENTRAL AUSTRALIA","population_source":"Homelands Service Provider Report 2023","population_count":5,"longitude":130.89108,"latitude":-25.25455},"geometry":{"type":"Point","coordinates":[130.891080000000102,-25.25455]}},
{"type":"Feature","properties":{"objectid":789,"community_id":1010,"bushtel_url":"https://bushtel.nt.gov.au/profile/1010","community_name":"YULBARA","community_aliases":"ULBARA POINT","community_type":"Family Outstation","main_language":"Not recorded","local_govt_council":"ROPER GULF","ward":"SOUTH WEST GULF","land_council":"NORTHERN LAND COUNCIL","electorate":"BARKLY","ntg_region":"BIG RIVERS","population_source":"Not recorded","population_count":null,"longitude":136.9997,"latitude":-15.7777},"geometry":{"type":"Point","coordinates":[136.9997,-15.7777]}},
{"type":"Feature","properties":{"objectid":790,"community_id":200,"bushtel_url":"https://bushtel.nt.gov.au/profile/200","community_name":"YUMURRPA","community_aliases":"CAVES BORE,YUMURLPA","community_type":"Family Outstation","main_language":"Not recorded","local_govt_council":"CENTRAL DESERT","ward":"SOUTHERN TANAMI","land_council":"CENTRAL LAND COUNCIL","electorate":"GWOJA","ntg_region":"CENTRAL AUSTRALIA","population_source":"Not recorded","population_count":null,"longitude":130.78047,"latitude":-21.62731},"geometry":{"type":"Point","coordinates":[130.78047,-21.62731]}},
{"type":"Feature","properties":{"objectid":791,"community_id":196,"bushtel_url":"https://bushtel.nt.gov.au/profile/196","community_name":"YUWALKI","community_aliases":"MT. DAVID BORE,UALKI,YUALTJI","community_type":"Family Outstation","main_language":"Not recorded","local_govt_council":"MACDONNELL","ward":"LURITJA PINTUBI","land_council":"CENTRAL LAND COUNCIL","electorate":"GWOJA","ntg_region":"CENTRAL AUSTRALIA","population_source":"Not recorded","population_count":null,"longitude":129.53922,"latitude":-23.56347},"geometry":{"type":"Point","coordinates":[129.539220000000114,-23.56347]}},
{"type":"Feature","properties":{"objectid":792,"community_id":123,"bushtel_url":"https://bushtel.nt.gov.au/profile/123","community_name":"YUWERLI","community_aliases":"BEAN TREE,NGALIKIRLAN","community_type":"Family Outstation","main_language":"Not recorded","local_govt_council":"CENTRAL DESERT","ward":"SOUTHERN TANAMI","land_council":"CENTRAL LAND COUNCIL","electorate":"GWOJA","ntg_region":"CENTRAL AUSTRALIA","population_source":"Not recorded","population_count":null,"longitude":131.65064,"latitude":-22.03566},"geometry":{"type":"Point","coordinates":[131.65064,-22.03566]}}
]
}
