{"type":"FeatureCollection","name":"towers_nt","crs":{"type":"name","properties":{"name":"urn:ogc:def:crs:EPSG::4283"}},"features":[{"type":"Feature","properties":{"name":"Tower 800002","carrier":"TPG","has4G":true,"has5G":true,"rfnsa_id":800002,"remoteness":"Outer Regional Australia"},"geometry":{"type":"Point","coordinates":[130.8425,-12.465]}},{"type":"Feature","properties":{"name":"Tower 800003","carrier":"TPG","has4G":true,"has5G":true,"rfnsa_id":800003,"remoteness":"Outer Regional Australia"},"geometry":{"type":"Point","coordinates":[130.83859,-12.46072]}},{"type":"Feature","properties":{"name":"Tower 800006","carrier":"TPG","has4G":true,"has5G":true,"rfnsa_id":800006,"remoteness":"Outer Regional Australia"},"geometry":{"type":"Point","coordinates":[130.83693,-12.45896]}},{"type":"Feature","properties":{"name":"Tower 800007","carrier":"TPG","has4G":true,"has5G":true,"rfnsa_id":800007,"remoteness":"Outer Regional Australia"},"geometry":{"type":"Point","coordinates":[130.8437,-12.46352]}},{"type":"Feature","properties":{"name":"Tower 800020","carrier":"TPG","has4G":true,"has5G":false,"rfnsa_id":800020,"remoteness":"Outer Regional Australia"},"geometry":{"type":"Point","coordinates":[130.84713,-12.4654]}},{"type":"Feature","properties":{"name":"Tower 810001","carrier":"TPG","has4G":true,"has5G":false,"rfnsa_id":810001,"remoteness":"Outer Regional Australia"},"geometry":{"type":"Point","coordinates":[130.85708,-12.38376]}},{"type":"Feature","properties":{"name":"Tower 810002","carrier":"TPG","has4G":true,"has5G":true,"rfnsa_id":810002,"remoteness":"Outer Regional Australia"},"geometry":{"type":"Point","coordinates":[130.88167,-12.35583]}},{"type":"Feature","properties":{"name":"Tower 810003","carrier":"TPG","has4G":true,"has5G":true,"rfnsa_id":810003,"remoteness":"Outer Regional Australia"},"geometry":{"type":"Point","coordinates":[130.881831,-12.372949]}},{"type":"Feature","properties":{"name":"Tower 810003","carrier":"TPG","has4G":true,"has5G":true,"rfnsa_id":810003,"remoteness":"Outer Regional Australia"},"geometry":{"type":"Point","coordinates":[130.88187,-12.37569]}},{"type":"Feature","properties":{"name":"Tower 810005","carrier":"TPG","has4G":true,"has5G":false,"rfnsa_id":810005,"remoteness":"Outer Regional Australia"},"geometry":{"type":"Point","coordinates":[130.849,-12.38933]}},{"type":"Feature","properties":{"name":"Tower 810006","carrier":"TPG","has4G":true,"has5G":false,"rfnsa_id":810006,"remoteness":"Outer Regional Australia"},"geometry":{"type":"Point","coordinates":[130.86738,-12.3739]}},{"type":"Feature","properties":{"name":"Tower 810007","carrier":"TPG","has4G":true,"has5G":true,"rfnsa_id":810007,"remoteness":"Outer Regional Australia"},"geometry":{"type":"Point","coordinates":[130.885,-12.3867]}},{"type":"Feature","properties":{"name":"Tower 810012","carrier":"TPG","has4G":true,"has5G":false,"rfnsa_id":810012,"remoteness":"Outer Regional Australia"},"geometry":{"type":"Point","coordinates":[130.8694,-12.39311]}},{"type":"Feature","properties":{"name":"Tower 810013","carrier":"TPG","has4G":true,"has5G":true,"rfnsa_id":810013,"remoteness":"Outer Regional Australia"},"geometry":{"type":"Point","coordinates":[130.85414,-12.40055]}},{"type":"Feature","properties":{"name":"Tower 812001","carrier":"TPG","has4G":true,"has5G":true,"rfnsa_id":812001,"remoteness":"Outer Regional Australia"},"geometry":{"type":"Point","coordinates":[130.88957,-12.39844]}},{"type":"Feature","properties":{"name":"Tower 812002","carrier":"TPG","has4G":true,"has5G":true,"rfnsa_id":812002,"remoteness":"Outer Regional Australia"},"geometry":{"type":"Point","coordinates":[130.91213,-12.38594]}},{"type":"Feature","properties":{"name":"Tower 812004","carrier":"TPG","has4G":true,"has5G":false,"rfnsa_id":812004,"remoteness":"Outer Regional Australia"},"geometry":{"type":"Point","coordinates":[130.91917,-12.4152]}},{"type":"Feature","properties":{"name":"Tower 812006","carrier":"TPG","has4G":true,"has5G":false,"rfnsa_id":812006,"remoteness":"Outer Regional Australia"},"geometry":{"type":"Point","coordinates":[130.87929,-12.40528]}},{"type":"Feature","properties":{"name":"Tower 812007","carrier":"TPG","has4G":true,"has5G":false,"rfnsa_id":812007,"remoteness":"Outer Regional Australia"},"geometry":{"type":"Point","coordinates":[130.90663,-12.37106]}},{"type":"Feature","properties":{"name":"Tower 812008","carrier":"TPG","has4G":true,"has5G":true,"rfnsa_id":812008,"remoteness":"Outer Regional Australia"},"geometry":{"type":"Point","coordinates":[130.90959,-12.40377]}},{"type":"Feature","properties":{"name":"Tower 820004","carrier":"TPG","has4G":true,"has5G":true,"rfnsa_id":820004,"remoteness":"Outer Regional Australia"},"geometry":{"type":"Point","coordinates":[130.85272,-12.43401]}},{"type":"Feature","properties":{"name":"Tower 820009","carrier":"TPG","has4G":true,"has5G":false,"rfnsa_id":820009,"remoteness":"Outer Regional Australia"},"geometry":{"type":"Point","coordinates":[130.82709,-12.45105]}},{"type":"Feature","properties":{"name":"Tower 820010","carrier":"TPG","has4G":true,"has5G":false,"rfnsa_id":820010,"remoteness":"Outer Regional Australia"},"geometry":{"type":"Point","coordinates":[130.84184,-12.43518]}},{"type":"Feature","properties":{"name":"Tower 820011","carrier":"TPG","has4G":true,"has5G":false,"rfnsa_id":820011,"remoteness":"Outer Regional Australia"},"geometry":{"type":"Point","coordinates":[130.8526,-12.42414]}},{"type":"Feature","properties":{"name":"Tower 820012","carrier":"TPG","has4G":true,"has5G":false,"rfnsa_id":820012,"remoteness":"Outer Regional Australia"},"geometry":{"type":"Point","coordinates":[130.83986,-12.44799]}},{"type":"Feature","properties":{"name":"Tower 820014","carrier":"TPG","has4G":true,"has5G":false,"rfnsa_id":820014,"remoteness":"Outer Regional Australia"},"geometry":{"type":"Point","coordinates":[130.89951,-12.42697]}},{"type":"Feature","properties":{"name":"Tower 820017","carrier":"TPG","has4G":true,"has5G":true,"rfnsa_id":820017,"remoteness":"Outer Regional Australia"},"geometry":{"type":"Point","coordinates":[130.87734,-12.42609]}},{"type":"Feature","properties":{"name":"Tower 828003","carrier":"TPG","has4G":true,"has5G":false,"rfnsa_id":828003,"remoteness":"Outer Regional Australia"},"geometry":{"type":"Point","coordinates":[130.9183,-12.47615]}},{"type":"Feature","properties":{"name":"Tower 828004","carrier":"TPG","has4G":true,"has5G":true,"rfnsa_id":828004,"remoteness":"Outer Regional Australia"},"geometry":{"type":"Point","coordinates":[130.91819,-12.43342]}},{"type":"Feature","properties":{"name":"Tower 828006","carrier":"TPG","has4G":true,"has5G":false,"rfnsa_id":828006,"remoteness":"Outer Regional Australia"},"geometry":{"type":"Point","coordinates":[130.949,-12.43801]}},{"type":"Feature","properties":{"name":"Tower 829002","carrier":"TPG","has4G":true,"has5G":false,"rfnsa_id":829002,"remoteness":"Outer Regional Australia"},"geometry":{"type":"Point","coordinates":[130.97487,-12.43633]}},{"type":"Feature","properties":{"name":"Tower 829003","carrier":"TPG","has4G":true,"has5G":true,"rfnsa_id":829003,"remoteness":"Outer Regional Australia"},"geometry":{"type":"Point","coordinates":[131.00366,-12.476]}},{"type":"Feature","properties":{"name":"Tower 830001","carrier":"TPG","has4G":true,"has5G":false,"rfnsa_id":830001,"remoteness":"Outer Regional Australia"},"geometry":{"type":"Point","coordinates":[130.98685,-12.49347]}},{"type":"Feature","properties":{"name":"Tower 830004","carrier":"TPG","has4G":true,"has5G":false,"rfnsa_id":830004,"remoteness":"Outer Regional Australia"},"geometry":{"type":"Point","coordinates":[130.96465,-12.51044]}},{"type":"Feature","properties":{"name":"Tower 830010","carrier":"TPG","has4G":true,"has5G":true,"rfnsa_id":830010,"remoteness":"Outer Regional Australia"},"geometry":{"type":"Point","coordinates":[130.98297,-12.47197]}},{"type":"Feature","properties":{"name":"Tower 830013","carrier":"TPG","has4G":true,"has5G":true,"rfnsa_id":830013,"remoteness":"Outer Regional Australia"},"geometry":{"type":"Point","coordinates":[130.98536,-12.47825]}},{"type":"Feature","properties":{"name":"Tower 832001","carrier":"TPG","has4G":true,"has5G":false,"rfnsa_id":832001,"remoteness":"Outer Regional Australia"},"geometry":{"type":"Point","coordinates":[130.9911,-12.5153]}},{"type":"Feature","properties":{"name":"Tower 832002","carrier":"TPG","has4G":true,"has5G":false,"rfnsa_id":832002,"remoteness":"Outer Regional Australia"},"geometry":{"type":"Point","coordinates":[131.0001,-12.4906]}},{"type":"Feature","properties":{"name":"Tower 835001","carrier":"TPG","has4G":true,"has5G":true,"rfnsa_id":835001,"remoteness":"Outer Regional Australia"},"geometry":{"type":"Point","coordinates":[131.07384,-12.48255]}},{"type":"Feature","properties":{"name":"Tower 835002","carrier":"TPG","has4G":true,"has5G":false,"rfnsa_id":835002,"remoteness":"Outer Regional Australia"},"geometry":{"type":"Point","coordinates":[131.03237,-12.50011]}},{"type":"Feature","properties":{"name":"Tower 835006","carrier":"TPG","has4G":true,"has5G":false,"rfnsa_id":835006,"remoteness":"Outer Regional Australia"},"geometry":{"type":"Point","coordinates":[131.04806,-12.52927]}},{"type":"Feature","properties":{"name":"Tower 835007","carrier":"TPG","has4G":true,"has5G":false,"rfnsa_id":835007,"remoteness":"Outer Regional Australia"},"geometry":{"type":"Point","coordinates":[131.0167,-12.49556]}},{"type":"Feature","properties":{"name":"Tower 836001","carrier":"TPG","has4G":true,"has5G":true,"rfnsa_id":836001,"remoteness":"Outer Regional Australia"},"geometry":{"type":"Point","coordinates":[131.09889,-12.56944]}},{"type":"Feature","properties":{"name":"Tower 836002","carrier":"TPG","has4G":true,"has5G":false,"rfnsa_id":836002,"remoteness":"Outer Regional Australia"},"geometry":{"type":"Point","coordinates":[131.15106,-12.55419]}},{"type":"Feature","properties":{"name":"Tower 836004","carrier":"TPG","has4G":true,"has5G":false,"rfnsa_id":836004,"remoteness":"Outer Regional Australia"},"geometry":{"type":"Point","coordinates":[131.15175,-12.61324]}},{"type":"Feature","properties":{"name":"Tower 822055","carrier":"Optus-TPG MOCN","has4G":true,"has5G":false,"rfnsa_id":822055,"remoteness":"Remote Australia"},"geometry":{"type":"Point","coordinates":[130.746358,-12.440421]}},{"type":"Feature","properties":{"name":"Tower 822056","carrier":"Optus-TPG MOCN","has4G":true,"has5G":false,"rfnsa_id":822056,"remoteness":"Outer Regional Australia"},"geometry":{"type":"Point","coordinates":[130.986967,-12.813438]}},{"type":"Feature","properties":{"name":"Tower 822057","carrier":"Optus-TPG MOCN","has4G":true,"has5G":false,"rfnsa_id":822057,"remoteness":"Outer Regional Australia"},"geometry":{"type":"Point","coordinates":[131.244139,-12.583952]}},{"type":"Feature","properties":{"name":"Tower 822087","carrier":"Optus-TPG MOCN","has4G":true,"has5G":false,"rfnsa_id":822087,"remoteness":"Remote Australia"},"geometry":{"type":"Point","coordinates":[131.143492,-12.985684]}},{"type":"Feature","properties":{"name":"Tower 822093","carrier":"Optus-TPG MOCN","has4G":true,"has5G":true,"rfnsa_id":822093,"remoteness":"Remote Australia"},"geometry":{"type":"Point","coordinates":[130.69571,-13.12293]}},{"type":"Feature","properties":{"name":"Tower 822104","carrier":"Optus-TPG MOCN","has4G":true,"has5G":true,"rfnsa_id":822104,"remoteness":"Outer Regional Australia"},"geometry":{"type":"Point","coordinates":[131.06841,-12.27084]}},{"type":"Feature","properties":{"name":"Tower 837006","carrier":"Optus-TPG MOCN","has4G":true,"has5G":false,"rfnsa_id":837006,"remoteness":"Outer Regional Australia"},"geometry":{"type":"Point","coordinates":[131.099634,-12.64239]}},{"type":"Feature","properties":{"name":"Tower 838003","carrier":"Optus-TPG MOCN","has4G":true,"has5G":false,"rfnsa_id":838003,"remoteness":"Outer Regional Australia"},"geometry":{"type":"Point","coordinates":[131.0135755,-12.69951362]}},{"type":"Feature","properties":{"name":"Tower 845003","carrier":"Optus-TPG MOCN","has4G":true,"has5G":false,"rfnsa_id":845003,"remoteness":"Remote Australia"},"geometry":{"type":"Point","coordinates":[131.04488,-13.049667]}},{"type":"Feature","properties":{"name":"Tower 846002","carrier":"Optus-TPG MOCN","has4G":true,"has5G":false,"rfnsa_id":846002,"remoteness":"Remote Australia"},"geometry":{"type":"Point","coordinates":[131.1091369,-13.2445411]}},{"type":"Feature","properties":{"name":"Tower 850003","carrier":"Optus-TPG MOCN","has4G":true,"has5G":true,"rfnsa_id":850003,"remoteness":"Remote Australia"},"geometry":{"type":"Point","coordinates":[132.2954,-14.44632]}},{"type":"Feature","properties":{"name":"Tower 850012","carrier":"Optus-TPG MOCN","has4G":true,"has5G":false,"rfnsa_id":850012,"remoteness":"Remote Australia"},"geometry":{"type":"Point","coordinates":[132.262424,-14.465153]}},{"type":"Feature","properties":{"name":"Tower 850018","carrier":"Optus-TPG MOCN","has4G":true,"has5G":false,"rfnsa_id":850018,"remoteness":"Remote Australia"},"geometry":{"type":"Point","coordinates":[132.16011,-14.52033]}},{"type":"Feature","properties":{"name":"Tower 852087","carrier":"Optus-TPG MOCN","has4G":true,"has5G":true,"rfnsa_id":852087,"remoteness":"Remote Australia"},"geometry":{"type":"Point","coordinates":[132.12761,-14.342]}},{"type":"Feature","properties":{"name":"Tower 860007","carrier":"Optus-TPG MOCN","has4G":true,"has5G":false,"rfnsa_id":860007,"remoteness":"Very Remote Australia"},"geometry":{"type":"Point","coordinates":[134.183655,-19.64497]}},{"type":"Feature","properties":{"name":"Tower 870025","carrier":"Optus-TPG MOCN","has4G":true,"has5G":false,"rfnsa_id":870025,"remoteness":"Remote Australia"},"geometry":{"type":"Point","coordinates":[133.903038,-23.801829]}},{"type":"Feature","properties":{"name":"Tower 870028","carrier":"Optus-TPG MOCN","has4G":true,"has5G":true,"rfnsa_id":870028,"remoteness":"Remote Australia"},"geometry":{"type":"Point","coordinates":[133.87918,-23.69993]}},{"type":"Feature","properties":{"name":"Tower 870030","carrier":"Optus-TPG MOCN","has4G":true,"has5G":true,"rfnsa_id":870030,"remoteness":"Remote Australia"},"geometry":{"type":"Point","coordinates":[133.857596,-23.722549]}},{"type":"Feature","properties":{"name":"Tower 870052","carrier":"Optus-TPG MOCN","has4G":true,"has5G":true,"rfnsa_id":870052,"remoteness":"Remote Australia"},"geometry":{"type":"Point","coordinates":[133.864338,-23.66924]}},{"type":"Feature","properties":{"name":"Tower 870061","carrier":"Optus-TPG MOCN","has4G":true,"has5G":false,"rfnsa_id":870061,"remoteness":"Remote Australia"},"geometry":{"type":"Point","coordinates":[133.894595,-23.700055]}},{"type":"Feature","properties":{"name":"Tower 870064","carrier":"Optus-TPG MOCN","has4G":true,"has5G":true,"rfnsa_id":870064,"remoteness":"Remote Australia"},"geometry":{"type":"Point","coordinates":[133.84078,-23.69695]}},{"type":"Feature","properties":{"name":"Tower 872003","carrier":"Optus-TPG MOCN","has4G":true,"has5G":true,"rfnsa_id":872003,"remoteness":"Very Remote Australia"},"geometry":{"type":"Point","coordinates":[130.984035,-25.242591]}},{"type":"Feature","properties":{"name":"Tower 872155","carrier":"Optus-TPG MOCN","has4G":true,"has5G":true,"rfnsa_id":872155,"remoteness":"Very Remote Australia"},"geometry":{"type":"Point","coordinates":[130.976089,-25.191336]}},{"type":"Feature","properties":{"name":"Tower 880003","carrier":"Optus-TPG MOCN","has4G":true,"has5G":false,"rfnsa_id":880003,"remoteness":"Very Remote Australia"},"geometry":{"type":"Point","coordinates":[136.776877,-12.181375]}},{"type":"Feature","properties":{"name":"Tower 886001","carrier":"Optus-TPG MOCN","has4G":true,"has5G":false,"rfnsa_id":886001,"remoteness":"Remote Australia"},"geometry":{"type":"Point","coordinates":[132.834471,-12.669492]}},{"type":"Feature","properties":{"name":"Tower 800005","carrier":"Optus","has4G":true,"has5G":false,"rfnsa_id":800005,"remoteness":"Outer Regional Australia"},"geometry":{"type":"Point","coordinates":[130.840769,-12.459939]}},{"type":"Feature","properties":{"name":"Tower 800006","carrier":"Optus","has4G":true,"has5G":true,"rfnsa_id":800006,"remoteness":"Outer Regional Australia"},"geometry":{"type":"Point","coordinates":[130.836967,-12.459022]}},{"type":"Feature","properties":{"name":"Tower 800007","carrier":"Optus","has4G":true,"has5G":true,"rfnsa_id":800007,"remoteness":"Outer Regional Australia"},"geometry":{"type":"Point","coordinates":[130.843664,-12.463811]}},{"type":"Feature","properties":{"name":"Tower 800020","carrier":"Optus","has4G":true,"has5G":false,"rfnsa_id":800020,"remoteness":"Outer Regional Australia"},"geometry":{"type":"Point","coordinates":[130.847157,-12.465479]}},{"type":"Feature","properties":{"name":"Tower 800023","carrier":"Optus","has4G":true,"has5G":true,"rfnsa_id":800023,"remoteness":"Outer Regional Australia"},"geometry":{"type":"Point","coordinates":[130.830832,-12.447816]}},{"type":"Feature","properties":{"name":"Tower 801001","carrier":"Optus","has4G":true,"has5G":false,"rfnsa_id":801001,"remoteness":"Outer Regional Australia"},"geometry":{"type":"Point","coordinates":[130.84203,-12.46523]}},{"type":"Feature","properties":{"name":"Tower 810001","carrier":"Optus","has4G":true,"has5G":false,"rfnsa_id":810001,"remoteness":"Outer Regional Australia"},"geometry":{"type":"Point","coordinates":[130.856862,-12.383522]}},{"type":"Feature","properties":{"name":"Tower 810002","carrier":"Optus","has4G":true,"has5G":false,"rfnsa_id":810002,"remoteness":"Outer Regional Australia"},"geometry":{"type":"Point","coordinates":[130.882125,-12.355865]}},{"type":"Feature","properties":{"name":"Tower 810004","carrier":"Optus","has4G":true,"has5G":false,"rfnsa_id":810004,"remoteness":"Outer Regional Australia"},"geometry":{"type":"Point","coordinates":[130.881827,-12.372902]}},{"type":"Feature","properties":{"name":"Tower 810005","carrier":"Optus","has4G":true,"has5G":false,"rfnsa_id":810005,"remoteness":"Outer Regional Australia"},"geometry":{"type":"Point","coordinates":[130.848997,-12.38935]}},{"type":"Feature","properties":{"name":"Tower 810006","carrier":"Optus","has4G":true,"has5G":false,"rfnsa_id":810006,"remoteness":"Outer Regional Australia"},"geometry":{"type":"Point","coordinates":[130.867651,-12.373951]}},{"type":"Feature","properties":{"name":"Tower 810007","carrier":"Optus","has4G":true,"has5G":false,"rfnsa_id":810007,"remoteness":"Outer Regional Australia"},"geometry":{"type":"Point","coordinates":[130.885011,-12.386658]}},{"type":"Feature","properties":{"name":"Tower 810012","carrier":"Optus","has4G":true,"has5G":false,"rfnsa_id":810012,"remoteness":"Outer Regional Australia"},"geometry":{"type":"Point","coordinates":[130.869389,-12.393101]}},{"type":"Feature","properties":{"name":"Tower 810013","carrier":"Optus","has4G":true,"has5G":false,"rfnsa_id":810013,"remoteness":"Outer Regional Australia"},"geometry":{"type":"Point","coordinates":[130.854128,-12.400584]}},{"type":"Feature","properties":{"name":"Tower 810019","carrier":"Optus","has4G":true,"has5G":false,"rfnsa_id":810019,"remoteness":"Outer Regional Australia"},"geometry":{"type":"Point","coordinates":[130.85052,-12.377177]}},{"type":"Feature","properties":{"name":"Tower 812001","carrier":"Optus","has4G":true,"has5G":false,"rfnsa_id":812001,"remoteness":"Outer Regional Australia"},"geometry":{"type":"Point","coordinates":[130.889574,-12.398405]}},{"type":"Feature","properties":{"name":"Tower 812002","carrier":"Optus","has4G":true,"has5G":false,"rfnsa_id":812002,"remoteness":"Outer Regional Australia"},"geometry":{"type":"Point","coordinates":[130.912127,-12.385932]}},{"type":"Feature","properties":{"name":"Tower 812004","carrier":"Optus","has4G":true,"has5G":false,"rfnsa_id":812004,"remoteness":"Outer Regional Australia"},"geometry":{"type":"Point","coordinates":[130.9191596,-12.41520307]}},{"type":"Feature","properties":{"name":"Tower 812006","carrier":"Optus","has4G":true,"has5G":false,"rfnsa_id":812006,"remoteness":"Outer Regional Australia"},"geometry":{"type":"Point","coordinates":[130.879297,-12.405276]}},{"type":"Feature","properties":{"name":"Tower 812007","carrier":"Optus","has4G":true,"has5G":false,"rfnsa_id":812007,"remoteness":"Outer Regional Australia"},"geometry":{"type":"Point","coordinates":[130.90663,-12.37106]}},{"type":"Feature","properties":{"name":"Tower 812008","carrier":"Optus","has4G":true,"has5G":true,"rfnsa_id":812008,"remoteness":"Outer Regional Australia"},"geometry":{"type":"Point","coordinates":[130.9096,-12.4038]}},{"type":"Feature","properties":{"name":"Tower 812012","carrier":"Optus","has4G":true,"has5G":false,"rfnsa_id":812012,"remoteness":"Outer Regional Australia"},"geometry":{"type":"Point","coordinates":[130.92311,-12.39592]}},{"type":"Feature","properties":{"name":"Tower 820004","carrier":"Optus","has4G":true,"has5G":false,"rfnsa_id":820004,"remoteness":"Outer Regional Australia"},"geometry":{"type":"Point","coordinates":[130.852724,-12.434024]}},{"type":"Feature","properties":{"name":"Tower 820009","carrier":"Optus","has4G":true,"has5G":false,"rfnsa_id":820009,"remoteness":"Outer Regional Australia"},"geometry":{"type":"Point","coordinates":[130.82703,-12.451323]}},{"type":"Feature","properties":{"name":"Tower 820010","carrier":"Optus","has4G":true,"has5G":false,"rfnsa_id":820010,"remoteness":"Outer Regional Australia"},"geometry":{"type":"Point","coordinates":[130.841836,-12.435207]}},{"type":"Feature","properties":{"name":"Tower 820011","carrier":"Optus","has4G":true,"has5G":false,"rfnsa_id":820011,"remoteness":"Outer Regional Australia"},"geometry":{"type":"Point","coordinates":[130.852633,-12.424179]}},{"type":"Feature","properties":{"name":"Tower 820012","carrier":"Optus","has4G":true,"has5G":false,"rfnsa_id":820012,"remoteness":"Outer Regional Australia"},"geometry":{"type":"Point","coordinates":[130.839817,-12.448007]}},{"type":"Feature","properties":{"name":"Tower 820014","carrier":"Optus","has4G":true,"has5G":false,"rfnsa_id":820014,"remoteness":"Outer Regional Australia"},"geometry":{"type":"Point","coordinates":[130.899521,-12.427167]}},{"type":"Feature","properties":{"name":"Tower 820017","carrier":"Optus","has4G":true,"has5G":true,"rfnsa_id":820017,"remoteness":"Outer Regional Australia"},"geometry":{"type":"Point","coordinates":[130.877261,-12.426155]}},{"type":"Feature","properties":{"name":"Tower 822055","carrier":"Optus","has4G":true,"has5G":false,"rfnsa_id":822055,"remoteness":"Remote Australia"},"geometry":{"type":"Point","coordinates":[130.746358,-12.440421]}},{"type":"Feature","properties":{"name":"Tower 822056","carrier":"Optus","has4G":true,"has5G":false,"rfnsa_id":822056,"remoteness":"Outer Regional Australia"},"geometry":{"type":"Point","coordinates":[130.986967,-12.813438]}},{"type":"Feature","properties":{"name":"Tower 822057","carrier":"Optus","has4G":true,"has5G":false,"rfnsa_id":822057,"remoteness":"Outer Regional Australia"},"geometry":{"type":"Point","coordinates":[131.244139,-12.583952]}},{"type":"Feature","properties":{"name":"Tower 822072","carrier":"Optus","has4G":true,"has5G":false,"rfnsa_id":822072,"remoteness":"Outer Regional Australia"},"geometry":{"type":"Point","coordinates":[130.92699,-12.46142]}},{"type":"Feature","properties":{"name":"Tower 822087","carrier":"Optus","has4G":true,"has5G":false,"rfnsa_id":822087,"remoteness":"Remote Australia"},"geometry":{"type":"Point","coordinates":[131.143492,-12.985684]}},{"type":"Feature","properties":{"name":"Tower 822089","carrier":"Optus","has4G":true,"has5G":false,"rfnsa_id":822089,"remoteness":"Remote Australia"},"geometry":{"type":"Point","coordinates":[130.793267,-13.109367]}},{"type":"Feature","properties":{"name":"Tower 822090","carrier":"Optus","has4G":false,"has5G":false,"rfnsa_id":822090,"remoteness":"Remote Australia"},"geometry":{"type":"Point","coordinates":[132.2201,-13.6061]}},{"type":"Feature","properties":{"name":"Tower 822091","carrier":"Optus","has4G":true,"has5G":false,"rfnsa_id":822091,"remoteness":"Remote Australia"},"geometry":{"type":"Point","coordinates":[130.679087,-13.164608]}},{"type":"Feature","properties":{"name":"Tower 822093","carrier":"Optus","has4G":true,"has5G":true,"rfnsa_id":822093,"remoteness":"Remote Australia"},"geometry":{"type":"Point","coordinates":[130.69571,-13.12293]}},{"type":"Feature","properties":{"name":"Tower 822102","carrier":"Optus","has4G":false,"has5G":false,"rfnsa_id":822102,"remoteness":"Remote Australia"},"geometry":{"type":"Point","coordinates":[131.675696,-12.899765]}},{"type":"Feature","properties":{"name":"Tower 822104","carrier":"Optus","has4G":true,"has5G":true,"rfnsa_id":822104,"remoteness":"Outer Regional Australia"},"geometry":{"type":"Point","coordinates":[131.06841,-12.27084]}},{"type":"Feature","properties":{"name":"Tower 822106","carrier":"Optus","has4G":true,"has5G":false,"rfnsa_id":822106,"remoteness":"Remote Australia"},"geometry":{"type":"Point","coordinates":[132.95842,-12.42654]}},{"type":"Feature","properties":{"name":"Tower 822107","carrier":"Optus","has4G":true,"has5G":false,"rfnsa_id":822107,"remoteness":"Remote Australia"},"geometry":{"type":"Point","coordinates":[131.728776,-12.481606]}},{"type":"Feature","properties":{"name":"Tower 822109","carrier":"Optus","has4G":true,"has5G":false,"rfnsa_id":822109,"remoteness":"Remote Australia"},"geometry":{"type":"Point","coordinates":[131.351056,-13.787264]}},{"type":"Feature","properties":{"name":"Tower 822110","carrier":"Optus","has4G":true,"has5G":false,"rfnsa_id":822110,"remoteness":"Remote Australia"},"geometry":{"type":"Point","coordinates":[130.814953,-13.247436]}},{"type":"Feature","properties":{"name":"Tower 828003","carrier":"Optus","has4G":true,"has5G":false,"rfnsa_id":828003,"remoteness":"Outer Regional Australia"},"geometry":{"type":"Point","coordinates":[130.918274,-12.47615656]}},{"type":"Feature","properties":{"name":"Tower 828004","carrier":"Optus","has4G":true,"has5G":false,"rfnsa_id":828004,"remoteness":"Outer Regional Australia"},"geometry":{"type":"Point","coordinates":[130.918201,-12.433423]}},{"type":"Feature","properties":{"name":"Tower 828006","carrier":"Optus","has4G":true,"has5G":false,"rfnsa_id":828006,"remoteness":"Outer Regional Australia"},"geometry":{"type":"Point","coordinates":[130.948938,-12.437899]}},{"type":"Feature","properties":{"name":"Tower 828007","carrier":"Optus","has4G":true,"has5G":false,"rfnsa_id":828007,"remoteness":"Outer Regional Australia"},"geometry":{"type":"Point","coordinates":[130.90731,-12.44313]}},{"type":"Feature","properties":{"name":"Tower 829001","carrier":"Optus","has4G":true,"has5G":false,"rfnsa_id":829001,"remoteness":"Outer Regional Australia"},"geometry":{"type":"Point","coordinates":[130.961524,-12.461156]}},{"type":"Feature","properties":{"name":"Tower 829002","carrier":"Optus","has4G":true,"has5G":false,"rfnsa_id":829002,"remoteness":"Outer Regional Australia"},"geometry":{"type":"Point","coordinates":[130.974911,-12.43633]}},{"type":"Feature","properties":{"name":"Tower 829003","carrier":"Optus","has4G":true,"has5G":false,"rfnsa_id":829003,"remoteness":"Outer Regional Australia"},"geometry":{"type":"Point","coordinates":[131.003963,-12.475956]}},{"type":"Feature","properties":{"name":"Tower 830001","carrier":"Optus","has4G":true,"has5G":false,"rfnsa_id":830001,"remoteness":"Outer Regional Australia"},"geometry":{"type":"Point","coordinates":[130.986838,-12.493422]}},{"type":"Feature","properties":{"name":"Tower 830004","carrier":"Optus","has4G":true,"has5G":false,"rfnsa_id":830004,"remoteness":"Outer Regional Australia"},"geometry":{"type":"Point","coordinates":[130.96465,-12.51044]}},{"type":"Feature","properties":{"name":"Tower 830005","carrier":"Optus","has4G":true,"has5G":false,"rfnsa_id":830005,"remoteness":"Outer Regional Australia"},"geometry":{"type":"Point","coordinates":[130.981184,-12.476848]}},{"type":"Feature","properties":{"name":"Tower 830007","carrier":"Optus","has4G":true,"has5G":true,"rfnsa_id":830007,"remoteness":"Outer Regional Australia"},"geometry":{"type":"Point","coordinates":[130.9786,-12.501]}},{"type":"Feature","properties":{"name":"Tower 830013","carrier":"Optus","has4G":true,"has5G":true,"rfnsa_id":830013,"remoteness":"Outer Regional Australia"},"geometry":{"type":"Point","coordinates":[130.98536,-12.47825]}},{"type":"Feature","properties":{"name":"Tower 832001","carrier":"Optus","has4G":true,"has5G":false,"rfnsa_id":832001,"remoteness":"Outer Regional Australia"},"geometry":{"type":"Point","coordinates":[130.991046,-12.515353]}},{"type":"Feature","properties":{"name":"Tower 832002","carrier":"Optus","has4G":true,"has5G":false,"rfnsa_id":832002,"remoteness":"Outer Regional Australia"},"geometry":{"type":"Point","coordinates":[131.0000771,-12.4906003]}},{"type":"Feature","properties":{"name":"Tower 835001","carrier":"Optus","has4G":true,"has5G":false,"rfnsa_id":835001,"remoteness":"Outer Regional Australia"},"geometry":{"type":"Point","coordinates":[131.0739,-12.482608]}},{"type":"Feature","properties":{"name":"Tower 835002","carrier":"Optus","has4G":true,"has5G":false,"rfnsa_id":835002,"remoteness":"Outer Regional Australia"},"geometry":{"type":"Point","coordinates":[131.032313,-12.500142]}},{"type":"Feature","properties":{"name":"Tower 835005","carrier":"Optus","has4G":true,"has5G":false,"rfnsa_id":835005,"remoteness":"Outer Regional Australia"},"geometry":{"type":"Point","coordinates":[131.072669,-12.526889]}},{"type":"Feature","properties":{"name":"Tower 835006","carrier":"Optus","has4G":true,"has5G":false,"rfnsa_id":835006,"remoteness":"Outer Regional Australia"},"geometry":{"type":"Point","coordinates":[131.048026,-12.529221]}},{"type":"Feature","properties":{"name":"Tower 835007","carrier":"Optus","has4G":true,"has5G":false,"rfnsa_id":835007,"remoteness":"Outer Regional Australia"},"geometry":{"type":"Point","coordinates":[131.016707,-12.4956]}},{"type":"Feature","properties":{"name":"Tower 835012","carrier":"Optus","has4G":true,"has5G":false,"rfnsa_id":835012,"remoteness":"Outer Regional Australia"},"geometry":{"type":"Point","coordinates":[131.03407,-12.4558]}},{"type":"Feature","properties":{"name":"Tower 835013","carrier":"Optus","has4G":true,"has5G":true,"rfnsa_id":835013,"remoteness":"Outer Regional Australia"},"geometry":{"type":"Point","coordinates":[131.081784,-12.467246]}},{"type":"Feature","properties":{"name":"Tower 836001","carrier":"Optus","has4G":true,"has5G":false,"rfnsa_id":836001,"remoteness":"Outer Regional Australia"},"geometry":{"type":"Point","coordinates":[131.098912,-12.569443]}},{"type":"Feature","properties":{"name":"Tower 836002","carrier":"Optus","has4G":true,"has5G":false,"rfnsa_id":836002,"remoteness":"Outer Regional Australia"},"geometry":{"type":"Point","coordinates":[131.151074,-12.55416]}},{"type":"Feature","properties":{"name":"Tower 836004","carrier":"Optus","has4G":true,"has5G":false,"rfnsa_id":836004,"remoteness":"Outer Regional Australia"},"geometry":{"type":"Point","coordinates":[131.151753,-12.613242]}},{"type":"Feature","properties":{"name":"Tower 836005","carrier":"Optus","has4G":true,"has5G":true,"rfnsa_id":836005,"remoteness":"Outer Regional Australia"},"geometry":{"type":"Point","coordinates":[131.146,-12.5922]}},{"type":"Feature","properties":{"name":"Tower 836007","carrier":"Optus","has4G":true,"has5G":true,"rfnsa_id":836007,"remoteness":"Outer Regional Australia"},"geometry":{"type":"Point","coordinates":[131.15516,-12.52854]}},{"type":"Feature","properties":{"name":"Tower 837006","carrier":"Optus","has4G":true,"has5G":false,"rfnsa_id":837006,"remoteness":"Outer Regional Australia"},"geometry":{"type":"Point","coordinates":[131.099634,-12.64239]}},{"type":"Feature","properties":{"name":"Tower 838003","carrier":"Optus","has4G":true,"has5G":false,"rfnsa_id":838003,"remoteness":"Outer Regional Australia"},"geometry":{"type":"Point","coordinates":[131.0135755,-12.69951362]}},{"type":"Feature","properties":{"name":"Tower 845003","carrier":"Optus","has4G":true,"has5G":false,"rfnsa_id":845003,"remoteness":"Remote Australia"},"geometry":{"type":"Point","coordinates":[131.04488,-13.049667]}},{"type":"Feature","properties":{"name":"Tower 846002","carrier":"Optus","has4G":true,"has5G":false,"rfnsa_id":846002,"remoteness":"Remote Australia"},"geometry":{"type":"Point","coordinates":[131.1091369,-13.2445411]}},{"type":"Feature","properties":{"name":"Tower 850003","carrier":"Optus","has4G":true,"has5G":true,"rfnsa_id":850003,"remoteness":"Remote Australia"},"geometry":{"type":"Point","coordinates":[132.2954,-14.44632]}},{"type":"Feature","properties":{"name":"Tower 850012","carrier":"Optus","has4G":true,"has5G":false,"rfnsa_id":850012,"remoteness":"Remote Australia"},"geometry":{"type":"Point","coordinates":[132.262424,-14.465153]}},{"type":"Feature","properties":{"name":"Tower 850018","carrier":"Optus","has4G":true,"has5G":false,"rfnsa_id":850018,"remoteness":"Remote Australia"},"geometry":{"type":"Point","coordinates":[132.16011,-14.52033]}},{"type":"Feature","properties":{"name":"Tower 852087","carrier":"Optus","has4G":true,"has5G":true,"rfnsa_id":852087,"remoteness":"Remote Australia"},"geometry":{"type":"Point","coordinates":[132.12761,-14.342]}},{"type":"Feature","properties":{"name":"Tower 852089","carrier":"Optus","has4G":false,"has5G":false,"rfnsa_id":852089,"remoteness":"Very Remote Australia"},"geometry":{"type":"Point","coordinates":[135.7265,-16.6834]}},{"type":"Feature","properties":{"name":"Tower 852094","carrier":"Optus","has4G":false,"has5G":false,"rfnsa_id":852094,"remoteness":"Very Remote Australia"},"geometry":{"type":"Point","coordinates":[133.38556,-16.30749]}},{"type":"Feature","properties":{"name":"Tower 852095","carrier":"Optus","has4G":true,"has5G":false,"rfnsa_id":852095,"remoteness":"Very Remote Australia"},"geometry":{"type":"Point","coordinates":[134.20825,-19.4368]}},{"type":"Feature","properties":{"name":"Tower 852096","carrier":"Optus","has4G":false,"has5G":false,"rfnsa_id":852096,"remoteness":"Very Remote Australia"},"geometry":{"type":"Point","coordinates":[133.06918,-14.91826]}},{"type":"Feature","properties":{"name":"Tower 852099","carrier":"Optus","has4G":false,"has5G":false,"rfnsa_id":852099,"remoteness":"Very Remote Australia"},"geometry":{"type":"Point","coordinates":[131.1289,-15.6176]}},{"type":"Feature","properties":{"name":"Tower 852100","carrier":"Optus","has4G":false,"has5G":false,"rfnsa_id":852100,"remoteness":"Very Remote Australia"},"geometry":{"type":"Point","coordinates":[131.796673,-16.543287]}},{"type":"Feature","properties":{"name":"Tower 852103","carrier":"Optus","has4G":true,"has5G":false,"rfnsa_id":852103,"remoteness":"Very Remote Australia"},"geometry":{"type":"Point","coordinates":[133.2149,-15.5742]}},{"type":"Feature","properties":{"name":"Tower 852104","carrier":"Optus","has4G":true,"has5G":false,"rfnsa_id":852104,"remoteness":"Very Remote Australia"},"geometry":{"type":"Point","coordinates":[133.412643,-16.679644]}},{"type":"Feature","properties":{"name":"Tower 852107","carrier":"Optus","has4G":true,"has5G":false,"rfnsa_id":852107,"remoteness":"Very Remote Australia"},"geometry":{"type":"Point","coordinates":[130.643636,-16.486946]}},{"type":"Feature","properties":{"name":"Tower 852111","carrier":"Optus","has4G":true,"has5G":false,"rfnsa_id":852111,"remoteness":"Very Remote Australia"},"geometry":{"type":"Point","coordinates":[132.186257,-14.178461]}},{"type":"Feature","properties":{"name":"Tower 852112","carrier":"Optus","has4G":true,"has5G":false,"rfnsa_id":852112,"remoteness":"Very Remote Australia"},"geometry":{"type":"Point","coordinates":[129.07229,-15.891071]}},{"type":"Feature","properties":{"name":"Tower 852113","carrier":"Optus","has4G":true,"has5G":false,"rfnsa_id":852113,"remoteness":"Very Remote Australia"},"geometry":{"type":"Point","coordinates":[133.2204,-14.9541]}},{"type":"Feature","properties":{"name":"Tower 852121","carrier":"Optus","has4G":true,"has5G":false,"rfnsa_id":852121,"remoteness":"Very Remote Australia"},"geometry":{"type":"Point","coordinates":[129.106028,-15.762983]}},{"type":"Feature","properties":{"name":"Tower 860007","carrier":"Optus","has4G":true,"has5G":false,"rfnsa_id":860007,"remoteness":"Very Remote Australia"},"geometry":{"type":"Point","coordinates":[134.183655,-19.64497]}},{"type":"Feature","properties":{"name":"Tower 862040","carrier":"Optus","has4G":true,"has5G":false,"rfnsa_id":862040,"remoteness":"Very Remote Australia"},"geometry":{"type":"Point","coordinates":[133.795264,-18.318584]}},{"type":"Feature","properties":{"name":"Tower 862041","carrier":"Optus","has4G":false,"has5G":false,"rfnsa_id":862041,"remoteness":"Very Remote Australia"},"geometry":{"type":"Point","coordinates":[135.82742,-19.71095]}},{"type":"Feature","properties":{"name":"Tower 862042","carrier":"Optus","has4G":false,"has5G":false,"rfnsa_id":862042,"remoteness":"Very Remote Australia"},"geometry":{"type":"Point","coordinates":[133.54782,-17.55584]}},{"type":"Feature","properties":{"name":"Tower 870011","carrier":"Optus","has4G":false,"has5G":false,"rfnsa_id":870011,"remoteness":"Very Remote Australia"},"geometry":{"type":"Point","coordinates":[133.34561,-22.64468]}},{"type":"Feature","properties":{"name":"Tower 870025","carrier":"Optus","has4G":true,"has5G":false,"rfnsa_id":870025,"remoteness":"Remote Australia"},"geometry":{"type":"Point","coordinates":[133.903038,-23.801829]}},{"type":"Feature","properties":{"name":"Tower 870028","carrier":"Optus","has4G":true,"has5G":true,"rfnsa_id":870028,"remoteness":"Remote Australia"},"geometry":{"type":"Point","coordinates":[133.87918,-23.69993]}},{"type":"Feature","properties":{"name":"Tower 870030","carrier":"Optus","has4G":true,"has5G":true,"rfnsa_id":870030,"remoteness":"Remote Australia"},"geometry":{"type":"Point","coordinates":[133.857596,-23.722549]}},{"type":"Feature","properties":{"name":"Tower 870052","carrier":"Optus","has4G":true,"has5G":true,"rfnsa_id":870052,"remoteness":"Remote Australia"},"geometry":{"type":"Point","coordinates":[133.864338,-23.66924]}},{"type":"Feature","properties":{"name":"Tower 870061","carrier":"Optus","has4G":true,"has5G":false,"rfnsa_id":870061,"remoteness":"Remote Australia"},"geometry":{"type":"Point","coordinates":[133.894595,-23.700055]}},{"type":"Feature","properties":{"name":"Tower 870064","carrier":"Optus","has4G":true,"has5G":true,"rfnsa_id":870064,"remoteness":"Remote Australia"},"geometry":{"type":"Point","coordinates":[133.84078,-23.69695]}},{"type":"Feature","properties":{"name":"Tower 872003","carrier":"Optus","has4G":true,"has5G":true,"rfnsa_id":872003,"remoteness":"Very Remote Australia"},"geometry":{"type":"Point","coordinates":[130.984035,-25.242591]}},{"type":"Feature","properties":{"name":"Tower 872132","carrier":"Optus","has4G":false,"has5G":false,"rfnsa_id":872132,"remoteness":"Very Remote Australia"},"geometry":{"type":"Point","coordinates":[133.88937,-21.53135]}},{"type":"Feature","properties":{"name":"Tower 872133","carrier":"Optus","has4G":true,"has5G":false,"rfnsa_id":872133,"remoteness":"Very Remote Australia"},"geometry":{"type":"Point","coordinates":[132.7268,-23.6322]}},{"type":"Feature","properties":{"name":"Tower 872135","carrier":"Optus","has4G":true,"has5G":false,"rfnsa_id":872135,"remoteness":"Very Remote Australia"},"geometry":{"type":"Point","coordinates":[133.4167,-22.13295]}},{"type":"Feature","properties":{"name":"Tower 872136","carrier":"Optus","has4G":true,"has5G":false,"rfnsa_id":872136,"remoteness":"Very Remote Australia"},"geometry":{"type":"Point","coordinates":[133.20079,-25.19756]}},{"type":"Feature","properties":{"name":"Tower 872137","carrier":"Optus","has4G":true,"has5G":false,"rfnsa_id":872137,"remoteness":"Very Remote Australia"},"geometry":{"type":"Point","coordinates":[131.756811,-25.31398]}},{"type":"Feature","properties":{"name":"Tower 872140","carrier":"Optus","has4G":false,"has5G":false,"rfnsa_id":872140,"remoteness":"Very Remote Australia"},"geometry":{"type":"Point","coordinates":[133.2997,-25.8395]}},{"type":"Feature","properties":{"name":"Tower 872142","carrier":"Optus","has4G":true,"has5G":false,"rfnsa_id":872142,"remoteness":"Very Remote Australia"},"geometry":{"type":"Point","coordinates":[132.6726,-23.6852]}},{"type":"Feature","properties":{"name":"Tower 872143","carrier":"Optus","has4G":false,"has5G":false,"rfnsa_id":872143,"remoteness":"Very Remote Australia"},"geometry":{"type":"Point","coordinates":[134.2227,-20.6409]}},{"type":"Feature","properties":{"name":"Tower 872144","carrier":"Optus","has4G":true,"has5G":false,"rfnsa_id":872144,"remoteness":"Very Remote Australia"},"geometry":{"type":"Point","coordinates":[131.8179,-24.4053]}},{"type":"Feature","properties":{"name":"Tower 872145","carrier":"Optus","has4G":false,"has5G":false,"rfnsa_id":872145,"remoteness":"Remote Australia"},"geometry":{"type":"Point","coordinates":[133.45876,-24.34009]}},{"type":"Feature","properties":{"name":"Tower 872146","carrier":"Optus","has4G":true,"has5G":false,"rfnsa_id":872146,"remoteness":"Very Remote Australia"},"geometry":{"type":"Point","coordinates":[131.5116,-24.251]}},{"type":"Feature","properties":{"name":"Tower 872147","carrier":"Optus","has4G":false,"has5G":false,"rfnsa_id":872147,"remoteness":"Very Remote Australia"},"geometry":{"type":"Point","coordinates":[134.24121,-22.96838]}},{"type":"Feature","properties":{"name":"Tower 872149","carrier":"Optus","has4G":false,"has5G":false,"rfnsa_id":872149,"remoteness":"Remote Australia"},"geometry":{"type":"Point","coordinates":[134.4883,-23.5959]}},{"type":"Feature","properties":{"name":"Tower 872155","carrier":"Optus","has4G":true,"has5G":true,"rfnsa_id":872155,"remoteness":"Very Remote Australia"},"geometry":{"type":"Point","coordinates":[130.976089,-25.191336]}},{"type":"Feature","properties":{"name":"Tower 872161","carrier":"Optus","has4G":true,"has5G":false,"rfnsa_id":872161,"remoteness":"Very Remote Australia"},"geometry":{"type":"Point","coordinates":[137.97409,-22.2742]}},{"type":"Feature","properties":{"name":"Tower 872169","carrier":"Optus","has4G":true,"has5G":false,"rfnsa_id":872169,"remoteness":"Very Remote Australia"},"geometry":{"type":"Point","coordinates":[133.0742,-23.7882]}},{"type":"Feature","properties":{"name":"Tower 872185","carrier":"Optus","has4G":true,"has5G":false,"rfnsa_id":872185,"remoteness":"Very Remote Australia"},"geometry":{"type":"Point","coordinates":[134.39741,-23.5224]}},{"type":"Feature","properties":{"name":"Tower 872186","carrier":"Optus","has4G":true,"has5G":false,"rfnsa_id":872186,"remoteness":"Remote Australia"},"geometry":{"type":"Point","coordinates":[133.81455,-24.862581]}},{"type":"Feature","properties":{"name":"Tower 872187","carrier":"Optus","has4G":true,"has5G":false,"rfnsa_id":872187,"remoteness":"Very Remote Australia"},"geometry":{"type":"Point","coordinates":[134.2694,-20.5558]}},{"type":"Feature","properties":{"name":"Tower 872188","carrier":"Optus","has4G":true,"has5G":false,"rfnsa_id":872188,"remoteness":"Very Remote Australia"},"geometry":{"type":"Point","coordinates":[134.68709,-23.45604]}},{"type":"Feature","properties":{"name":"Tower 872189","carrier":"Optus","has4G":true,"has5G":false,"rfnsa_id":872189,"remoteness":"Very Remote Australia"},"geometry":{"type":"Point","coordinates":[132.739943,-24.056241]}},{"type":"Feature","properties":{"name":"Tower 872191","carrier":"Optus","has4G":true,"has5G":false,"rfnsa_id":872191,"remoteness":"Very Remote Australia"},"geometry":{"type":"Point","coordinates":[132.51367,-23.5863]}},{"type":"Feature","properties":{"name":"Tower 872192","carrier":"Optus","has4G":true,"has5G":false,"rfnsa_id":872192,"remoteness":"Remote Australia"},"geometry":{"type":"Point","coordinates":[133.633583,-24.321417]}},{"type":"Feature","properties":{"name":"Tower 880003","carrier":"Optus","has4G":true,"has5G":false,"rfnsa_id":880003,"remoteness":"Very Remote Australia"},"geometry":{"type":"Point","coordinates":[136.776877,-12.181375]}},{"type":"Feature","properties":{"name":"Tower 886001","carrier":"Optus","has4G":true,"has5G":false,"rfnsa_id":886001,"remoteness":"Remote Australia"},"geometry":{"type":"Point","coordinates":[132.834471,-12.669492]}},{"type":"Feature","properties":{"name":"Tower 800002","carrier":"Telstra","has4G":true,"has5G":true,"rfnsa_id":800002,"remoteness":"Outer Regional Australia"},"geometry":{"type":"Point","coordinates":[130.8425,-12.465]}},{"type":"Feature","properties":{"name":"Tower 800004","carrier":"Telstra","has4G":true,"has5G":true,"rfnsa_id":800004,"remoteness":"Outer Regional Australia"},"geometry":{"type":"Point","coordinates":[130.83528,-12.46]}},{"type":"Feature","properties":{"name":"Tower 800005","carrier":"Telstra","has4G":true,"has5G":true,"rfnsa_id":800005,"remoteness":"Outer Regional Australia"},"geometry":{"type":"Point","coordinates":[130.84065,-12.459874]}},{"type":"Feature","properties":{"name":"Tower 800008","carrier":"Telstra","has4G":true,"has5G":true,"rfnsa_id":800008,"remoteness":"Outer Regional Australia"},"geometry":{"type":"Point","coordinates":[130.84692,-12.4571]}},{"type":"Feature","properties":{"name":"Tower 800018","carrier":"Telstra","has4G":true,"has5G":false,"rfnsa_id":800018,"remoteness":"Outer Regional Australia"},"geometry":{"type":"Point","coordinates":[130.84805,-12.47093]}},{"type":"Feature","properties":{"name":"Tower 800019","carrier":"Telstra","has4G":true,"has5G":true,"rfnsa_id":800019,"remoteness":"Outer Regional Australia"},"geometry":{"type":"Point","coordinates":[130.83708,-12.45444]}},{"type":"Feature","properties":{"name":"Tower 800022","carrier":"Telstra","has4G":true,"has5G":false,"rfnsa_id":800022,"remoteness":"Outer Regional Australia"},"geometry":{"type":"Point","coordinates":[130.839056,-12.46271]}},{"type":"Feature","properties":{"name":"Tower 800023","carrier":"Telstra","has4G":true,"has5G":false,"rfnsa_id":800023,"remoteness":"Outer Regional Australia"},"geometry":{"type":"Point","coordinates":[130.82997,-12.44786]}},{"type":"Feature","properties":{"name":"Tower 800024","carrier":"Telstra","has4G":true,"has5G":false,"rfnsa_id":800024,"remoteness":"Outer Regional Australia"},"geometry":{"type":"Point","coordinates":[130.842861,-12.466587]}},{"type":"Feature","properties":{"name":"Tower 800025","carrier":"Telstra","has4G":true,"has5G":true,"rfnsa_id":800025,"remoteness":"Outer Regional Australia"},"geometry":{"type":"Point","coordinates":[130.843643,-12.46282]}},{"type":"Feature","properties":{"name":"Tower 801003","carrier":"Telstra","has4G":true,"has5G":true,"rfnsa_id":801003,"remoteness":"Outer Regional Australia"},"geometry":{"type":"Point","coordinates":[131.00359,-12.49862]}},{"type":"Feature","properties":{"name":"Tower 810002","carrier":"Telstra","has4G":true,"has5G":true,"rfnsa_id":810002,"remoteness":"Outer Regional Australia"},"geometry":{"type":"Point","coordinates":[130.88167,-12.35583]}},{"type":"Feature","properties":{"name":"Tower 810004","carrier":"Telstra","has4G":true,"has5G":true,"rfnsa_id":810004,"remoteness":"Outer Regional Australia"},"geometry":{"type":"Point","coordinates":[130.88194,-12.37306]}},{"type":"Feature","properties":{"name":"Tower 810005","carrier":"Telstra","has4G":true,"has5G":true,"rfnsa_id":810005,"remoteness":"Outer Regional Australia"},"geometry":{"type":"Point","coordinates":[130.84889,-12.38917]}},{"type":"Feature","properties":{"name":"Tower 810006","carrier":"Telstra","has4G":true,"has5G":true,"rfnsa_id":810006,"remoteness":"Outer Regional Australia"},"geometry":{"type":"Point","coordinates":[130.8675,-12.37389]}},{"type":"Feature","properties":{"name":"Tower 810007","carrier":"Telstra","has4G":true,"has5G":true,"rfnsa_id":810007,"remoteness":"Outer Regional Australia"},"geometry":{"type":"Point","coordinates":[130.885,-12.3867]}},{"type":"Feature","properties":{"name":"Tower 810012","carrier":"Telstra","has4G":true,"has5G":true,"rfnsa_id":810012,"remoteness":"Outer Regional Australia"},"geometry":{"type":"Point","coordinates":[130.8693437,-12.3931063]}},{"type":"Feature","properties":{"name":"Tower 810015","carrier":"Telstra","has4G":true,"has5G":false,"rfnsa_id":810015,"remoteness":"Outer Regional Australia"},"geometry":{"type":"Point","coordinates":[130.89142,-12.34619]}},{"type":"Feature","properties":{"name":"Tower 810021","carrier":"Telstra","has4G":true,"has5G":true,"rfnsa_id":810021,"remoteness":"Outer Regional Australia"},"geometry":{"type":"Point","coordinates":[130.85546,-12.39966]}},{"type":"Feature","properties":{"name":"Tower 810023","carrier":"Telstra","has4G":true,"has5G":false,"rfnsa_id":810023,"remoteness":"Outer Regional Australia"},"geometry":{"type":"Point","coordinates":[130.86258,-12.38696]}},{"type":"Feature","properties":{"name":"Tower 812002","carrier":"Telstra","has4G":true,"has5G":false,"rfnsa_id":812002,"remoteness":"Outer Regional Australia"},"geometry":{"type":"Point","coordinates":[130.912128,-12.38594]}},{"type":"Feature","properties":{"name":"Tower 812003","carrier":"Telstra","has4G":true,"has5G":true,"rfnsa_id":812003,"remoteness":"Outer Regional Australia"},"geometry":{"type":"Point","coordinates":[130.88639,-12.40139]}},{"type":"Feature","properties":{"name":"Tower 812004","carrier":"Telstra","has4G":true,"has5G":true,"rfnsa_id":812004,"remoteness":"Outer Regional Australia"},"geometry":{"type":"Point","coordinates":[130.91917,-12.415]}},{"type":"Feature","properties":{"name":"Tower 812005","carrier":"Telstra","has4G":true,"has5G":false,"rfnsa_id":812005,"remoteness":"Outer Regional Australia"},"geometry":{"type":"Point","coordinates":[130.90594,-12.36998]}},{"type":"Feature","properties":{"name":"Tower 812009","carrier":"Telstra","has4G":true,"has5G":true,"rfnsa_id":812009,"remoteness":"Outer Regional Australia"},"geometry":{"type":"Point","coordinates":[130.91551,-12.40046]}},{"type":"Feature","properties":{"name":"Tower 812010","carrier":"Telstra","has4G":true,"has5G":false,"rfnsa_id":812010,"remoteness":"Outer Regional Australia"},"geometry":{"type":"Point","coordinates":[130.90257,-12.38811]}},{"type":"Feature","properties":{"name":"Tower 812011","carrier":"Telstra","has4G":true,"has5G":false,"rfnsa_id":812011,"remoteness":"Outer Regional Australia"},"geometry":{"type":"Point","coordinates":[130.89615,-12.37829]}},{"type":"Feature","properties":{"name":"Tower 820001","carrier":"Telstra","has4G":true,"has5G":false,"rfnsa_id":820001,"remoteness":"Outer Regional Australia"},"geometry":{"type":"Point","coordinates":[130.90139,-12.42694]}},{"type":"Feature","properties":{"name":"Tower 820002","carrier":"Telstra","has4G":true,"has5G":true,"rfnsa_id":820002,"remoteness":"Outer Regional Australia"},"geometry":{"type":"Point","coordinates":[130.84628,-12.4215]}},{"type":"Feature","properties":{"name":"Tower 820003","carrier":"Telstra","has4G":true,"has5G":false,"rfnsa_id":820003,"remoteness":"Outer Regional Australia"},"geometry":{"type":"Point","coordinates":[130.85583,-12.43333]}},{"type":"Feature","properties":{"name":"Tower 820006","carrier":"Telstra","has4G":true,"has5G":true,"rfnsa_id":820006,"remoteness":"Outer Regional Australia"},"geometry":{"type":"Point","coordinates":[130.88194,-12.42583]}},{"type":"Feature","properties":{"name":"Tower 820007","carrier":"Telstra","has4G":true,"has5G":false,"rfnsa_id":820007,"remoteness":"Outer Regional Australia"},"geometry":{"type":"Point","coordinates":[130.8417,-12.43241]}},{"type":"Feature","properties":{"name":"Tower 820008","carrier":"Telstra","has4G":true,"has5G":false,"rfnsa_id":820008,"remoteness":"Outer Regional Australia"},"geometry":{"type":"Point","coordinates":[130.82535,-12.45009]}},{"type":"Feature","properties":{"name":"Tower 820012","carrier":"Telstra","has4G":true,"has5G":true,"rfnsa_id":820012,"remoteness":"Outer Regional Australia"},"geometry":{"type":"Point","coordinates":[130.83986,-12.44799]}},{"type":"Feature","properties":{"name":"Tower 820016","carrier":"Telstra","has4G":true,"has5G":true,"rfnsa_id":820016,"remoteness":"Outer Regional Australia"},"geometry":{"type":"Point","coordinates":[130.86289,-12.42757]}},{"type":"Feature","properties":{"name":"Tower 820028","carrier":"Telstra","has4G":true,"has5G":false,"rfnsa_id":820028,"remoteness":"Outer Regional Australia"},"geometry":{"type":"Point","coordinates":[130.84528,-12.43694]}},{"type":"Feature","properties":{"name":"Tower 822001","carrier":"Telstra","has4G":true,"has5G":false,"rfnsa_id":822001,"remoteness":"Remote Australia"},"geometry":{"type":"Point","coordinates":[131.4675,-12.75917]}},{"type":"Feature","properties":{"name":"Tower 822002","carrier":"Telstra","has4G":true,"has5G":true,"rfnsa_id":822002,"remoteness":"Remote Australia"},"geometry":{"type":"Point","coordinates":[133.05667,-12.32389]}},{"type":"Feature","properties":{"name":"Tower 822003","carrier":"Telstra","has4G":true,"has5G":true,"rfnsa_id":822003,"remoteness":"Very Remote Australia"},"geometry":{"type":"Point","coordinates":[134.92639,-12.32833]}},{"type":"Feature","properties":{"name":"Tower 822004","carrier":"Telstra","has4G":true,"has5G":false,"rfnsa_id":822004,"remoteness":"Remote Australia"},"geometry":{"type":"Point","coordinates":[130.7468,-12.43504]}},{"type":"Feature","properties":{"name":"Tower 822005","carrier":"Telstra","has4G":true,"has5G":true,"rfnsa_id":822005,"remoteness":"Very Remote Australia"},"geometry":{"type":"Point","coordinates":[135.56501,-12.02483]}},{"type":"Feature","properties":{"name":"Tower 822006","carrier":"Telstra","has4G":true,"has5G":false,"rfnsa_id":822006,"remoteness":"Very Remote Australia"},"geometry":{"type":"Point","coordinates":[133.38472,-11.64806]}},{"type":"Feature","properties":{"name":"Tower 822007","carrier":"Telstra","has4G":true,"has5G":true,"rfnsa_id":822007,"remoteness":"Very Remote Australia"},"geometry":{"type":"Point","coordinates":[130.68917,-13.75083]}},{"type":"Feature","properties":{"name":"Tower 822008","carrier":"Telstra","has4G":true,"has5G":true,"rfnsa_id":822008,"remoteness":"Very Remote Australia"},"geometry":{"type":"Point","coordinates":[134.23091,-12.05532]}},{"type":"Feature","properties":{"name":"Tower 822009","carrier":"Telstra","has4G":true,"has5G":false,"rfnsa_id":822009,"remoteness":"Very Remote Australia"},"geometry":{"type":"Point","coordinates":[130.4175,-11.40222]}},{"type":"Feature","properties":{"name":"Tower 822010","carrier":"Telstra","has4G":true,"has5G":true,"rfnsa_id":822010,"remoteness":"Very Remote Australia"},"geometry":{"type":"Point","coordinates":[134.90971,-12.12233]}},{"type":"Feature","properties":{"name":"Tower 822011","carrier":"Telstra","has4G":true,"has5G":true,"rfnsa_id":822011,"remoteness":"Very Remote Australia"},"geometry":{"type":"Point","coordinates":[130.67139,-11.42944]}},{"type":"Feature","properties":{"name":"Tower 822012","carrier":"Telstra","has4G":true,"has5G":false,"rfnsa_id":822012,"remoteness":"Outer Regional Australia"},"geometry":{"type":"Point","coordinates":[131.06417,-12.55417]}},{"type":"Feature","properties":{"name":"Tower 822013","carrier":"Telstra","has4G":true,"has5G":false,"rfnsa_id":822013,"remoteness":"Remote Australia"},"geometry":{"type":"Point","coordinates":[130.12308,-13.16703]}},{"type":"Feature","properties":{"name":"Tower 822022","carrier":"Telstra","has4G":true,"has5G":true,"rfnsa_id":822022,"remoteness":"Very Remote Australia"},"geometry":{"type":"Point","coordinates":[136.44116,-13.98229]}},{"type":"Feature","properties":{"name":"Tower 822024","carrier":"Telstra","has4G":true,"has5G":false,"rfnsa_id":822024,"remoteness":"Remote Australia"},"geometry":{"type":"Point","coordinates":[131.370856,-13.54028]}},{"type":"Feature","properties":{"name":"Tower 822025","carrier":"Telstra","has4G":true,"has5G":false,"rfnsa_id":822025,"remoteness":"Remote Australia"},"geometry":{"type":"Point","coordinates":[130.63694,-11.75639]}},{"type":"Feature","properties":{"name":"Tower 822032","carrier":"Telstra","has4G":true,"has5G":true,"rfnsa_id":822032,"remoteness":"Very Remote Australia"},"geometry":{"type":"Point","coordinates":[132.57398,-11.1479]}},{"type":"Feature","properties":{"name":"Tower 822038","carrier":"Telstra","has4G":true,"has5G":true,"rfnsa_id":822038,"remoteness":"Remote Australia"},"geometry":{"type":"Point","coordinates":[129.52,-14.24033]}},{"type":"Feature","properties":{"name":"Tower 822043","carrier":"Telstra","has4G":true,"has5G":false,"rfnsa_id":822043,"remoteness":"Very Remote Australia"},"geometry":{"type":"Point","coordinates":[129.882057,-14.351052]}},{"type":"Feature","properties":{"name":"Tower 822052","carrier":"Telstra","has4G":true,"has5G":false,"rfnsa_id":822052,"remoteness":"Remote Australia"},"geometry":{"type":"Point","coordinates":[131.14354,-12.98568]}},{"type":"Feature","properties":{"name":"Tower 822060","carrier":"Telstra","has4G":true,"has5G":false,"rfnsa_id":822060,"remoteness":"Outer Regional Australia"},"geometry":{"type":"Point","coordinates":[131.24761,-12.58457]}},{"type":"Feature","properties":{"name":"Tower 822062","carrier":"Telstra","has4G":true,"has5G":false,"rfnsa_id":822062,"remoteness":"Outer Regional Australia"},"geometry":{"type":"Point","coordinates":[130.90421,-12.445702]}},{"type":"Feature","properties":{"name":"Tower 822063","carrier":"Telstra","has4G":true,"has5G":false,"rfnsa_id":822063,"remoteness":"Remote Australia"},"geometry":{"type":"Point","coordinates":[131.81343,-12.85584]}},{"type":"Feature","properties":{"name":"Tower 822068","carrier":"Telstra","has4G":true,"has5G":false,"rfnsa_id":822068,"remoteness":"Very Remote Australia"},"geometry":{"type":"Point","coordinates":[130.082,-14.15629]}},{"type":"Feature","properties":{"name":"Tower 822069","carrier":"Telstra","has4G":true,"has5G":false,"rfnsa_id":822069,"remoteness":"Very Remote Australia"},"geometry":{"type":"Point","coordinates":[136.82388,-12.26796]}},{"type":"Feature","properties":{"name":"Tower 822076","carrier":"Telstra","has4G":true,"has5G":false,"rfnsa_id":822076,"remoteness":"Outer Regional Australia"},"geometry":{"type":"Point","coordinates":[130.94982,-12.73084]}},{"type":"Feature","properties":{"name":"Tower 822081","carrier":"Telstra","has4G":true,"has5G":false,"rfnsa_id":822081,"remoteness":"Very Remote Australia"},"geometry":{"type":"Point","coordinates":[131.041466,-13.734073]}},{"type":"Feature","properties":{"name":"Tower 822082","carrier":"Telstra","has4G":true,"has5G":false,"rfnsa_id":822082,"remoteness":"Remote Australia"},"geometry":{"type":"Point","coordinates":[131.45755,-13.58231]}},{"type":"Feature","properties":{"name":"Tower 822084","carrier":"Telstra","has4G":true,"has5G":false,"rfnsa_id":822084,"remoteness":"Outer Regional Australia"},"geometry":{"type":"Point","coordinates":[130.91796,-12.56915]}},{"type":"Feature","properties":{"name":"Tower 822084","carrier":"Telstra","has4G":true,"has5G":false,"rfnsa_id":822084,"remoteness":"Outer Regional Australia"},"geometry":{"type":"Point","coordinates":[130.919963,-12.569423]}},{"type":"Feature","properties":{"name":"Tower 822090","carrier":"Telstra","has4G":true,"has5G":false,"rfnsa_id":822090,"remoteness":"Remote Australia"},"geometry":{"type":"Point","coordinates":[132.22046,-13.60602]}},{"type":"Feature","properties":{"name":"Tower 822092","carrier":"Telstra","has4G":true,"has5G":true,"rfnsa_id":822092,"remoteness":"Remote Australia"},"geometry":{"type":"Point","coordinates":[130.62004,-12.81834]}},{"type":"Feature","properties":{"name":"Tower 822095","carrier":"Telstra","has4G":true,"has5G":false,"rfnsa_id":822095,"remoteness":"Very Remote Australia"},"geometry":{"type":"Point","coordinates":[130.36939,-11.22439]}},{"type":"Feature","properties":{"name":"Tower 822097","carrier":"Telstra","has4G":true,"has5G":false,"rfnsa_id":822097,"remoteness":"Remote Australia"},"geometry":{"type":"Point","coordinates":[130.69887,-12.53667]}},{"type":"Feature","properties":{"name":"Tower 822100","carrier":"Telstra","has4G":true,"has5G":false,"rfnsa_id":822100,"remoteness":"Very Remote Australia"},"geometry":{"type":"Point","coordinates":[130.891187,-11.76948]}},{"type":"Feature","properties":{"name":"Tower 822101","carrier":"Telstra","has4G":true,"has5G":false,"rfnsa_id":822101,"remoteness":"Outer Regional Australia"},"geometry":{"type":"Point","coordinates":[130.91626,-12.567236]}},{"type":"Feature","properties":{"name":"Tower 822102","carrier":"Telstra","has4G":true,"has5G":false,"rfnsa_id":822102,"remoteness":"Remote Australia"},"geometry":{"type":"Point","coordinates":[131.6758,-12.89983]}},{"type":"Feature","properties":{"name":"Tower 822103","carrier":"Telstra","has4G":true,"has5G":false,"rfnsa_id":822103,"remoteness":"Remote Australia"},"geometry":{"type":"Point","coordinates":[132.9515,-12.432888]}},{"type":"Feature","properties":{"name":"Tower 822105","carrier":"Telstra","has4G":true,"has5G":false,"rfnsa_id":822105,"remoteness":"Remote Australia"},"geometry":{"type":"Point","coordinates":[130.95447,-13.02534]}},{"type":"Feature","properties":{"name":"Tower 822108","carrier":"Telstra","has4G":true,"has5G":false,"rfnsa_id":822108,"remoteness":"Remote Australia"},"geometry":{"type":"Point","coordinates":[131.1865,-13.8341]}},{"type":"Feature","properties":{"name":"Tower 822113","carrier":"Telstra","has4G":true,"has5G":false,"rfnsa_id":822113,"remoteness":"Very Remote Australia"},"geometry":{"type":"Point","coordinates":[135.46962,-12.88988]}},{"type":"Feature","properties":{"name":"Tower 822114","carrier":"Telstra","has4G":true,"has5G":false,"rfnsa_id":822114,"remoteness":"Very Remote Australia"},"geometry":{"type":"Point","coordinates":[134.68387,-12.27387]}},{"type":"Feature","properties":{"name":"Tower 822115","carrier":"Telstra","has4G":true,"has5G":false,"rfnsa_id":822115,"remoteness":"Very Remote Australia"},"geometry":{"type":"Point","coordinates":[136.5703,-12.76229]}},{"type":"Feature","properties":{"name":"Tower 822118","carrier":"Telstra","has4G":true,"has5G":false,"rfnsa_id":822118,"remoteness":"Very Remote Australia"},"geometry":{"type":"Point","coordinates":[133.65799,-12.2566]}},{"type":"Feature","properties":{"name":"Tower 822119","carrier":"Telstra","has4G":true,"has5G":false,"rfnsa_id":822119,"remoteness":"Very Remote Australia"},"geometry":{"type":"Point","coordinates":[134.11053,-12.54139]}},{"type":"Feature","properties":{"name":"Tower 822121","carrier":"Telstra","has4G":true,"has5G":false,"rfnsa_id":822121,"remoteness":"Very Remote Australia"},"geometry":{"type":"Point","coordinates":[134.61476,-12.05557]}},{"type":"Feature","properties":{"name":"Tower 822123","carrier":"Telstra","has4G":true,"has5G":false,"rfnsa_id":822123,"remoteness":"Very Remote Australia"},"geometry":{"type":"Point","coordinates":[136.2959,-12.2025]}},{"type":"Feature","properties":{"name":"Tower 822126","carrier":"Telstra","has4G":true,"has5G":false,"rfnsa_id":822126,"remoteness":"Very Remote Australia"},"geometry":{"type":"Point","coordinates":[130.32755,-14.17049]}},{"type":"Feature","properties":{"name":"Tower 822127","carrier":"Telstra","has4G":true,"has5G":true,"rfnsa_id":822127,"remoteness":"Outer Regional Australia"},"geometry":{"type":"Point","coordinates":[131.31306,-12.58308]}},{"type":"Feature","properties":{"name":"Tower 822128","carrier":"Telstra","has4G":true,"has5G":true,"rfnsa_id":822128,"remoteness":"Outer Regional Australia"},"geometry":{"type":"Point","coordinates":[131.11913,-12.79731]}},{"type":"Feature","properties":{"name":"Tower 822129","carrier":"Telstra","has4G":true,"has5G":false,"rfnsa_id":822129,"remoteness":"Remote Australia"},"geometry":{"type":"Point","coordinates":[132.27312,-13.55384]}},{"type":"Feature","properties":{"name":"Tower 822131","carrier":"Telstra","has4G":true,"has5G":false,"rfnsa_id":822131,"remoteness":"Remote Australia"},"geometry":{"type":"Point","coordinates":[132.13145,-12.7992]}},{"type":"Feature","properties":{"name":"Tower 822132","carrier":"Telstra","has4G":true,"has5G":false,"rfnsa_id":822132,"remoteness":"Remote Australia"},"geometry":{"type":"Point","coordinates":[132.33508,-13.29037]}},{"type":"Feature","properties":{"name":"Tower 822133","carrier":"Telstra","has4G":true,"has5G":false,"rfnsa_id":822133,"remoteness":"Very Remote Australia"},"geometry":{"type":"Point","coordinates":[132.46046,-13.51478]}},{"type":"Feature","properties":{"name":"Tower 822134","carrier":"Telstra","has4G":true,"has5G":false,"rfnsa_id":822134,"remoteness":"Very Remote Australia"},"geometry":{"type":"Point","coordinates":[132.42287,-13.44092]}},{"type":"Feature","properties":{"name":"Tower 822136","carrier":"Telstra","has4G":true,"has5G":false,"rfnsa_id":822136,"remoteness":"Very Remote Australia"},"geometry":{"type":"Point","coordinates":[136.67647,-13.81253]}},{"type":"Feature","properties":{"name":"Tower 822137","carrier":"Telstra","has4G":true,"has5G":false,"rfnsa_id":822137,"remoteness":"Remote Australia"},"geometry":{"type":"Point","coordinates":[132.81674,-13.2183]}},{"type":"Feature","properties":{"name":"Tower 822138","carrier":"Telstra","has4G":true,"has5G":false,"rfnsa_id":822138,"remoteness":"Remote Australia"},"geometry":{"type":"Point","coordinates":[132.80268,-12.86757]}},{"type":"Feature","properties":{"name":"Tower 822139","carrier":"Telstra","has4G":true,"has5G":false,"rfnsa_id":822139,"remoteness":"Remote Australia"},"geometry":{"type":"Point","coordinates":[132.4315,-13.30273]}},{"type":"Feature","properties":{"name":"Tower 822140","carrier":"Telstra","has4G":true,"has5G":true,"rfnsa_id":822140,"remoteness":"Remote Australia"},"geometry":{"type":"Point","coordinates":[130.85137,-12.79248]}},{"type":"Feature","properties":{"name":"Tower 822141","carrier":"Telstra","has4G":true,"has5G":true,"rfnsa_id":822141,"remoteness":"Remote Australia"},"geometry":{"type":"Point","coordinates":[132.92538,-12.68063]}},{"type":"Feature","properties":{"name":"Tower 822144","carrier":"Telstra","has4G":true,"has5G":true,"rfnsa_id":822144,"remoteness":"Remote Australia"},"geometry":{"type":"Point","coordinates":[131.94686,-13.08279]}},{"type":"Feature","properties":{"name":"Tower 822145","carrier":"Telstra","has4G":true,"has5G":true,"rfnsa_id":822145,"remoteness":"Remote Australia"},"geometry":{"type":"Point","coordinates":[131.46763,-12.7595]}},{"type":"Feature","properties":{"name":"Tower 828001","carrier":"Telstra","has4G":true,"has5G":true,"rfnsa_id":828001,"remoteness":"Outer Regional Australia"},"geometry":{"type":"Point","coordinates":[130.92917,-12.44]}},{"type":"Feature","properties":{"name":"Tower 828003","carrier":"Telstra","has4G":true,"has5G":false,"rfnsa_id":828003,"remoteness":"Outer Regional Australia"},"geometry":{"type":"Point","coordinates":[130.91806,-12.47611]}},{"type":"Feature","properties":{"name":"Tower 829001","carrier":"Telstra","has4G":true,"has5G":false,"rfnsa_id":829001,"remoteness":"Outer Regional Australia"},"geometry":{"type":"Point","coordinates":[130.96154,-12.46105]}},{"type":"Feature","properties":{"name":"Tower 829002","carrier":"Telstra","has4G":true,"has5G":true,"rfnsa_id":829002,"remoteness":"Outer Regional Australia"},"geometry":{"type":"Point","coordinates":[130.97487,-12.43633]}},{"type":"Feature","properties":{"name":"Tower 829003","carrier":"Telstra","has4G":true,"has5G":false,"rfnsa_id":829003,"remoteness":"Outer Regional Australia"},"geometry":{"type":"Point","coordinates":[131.00366,-12.476]}},{"type":"Feature","properties":{"name":"Tower 830001","carrier":"Telstra","has4G":true,"has5G":true,"rfnsa_id":830001,"remoteness":"Outer Regional Australia"},"geometry":{"type":"Point","coordinates":[130.98667,-12.49333]}},{"type":"Feature","properties":{"name":"Tower 830003","carrier":"Telstra","has4G":true,"has5G":false,"rfnsa_id":830003,"remoteness":"Outer Regional Australia"},"geometry":{"type":"Point","coordinates":[130.96407,-12.50877]}},{"type":"Feature","properties":{"name":"Tower 830006","carrier":"Telstra","has4G":true,"has5G":true,"rfnsa_id":830006,"remoteness":"Outer Regional Australia"},"geometry":{"type":"Point","coordinates":[130.96954,-12.48552]}},{"type":"Feature","properties":{"name":"Tower 830007","carrier":"Telstra","has4G":true,"has5G":true,"rfnsa_id":830007,"remoteness":"Outer Regional Australia"},"geometry":{"type":"Point","coordinates":[130.97858,-12.50099]}},{"type":"Feature","properties":{"name":"Tower 830010","carrier":"Telstra","has4G":true,"has5G":false,"rfnsa_id":830010,"remoteness":"Outer Regional Australia"},"geometry":{"type":"Point","coordinates":[130.982988,-12.4716]}},{"type":"Feature","properties":{"name":"Tower 830012","carrier":"Telstra","has4G":true,"has5G":true,"rfnsa_id":830012,"remoteness":"Outer Regional Australia"},"geometry":{"type":"Point","coordinates":[130.98633,-12.47918]}},{"type":"Feature","properties":{"name":"Tower 831001","carrier":"Telstra","has4G":true,"has5G":true,"rfnsa_id":831001,"remoteness":"Outer Regional Australia"},"geometry":{"type":"Point","coordinates":[130.97611,-12.45944]}},{"type":"Feature","properties":{"name":"Tower 832001","carrier":"Telstra","has4G":true,"has5G":true,"rfnsa_id":832001,"remoteness":"Outer Regional Australia"},"geometry":{"type":"Point","coordinates":[130.9911,-12.51533]}},{"type":"Feature","properties":{"name":"Tower 834001","carrier":"Telstra","has4G":true,"has5G":true,"rfnsa_id":834001,"remoteness":"Outer Regional Australia"},"geometry":{"type":"Point","coordinates":[131.01311,-12.51304]}},{"type":"Feature","properties":{"name":"Tower 835001","carrier":"Telstra","has4G":true,"has5G":false,"rfnsa_id":835001,"remoteness":"Outer Regional Australia"},"geometry":{"type":"Point","coordinates":[131.07386,-12.48268]}},{"type":"Feature","properties":{"name":"Tower 835003","carrier":"Telstra","has4G":true,"has5G":true,"rfnsa_id":835003,"remoteness":"Outer Regional Australia"},"geometry":{"type":"Point","coordinates":[131.02913,-12.51478]}},{"type":"Feature","properties":{"name":"Tower 835004","carrier":"Telstra","has4G":true,"has5G":true,"rfnsa_id":835004,"remoteness":"Outer Regional Australia"},"geometry":{"type":"Point","coordinates":[131.02556,-12.48389]}},{"type":"Feature","properties":{"name":"Tower 835005","carrier":"Telstra","has4G":true,"has5G":false,"rfnsa_id":835005,"remoteness":"Outer Regional Australia"},"geometry":{"type":"Point","coordinates":[131.07267,-12.52689]}},{"type":"Feature","properties":{"name":"Tower 835011","carrier":"Telstra","has4G":true,"has5G":false,"rfnsa_id":835011,"remoteness":"Outer Regional Australia"},"geometry":{"type":"Point","coordinates":[131.028672,-12.555369]}},{"type":"Feature","properties":{"name":"Tower 835015","carrier":"Telstra","has4G":true,"has5G":true,"rfnsa_id":835015,"remoteness":"Outer Regional Australia"},"geometry":{"type":"Point","coordinates":[131.04303,-12.49707]}},{"type":"Feature","properties":{"name":"Tower 835016","carrier":"Telstra","has4G":true,"has5G":true,"rfnsa_id":835016,"remoteness":"Outer Regional Australia"},"geometry":{"type":"Point","coordinates":[131.06201,-12.46806]}},{"type":"Feature","properties":{"name":"Tower 836001","carrier":"Telstra","has4G":true,"has5G":true,"rfnsa_id":836001,"remoteness":"Outer Regional Australia"},"geometry":{"type":"Point","coordinates":[131.09889,-12.56944]}},{"type":"Feature","properties":{"name":"Tower 836002","carrier":"Telstra","has4G":true,"has5G":true,"rfnsa_id":836002,"remoteness":"Outer Regional Australia"},"geometry":{"type":"Point","coordinates":[131.15106,-12.55419]}},{"type":"Feature","properties":{"name":"Tower 836005","carrier":"Telstra","has4G":true,"has5G":true,"rfnsa_id":836005,"remoteness":"Outer Regional Australia"},"geometry":{"type":"Point","coordinates":[131.14555,-12.59224]}},{"type":"Feature","properties":{"name":"Tower 836006","carrier":"Telstra","has4G":true,"has5G":false,"rfnsa_id":836006,"remoteness":"Outer Regional Australia"},"geometry":{"type":"Point","coordinates":[131.113,-12.5268]}},{"type":"Feature","properties":{"name":"Tower 836009","carrier":"Telstra","has4G":true,"has5G":true,"rfnsa_id":836009,"remoteness":"Outer Regional Australia"},"geometry":{"type":"Point","coordinates":[131.16204,-12.52627]}},{"type":"Feature","properties":{"name":"Tower 837002","carrier":"Telstra","has4G":true,"has5G":false,"rfnsa_id":837002,"remoteness":"Outer Regional Australia"},"geometry":{"type":"Point","coordinates":[131.075,-12.6325]}},{"type":"Feature","properties":{"name":"Tower 837004","carrier":"Telstra","has4G":true,"has5G":true,"rfnsa_id":837004,"remoteness":"Outer Regional Australia"},"geometry":{"type":"Point","coordinates":[131.13639,-12.6775]}},{"type":"Feature","properties":{"name":"Tower 838003","carrier":"Telstra","has4G":true,"has5G":false,"rfnsa_id":838003,"remoteness":"Outer Regional Australia"},"geometry":{"type":"Point","coordinates":[131.01361,-12.69944]}},{"type":"Feature","properties":{"name":"Tower 839001","carrier":"Telstra","has4G":true,"has5G":false,"rfnsa_id":839001,"remoteness":"Outer Regional Australia"},"geometry":{"type":"Point","coordinates":[131.04297,-12.52524]}},{"type":"Feature","properties":{"name":"Tower 840003","carrier":"Telstra","has4G":true,"has5G":false,"rfnsa_id":840003,"remoteness":"Remote Australia"},"geometry":{"type":"Point","coordinates":[130.35935,-12.7588]}},{"type":"Feature","properties":{"name":"Tower 841001","carrier":"Telstra","has4G":true,"has5G":true,"rfnsa_id":841001,"remoteness":"Outer Regional Australia"},"geometry":{"type":"Point","coordinates":[130.9876,-12.81361]}},{"type":"Feature","properties":{"name":"Tower 845001","carrier":"Telstra","has4G":true,"has5G":true,"rfnsa_id":845001,"remoteness":"Remote Australia"},"geometry":{"type":"Point","coordinates":[131.02713,-13.04612]}},{"type":"Feature","properties":{"name":"Tower 846001","carrier":"Telstra","has4G":true,"has5G":false,"rfnsa_id":846001,"remoteness":"Remote Australia"},"geometry":{"type":"Point","coordinates":[131.48623,-13.52327]}},{"type":"Feature","properties":{"name":"Tower 846002","carrier":"Telstra","has4G":true,"has5G":false,"rfnsa_id":846002,"remoteness":"Remote Australia"},"geometry":{"type":"Point","coordinates":[131.10889,-13.24444]}},{"type":"Feature","properties":{"name":"Tower 847001","carrier":"Telstra","has4G":true,"has5G":false,"rfnsa_id":847001,"remoteness":"Remote Australia"},"geometry":{"type":"Point","coordinates":[131.98417,-14.08536]}},{"type":"Feature","properties":{"name":"Tower 847002","carrier":"Telstra","has4G":true,"has5G":false,"rfnsa_id":847002,"remoteness":"Remote Australia"},"geometry":{"type":"Point","coordinates":[131.83417,-13.8275]}},{"type":"Feature","properties":{"name":"Tower 850002","carrier":"Telstra","has4G":true,"has5G":true,"rfnsa_id":850002,"remoteness":"Remote Australia"},"geometry":{"type":"Point","coordinates":[132.27889,-14.47222]}},{"type":"Feature","properties":{"name":"Tower 850004","carrier":"Telstra","has4G":true,"has5G":true,"rfnsa_id":850004,"remoteness":"Remote Australia"},"geometry":{"type":"Point","coordinates":[132.24472,-14.48139]}},{"type":"Feature","properties":{"name":"Tower 850008","carrier":"Telstra","has4G":true,"has5G":false,"rfnsa_id":850008,"remoteness":"Very Remote Australia"},"geometry":{"type":"Point","coordinates":[132.4175,-14.32556]}},{"type":"Feature","properties":{"name":"Tower 850009","carrier":"Telstra","has4G":true,"has5G":true,"rfnsa_id":850009,"remoteness":"Remote Australia"},"geometry":{"type":"Point","coordinates":[132.27389,-14.43944]}},{"type":"Feature","properties":{"name":"Tower 850016","carrier":"Telstra","has4G":true,"has5G":true,"rfnsa_id":850016,"remoteness":"Remote Australia"},"geometry":{"type":"Point","coordinates":[132.26288,-14.46234]}},{"type":"Feature","properties":{"name":"Tower 850018","carrier":"Telstra","has4G":true,"has5G":true,"rfnsa_id":850018,"remoteness":"Remote Australia"},"geometry":{"type":"Point","coordinates":[132.16011,-14.52033]}},{"type":"Feature","properties":{"name":"Tower 850022","carrier":"Telstra","has4G":true,"has5G":true,"rfnsa_id":850022,"remoteness":"Remote Australia"},"geometry":{"type":"Point","coordinates":[132.29129,-14.46908]}},{"type":"Feature","properties":{"name":"Tower 852001","carrier":"Telstra","has4G":true,"has5G":true,"rfnsa_id":852001,"remoteness":"Very Remote Australia"},"geometry":{"type":"Point","coordinates":[130.63417,-18.33139]}},{"type":"Feature","properties":{"name":"Tower 852002","carrier":"Telstra","has4G":true,"has5G":false,"rfnsa_id":852002,"remoteness":"Very Remote Australia"},"geometry":{"type":"Point","coordinates":[134.73278,-14.73361]}},{"type":"Feature","properties":{"name":"Tower 852003","carrier":"Telstra","has4G":true,"has5G":false,"rfnsa_id":852003,"remoteness":"Very Remote Australia"},"geometry":{"type":"Point","coordinates":[135.74,-14.27917]}},{"type":"Feature","properties":{"name":"Tower 852004","carrier":"Telstra","has4G":true,"has5G":false,"rfnsa_id":852004,"remoteness":"Very Remote Australia"},"geometry":{"type":"Point","coordinates":[130.47889,-15.65639]}},{"type":"Feature","properties":{"name":"Tower 852005","carrier":"Telstra","has4G":true,"has5G":true,"rfnsa_id":852005,"remoteness":"Very Remote Australia"},"geometry":{"type":"Point","coordinates":[133.05944,-14.93528]}},{"type":"Feature","properties":{"name":"Tower 852006","carrier":"Telstra","has4G":true,"has5G":true,"rfnsa_id":852006,"remoteness":"Very Remote Australia"},"geometry":{"type":"Point","coordinates":[133.38639,-16.30694]}},{"type":"Feature","properties":{"name":"Tower 852007","carrier":"Telstra","has4G":true,"has5G":true,"rfnsa_id":852007,"remoteness":"Very Remote Australia"},"geometry":{"type":"Point","coordinates":[132.86806,-14.51917]}},{"type":"Feature","properties":{"name":"Tower 852008","carrier":"Telstra","has4G":true,"has5G":true,"rfnsa_id":852008,"remoteness":"Very Remote Australia"},"geometry":{"type":"Point","coordinates":[133.11544,-14.55307]}},{"type":"Feature","properties":{"name":"Tower 852009","carrier":"Telstra","has4G":true,"has5G":false,"rfnsa_id":852009,"remoteness":"Very Remote Australia"},"geometry":{"type":"Point","coordinates":[130.82986,-17.44192]}},{"type":"Feature","properties":{"name":"Tower 852045","carrier":"Telstra","has4G":true,"has5G":false,"rfnsa_id":852045,"remoteness":"Very Remote Australia"},"geometry":{"type":"Point","coordinates":[133.187263,-15.5443]}},{"type":"Feature","properties":{"name":"Tower 852058","carrier":"Telstra","has4G":true,"has5G":false,"rfnsa_id":852058,"remoteness":"Very Remote Australia"},"geometry":{"type":"Point","coordinates":[136.09167,-16.43509]}},{"type":"Feature","properties":{"name":"Tower 852060","carrier":"Telstra","has4G":true,"has5G":false,"rfnsa_id":852060,"remoteness":"Very Remote Australia"},"geometry":{"type":"Point","coordinates":[132.83458,-14.28053]}},{"type":"Feature","properties":{"name":"Tower 852083","carrier":"Telstra","has4G":true,"has5G":true,"rfnsa_id":852083,"remoteness":"Very Remote Australia"},"geometry":{"type":"Point","coordinates":[130.45469,-15.60101]}},{"type":"Feature","properties":{"name":"Tower 852084","carrier":"Telstra","has4G":true,"has5G":false,"rfnsa_id":852084,"remoteness":"Very Remote Australia"},"geometry":{"type":"Point","coordinates":[133.412,-17.06557]}},{"type":"Feature","properties":{"name":"Tower 852088","carrier":"Telstra","has4G":true,"has5G":false,"rfnsa_id":852088,"remoteness":"Very Remote Australia"},"geometry":{"type":"Point","coordinates":[133.300054,-14.95327]}},{"type":"Feature","properties":{"name":"Tower 852089","carrier":"Telstra","has4G":true,"has5G":false,"rfnsa_id":852089,"remoteness":"Very Remote Australia"},"geometry":{"type":"Point","coordinates":[135.7267,-16.6839]}},{"type":"Feature","properties":{"name":"Tower 852090","carrier":"Telstra","has4G":true,"has5G":true,"rfnsa_id":852090,"remoteness":"Very Remote Australia"},"geometry":{"type":"Point","coordinates":[134.08211,-15.22066]}},{"type":"Feature","properties":{"name":"Tower 852091","carrier":"Telstra","has4G":true,"has5G":false,"rfnsa_id":852091,"remoteness":"Very Remote Australia"},"geometry":{"type":"Point","coordinates":[130.88422,-16.44813]}},{"type":"Feature","properties":{"name":"Tower 852092","carrier":"Telstra","has4G":true,"has5G":false,"rfnsa_id":852092,"remoteness":"Very Remote Australia"},"geometry":{"type":"Point","coordinates":[134.34067,-13.67225]}},{"type":"Feature","properties":{"name":"Tower 852100","carrier":"Telstra","has4G":true,"has5G":false,"rfnsa_id":852100,"remoteness":"Very Remote Australia"},"geometry":{"type":"Point","coordinates":[131.796776,-16.54332]}},{"type":"Feature","properties":{"name":"Tower 852101","carrier":"Telstra","has4G":true,"has5G":false,"rfnsa_id":852101,"remoteness":"Very Remote Australia"},"geometry":{"type":"Point","coordinates":[131.819881,-15.766319]}},{"type":"Feature","properties":{"name":"Tower 852104","carrier":"Telstra","has4G":true,"has5G":false,"rfnsa_id":852104,"remoteness":"Very Remote Australia"},"geometry":{"type":"Point","coordinates":[133.412916,-16.679733]}},{"type":"Feature","properties":{"name":"Tower 852106","carrier":"Telstra","has4G":true,"has5G":false,"rfnsa_id":852106,"remoteness":"Very Remote Australia"},"geometry":{"type":"Point","coordinates":[130.040139,-15.76711]}},{"type":"Feature","properties":{"name":"Tower 852107","carrier":"Telstra","has4G":true,"has5G":false,"rfnsa_id":852107,"remoteness":"Very Remote Australia"},"geometry":{"type":"Point","coordinates":[130.64386,-16.48793]}},{"type":"Feature","properties":{"name":"Tower 852108","carrier":"Telstra","has4G":true,"has5G":false,"rfnsa_id":852108,"remoteness":"Very Remote Australia"},"geometry":{"type":"Point","coordinates":[129.01027,-17.053]}},{"type":"Feature","properties":{"name":"Tower 852109","carrier":"Telstra","has4G":true,"has5G":false,"rfnsa_id":852109,"remoteness":"Very Remote Australia"},"geometry":{"type":"Point","coordinates":[135.19785,-16.42911]}},{"type":"Feature","properties":{"name":"Tower 852114","carrier":"Telstra","has4G":true,"has5G":false,"rfnsa_id":852114,"remoteness":"Very Remote Australia"},"geometry":{"type":"Point","coordinates":[129.450337,-15.20843]}},{"type":"Feature","properties":{"name":"Tower 852115","carrier":"Telstra","has4G":true,"has5G":false,"rfnsa_id":852115,"remoteness":"Very Remote Australia"},"geometry":{"type":"Point","coordinates":[129.335708,-15.23523]}},{"type":"Feature","properties":{"name":"Tower 852118","carrier":"Telstra","has4G":true,"has5G":false,"rfnsa_id":852118,"remoteness":"Very Remote Australia"},"geometry":{"type":"Point","coordinates":[129.3272,-16.63386]}},{"type":"Feature","properties":{"name":"Tower 852119","carrier":"Telstra","has4G":true,"has5G":false,"rfnsa_id":852119,"remoteness":"Very Remote Australia"},"geometry":{"type":"Point","coordinates":[131.27246,-15.35672]}},{"type":"Feature","properties":{"name":"Tower 852122","carrier":"Telstra","has4G":true,"has5G":true,"rfnsa_id":852122,"remoteness":"Remote Australia"},"geometry":{"type":"Point","coordinates":[132.05818,-14.25214]}},{"type":"Feature","properties":{"name":"Tower 852123","carrier":"Telstra","has4G":true,"has5G":true,"rfnsa_id":852123,"remoteness":"Very Remote Australia"},"geometry":{"type":"Point","coordinates":[130.72147,-15.31228]}},{"type":"Feature","properties":{"name":"Tower 852124","carrier":"Telstra","has4G":true,"has5G":true,"rfnsa_id":852124,"remoteness":"Very Remote Australia"},"geometry":{"type":"Point","coordinates":[130.27602,-15.34976]}},{"type":"Feature","properties":{"name":"Tower 852125","carrier":"Telstra","has4G":true,"has5G":false,"rfnsa_id":852125,"remoteness":"Very Remote Australia"},"geometry":{"type":"Point","coordinates":[129.28825,-17.33594]}},{"type":"Feature","properties":{"name":"Tower 852126","carrier":"Telstra","has4G":true,"has5G":false,"rfnsa_id":852126,"remoteness":"Very Remote Australia"},"geometry":{"type":"Point","coordinates":[133.40009,-15.831]}},{"type":"Feature","properties":{"name":"Tower 852127","carrier":"Telstra","has4G":true,"has5G":false,"rfnsa_id":852127,"remoteness":"Very Remote Australia"},"geometry":{"type":"Point","coordinates":[130.48279,-15.70744]}},{"type":"Feature","properties":{"name":"Tower 852129","carrier":"Telstra","has4G":true,"has5G":false,"rfnsa_id":852129,"remoteness":"Very Remote Australia"},"geometry":{"type":"Point","coordinates":[130.93389,-15.56389]}},{"type":"Feature","properties":{"name":"Tower 852132","carrier":"Telstra","has4G":true,"has5G":false,"rfnsa_id":852132,"remoteness":"Very Remote Australia"},"geometry":{"type":"Point","coordinates":[130.53139,-15.78694]}},{"type":"Feature","properties":{"name":"Tower 853001","carrier":"Telstra","has4G":true,"has5G":true,"rfnsa_id":853001,"remoteness":"Remote Australia"},"geometry":{"type":"Point","coordinates":[132.39204,-14.50944]}},{"type":"Feature","properties":{"name":"Tower 854001","carrier":"Telstra","has4G":true,"has5G":false,"rfnsa_id":854001,"remoteness":"Very Remote Australia"},"geometry":{"type":"Point","coordinates":[136.30611,-16.05361]}},{"type":"Feature","properties":{"name":"Tower 860001","carrier":"Telstra","has4G":true,"has5G":false,"rfnsa_id":860001,"remoteness":"Very Remote Australia"},"geometry":{"type":"Point","coordinates":[135.82667,-19.71028]}},{"type":"Feature","properties":{"name":"Tower 860002","carrier":"Telstra","has4G":true,"has5G":true,"rfnsa_id":860002,"remoteness":"Very Remote Australia"},"geometry":{"type":"Point","coordinates":[134.22361,-19.63417]}},{"type":"Feature","properties":{"name":"Tower 860009","carrier":"Telstra","has4G":true,"has5G":true,"rfnsa_id":860009,"remoteness":"Very Remote Australia"},"geometry":{"type":"Point","coordinates":[134.18377,-19.65103]}},{"type":"Feature","properties":{"name":"Tower 860022","carrier":"Telstra","has4G":true,"has5G":true,"rfnsa_id":860022,"remoteness":"Very Remote Australia"},"geometry":{"type":"Point","coordinates":[134.19761,-19.64756]}},{"type":"Feature","properties":{"name":"Tower 862001","carrier":"Telstra","has4G":true,"has5G":false,"rfnsa_id":862001,"remoteness":"Very Remote Australia"},"geometry":{"type":"Point","coordinates":[133.54444,-17.555]}},{"type":"Feature","properties":{"name":"Tower 862019","carrier":"Telstra","has4G":true,"has5G":false,"rfnsa_id":862019,"remoteness":"Very Remote Australia"},"geometry":{"type":"Point","coordinates":[136.9844,-16.75799]}},{"type":"Feature","properties":{"name":"Tower 862038","carrier":"Telstra","has4G":true,"has5G":true,"rfnsa_id":862038,"remoteness":"Very Remote Australia"},"geometry":{"type":"Point","coordinates":[133.409182,-17.370545]}},{"type":"Feature","properties":{"name":"Tower 862044","carrier":"Telstra","has4G":true,"has5G":false,"rfnsa_id":862044,"remoteness":"Very Remote Australia"},"geometry":{"type":"Point","coordinates":[137.94643,-17.21123]}},{"type":"Feature","properties":{"name":"Tower 862045","carrier":"Telstra","has4G":true,"has5G":false,"rfnsa_id":862045,"remoteness":"Very Remote Australia"},"geometry":{"type":"Point","coordinates":[135.8571,-18.36615]}},{"type":"Feature","properties":{"name":"Tower 870001","carrier":"Telstra","has4G":true,"has5G":true,"rfnsa_id":870001,"remoteness":"Remote Australia"},"geometry":{"type":"Point","coordinates":[133.85639,-23.72222]}},{"type":"Feature","properties":{"name":"Tower 870005","carrier":"Telstra","has4G":true,"has5G":true,"rfnsa_id":870005,"remoteness":"Remote Australia"},"geometry":{"type":"Point","coordinates":[133.87245,-23.69171]}},{"type":"Feature","properties":{"name":"Tower 870010","carrier":"Telstra","has4G":true,"has5G":false,"rfnsa_id":870010,"remoteness":"Remote Australia"},"geometry":{"type":"Point","coordinates":[133.68087,-23.52395]}},{"type":"Feature","properties":{"name":"Tower 870019","carrier":"Telstra","has4G":true,"has5G":true,"rfnsa_id":870019,"remoteness":"Remote Australia"},"geometry":{"type":"Point","coordinates":[133.88437,-23.69617]}},{"type":"Feature","properties":{"name":"Tower 870021","carrier":"Telstra","has4G":true,"has5G":true,"rfnsa_id":870021,"remoteness":"Remote Australia"},"geometry":{"type":"Point","coordinates":[133.90083,-23.80028]}},{"type":"Feature","properties":{"name":"Tower 870055","carrier":"Telstra","has4G":true,"has5G":true,"rfnsa_id":870055,"remoteness":"Remote Australia"},"geometry":{"type":"Point","coordinates":[133.853341,-23.704523]}},{"type":"Feature","properties":{"name":"Tower 870057","carrier":"Telstra","has4G":true,"has5G":false,"rfnsa_id":870057,"remoteness":"Remote Australia"},"geometry":{"type":"Point","coordinates":[133.861844,-23.700462]}},{"type":"Feature","properties":{"name":"Tower 870061","carrier":"Telstra","has4G":true,"has5G":false,"rfnsa_id":870061,"remoteness":"Remote Australia"},"geometry":{"type":"Point","coordinates":[133.8947,-23.70001]}},{"type":"Feature","properties":{"name":"Tower 870062","carrier":"Telstra","has4G":true,"has5G":false,"rfnsa_id":870062,"remoteness":"Remote Australia"},"geometry":{"type":"Point","coordinates":[133.87394,-23.75359]}},{"type":"Feature","properties":{"name":"Tower 870063","carrier":"Telstra","has4G":true,"has5G":true,"rfnsa_id":870063,"remoteness":"Remote Australia"},"geometry":{"type":"Point","coordinates":[133.86348,-23.73843]}},{"type":"Feature","properties":{"name":"Tower 870065","carrier":"Telstra","has4G":true,"has5G":false,"rfnsa_id":870065,"remoteness":"Remote Australia"},"geometry":{"type":"Point","coordinates":[133.832879,-23.69496]}},{"type":"Feature","properties":{"name":"Tower 870066","carrier":"Telstra","has4G":true,"has5G":true,"rfnsa_id":870066,"remoteness":"Remote Australia"},"geometry":{"type":"Point","coordinates":[133.88137,-23.71466]}},{"type":"Feature","properties":{"name":"Tower 871001","carrier":"Telstra","has4G":true,"has5G":false,"rfnsa_id":871001,"remoteness":"Remote Australia"},"geometry":{"type":"Point","coordinates":[133.86972,-23.67306]}},{"type":"Feature","properties":{"name":"Tower 871002","carrier":"Telstra","has4G":true,"has5G":true,"rfnsa_id":871002,"remoteness":"Remote Australia"},"geometry":{"type":"Point","coordinates":[133.874288,-23.708597]}},{"type":"Feature","properties":{"name":"Tower 872001","carrier":"Telstra","has4G":true,"has5G":false,"rfnsa_id":872001,"remoteness":"Very Remote Australia"},"geometry":{"type":"Point","coordinates":[133.42083,-22.20222]}},{"type":"Feature","properties":{"name":"Tower 872002","carrier":"Telstra","has4G":true,"has5G":false,"rfnsa_id":872002,"remoteness":"Very Remote Australia"},"geometry":{"type":"Point","coordinates":[130.97542,-25.19122]}},{"type":"Feature","properties":{"name":"Tower 872003","carrier":"Telstra","has4G":true,"has5G":true,"rfnsa_id":872003,"remoteness":"Very Remote Australia"},"geometry":{"type":"Point","coordinates":[130.984073,-25.24259]}},{"type":"Feature","properties":{"name":"Tower 872004","carrier":"Telstra","has4G":true,"has5G":false,"rfnsa_id":872004,"remoteness":"Very Remote Australia"},"geometry":{"type":"Point","coordinates":[134.40694,-21.0025]}},{"type":"Feature","properties":{"name":"Tower 872013","carrier":"Telstra","has4G":true,"has5G":false,"rfnsa_id":872013,"remoteness":"Very Remote Australia"},"geometry":{"type":"Point","coordinates":[133.20139,-25.19556]}},{"type":"Feature","properties":{"name":"Tower 872016","carrier":"Telstra","has4G":true,"has5G":false,"rfnsa_id":872016,"remoteness":"Very Remote Australia"},"geometry":{"type":"Point","coordinates":[134.57334,-25.58511]}},{"type":"Feature","properties":{"name":"Tower 872021","carrier":"Telstra","has4G":true,"has5G":false,"rfnsa_id":872021,"remoteness":"Very Remote Australia"},"geometry":{"type":"Point","coordinates":[132.75377,-22.515106]}},{"type":"Feature","properties":{"name":"Tower 872023","carrier":"Telstra","has4G":true,"has5G":false,"rfnsa_id":872023,"remoteness":"Remote Australia"},"geometry":{"type":"Point","coordinates":[134.37611,-24.13028]}},{"type":"Feature","properties":{"name":"Tower 872024","carrier":"Telstra","has4G":true,"has5G":false,"rfnsa_id":872024,"remoteness":"Very Remote Australia"},"geometry":{"type":"Point","coordinates":[130.31722,-20.54443]}},{"type":"Feature","properties":{"name":"Tower 872025","carrier":"Telstra","has4G":true,"has5G":false,"rfnsa_id":872025,"remoteness":"Very Remote Australia"},"geometry":{"type":"Point","coordinates":[131.79875,-22.25156]}},{"type":"Feature","properties":{"name":"Tower 872028","carrier":"Telstra","has4G":true,"has5G":false,"rfnsa_id":872028,"remoteness":"Very Remote Australia"},"geometry":{"type":"Point","coordinates":[132.59973,-22.8111]}},{"type":"Feature","properties":{"name":"Tower 872032","carrier":"Telstra","has4G":true,"has5G":false,"rfnsa_id":872032,"remoteness":"Remote Australia"},"geometry":{"type":"Point","coordinates":[134.07694,-24.6772]}},{"type":"Feature","properties":{"name":"Tower 872034","carrier":"Telstra","has4G":true,"has5G":true,"rfnsa_id":872034,"remoteness":"Very Remote Australia"},"geometry":{"type":"Point","coordinates":[132.77681,-23.94213]}},{"type":"Feature","properties":{"name":"Tower 872045","carrier":"Telstra","has4G":true,"has5G":false,"rfnsa_id":872045,"remoteness":"Very Remote Australia"},"geometry":{"type":"Point","coordinates":[131.510363,-24.25223]}},{"type":"Feature","properties":{"name":"Tower 872046","carrier":"Telstra","has4G":true,"has5G":false,"rfnsa_id":872046,"remoteness":"Very Remote Australia"},"geometry":{"type":"Point","coordinates":[129.386987,-23.27311]}},{"type":"Feature","properties":{"name":"Tower 872058","carrier":"Telstra","has4G":true,"has5G":false,"rfnsa_id":872058,"remoteness":"Very Remote Australia"},"geometry":{"type":"Point","coordinates":[131.92328,-23.19087]}},{"type":"Feature","properties":{"name":"Tower 872073","carrier":"Telstra","has4G":true,"has5G":false,"rfnsa_id":872073,"remoteness":"Very Remote Australia"},"geometry":{"type":"Point","coordinates":[131.75788,-25.31209]}},{"type":"Feature","properties":{"name":"Tower 872081","carrier":"Telstra","has4G":true,"has5G":false,"rfnsa_id":872081,"remoteness":"Very Remote Australia"},"geometry":{"type":"Point","coordinates":[133.299,-25.83843]}},{"type":"Feature","properties":{"name":"Tower 872082","carrier":"Telstra","has4G":true,"has5G":false,"rfnsa_id":872082,"remoteness":"Very Remote Australia"},"geometry":{"type":"Point","coordinates":[131.2774,-23.25451]}},{"type":"Feature","properties":{"name":"Tower 872085","carrier":"Telstra","has4G":true,"has5G":false,"rfnsa_id":872085,"remoteness":"Very Remote Australia"},"geometry":{"type":"Point","coordinates":[133.69211,-25.75336]}},{"type":"Feature","properties":{"name":"Tower 872102","carrier":"Telstra","has4G":true,"has5G":true,"rfnsa_id":872102,"remoteness":"Very Remote Australia"},"geometry":{"type":"Point","coordinates":[133.087629,-24.12447]}},{"type":"Feature","properties":{"name":"Tower 872116","carrier":"Telstra","has4G":true,"has5G":true,"rfnsa_id":872116,"remoteness":"Very Remote Australia"},"geometry":{"type":"Point","coordinates":[134.7758417,-22.086785]}},{"type":"Feature","properties":{"name":"Tower 872117","carrier":"Telstra","has4G":true,"has5G":true,"rfnsa_id":872117,"remoteness":"Very Remote Australia"},"geometry":{"type":"Point","coordinates":[135.226058,-21.654547]}},{"type":"Feature","properties":{"name":"Tower 872119","carrier":"Telstra","has4G":true,"has5G":false,"rfnsa_id":872119,"remoteness":"Very Remote Australia"},"geometry":{"type":"Point","coordinates":[131.06738,-25.35605]}},{"type":"Feature","properties":{"name":"Tower 872120","carrier":"Telstra","has4G":true,"has5G":true,"rfnsa_id":872120,"remoteness":"Very Remote Australia"},"geometry":{"type":"Point","coordinates":[133.889953,-21.531213]}},{"type":"Feature","properties":{"name":"Tower 872121","carrier":"Telstra","has4G":true,"has5G":false,"rfnsa_id":872121,"remoteness":"Very Remote Australia"},"geometry":{"type":"Point","coordinates":[129.93694,-20.53334]}},{"type":"Feature","properties":{"name":"Tower 872122","carrier":"Telstra","has4G":true,"has5G":false,"rfnsa_id":872122,"remoteness":"Very Remote Australia"},"geometry":{"type":"Point","coordinates":[130.33319,-20.55027]}},{"type":"Feature","properties":{"name":"Tower 872124","carrier":"Telstra","has4G":true,"has5G":false,"rfnsa_id":872124,"remoteness":"Very Remote Australia"},"geometry":{"type":"Point","coordinates":[133.34469,-22.64241]}},{"type":"Feature","properties":{"name":"Tower 872125","carrier":"Telstra","has4G":true,"has5G":false,"rfnsa_id":872125,"remoteness":"Very Remote Australia"},"geometry":{"type":"Point","coordinates":[129.079969,-24.87253]}},{"type":"Feature","properties":{"name":"Tower 872138","carrier":"Telstra","has4G":true,"has5G":false,"rfnsa_id":872138,"remoteness":"Very Remote Australia"},"geometry":{"type":"Point","coordinates":[132.569341,-25.12908]}},{"type":"Feature","properties":{"name":"Tower 872143","carrier":"Telstra","has4G":true,"has5G":false,"rfnsa_id":872143,"remoteness":"Very Remote Australia"},"geometry":{"type":"Point","coordinates":[134.2227,-20.64109]}},{"type":"Feature","properties":{"name":"Tower 872150","carrier":"Telstra","has4G":true,"has5G":false,"rfnsa_id":872150,"remoteness":"Very Remote Australia"},"geometry":{"type":"Point","coordinates":[134.448915,-22.97021]}},{"type":"Feature","properties":{"name":"Tower 872152","carrier":"Telstra","has4G":true,"has5G":false,"rfnsa_id":872152,"remoteness":"Very Remote Australia"},"geometry":{"type":"Point","coordinates":[134.93773,-22.97496]}},{"type":"Feature","properties":{"name":"Tower 872156","carrier":"Telstra","has4G":true,"has5G":false,"rfnsa_id":872156,"remoteness":"Very Remote Australia"},"geometry":{"type":"Point","coordinates":[135.57181,-20.63975]}},{"type":"Feature","properties":{"name":"Tower 872164","carrier":"Telstra","has4G":true,"has5G":false,"rfnsa_id":872164,"remoteness":"Very Remote Australia"},"geometry":{"type":"Point","coordinates":[135.44675,-21.16637]}},{"type":"Feature","properties":{"name":"Tower 872166","carrier":"Telstra","has4G":true,"has5G":false,"rfnsa_id":872166,"remoteness":"Very Remote Australia"},"geometry":{"type":"Point","coordinates":[135.2617646,-20.4463912]}},{"type":"Feature","properties":{"name":"Tower 872167","carrier":"Telstra","has4G":true,"has5G":false,"rfnsa_id":872167,"remoteness":"Remote Australia"},"geometry":{"type":"Point","coordinates":[133.4701,-23.7218]}},{"type":"Feature","properties":{"name":"Tower 872168","carrier":"Telstra","has4G":true,"has5G":false,"rfnsa_id":872168,"remoteness":"Remote Australia"},"geometry":{"type":"Point","coordinates":[133.4581,-24.33977]}},{"type":"Feature","properties":{"name":"Tower 872170","carrier":"Telstra","has4G":true,"has5G":false,"rfnsa_id":872170,"remoteness":"Very Remote Australia"},"geometry":{"type":"Point","coordinates":[129.95232,-20.52398]}},{"type":"Feature","properties":{"name":"Tower 872171","carrier":"Telstra","has4G":true,"has5G":false,"rfnsa_id":872171,"remoteness":"Very Remote Australia"},"geometry":{"type":"Point","coordinates":[136.617304,-19.99025]}},{"type":"Feature","properties":{"name":"Tower 872175","carrier":"Telstra","has4G":true,"has5G":false,"rfnsa_id":872175,"remoteness":"Very Remote Australia"},"geometry":{"type":"Point","coordinates":[130.55136,-22.65143]}},{"type":"Feature","properties":{"name":"Tower 872176","carrier":"Telstra","has4G":true,"has5G":false,"rfnsa_id":872176,"remoteness":"Very Remote Australia"},"geometry":{"type":"Point","coordinates":[132.61735,-21.24644]}},{"type":"Feature","properties":{"name":"Tower 872177","carrier":"Telstra","has4G":true,"has5G":false,"rfnsa_id":872177,"remoteness":"Very Remote Australia"},"geometry":{"type":"Point","coordinates":[132.205041,-22.25834811]}},{"type":"Feature","properties":{"name":"Tower 872178","carrier":"Telstra","has4G":true,"has5G":false,"rfnsa_id":872178,"remoteness":"Very Remote Australia"},"geometry":{"type":"Point","coordinates":[134.45466,-22.80144]}},{"type":"Feature","properties":{"name":"Tower 872179","carrier":"Telstra","has4G":true,"has5G":false,"rfnsa_id":872179,"remoteness":"Very Remote Australia"},"geometry":{"type":"Point","coordinates":[132.75752,-22.53222]}},{"type":"Feature","properties":{"name":"Tower 872181","carrier":"Telstra","has4G":true,"has5G":false,"rfnsa_id":872181,"remoteness":"Very Remote Australia"},"geometry":{"type":"Point","coordinates":[131.803913,-24.389032]}},{"type":"Feature","properties":{"name":"Tower 872198","carrier":"Telstra","has4G":true,"has5G":false,"rfnsa_id":872198,"remoteness":"Very Remote Australia"},"geometry":{"type":"Point","coordinates":[133.996754,-21.507794]}},{"type":"Feature","properties":{"name":"Tower 872205","carrier":"Telstra","has4G":true,"has5G":false,"rfnsa_id":872205,"remoteness":"Very Remote Australia"},"geometry":{"type":"Point","coordinates":[133.73193,-21.73974]}},{"type":"Feature","properties":{"name":"Tower 872207","carrier":"Telstra","has4G":true,"has5G":false,"rfnsa_id":872207,"remoteness":"Very Remote Australia"},"geometry":{"type":"Point","coordinates":[136.16776,-22.78768]}},{"type":"Feature","properties":{"name":"Tower 872208","carrier":"Telstra","has4G":true,"has5G":false,"rfnsa_id":872208,"remoteness":"Very Remote Australia"},"geometry":{"type":"Point","coordinates":[137.74176,-22.49252]}},{"type":"Feature","properties":{"name":"Tower 872209","carrier":"Telstra","has4G":true,"has5G":true,"rfnsa_id":872209,"remoteness":"Very Remote Australia"},"geometry":{"type":"Point","coordinates":[134.24351,-22.96586]}},{"type":"Feature","properties":{"name":"Tower 873001","carrier":"Telstra","has4G":true,"has5G":true,"rfnsa_id":873001,"remoteness":"Remote Australia"},"geometry":{"type":"Point","coordinates":[133.81526,-23.74989]}},{"type":"Feature","properties":{"name":"Tower 880001","carrier":"Telstra","has4G":true,"has5G":true,"rfnsa_id":880001,"remoteness":"Very Remote Australia"},"geometry":{"type":"Point","coordinates":[136.69197,-12.19105]}},{"type":"Feature","properties":{"name":"Tower 880002","carrier":"Telstra","has4G":true,"has5G":false,"rfnsa_id":880002,"remoteness":"Very Remote Australia"},"geometry":{"type":"Point","coordinates":[135.80361,-12.50333]}},{"type":"Feature","properties":{"name":"Tower 880003","carrier":"Telstra","has4G":true,"has5G":false,"rfnsa_id":880003,"remoteness":"Very Remote Australia"},"geometry":{"type":"Point","coordinates":[136.77699,-12.1815]}},{"type":"Feature","properties":{"name":"Tower 880006","carrier":"Telstra","has4G":true,"has5G":true,"rfnsa_id":880006,"remoteness":"Very Remote Australia"},"geometry":{"type":"Point","coordinates":[136.79171,-12.21102]}},{"type":"Feature","properties":{"name":"Tower 880012","carrier":"Telstra","has4G":true,"has5G":false,"rfnsa_id":880012,"remoteness":"Very Remote Australia"},"geometry":{"type":"Point","coordinates":[136.89556,-12.25052]}},{"type":"Feature","properties":{"name":"Tower 885001","carrier":"Telstra","has4G":true,"has5G":false,"rfnsa_id":885001,"remoteness":"Very Remote Australia"},"geometry":{"type":"Point","coordinates":[136.43417,-13.84722]}},{"type":"Feature","properties":{"name":"Tower 885002","carrier":"Telstra","has4G":true,"has5G":true,"rfnsa_id":885002,"remoteness":"Very Remote Australia"},"geometry":{"type":"Point","coordinates":[136.1992,-13.78362]}},{"type":"Feature","properties":{"name":"Tower 885004","carrier":"Telstra","has4G":true,"has5G":false,"rfnsa_id":885004,"remoteness":"Very Remote Australia"},"geometry":{"type":"Point","coordinates":[136.812557,-13.85704]}},{"type":"Feature","properties":{"name":"Tower 885007","carrier":"Telstra","has4G":true,"has5G":true,"rfnsa_id":885007,"remoteness":"Very Remote Australia"},"geometry":{"type":"Point","coordinates":[136.41781,-13.84825]}},{"type":"Feature","properties":{"name":"Tower 886001","carrier":"Telstra","has4G":true,"has5G":true,"rfnsa_id":886001,"remoteness":"Remote Australia"},"geometry":{"type":"Point","coordinates":[132.83444,-12.66944]}},{"type":"Feature","properties":{"name":"Tower 886002","carrier":"Telstra","has4G":true,"has5G":true,"rfnsa_id":886002,"remoteness":"Remote Australia"},"geometry":{"type":"Point","coordinates":[132.52255,-12.90601]}},{"type":"Feature","properties":{"name":"Tower 886003","carrier":"Telstra","has4G":true,"has5G":false,"rfnsa_id":886003,"remoteness":"Remote Australia"},"geometry":{"type":"Point","coordinates":[132.480498,-12.67655]}},{"type":"Feature","properties":{"name":"Tower 886006","carrier":"Telstra","has4G":true,"has5G":false,"rfnsa_id":886006,"remoteness":"Remote Australia"},"geometry":{"type":"Point","coordinates":[132.43274,-12.70936]}},{"type":"Feature","properties":{"name":"Tower 886011","carrier":"Telstra","has4G":true,"has5G":false,"rfnsa_id":886011,"remoteness":"Remote Australia"},"geometry":{"type":"Point","coordinates":[132.572,-12.93424]}},{"type":"Feature","properties":{"name":"Tower 4825036","carrier":"Telstra","has4G":true,"has5G":false,"rfnsa_id":4825036,"remoteness":"Very Remote Australia"},"geometry":{"type":"Point","coordinates":[137.84982,-20.9862]}},{"type":"Feature","properties":{"name":"Tower 4825039","carrier":"Telstra","has4G":true,"has5G":false,"rfnsa_id":4825039,"remoteness":"Very Remote Australia"},"geometry":{"type":"Point","coordinates":[137.48862,-20.02308]}}]}