{"type": "FeatureCollection", "features": [{"type": "Feature", "properties": {"objectid": 639, "community_id": 639, "community_name": "Pigeon Hole", "community_aliases": "BUNBIDEE", "community_type": "Minor", "main_language": "Gurindji / Ngarinyman", "local_govt_council": "VICTORIA DALY", "land_council": "NORTHERN LAND COUNCIL", "ntg_region": "BIG RIVERS", "bushtel_url": "https://bushtel.nt.gov.au/profile/639", "population_count": 141, "population_used_in_index": 141, "population_basis": "risk_dataset", "longitude": 131.22037, "latitude": -16.81412, "risk_rating": "High", "fire_plan": "No", "firebreak": "Yes", "fuel_reduction": "Yes", "has_coverage": false, "coverage_status": "Outside predicted coverage", "nearest_tower_km": 54.2, "nearby_carriers": 0, "carrier_names": "None", "hazard_H": 1.0, "unreachability_U": 1.0, "exposure_E": 0.6269, "wbi_score": 85.6, "wbi_tier": "Critical", "wbi_rank": 1, "strict_blackspot": true}, "geometry": {"type": "Point", "coordinates": [131.22037, -16.81412]}}, {"type": "Feature", "properties": {"objectid": 622, "community_id": 622, "community_name": "Amanbidji", "community_aliases": "AMANBIDGEE STATION,KILDURK,MIALUNI", "community_type": "Major", "main_language": "Ngarinyman / Kriol", "local_govt_council": "VICTORIA DALY", "land_council": "NORTHERN LAND COUNCIL", "ntg_region": "BIG RIVERS", "bushtel_url": "https://bushtel.nt.gov.au/profile/622", "population_count": 83, "population_used_in_index": 83, "population_basis": "risk_dataset", "longitude": 129.6189, "latitude": -16.428055, "risk_rating": "High", "fire_plan": "No", "firebreak": "Yes", "fuel_reduction": "Yes", "has_coverage": false, "coverage_status": "Outside predicted coverage", "nearest_tower_km": 38.6, "nearby_carriers": 0, "carrier_names": "None", "hazard_H": 1.0, "unreachability_U": 0.924, "exposure_E": 0.5605, "wbi_score": 80.3, "wbi_tier": "Critical", "wbi_rank": 2, "strict_blackspot": true}, "geometry": {"type": "Point", "coordinates": [129.6189, -16.428055]}}, {"type": "Feature", "properties": {"objectid": 641, "community_id": 641, "community_name": "Rittarangu", "community_aliases": "URAPUNGA", "community_type": "Minor", "main_language": "Eastside Kriol", "local_govt_council": "ROPER GULF", "land_council": "NORTHERN LAND COUNCIL", "ntg_region": "BIG RIVERS", "bushtel_url": "https://bushtel.nt.gov.au/profile/641", "population_count": 160, "population_used_in_index": 160, "population_basis": "risk_dataset", "longitude": 134.56526, "latitude": -14.71011, "risk_rating": "High", "fire_plan": "No", "firebreak": "Yes", "fuel_reduction": "Yes", "has_coverage": false, "coverage_status": "Outside predicted coverage", "nearest_tower_km": 18.2, "nearby_carriers": 1, "carrier_names": "Telstra", "hazard_H": 1.0, "unreachability_U": 0.6769, "exposure_E": 0.6427, "wbi_score": 75.8, "wbi_tier": "Critical", "wbi_rank": 3, "strict_blackspot": false}, "geometry": {"type": "Point", "coordinates": [134.56526, -14.71011]}}, {"type": "Feature", "properties": {"objectid": 20, "community_id": 20, "community_name": "Areyonga", "community_aliases": "UTJU", "community_type": "Major", "main_language": "Pitjantjatjara", "local_govt_council": "MACDONNELL", "land_council": "CENTRAL LAND COUNCIL", "ntg_region": "CENTRAL AUSTRALIA", "bushtel_url": "https://bushtel.nt.gov.au/profile/20", "population_count": 229, "population_used_in_index": 229, "population_basis": "risk_dataset", "longitude": 132.27083, "latitude": -24.073612, "risk_rating": "Moderate", "fire_plan": "Yes", "firebreak": "Yes", "fuel_reduction": "Yes", "has_coverage": false, "coverage_status": "Outside predicted coverage", "nearest_tower_km": 47.7, "nearby_carriers": 0, "carrier_names": "None", "hazard_H": 0.6, "unreachability_U": 0.9847, "exposure_E": 0.6879, "wbi_score": 74.1, "wbi_tier": "Critical", "wbi_rank": 4, "strict_blackspot": false}, "geometry": {"type": "Point", "coordinates": [132.27083, -24.073612]}}, {"type": "Feature", "properties": {"objectid": 15, "community_id": 15, "community_name": "Indaringinya", "community_aliases": "ANDARININYA,ANTARRENGE,ANTARRENGENY,ANTARRINGINYA", "community_type": "Family Outstation", "main_language": "Not recorded", "local_govt_council": "BARKLY", "land_council": "CENTRAL LAND COUNCIL", "ntg_region": "BARKLY", "bushtel_url": "https://bushtel.nt.gov.au/profile/15", "population_count": 23, "population_used_in_index": 23, "population_basis": "risk_dataset", "longitude": 134.71992, "latitude": -21.67707, "risk_rating": "High", "fire_plan": "No", "firebreak": "No", "fuel_reduction": "No", "has_coverage": false, "coverage_status": "Outside predicted coverage", "nearest_tower_km": 45.9, "nearby_carriers": 0, "carrier_names": "None", "hazard_H": 1.0, "unreachability_U": 0.9727, "exposure_E": 0.402, "wbi_score": 73.1, "wbi_tier": "Critical", "wbi_rank": 5, "strict_blackspot": true}, "geometry": {"type": "Point", "coordinates": [134.71992, -21.67707]}}, {"type": "Feature", "properties": {"objectid": 458, "community_id": 458, "community_name": "Baniyala", "community_aliases": "BANYALA,YILPARA", "community_type": "Minor", "main_language": "Not recorded", "local_govt_council": "EAST ARNHEM", "land_council": "NORTHERN LAND COUNCIL", "ntg_region": "EAST ARNHEM", "bushtel_url": "https://bushtel.nt.gov.au/profile/458", "population_count": 130, "population_used_in_index": 130, "population_basis": "risk_dataset", "longitude": 136.2261, "latitude": -13.2004, "risk_rating": "Moderate", "fire_plan": "No", "firebreak": "Yes", "fuel_reduction": "Yes", "has_coverage": false, "coverage_status": "Outside predicted coverage", "nearest_tower_km": 61.4, "nearby_carriers": 0, "carrier_names": "None", "hazard_H": 0.6, "unreachability_U": 1.0, "exposure_E": 0.6167, "wbi_score": 71.8, "wbi_tier": "Critical", "wbi_rank": 6, "strict_blackspot": false}, "geometry": {"type": "Point", "coordinates": [136.2261, -13.2004]}}, {"type": "Feature", "properties": {"objectid": 498, "community_id": 498, "community_name": "Gan Gan", "community_aliases": "GANGAN", "community_type": "Minor", "main_language": "Not recorded", "local_govt_council": "EAST ARNHEM", "land_council": "NORTHERN LAND COUNCIL", "ntg_region": "EAST ARNHEM", "bushtel_url": "https://bushtel.nt.gov.au/profile/498", "population_count": 90, "population_used_in_index": 90, "population_basis": "risk_dataset", "longitude": 135.94354, "latitude": -13.04605, "risk_rating": "Moderate", "fire_plan": "No", "firebreak": "Yes", "fuel_reduction": "Yes", "has_coverage": false, "coverage_status": "Outside predicted coverage", "nearest_tower_km": 54.2, "nearby_carriers": 0, "carrier_names": "None", "hazard_H": 0.6, "unreachability_U": 1.0, "exposure_E": 0.5706, "wbi_score": 70.0, "wbi_tier": "Critical", "wbi_rank": 7, "strict_blackspot": false}, "geometry": {"type": "Point", "coordinates": [135.94354, -13.04605]}}, {"type": "Feature", "properties": {"objectid": 583, "community_id": 583, "community_name": "Boomerang Lagoon", "community_aliases": "MALANBAPOY", "community_type": "Family Outstation", "main_language": "Not recorded", "local_govt_council": "ROPER GULF", "land_council": "NORTHERN LAND COUNCIL", "ntg_region": "BIG RIVERS", "bushtel_url": "https://bushtel.nt.gov.au/profile/583", "population_count": 10, "population_used_in_index": 10, "population_basis": "risk_dataset", "longitude": 135.03925, "latitude": -14.45061, "risk_rating": "High", "fire_plan": "No", "firebreak": "No", "fuel_reduction": "No", "has_coverage": false, "coverage_status": "Outside predicted coverage", "nearest_tower_km": 45.6, "nearby_carriers": 0, "carrier_names": "None", "hazard_H": 1.0, "unreachability_U": 0.9707, "exposure_E": 0.3033, "wbi_score": 66.5, "wbi_tier": "Critical", "wbi_rank": 8, "strict_blackspot": true}, "geometry": {"type": "Point", "coordinates": [135.03925, -14.45061]}}, {"type": "Feature", "properties": {"objectid": 41, "community_id": 41, "community_name": "Haasts Bluff", "community_aliases": "IKUNTJI,KUNPARRKA", "community_type": "Major", "main_language": "Luritja/Pintupi", "local_govt_council": "MACDONNELL", "land_council": "CENTRAL LAND COUNCIL", "ntg_region": "CENTRAL AUSTRALIA", "bushtel_url": "https://bushtel.nt.gov.au/profile/41", "population_count": 162, "population_used_in_index": 162, "population_basis": "risk_dataset", "longitude": 131.88129, "latitude": -23.44733, "risk_rating": "Moderate", "fire_plan": "Yes", "firebreak": "Yes", "fuel_reduction": "Yes", "has_coverage": false, "coverage_status": "Outside predicted coverage", "nearest_tower_km": 28.8, "nearby_carriers": 1, "carrier_names": "Telstra", "hazard_H": 0.6, "unreachability_U": 0.7476, "exposure_E": 0.6443, "wbi_score": 66.1, "wbi_tier": "Critical", "wbi_rank": 9, "strict_blackspot": false}, "geometry": {"type": "Point", "coordinates": [131.88129, -23.44733]}}, {"type": "Feature", "properties": {"objectid": 259, "community_id": 259, "community_name": "Wogyala", "community_aliases": "3 MILE FLAT,ROCKHAMPTON DOWNS,WOGAYALA,WOGAYELA", "community_type": "Family Outstation", "main_language": "Not recorded", "local_govt_council": "BARKLY", "land_council": "NORTHERN LAND COUNCIL", "ntg_region": "BARKLY", "bushtel_url": "https://bushtel.nt.gov.au/profile/259", "population_count": 40, "population_used_in_index": 40, "population_basis": "risk_dataset", "longitude": 135.17821, "latitude": -19.00617, "risk_rating": "Moderate", "fire_plan": "No", "firebreak": "Yes", "fuel_reduction": "Yes", "has_coverage": false, "coverage_status": "Outside predicted coverage", "nearest_tower_km": 100.9, "nearby_carriers": 0, "carrier_names": "None", "hazard_H": 0.6, "unreachability_U": 1.0, "exposure_E": 0.4697, "wbi_score": 65.6, "wbi_tier": "Critical", "wbi_rank": 10, "strict_blackspot": false}, "geometry": {"type": "Point", "coordinates": [135.17821, -19.00617]}}, {"type": "Feature", "properties": {"objectid": 686, "community_id": 686, "community_name": "Burrumburru", "community_aliases": "DRY CREEK", "community_type": "Family Outstation", "main_language": "Not recorded", "local_govt_council": "BARKLY", "land_council": "NORTHERN LAND COUNCIL", "ntg_region": "BARKLY", "bushtel_url": "https://bushtel.nt.gov.au/profile/686", "population_count": null, "population_used_in_index": 8, "population_basis": "imputed_type_median", "longitude": 137.78155, "latitude": -17.74229, "risk_rating": "High", "fire_plan": "No", "firebreak": "No", "fuel_reduction": "No", "has_coverage": false, "coverage_status": "Outside predicted coverage", "nearest_tower_km": 61.6, "nearby_carriers": 0, "carrier_names": "None", "hazard_H": 1.0, "unreachability_U": 1.0, "exposure_E": 0.2779, "wbi_score": 65.3, "wbi_tier": "Critical", "wbi_rank": 11, "strict_blackspot": true}, "geometry": {"type": "Point", "coordinates": [137.78155, -17.74229]}}, {"type": "Feature", "properties": {"objectid": 652, "community_id": 652, "community_name": "Wanmarri", "community_aliases": "WANMARI,WANMURRI", "community_type": "Family Outstation", "main_language": "Not recorded", "local_govt_council": "ROPER GULF", "land_council": "NORTHERN LAND COUNCIL", "ntg_region": "BIG RIVERS", "bushtel_url": "https://bushtel.nt.gov.au/profile/652", "population_count": null, "population_used_in_index": 8, "population_basis": "imputed_type_median", "longitude": 135.22691, "latitude": -14.45401, "risk_rating": "High", "fire_plan": "No", "firebreak": "No", "fuel_reduction": "No", "has_coverage": false, "coverage_status": "Outside predicted coverage", "nearest_tower_km": 58.6, "nearby_carriers": 0, "carrier_names": "None", "hazard_H": 1.0, "unreachability_U": 1.0, "exposure_E": 0.2779, "wbi_score": 65.3, "wbi_tier": "Critical", "wbi_rank": 11, "strict_blackspot": true}, "geometry": {"type": "Point", "coordinates": [135.22691, -14.45401]}}, {"type": "Feature", "properties": {"objectid": 689, "community_id": 689, "community_name": "Murun Murula", "community_aliases": "MURAN MURULA,MURRA MURULA,MURRAMARULA,MURU MURULA,MURULMURULA", "community_type": "Family Outstation", "main_language": "Not recorded", "local_govt_council": "BARKLY", "land_council": "NORTHERN LAND COUNCIL", "ntg_region": "BARKLY", "bushtel_url": "https://bushtel.nt.gov.au/profile/689", "population_count": null, "population_used_in_index": 8, "population_basis": "imputed_type_median", "longitude": 137.51754, "latitude": -18.49908, "risk_rating": "High", "fire_plan": "No", "firebreak": "No", "fuel_reduction": "No", "has_coverage": false, "coverage_status": "Outside predicted coverage", "nearest_tower_km": 108.9, "nearby_carriers": 0, "carrier_names": "None", "hazard_H": 1.0, "unreachability_U": 1.0, "exposure_E": 0.2779, "wbi_score": 65.3, "wbi_tier": "Critical", "wbi_rank": 11, "strict_blackspot": true}, "geometry": {"type": "Point", "coordinates": [137.51754, -18.49908]}}, {"type": "Feature", "properties": {"objectid": 381, "community_id": 381, "community_name": "Waidaboonar", "community_aliases": "MT. BORRADAILE,MUDGIGARDENT,MUDJEEGARDART,MUDJIGARDART,WAIDABONOOR", "community_type": "Family Outstation", "main_language": "Not recorded", "local_govt_council": "WEST ARNHEM", "land_council": "NORTHERN LAND COUNCIL", "ntg_region": "TOP END", "bushtel_url": "https://bushtel.nt.gov.au/profile/381", "population_count": null, "population_used_in_index": 8, "population_basis": "imputed_type_median", "longitude": 132.78225, "latitude": -11.93822, "risk_rating": "High", "fire_plan": "No", "firebreak": "No", "fuel_reduction": "No", "has_coverage": false, "coverage_status": "Outside predicted coverage", "nearest_tower_km": 52.2, "nearby_carriers": 0, "carrier_names": "None", "hazard_H": 1.0, "unreachability_U": 1.0, "exposure_E": 0.2779, "wbi_score": 65.3, "wbi_tier": "Critical", "wbi_rank": 11, "strict_blackspot": true}, "geometry": {"type": "Point", "coordinates": [132.78225, -11.93822]}}, {"type": "Feature", "properties": {"objectid": 209, "community_id": 209, "community_name": "Bajaminyi", "community_aliases": "BARAMINGI,FISH RIVER", "community_type": "Family Outstation", "main_language": "Not recorded", "local_govt_council": "BARKLY", "land_council": "NORTHERN LAND COUNCIL", "ntg_region": "BARKLY", "bushtel_url": "https://bushtel.nt.gov.au/profile/209", "population_count": null, "population_used_in_index": 8, "population_basis": "imputed_type_median", "longitude": 137.71243, "latitude": -17.77489, "risk_rating": "High", "fire_plan": "No", "firebreak": "No", "fuel_reduction": "No", "has_coverage": false, "coverage_status": "Outside predicted coverage", "nearest_tower_km": 67.4, "nearby_carriers": 0, "carrier_names": "None", "hazard_H": 1.0, "unreachability_U": 1.0, "exposure_E": 0.2779, "wbi_score": 65.3, "wbi_tier": "Critical", "wbi_rank": 11, "strict_blackspot": true}, "geometry": {"type": "Point", "coordinates": [137.71243, -17.77489]}}, {"type": "Feature", "properties": {"objectid": 21479, "community_id": 21479, "community_name": "Wollagalonng Outstation", "community_aliases": "No aliases recorded with NTG DIPL", "community_type": "Family Outstation", "main_language": "Not recorded", "local_govt_council": "CENTRAL DESERT", "land_council": "CENTRAL LAND COUNCIL", "ntg_region": "CENTRAL AUSTRALIA", "bushtel_url": "https://bushtel.nt.gov.au/profile/21479", "population_count": null, "population_used_in_index": 8, "population_basis": "imputed_type_median", "longitude": 133.439495, "latitude": -21.36721, "risk_rating": "High", "fire_plan": "No", "firebreak": "No", "fuel_reduction": "No", "has_coverage": false, "coverage_status": "Outside predicted coverage", "nearest_tower_km": 50.0, "nearby_carriers": 0, "carrier_names": "None", "hazard_H": 1.0, "unreachability_U": 1.0, "exposure_E": 0.2779, "wbi_score": 65.3, "wbi_tier": "Critical", "wbi_rank": 11, "strict_blackspot": true}, "geometry": {"type": "Point", "coordinates": [133.439495, -21.36721]}}, {"type": "Feature", "properties": {"objectid": 261, "community_id": 261, "community_name": "Jilundarina", "community_aliases": "JURLINDARRI,SEIGAL CREEK,SIEGAL CREEK,SIEGEL CREEK", "community_type": "Family Outstation", "main_language": "Not recorded", "local_govt_council": "BARKLY", "land_council": "NORTHERN LAND COUNCIL", "ntg_region": "BARKLY", "bushtel_url": "https://bushtel.nt.gov.au/profile/261", "population_count": null, "population_used_in_index": 8, "population_basis": "imputed_type_median", "longitude": 137.57665, "latitude": -17.60557, "risk_rating": "High", "fire_plan": "No", "firebreak": "No", "fuel_reduction": "No", "has_coverage": false, "coverage_status": "Outside predicted coverage", "nearest_tower_km": 58.8, "nearby_carriers": 0, "carrier_names": "None", "hazard_H": 1.0, "unreachability_U": 1.0, "exposure_E": 0.2779, "wbi_score": 65.3, "wbi_tier": "Critical", "wbi_rank": 11, "strict_blackspot": true}, "geometry": {"type": "Point", "coordinates": [137.57665, -17.60557]}}, {"type": "Feature", "properties": {"objectid": 941, "community_id": 941, "community_name": "Kalumbulani", "community_aliases": "CAMFIELD,KULUMANBULANI", "community_type": "Family Outstation", "main_language": "Not recorded", "local_govt_council": "VICTORIA DALY", "land_council": "NORTHERN LAND COUNCIL", "ntg_region": "BIG RIVERS", "bushtel_url": "https://bushtel.nt.gov.au/profile/941", "population_count": null, "population_used_in_index": 8, "population_basis": "imputed_type_median", "longitude": 131.21949, "latitude": -16.877195, "risk_rating": "High", "fire_plan": "No", "firebreak": "No", "fuel_reduction": "No", "has_coverage": false, "coverage_status": "Outside predicted coverage", "nearest_tower_km": 59.6, "nearby_carriers": 0, "carrier_names": "None", "hazard_H": 1.0, "unreachability_U": 1.0, "exposure_E": 0.2779, "wbi_score": 65.3, "wbi_tier": "Critical", "wbi_rank": 11, "strict_blackspot": true}, "geometry": {"type": "Point", "coordinates": [131.21949, -16.877195]}}, {"type": "Feature", "properties": {"objectid": 812, "community_id": 812, "community_name": "Doolgarina", "community_aliases": "JIBABANA", "community_type": "Family Outstation", "main_language": "Not recorded", "local_govt_council": "ROPER GULF", "land_council": "NORTHERN LAND COUNCIL", "ntg_region": "BIG RIVERS", "bushtel_url": "https://bushtel.nt.gov.au/profile/812", "population_count": null, "population_used_in_index": 8, "population_basis": "imputed_type_median", "longitude": 136.76611, "latitude": -16.229168, "risk_rating": "High", "fire_plan": "No", "firebreak": "No", "fuel_reduction": "No", "has_coverage": false, "coverage_status": "Outside predicted coverage", "nearest_tower_km": 52.9, "nearby_carriers": 0, "carrier_names": "None", "hazard_H": 1.0, "unreachability_U": 1.0, "exposure_E": 0.2779, "wbi_score": 65.3, "wbi_tier": "Critical", "wbi_rank": 11, "strict_blackspot": true}, "geometry": {"type": "Point", "coordinates": [136.76611, -16.229168]}}, {"type": "Feature", "properties": {"objectid": 977, "community_id": 977, "community_name": "Murgenella Plains", "community_aliases": "ARRDUKBUKBUN", "community_type": "Family Outstation", "main_language": "Not recorded", "local_govt_council": "WEST ARNHEM", "land_council": "NORTHERN LAND COUNCIL", "ntg_region": "TOP END", "bushtel_url": "https://bushtel.nt.gov.au/profile/977", "population_count": null, "population_used_in_index": 8, "population_basis": "imputed_type_median", "longitude": 132.91239, "latitude": -11.71041, "risk_rating": "High", "fire_plan": "No", "firebreak": "No", "fuel_reduction": "No", "has_coverage": false, "coverage_status": "Outside predicted coverage", "nearest_tower_km": 51.9, "nearby_carriers": 0, "carrier_names": "None", "hazard_H": 1.0, "unreachability_U": 1.0, "exposure_E": 0.2779, "wbi_score": 65.3, "wbi_tier": "Critical", "wbi_rank": 11, "strict_blackspot": true}, "geometry": {"type": "Point", "coordinates": [132.91239, -11.71041]}}, {"type": "Feature", "properties": {"objectid": 14247, "community_id": 236, "community_name": "Kulumpurlpa", "community_aliases": "AKULUMPULPA,BLUE BUSH BORE,KALAMPURLPA,KALUMPARLPA,KALUMPULPA,KULUMPURLPA", "community_type": "Family Outstation", "main_language": "Not recorded", "local_govt_council": "BARKLY", "land_council": "CENTRAL LAND COUNCIL", "ntg_region": "BARKLY", "bushtel_url": "https://bushtel.nt.gov.au/profile/236", "population_count": null, "population_used_in_index": 8, "population_basis": "imputed_type_median", "longitude": 134.9161, "latitude": -19.0053, "risk_rating": "High", "fire_plan": "No", "firebreak": "No", "fuel_reduction": "No", "has_coverage": false, "coverage_status": "Outside predicted coverage", "nearest_tower_km": 88.5, "nearby_carriers": 0, "carrier_names": "None", "hazard_H": 1.0, "unreachability_U": 1.0, "exposure_E": 0.2779, "wbi_score": 65.3, "wbi_tier": "Critical", "wbi_rank": 11, "strict_blackspot": true}, "geometry": {"type": "Point", "coordinates": [134.9161, -19.0053]}}, {"type": "Feature", "properties": {"objectid": 998, "community_id": 998, "community_name": "Warlpeyangkrere", "community_aliases": "TARLTON DOWNS", "community_type": "Family Outstation", "main_language": "Not recorded", "local_govt_council": "CENTRAL DESERT", "land_council": "CENTRAL LAND COUNCIL", "ntg_region": "CENTRAL AUSTRALIA", "bushtel_url": "https://bushtel.nt.gov.au/profile/998", "population_count": null, "population_used_in_index": 8, "population_basis": "imputed_type_median", "longitude": 136.99175, "latitude": -22.54894, "risk_rating": "High", "fire_plan": "No", "firebreak": "No", "fuel_reduction": "No", "has_coverage": false, "coverage_status": "Outside predicted coverage", "nearest_tower_km": 77.3, "nearby_carriers": 0, "carrier_names": "None", "hazard_H": 1.0, "unreachability_U": 1.0, "exposure_E": 0.2779, "wbi_score": 65.3, "wbi_tier": "Critical", "wbi_rank": 11, "strict_blackspot": true}, "geometry": {"type": "Point", "coordinates": [136.99175, -22.54894]}}, {"type": "Feature", "properties": {"objectid": 251, "community_id": 251, "community_name": "Nudjabarra", "community_aliases": "NAJABARRA,NICHOLSON RIVER,NUDGABURRA,NUDGEBURRA", "community_type": "Family Outstation", "main_language": "Not recorded", "local_govt_council": "BARKLY", "land_council": "NORTHERN LAND COUNCIL", "ntg_region": "BARKLY", "bushtel_url": "https://bushtel.nt.gov.au/profile/251", "population_count": null, "population_used_in_index": 8, "population_basis": "imputed_type_median", "longitude": 137.96944, "latitude": -17.97998, "risk_rating": "High", "fire_plan": "No", "firebreak": "No", "fuel_reduction": "No", "has_coverage": false, "coverage_status": "Outside predicted coverage", "nearest_tower_km": 71.4, "nearby_carriers": 0, "carrier_names": "None", "hazard_H": 1.0, "unreachability_U": 1.0, "exposure_E": 0.2779, "wbi_score": 65.3, "wbi_tier": "Critical", "wbi_rank": 11, "strict_blackspot": true}, "geometry": {"type": "Point", "coordinates": [137.96944, -17.97998]}}, {"type": "Feature", "properties": {"objectid": 904, "community_id": 904, "community_name": "Iluwurru", "community_aliases": "ALEXANDRIA", "community_type": "Family Outstation", "main_language": "Not recorded", "local_govt_council": "BARKLY", "land_council": "NORTHERN LAND COUNCIL", "ntg_region": "BARKLY", "bushtel_url": "https://bushtel.nt.gov.au/profile/904", "population_count": null, "population_used_in_index": 8, "population_basis": "imputed_type_median", "longitude": 136.65003, "latitude": -19.03222, "risk_rating": "High", "fire_plan": "No", "firebreak": "No", "fuel_reduction": "No", "has_coverage": false, "coverage_status": "Outside predicted coverage", "nearest_tower_km": 106.6, "nearby_carriers": 0, "carrier_names": "None", "hazard_H": 1.0, "unreachability_U": 1.0, "exposure_E": 0.2779, "wbi_score": 65.3, "wbi_tier": "Critical", "wbi_rank": 11, "strict_blackspot": true}, "geometry": {"type": "Point", "coordinates": [136.65003, -19.03222]}}, {"type": "Feature", "properties": {"objectid": 691, "community_id": 691, "community_name": "Gumuluji", "community_aliases": "WALLIS CREEK", "community_type": "Family Outstation", "main_language": "Not recorded", "local_govt_council": "BARKLY", "land_council": "NORTHERN LAND COUNCIL", "ntg_region": "BARKLY", "bushtel_url": "https://bushtel.nt.gov.au/profile/691", "population_count": null, "population_used_in_index": 8, "population_basis": "imputed_type_median", "longitude": 137.48038, "latitude": -17.93534, "risk_rating": "High", "fire_plan": "No", "firebreak": "No", "fuel_reduction": "No", "has_coverage": false, "coverage_status": "Outside predicted coverage", "nearest_tower_km": 94.5, "nearby_carriers": 0, "carrier_names": "None", "hazard_H": 1.0, "unreachability_U": 1.0, "exposure_E": 0.2779, "wbi_score": 65.3, "wbi_tier": "Critical", "wbi_rank": 11, "strict_blackspot": true}, "geometry": {"type": "Point", "coordinates": [137.48038, -17.93534]}}, {"type": "Feature", "properties": {"objectid": 8, "community_id": 8, "community_name": "Injulkama", "community_aliases": "AMBURLA", "community_type": "Family Outstation", "main_language": "Not recorded", "local_govt_council": "MACDONNELL", "land_council": "CENTRAL LAND COUNCIL", "ntg_region": "CENTRAL AUSTRALIA", "bushtel_url": "https://bushtel.nt.gov.au/profile/8", "population_count": null, "population_used_in_index": 8, "population_basis": "imputed_type_median", "longitude": 133.10673, "latitude": -23.07626, "risk_rating": "High", "fire_plan": "No", "firebreak": "No", "fuel_reduction": "No", "has_coverage": false, "coverage_status": "Outside predicted coverage", "nearest_tower_km": 53.9, "nearby_carriers": 0, "carrier_names": "None", "hazard_H": 1.0, "unreachability_U": 1.0, "exposure_E": 0.2779, "wbi_score": 65.3, "wbi_tier": "Critical", "wbi_rank": 11, "strict_blackspot": true}, "geometry": {"type": "Point", "coordinates": [133.10673, -23.07626]}}, {"type": "Feature", "properties": {"objectid": 853, "community_id": 853, "community_name": "Irrmarne", "community_aliases": "ERMARNE,OORRATIPPA", "community_type": "Family Outstation", "main_language": "Not recorded", "local_govt_council": "BARKLY", "land_council": "CENTRAL LAND COUNCIL", "ntg_region": "BARKLY", "bushtel_url": "https://bushtel.nt.gov.au/profile/853", "population_count": null, "population_used_in_index": 8, "population_basis": "imputed_type_median", "longitude": 136.39475, "latitude": -21.65405, "risk_rating": "High", "fire_plan": "No", "firebreak": "No", "fuel_reduction": "No", "has_coverage": false, "coverage_status": "Outside predicted coverage", "nearest_tower_km": 112.1, "nearby_carriers": 0, "carrier_names": "None", "hazard_H": 1.0, "unreachability_U": 1.0, "exposure_E": 0.2779, "wbi_score": 65.3, "wbi_tier": "Critical", "wbi_rank": 11, "strict_blackspot": true}, "geometry": {"type": "Point", "coordinates": [136.39475, -21.65405]}}, {"type": "Feature", "properties": {"objectid": 11623, "community_id": 11623, "community_name": "Cattle Creek", "community_aliases": "No aliases recorded with NTG DIPL", "community_type": "Family Outstation", "main_language": "Not recorded", "local_govt_council": "VICTORIA DALY", "land_council": "CENTRAL LAND COUNCIL", "ntg_region": "BIG RIVERS", "bushtel_url": "https://bushtel.nt.gov.au/profile/11623", "population_count": null, "population_used_in_index": 8, "population_basis": "imputed_type_median", "longitude": 131.545211, "latitude": -17.59747, "risk_rating": "High", "fire_plan": "No", "firebreak": "No", "fuel_reduction": "No", "has_coverage": false, "coverage_status": "Outside predicted coverage", "nearest_tower_km": 77.8, "nearby_carriers": 0, "carrier_names": "None", "hazard_H": 1.0, "unreachability_U": 1.0, "exposure_E": 0.2779, "wbi_score": 65.3, "wbi_tier": "Critical", "wbi_rank": 11, "strict_blackspot": true}, "geometry": {"type": "Point", "coordinates": [131.545211, -17.59747]}}, {"type": "Feature", "properties": {"objectid": 694, "community_id": 694, "community_name": "Mamadi", "community_aliases": "INVERWAY", "community_type": "Family Outstation", "main_language": "Not recorded", "local_govt_council": "VICTORIA DALY", "land_council": "CENTRAL LAND COUNCIL", "ntg_region": "BIG RIVERS", "bushtel_url": "https://bushtel.nt.gov.au/profile/694", "population_count": null, "population_used_in_index": 8, "population_basis": "imputed_type_median", "longitude": 129.63515, "latitude": -17.84951, "risk_rating": "High", "fire_plan": "No", "firebreak": "No", "fuel_reduction": "No", "has_coverage": false, "coverage_status": "Outside predicted coverage", "nearest_tower_km": 67.9, "nearby_carriers": 0, "carrier_names": "None", "hazard_H": 1.0, "unreachability_U": 1.0, "exposure_E": 0.2779, "wbi_score": 65.3, "wbi_tier": "Critical", "wbi_rank": 11, "strict_blackspot": true}, "geometry": {"type": "Point", "coordinates": [129.63515, -17.84951]}}, {"type": "Feature", "properties": {"objectid": 690, "community_id": 690, "community_name": "Wangalinji", "community_aliases": "CLEAN SKIN,WANGGULINJ,WANGULINJI", "community_type": "Family Outstation", "main_language": "Not recorded", "local_govt_council": "BARKLY", "land_council": "NORTHERN LAND COUNCIL", "ntg_region": "BARKLY", "bushtel_url": "https://bushtel.nt.gov.au/profile/690", "population_count": null, "population_used_in_index": 8, "population_basis": "imputed_type_median", "longitude": 137.46692, "latitude": -18.39639, "risk_rating": "High", "fire_plan": "No", "firebreak": "No", "fuel_reduction": "No", "has_coverage": false, "coverage_status": "Outside predicted coverage", "nearest_tower_km": 116.9, "nearby_carriers": 0, "carrier_names": "None", "hazard_H": 1.0, "unreachability_U": 1.0, "exposure_E": 0.2779, "wbi_score": 65.3, "wbi_tier": "Critical", "wbi_rank": 11, "strict_blackspot": true}, "geometry": {"type": "Point", "coordinates": [137.46692, -18.39639]}}, {"type": "Feature", "properties": {"objectid": 820, "community_id": 820, "community_name": "Lija Mukumparla", "community_aliases": "LEIGHJA,LIJA,MUKUMPARLA,MUKUNPARLA,WOMBAYA", "community_type": "Family Outstation", "main_language": "Not recorded", "local_govt_council": "BARKLY", "land_council": "NORTHERN LAND COUNCIL", "ntg_region": "BARKLY", "bushtel_url": "https://bushtel.nt.gov.au/profile/820", "population_count": null, "population_used_in_index": 8, "population_basis": "imputed_type_median", "longitude": 135.08074, "latitude": -17.33208, "risk_rating": "High", "fire_plan": "No", "firebreak": "No", "fuel_reduction": "No", "has_coverage": false, "coverage_status": "Outside predicted coverage", "nearest_tower_km": 99.6, "nearby_carriers": 0, "carrier_names": "None", "hazard_H": 1.0, "unreachability_U": 1.0, "exposure_E": 0.2779, "wbi_score": 65.3, "wbi_tier": "Critical", "wbi_rank": 11, "strict_blackspot": true}, "geometry": {"type": "Point", "coordinates": [135.08074, -17.33208]}}, {"type": "Feature", "properties": {"objectid": 979, "community_id": 979, "community_name": "Adbanae", "community_aliases": "TREPANG BAY", "community_type": "Family Outstation", "main_language": "Not recorded", "local_govt_council": "WEST ARNHEM", "land_council": "NORTHERN LAND COUNCIL", "ntg_region": "TOP END", "bushtel_url": "https://bushtel.nt.gov.au/profile/979", "population_count": null, "population_used_in_index": 8, "population_basis": "imputed_type_median", "longitude": 131.97531, "latitude": -11.24167, "risk_rating": "High", "fire_plan": "No", "firebreak": "No", "fuel_reduction": "No", "has_coverage": false, "coverage_status": "Outside predicted coverage", "nearest_tower_km": 66.1, "nearby_carriers": 0, "carrier_names": "None", "hazard_H": 1.0, "unreachability_U": 1.0, "exposure_E": 0.2779, "wbi_score": 65.3, "wbi_tier": "Critical", "wbi_rank": 11, "strict_blackspot": true}, "geometry": {"type": "Point", "coordinates": [131.97531, -11.24167]}}, {"type": "Feature", "properties": {"objectid": 385, "community_id": 385, "community_name": "Wauk", "community_aliases": "ARRDUKBUKBUN,MUNGULGAN,MURGENELLA", "community_type": "Family Outstation", "main_language": "Not recorded", "local_govt_council": "WEST ARNHEM", "land_council": "NORTHERN LAND COUNCIL", "ntg_region": "TOP END", "bushtel_url": "https://bushtel.nt.gov.au/profile/385", "population_count": null, "population_used_in_index": 8, "population_basis": "imputed_type_median", "longitude": 132.925014, "latitude": -11.548625, "risk_rating": "High", "fire_plan": "No", "firebreak": "No", "fuel_reduction": "No", "has_coverage": false, "coverage_status": "Outside predicted coverage", "nearest_tower_km": 51.3, "nearby_carriers": 0, "carrier_names": "None", "hazard_H": 1.0, "unreachability_U": 1.0, "exposure_E": 0.2779, "wbi_score": 65.3, "wbi_tier": "Critical", "wbi_rank": 11, "strict_blackspot": true}, "geometry": {"type": "Point", "coordinates": [132.925014, -11.548625]}}, {"type": "Feature", "properties": {"objectid": 618, "community_id": 618, "community_name": "Maria Lagoon", "community_aliases": "NUMULTJA,ST VIDGEONS' STATION", "community_type": "Family Outstation", "main_language": "Not recorded", "local_govt_council": "ROPER GULF", "land_council": "NORTHERN LAND COUNCIL", "ntg_region": "BIG RIVERS", "bushtel_url": "https://bushtel.nt.gov.au/profile/618", "population_count": null, "population_used_in_index": 8, "population_basis": "imputed_type_median", "longitude": 135.44463, "latitude": -15.29989, "risk_rating": "High", "fire_plan": "No", "firebreak": "No", "fuel_reduction": "No", "has_coverage": false, "coverage_status": "Outside predicted coverage", "nearest_tower_km": 99.0, "nearby_carriers": 0, "carrier_names": "None", "hazard_H": 1.0, "unreachability_U": 1.0, "exposure_E": 0.2779, "wbi_score": 65.3, "wbi_tier": "Critical", "wbi_rank": 11, "strict_blackspot": true}, "geometry": {"type": "Point", "coordinates": [135.44463, -15.29989]}}, {"type": "Feature", "properties": {"objectid": 546, "community_id": 546, "community_name": "Ngilipitji", "community_aliases": "NGULIPITJI", "community_type": "Family Outstation", "main_language": "Not recorded", "local_govt_council": "EAST ARNHEM", "land_council": "NORTHERN LAND COUNCIL", "ntg_region": "EAST ARNHEM", "bushtel_url": "https://bushtel.nt.gov.au/profile/546", "population_count": null, "population_used_in_index": 8, "population_basis": "imputed_type_median", "longitude": 135.52562, "latitude": -13.54468, "risk_rating": "High", "fire_plan": "No", "firebreak": "No", "fuel_reduction": "No", "has_coverage": false, "coverage_status": "Outside predicted coverage", "nearest_tower_km": 73.1, "nearby_carriers": 0, "carrier_names": "None", "hazard_H": 1.0, "unreachability_U": 1.0, "exposure_E": 0.2779, "wbi_score": 65.3, "wbi_tier": "Critical", "wbi_rank": 11, "strict_blackspot": true}, "geometry": {"type": "Point", "coordinates": [135.52562, -13.54468]}}, {"type": "Feature", "properties": {"objectid": 961, "community_id": 961, "community_name": "Imperrenth", "community_aliases": "ELKEDRA", "community_type": "Family Outstation", "main_language": "Not recorded", "local_govt_council": "BARKLY", "land_council": "CENTRAL LAND COUNCIL", "ntg_region": "BARKLY", "bushtel_url": "https://bushtel.nt.gov.au/profile/961", "population_count": null, "population_used_in_index": 8, "population_basis": "imputed_type_median", "longitude": 134.96858, "latitude": -21.21086, "risk_rating": "High", "fire_plan": "No", "firebreak": "No", "fuel_reduction": "No", "has_coverage": false, "coverage_status": "Outside predicted coverage", "nearest_tower_km": 49.8, "nearby_carriers": 0, "carrier_names": "None", "hazard_H": 1.0, "unreachability_U": 0.9987, "exposure_E": 0.2779, "wbi_score": 65.2, "wbi_tier": "Critical", "wbi_rank": 36, "strict_blackspot": true}, "geometry": {"type": "Point", "coordinates": [134.96858, -21.21086]}}, {"type": "Feature", "properties": {"objectid": 846, "community_id": 846, "community_name": "Charlotte Waters", "community_aliases": "No aliases recorded with NTG DIPL", "community_type": "Family Outstation", "main_language": "Not recorded", "local_govt_council": "MACDONNELL", "land_council": "CENTRAL LAND COUNCIL", "ntg_region": "CENTRAL AUSTRALIA", "bushtel_url": "https://bushtel.nt.gov.au/profile/846", "population_count": null, "population_used_in_index": 8, "population_basis": "imputed_type_median", "longitude": 134.89274, "latitude": -25.91424, "risk_rating": "High", "fire_plan": "No", "firebreak": "No", "fuel_reduction": "No", "has_coverage": false, "coverage_status": "Outside predicted coverage", "nearest_tower_km": 48.6, "nearby_carriers": 0, "carrier_names": "None", "hazard_H": 1.0, "unreachability_U": 0.9907, "exposure_E": 0.2779, "wbi_score": 65.1, "wbi_tier": "Critical", "wbi_rank": 37, "strict_blackspot": true}, "geometry": {"type": "Point", "coordinates": [134.89274, -25.91424]}}, {"type": "Feature", "properties": {"objectid": 610, "community_id": 610, "community_name": "Liku", "community_aliases": "BOONEROO,BOONEROO WAVE HILL", "community_type": "Family Outstation", "main_language": "Not recorded", "local_govt_council": "VICTORIA DALY", "land_council": "CENTRAL LAND COUNCIL", "ntg_region": "BIG RIVERS", "bushtel_url": "https://bushtel.nt.gov.au/profile/610", "population_count": null, "population_used_in_index": 8, "population_basis": "imputed_type_median", "longitude": 130.50429, "latitude": -17.91141, "risk_rating": "High", "fire_plan": "No", "firebreak": "No", "fuel_reduction": "No", "has_coverage": false, "coverage_status": "Outside predicted coverage", "nearest_tower_km": 48.7, "nearby_carriers": 0, "carrier_names": "None", "hazard_H": 1.0, "unreachability_U": 0.9913, "exposure_E": 0.2779, "wbi_score": 65.1, "wbi_tier": "Critical", "wbi_rank": 37, "strict_blackspot": true}, "geometry": {"type": "Point", "coordinates": [130.50429, -17.91141]}}, {"type": "Feature", "properties": {"objectid": 125, "community_id": 125, "community_name": "Nguman", "community_aliases": "NEUMAN,NEUNMAN,NGUNMAN,NUGLUMAN", "community_type": "Family Outstation", "main_language": "Not recorded", "local_govt_council": "MACDONNELL", "land_council": "CENTRAL LAND COUNCIL", "ntg_region": "CENTRAL AUSTRALIA", "bushtel_url": "https://bushtel.nt.gov.au/profile/125", "population_count": null, "population_used_in_index": 8, "population_basis": "imputed_type_median", "longitude": 129.75694, "latitude": -23.54219, "risk_rating": "High", "fire_plan": "No", "firebreak": "No", "fuel_reduction": "No", "has_coverage": false, "coverage_status": "Outside predicted coverage", "nearest_tower_km": 48.2, "nearby_carriers": 0, "carrier_names": "None", "hazard_H": 1.0, "unreachability_U": 0.988, "exposure_E": 0.2779, "wbi_score": 65.0, "wbi_tier": "Critical", "wbi_rank": 39, "strict_blackspot": true}, "geometry": {"type": "Point", "coordinates": [129.75694, -23.54219]}}, {"type": "Feature", "properties": {"objectid": 19471, "community_id": 19471, "community_name": "Warby", "community_aliases": "No aliases recorded with NTG DIPL", "community_type": "Family Outstation", "main_language": "Not recorded", "local_govt_council": "ROPER GULF", "land_council": "NORTHERN LAND COUNCIL", "ntg_region": "BIG RIVERS", "bushtel_url": "https://bushtel.nt.gov.au/profile/19471", "population_count": null, "population_used_in_index": 8, "population_basis": "imputed_type_median", "longitude": 136.7344, "latitude": -16.1531, "risk_rating": "High", "fire_plan": "No", "firebreak": "No", "fuel_reduction": "No", "has_coverage": false, "coverage_status": "Outside predicted coverage", "nearest_tower_km": 47.1, "nearby_carriers": 0, "carrier_names": "None", "hazard_H": 1.0, "unreachability_U": 0.9807, "exposure_E": 0.2779, "wbi_score": 64.8, "wbi_tier": "Critical", "wbi_rank": 40, "strict_blackspot": true}, "geometry": {"type": "Point", "coordinates": [136.7344, -16.1531]}}, {"type": "Feature", "properties": {"objectid": 779, "community_id": 779, "community_name": "Chuluk", "community_aliases": "CHILLUK,CHILUK,DJILUK", "community_type": "Family Outstation", "main_language": "Not recorded", "local_govt_council": "WEST DALY", "land_council": "NORTHERN LAND COUNCIL", "ntg_region": "TOP END", "bushtel_url": "https://bushtel.nt.gov.au/profile/779", "population_count": null, "population_used_in_index": 8, "population_basis": "imputed_type_median", "longitude": 130.26778, "latitude": -13.665, "risk_rating": "High", "fire_plan": "No", "firebreak": "No", "fuel_reduction": "No", "has_coverage": false, "coverage_status": "Outside predicted coverage", "nearest_tower_km": 46.5, "nearby_carriers": 0, "carrier_names": "None", "hazard_H": 1.0, "unreachability_U": 0.9767, "exposure_E": 0.2779, "wbi_score": 64.7, "wbi_tier": "Critical", "wbi_rank": 41, "strict_blackspot": true}, "geometry": {"type": "Point", "coordinates": [130.26778, -13.665]}}, {"type": "Feature", "properties": {"objectid": 119, "community_id": 119, "community_name": "Wanarkula", "community_aliases": "MULGA PARK,MULGA PARK STATION,ROCKET BORE", "community_type": "Family Outstation", "main_language": "Not recorded", "local_govt_council": "MACDONNELL", "land_council": "CENTRAL LAND COUNCIL", "ntg_region": "CENTRAL AUSTRALIA", "bushtel_url": "https://bushtel.nt.gov.au/profile/119", "population_count": null, "population_used_in_index": 8, "population_basis": "imputed_type_median", "longitude": 131.58803, "latitude": -25.99663, "risk_rating": "High", "fire_plan": "No", "firebreak": "No", "fuel_reduction": "No", "has_coverage": false, "coverage_status": "Outside predicted coverage", "nearest_tower_km": 46.4, "nearby_carriers": 0, "carrier_names": "None", "hazard_H": 1.0, "unreachability_U": 0.976, "exposure_E": 0.2779, "wbi_score": 64.7, "wbi_tier": "Critical", "wbi_rank": 41, "strict_blackspot": true}, "geometry": {"type": "Point", "coordinates": [131.58803, -25.99663]}}, {"type": "Feature", "properties": {"objectid": 685, "community_id": 685, "community_name": "Flicks Hole", "community_aliases": "FLICKS WATERHOLE,WUNOORILL ASSOC", "community_type": "Family Outstation", "main_language": "Not recorded", "local_govt_council": "ROPER GULF", "land_council": "NORTHERN LAND COUNCIL", "ntg_region": "BIG RIVERS", "bushtel_url": "https://bushtel.nt.gov.au/profile/685", "population_count": null, "population_used_in_index": 8, "population_basis": "imputed_type_median", "longitude": 134.09331, "latitude": -15.61606, "risk_rating": "High", "fire_plan": "No", "firebreak": "No", "fuel_reduction": "No", "has_coverage": false, "coverage_status": "Outside predicted coverage", "nearest_tower_km": 44.0, "nearby_carriers": 0, "carrier_names": "None", "hazard_H": 1.0, "unreachability_U": 0.96, "exposure_E": 0.2779, "wbi_score": 64.4, "wbi_tier": "Critical", "wbi_rank": 43, "strict_blackspot": true}, "geometry": {"type": "Point", "coordinates": [134.09331, -15.61606]}}, {"type": "Feature", "properties": {"objectid": 63, "community_id": 63, "community_name": "Irrultja", "community_aliases": "IRRWELTY,ITTWELTYE", "community_type": "Minor", "main_language": "Not recorded", "local_govt_council": "BARKLY", "land_council": "CENTRAL LAND COUNCIL", "ntg_region": "BARKLY", "bushtel_url": "https://bushtel.nt.gov.au/profile/63", "population_count": 45, "population_used_in_index": 45, "population_basis": "risk_dataset", "longitude": 135.11128, "latitude": -21.97997, "risk_rating": "Moderate", "fire_plan": "No", "firebreak": "Yes", "fuel_reduction": "Yes", "has_coverage": false, "coverage_status": "Outside predicted coverage", "nearest_tower_km": 36.6, "nearby_carriers": 0, "carrier_names": "None", "hazard_H": 0.6, "unreachability_U": 0.9107, "exposure_E": 0.4843, "wbi_score": 64.2, "wbi_tier": "Critical", "wbi_rank": 44, "strict_blackspot": false}, "geometry": {"type": "Point", "coordinates": [135.11128, -21.97997]}}, {"type": "Feature", "properties": {"objectid": 737, "community_id": 737, "community_name": "Illeuwurru", "community_aliases": "ILLURAHARRA", "community_type": "Family Outstation", "main_language": "Not recorded", "local_govt_council": "BARKLY", "land_council": "CENTRAL LAND COUNCIL", "ntg_region": "BARKLY", "bushtel_url": "https://bushtel.nt.gov.au/profile/737", "population_count": null, "population_used_in_index": 8, "population_basis": "imputed_type_median", "longitude": 134.39411, "latitude": -21.60913, "risk_rating": "High", "fire_plan": "No", "firebreak": "No", "fuel_reduction": "No", "has_coverage": false, "coverage_status": "Outside predicted coverage", "nearest_tower_km": 42.6, "nearby_carriers": 0, "carrier_names": "None", "hazard_H": 1.0, "unreachability_U": 0.9507, "exposure_E": 0.2779, "wbi_score": 64.2, "wbi_tier": "Critical", "wbi_rank": 44, "strict_blackspot": true}, "geometry": {"type": "Point", "coordinates": [134.39411, -21.60913]}}, {"type": "Feature", "properties": {"objectid": 565, "community_id": 565, "community_name": "Wurrumenbumanja", "community_aliases": "LESKE POOLS,LESKIE POOLS,WURRUMENBUMANDJA,WURRUMENBUMANTJA", "community_type": "Family Outstation", "main_language": "Not recorded", "local_govt_council": "EAST ARNHEM", "land_council": "ANINDILYAKWA LAND COUNCIL", "ntg_region": "EAST ARNHEM", "bushtel_url": "https://bushtel.nt.gov.au/profile/565", "population_count": 20, "population_used_in_index": 20, "population_basis": "bushtel", "longitude": 136.515569, "latitude": -14.137792, "risk_rating": "High", "fire_plan": "No", "firebreak": "No", "fuel_reduction": "No", "has_coverage": false, "coverage_status": "Outside predicted coverage", "nearest_tower_km": 19.1, "nearby_carriers": 1, "carrier_names": "Telstra", "hazard_H": 1.0, "unreachability_U": 0.6829, "exposure_E": 0.3851, "wbi_score": 64.1, "wbi_tier": "Critical", "wbi_rank": 46, "strict_blackspot": false}, "geometry": {"type": "Point", "coordinates": [136.515569, -14.137792]}}, {"type": "Feature", "properties": {"objectid": 702, "community_id": 702, "community_name": "Mt Maiyo", "community_aliases": "MULLUYA", "community_type": "Family Outstation", "main_language": "Not recorded", "local_govt_council": "VICTORIA DALY", "land_council": "CENTRAL LAND COUNCIL", "ntg_region": "BIG RIVERS", "bushtel_url": "https://bushtel.nt.gov.au/profile/702", "population_count": null, "population_used_in_index": 8, "population_basis": "imputed_type_median", "longitude": 129.39755, "latitude": -17.69491, "risk_rating": "High", "fire_plan": "No", "firebreak": "No", "fuel_reduction": "No", "has_coverage": false, "coverage_status": "Outside predicted coverage", "nearest_tower_km": 41.6, "nearby_carriers": 0, "carrier_names": "None", "hazard_H": 1.0, "unreachability_U": 0.944, "exposure_E": 0.2779, "wbi_score": 64.0, "wbi_tier": "Critical", "wbi_rank": 47, "strict_blackspot": true}, "geometry": {"type": "Point", "coordinates": [129.39755, -17.69491]}}, {"type": "Feature", "properties": {"objectid": 764, "community_id": 764, "community_name": "Muyin", "community_aliases": "MOYEN,MUYINNGA", "community_type": "Family Outstation", "main_language": "Not recorded", "local_govt_council": "MACDONNELL", "land_council": "CENTRAL LAND COUNCIL", "ntg_region": "CENTRAL AUSTRALIA", "bushtel_url": "https://bushtel.nt.gov.au/profile/764", "population_count": null, "population_used_in_index": 8, "population_basis": "imputed_type_median", "longitude": 129.00489, "latitude": -23.15972, "risk_rating": "High", "fire_plan": "No", "firebreak": "No", "fuel_reduction": "No", "has_coverage": false, "coverage_status": "Outside predicted coverage", "nearest_tower_km": 41.0, "nearby_carriers": 0, "carrier_names": "None", "hazard_H": 1.0, "unreachability_U": 0.94, "exposure_E": 0.2779, "wbi_score": 63.9, "wbi_tier": "Critical", "wbi_rank": 48, "strict_blackspot": true}, "geometry": {"type": "Point", "coordinates": [129.00489, -23.15972]}}, {"type": "Feature", "properties": {"objectid": 396, "community_id": 396, "community_name": "Nadirri", "community_aliases": "NARDIDI,NARDIRRI", "community_type": "Family Outstation", "main_language": "Not recorded", "local_govt_council": "WEST DALY", "land_council": "NORTHERN LAND COUNCIL", "ntg_region": "TOP END", "bushtel_url": "https://bushtel.nt.gov.au/profile/396", "population_count": null, "population_used_in_index": 8, "population_basis": "imputed_type_median", "longitude": 129.76657, "latitude": -13.95376, "risk_rating": "High", "fire_plan": "No", "firebreak": "No", "fuel_reduction": "No", "has_coverage": false, "coverage_status": "Outside predicted coverage", "nearest_tower_km": 40.8, "nearby_carriers": 0, "carrier_names": "None", "hazard_H": 1.0, "unreachability_U": 0.9387, "exposure_E": 0.2779, "wbi_score": 63.9, "wbi_tier": "Critical", "wbi_rank": 48, "strict_blackspot": true}, "geometry": {"type": "Point", "coordinates": [129.76657, -13.95376]}}, {"type": "Feature", "properties": {"objectid": 944, "community_id": 944, "community_name": "Burta Wurta", "community_aliases": "BARDU WARDU,BIRDIWATER", "community_type": "Family Outstation", "main_language": "Not recorded", "local_govt_council": "VICTORIA DALY", "land_council": "CENTRAL LAND COUNCIL", "ntg_region": "BIG RIVERS", "bushtel_url": "https://bushtel.nt.gov.au/profile/944", "population_count": null, "population_used_in_index": 8, "population_basis": "imputed_type_median", "longitude": 130.475916, "latitude": -17.535972, "risk_rating": "High", "fire_plan": "No", "firebreak": "No", "fuel_reduction": "No", "has_coverage": false, "coverage_status": "Outside predicted coverage", "nearest_tower_km": 39.0, "nearby_carriers": 0, "carrier_names": "None", "hazard_H": 1.0, "unreachability_U": 0.9267, "exposure_E": 0.2779, "wbi_score": 63.6, "wbi_tier": "Critical", "wbi_rank": 50, "strict_blackspot": true}, "geometry": {"type": "Point", "coordinates": [130.475916, -17.535972]}}, {"type": "Feature", "properties": {"objectid": 20926, "community_id": 20926, "community_name": "Impadna", "community_aliases": "No aliases recorded with NTG DIPL", "community_type": "Family Outstation", "main_language": "Not recorded", "local_govt_council": "MACDONNELL", "land_council": "CENTRAL LAND COUNCIL", "ntg_region": "CENTRAL AUSTRALIA", "bushtel_url": "https://bushtel.nt.gov.au/profile/20926", "population_count": null, "population_used_in_index": 8, "population_basis": "imputed_type_median", "longitude": 133.56947, "latitude": -25.15452, "risk_rating": "High", "fire_plan": "No", "firebreak": "No", "fuel_reduction": "No", "has_coverage": false, "coverage_status": "Outside predicted coverage", "nearest_tower_km": 37.3, "nearby_carriers": 0, "carrier_names": "None", "hazard_H": 1.0, "unreachability_U": 0.9153, "exposure_E": 0.2779, "wbi_score": 63.4, "wbi_tier": "Critical", "wbi_rank": 51, "strict_blackspot": true}, "geometry": {"type": "Point", "coordinates": [133.56947, -25.15452]}}, {"type": "Feature", "properties": {"objectid": 837, "community_id": 837, "community_name": "Sabina", "community_aliases": "MUDJALINDI", "community_type": "Family Outstation", "main_language": "Not recorded", "local_govt_council": "WEST DALY", "land_council": "NORTHERN LAND COUNCIL", "ntg_region": "TOP END", "bushtel_url": "https://bushtel.nt.gov.au/profile/837", "population_count": null, "population_used_in_index": 8, "population_basis": "imputed_type_median", "longitude": 129.93195, "latitude": -13.8603, "risk_rating": "High", "fire_plan": "No", "firebreak": "No", "fuel_reduction": "No", "has_coverage": false, "coverage_status": "Outside predicted coverage", "nearest_tower_km": 36.7, "nearby_carriers": 0, "carrier_names": "None", "hazard_H": 1.0, "unreachability_U": 0.9113, "exposure_E": 0.2779, "wbi_score": 63.3, "wbi_tier": "Critical", "wbi_rank": 52, "strict_blackspot": true}, "geometry": {"type": "Point", "coordinates": [129.93195, -13.8603]}}, {"type": "Feature", "properties": {"objectid": 541, "community_id": 541, "community_name": "Naliyindi", "community_aliases": "NALIYINJI,NALYINDI,NAYAWILI,NGLIYINDI", "community_type": "Family Outstation", "main_language": "Not recorded", "local_govt_council": "EAST ARNHEM", "land_council": "NORTHERN LAND COUNCIL", "ntg_region": "EAST ARNHEM", "bushtel_url": "https://bushtel.nt.gov.au/profile/541", "population_count": null, "population_used_in_index": 8, "population_basis": "imputed_type_median", "longitude": 135.178625, "latitude": -12.541958, "risk_rating": "High", "fire_plan": "No", "firebreak": "No", "fuel_reduction": "No", "has_coverage": false, "coverage_status": "Outside predicted coverage", "nearest_tower_km": 36.3, "nearby_carriers": 0, "carrier_names": "None", "hazard_H": 1.0, "unreachability_U": 0.9087, "exposure_E": 0.2779, "wbi_score": 63.2, "wbi_tier": "Critical", "wbi_rank": 53, "strict_blackspot": true}, "geometry": {"type": "Point", "coordinates": [135.178625, -12.541958]}}, {"type": "Feature", "properties": {"objectid": 196, "community_id": 196, "community_name": "Yuwalki", "community_aliases": "MT. DAVID BORE,UALKI,YUALTJI", "community_type": "Family Outstation", "main_language": "Not recorded", "local_govt_council": "MACDONNELL", "land_council": "CENTRAL LAND COUNCIL", "ntg_region": "CENTRAL AUSTRALIA", "bushtel_url": "https://bushtel.nt.gov.au/profile/196", "population_count": null, "population_used_in_index": 8, "population_basis": "imputed_type_median", "longitude": 129.53922, "latitude": -23.56347, "risk_rating": "High", "fire_plan": "No", "firebreak": "No", "fuel_reduction": "No", "has_coverage": false, "coverage_status": "Outside predicted coverage", "nearest_tower_km": 35.8, "nearby_carriers": 0, "carrier_names": "None", "hazard_H": 1.0, "unreachability_U": 0.9053, "exposure_E": 0.2779, "wbi_score": 63.1, "wbi_tier": "Critical", "wbi_rank": 54, "strict_blackspot": true}, "geometry": {"type": "Point", "coordinates": [129.53922, -23.56347]}}, {"type": "Feature", "properties": {"objectid": 250, "community_id": 250, "community_name": "Imangara", "community_aliases": "IMANGARA MUNGARAI,IMANGARRA,MURRAY DOWNS,MURRY DOWNS", "community_type": "Minor", "main_language": "Alyawarr", "local_govt_council": "BARKLY", "land_council": "CENTRAL LAND COUNCIL", "ntg_region": "BARKLY", "bushtel_url": "https://bushtel.nt.gov.au/profile/250", "population_count": 81, "population_used_in_index": 81, "population_basis": "risk_dataset", "longitude": 134.68117, "latitude": -21.04961, "risk_rating": "Moderate", "fire_plan": "No", "firebreak": "Yes", "fuel_reduction": "Yes", "has_coverage": false, "coverage_status": "Outside predicted coverage", "nearest_tower_km": 28.9, "nearby_carriers": 1, "carrier_names": "Telstra", "hazard_H": 0.6, "unreachability_U": 0.7482, "exposure_E": 0.5574, "wbi_score": 63.0, "wbi_tier": "Critical", "wbi_rank": 55, "strict_blackspot": false}, "geometry": {"type": "Point", "coordinates": [134.68117, -21.04961]}}, {"type": "Feature", "properties": {"objectid": 843, "community_id": 843, "community_name": "Bloodwood Bore", "community_aliases": "No aliases recorded with NTG DIPL", "community_type": "Family Outstation", "main_language": "Not recorded", "local_govt_council": "MACDONNELL", "land_council": "CENTRAL LAND COUNCIL", "ntg_region": "CENTRAL AUSTRALIA", "bushtel_url": "https://bushtel.nt.gov.au/profile/843", "population_count": null, "population_used_in_index": 8, "population_basis": "imputed_type_median", "longitude": 134.2883, "latitude": -25.76764, "risk_rating": "High", "fire_plan": "No", "firebreak": "No", "fuel_reduction": "No", "has_coverage": false, "coverage_status": "Outside predicted coverage", "nearest_tower_km": 35.0, "nearby_carriers": 0, "carrier_names": "None", "hazard_H": 1.0, "unreachability_U": 0.9, "exposure_E": 0.2779, "wbi_score": 63.0, "wbi_tier": "Critical", "wbi_rank": 55, "strict_blackspot": true}, "geometry": {"type": "Point", "coordinates": [134.2883, -25.76764]}}, {"type": "Feature", "properties": {"objectid": 901, "community_id": 901, "community_name": "Connells Lagoon", "community_aliases": "No aliases recorded with NTG DIPL", "community_type": "Family Outstation", "main_language": "Not recorded", "local_govt_council": "BARKLY", "land_council": "NORTHERN LAND COUNCIL", "ntg_region": "BARKLY", "bushtel_url": "https://bushtel.nt.gov.au/profile/901", "population_count": 6, "population_used_in_index": 6, "population_basis": "risk_dataset", "longitude": 136.54802, "latitude": -18.89143, "risk_rating": "High", "fire_plan": "No", "firebreak": "No", "fuel_reduction": "No", "has_coverage": false, "coverage_status": "Outside predicted coverage", "nearest_tower_km": 93.3, "nearby_carriers": 0, "carrier_names": "None", "hazard_H": 1.0, "unreachability_U": 1.0, "exposure_E": 0.2461, "wbi_score": 62.7, "wbi_tier": "Critical", "wbi_rank": 57, "strict_blackspot": true}, "geometry": {"type": "Point", "coordinates": [136.54802, -18.89143]}}, {"type": "Feature", "properties": {"objectid": 600, "community_id": 600, "community_name": "Hodgson River Station", "community_aliases": "STATION HOMESTEAD", "community_type": "Minor", "main_language": "Not recorded", "local_govt_council": "ROPER GULF", "land_council": "NORTHERN LAND COUNCIL", "ntg_region": "BIG RIVERS", "bushtel_url": "https://bushtel.nt.gov.au/profile/600", "population_count": null, "population_used_in_index": 78, "population_basis": "imputed_type_median", "longitude": 134.09553, "latitude": -15.47477, "risk_rating": "Moderate", "fire_plan": "No", "firebreak": "Yes", "fuel_reduction": "Yes", "has_coverage": false, "coverage_status": "Outside predicted coverage", "nearest_tower_km": 28.3, "nearby_carriers": 1, "carrier_names": "Telstra", "hazard_H": 0.6, "unreachability_U": 0.7442, "exposure_E": 0.5527, "wbi_score": 62.7, "wbi_tier": "Critical", "wbi_rank": 57, "strict_blackspot": false}, "geometry": {"type": "Point", "coordinates": [134.09553, -15.47477]}}, {"type": "Feature", "properties": {"objectid": 23, "community_id": 23, "community_name": "Atnwengerrpe", "community_aliases": "AMMAROO,ATNUNGURRPA,ATNWENGERRP,QUART POT,QUART POTS", "community_type": "Family Outstation", "main_language": "Not recorded", "local_govt_council": "BARKLY", "land_council": "CENTRAL LAND COUNCIL", "ntg_region": "BARKLY", "bushtel_url": "https://bushtel.nt.gov.au/profile/23", "population_count": 60, "population_used_in_index": 60, "population_basis": "risk_dataset", "longitude": 134.99411, "latitude": -21.86956, "risk_rating": "Moderate", "fire_plan": "No", "firebreak": "Yes", "fuel_reduction": "Yes", "has_coverage": false, "coverage_status": "Outside predicted coverage", "nearest_tower_km": 33.0, "nearby_carriers": 1, "carrier_names": "Telstra", "hazard_H": 0.6, "unreachability_U": 0.7756, "exposure_E": 0.52, "wbi_score": 62.3, "wbi_tier": "Critical", "wbi_rank": 59, "strict_blackspot": false}, "geometry": {"type": "Point", "coordinates": [134.99411, -21.86956]}}, {"type": "Feature", "properties": {"objectid": 473, "community_id": 473, "community_name": "Dhalinybuy", "community_aliases": "DHALINGBOY", "community_type": "Minor", "main_language": "Not recorded", "local_govt_council": "EAST ARNHEM", "land_council": "NORTHERN LAND COUNCIL", "ntg_region": "EAST ARNHEM", "bushtel_url": "https://bushtel.nt.gov.au/profile/473", "population_count": 80, "population_used_in_index": 80, "population_basis": "risk_dataset", "longitude": 136.3878, "latitude": -12.4125, "risk_rating": "Moderate", "fire_plan": "No", "firebreak": "Yes", "fuel_reduction": "Yes", "has_coverage": false, "coverage_status": "Outside predicted coverage", "nearest_tower_km": 25.4, "nearby_carriers": 1, "carrier_names": "Telstra", "hazard_H": 0.6, "unreachability_U": 0.7249, "exposure_E": 0.5559, "wbi_score": 62.3, "wbi_tier": "Critical", "wbi_rank": 59, "strict_blackspot": false}, "geometry": {"type": "Point", "coordinates": [136.3878, -12.4125]}}, {"type": "Feature", "properties": {"objectid": 182, "community_id": 182, "community_name": "Welere", "community_aliases": "DERRY DOWNS,PERETY", "community_type": "Family Outstation", "main_language": "Not recorded", "local_govt_council": "BARKLY", "land_council": "CENTRAL LAND COUNCIL", "ntg_region": "BARKLY", "bushtel_url": "https://bushtel.nt.gov.au/profile/182", "population_count": 6, "population_used_in_index": 6, "population_basis": "bushtel", "longitude": 135.19169, "latitude": -22.02194, "risk_rating": "High", "fire_plan": "No", "firebreak": "No", "fuel_reduction": "No", "has_coverage": false, "coverage_status": "Outside predicted coverage", "nearest_tower_km": 41.0, "nearby_carriers": 0, "carrier_names": "None", "hazard_H": 1.0, "unreachability_U": 0.94, "exposure_E": 0.2461, "wbi_score": 61.4, "wbi_tier": "Critical", "wbi_rank": 61, "strict_blackspot": true}, "geometry": {"type": "Point", "coordinates": [135.19169, -22.02194]}}, {"type": "Feature", "properties": {"objectid": 362, "community_id": 362, "community_name": "Maningrida", "community_aliases": "No aliases recorded with NTG DIPL", "community_type": "Major", "main_language": "Ndjebbena", "local_govt_council": "WEST ARNHEM", "land_council": "NORTHERN LAND COUNCIL", "ntg_region": "TOP END", "bushtel_url": "https://bushtel.nt.gov.au/profile/362", "population_count": 2712, "population_used_in_index": 2712, "population_basis": "risk_dataset", "longitude": 134.223625, "latitude": -12.050847, "risk_rating": "High", "fire_plan": "No", "firebreak": "Yes", "fuel_reduction": "Yes", "has_coverage": true, "coverage_status": "Inside predicted coverage", "nearest_tower_km": 0.9, "nearby_carriers": 1, "carrier_names": "Telstra", "hazard_H": 1.0, "unreachability_U": 0.2282, "exposure_E": 1.0, "wbi_score": 61.1, "wbi_tier": "Critical", "wbi_rank": 62, "strict_blackspot": false}, "geometry": {"type": "Point", "coordinates": [134.223625, -12.050847]}}, {"type": "Feature", "properties": {"objectid": 434, "community_id": 434, "community_name": "Woodycupaldiya", "community_aliases": "WOODE CUPILDIYA,WOODICUPILDYA,WOODYKAPILDIYA,WOODYKUPULDIYA,WUDIKAPILDIYEER", "community_type": "Minor", "main_language": "Not recorded", "local_govt_council": "WEST DALY", "land_council": "NORTHERN LAND COUNCIL", "ntg_region": "TOP END", "bushtel_url": "https://bushtel.nt.gov.au/profile/434", "population_count": 45, "population_used_in_index": 45, "population_basis": "risk_dataset", "longitude": 130.00115, "latitude": -13.85926, "risk_rating": "Moderate", "fire_plan": "No", "firebreak": "Yes", "fuel_reduction": "Yes", "has_coverage": false, "coverage_status": "Outside predicted coverage", "nearest_tower_km": 34.2, "nearby_carriers": 1, "carrier_names": "Telstra", "hazard_H": 0.6, "unreachability_U": 0.7836, "exposure_E": 0.4843, "wbi_score": 61.1, "wbi_tier": "Critical", "wbi_rank": 62, "strict_blackspot": false}, "geometry": {"type": "Point", "coordinates": [130.00115, -13.85926]}}, {"type": "Feature", "properties": {"objectid": 24996, "community_id": 24996, "community_name": "Lily Hole", "community_aliases": "LILY HOLE BORE,LILY ROCK HOLE", "community_type": "Family Outstation", "main_language": "Not recorded", "local_govt_council": "BARKLY", "land_council": "NORTHERN LAND COUNCIL", "ntg_region": "BARKLY", "bushtel_url": "https://bushtel.nt.gov.au/profile/24996", "population_count": 6, "population_used_in_index": 6, "population_basis": "bushtel", "longitude": 133.749567, "latitude": -17.247366, "risk_rating": "High", "fire_plan": "No", "firebreak": "Yes", "fuel_reduction": "No", "has_coverage": false, "coverage_status": "Outside predicted coverage", "nearest_tower_km": 38.6, "nearby_carriers": 0, "carrier_names": "None", "hazard_H": 1.0, "unreachability_U": 0.924, "exposure_E": 0.2461, "wbi_score": 61.0, "wbi_tier": "Critical", "wbi_rank": 64, "strict_blackspot": true}, "geometry": {"type": "Point", "coordinates": [133.749567, -17.247366]}}, {"type": "Feature", "properties": {"objectid": 102, "community_id": 102, "community_name": "Mbunghara", "community_aliases": "BUNGHARA,DASHWOOD,UMPANGARA,UMPANGARI", "community_type": "Family Outstation", "main_language": "Not recorded", "local_govt_council": "MACDONNELL", "land_council": "CENTRAL LAND COUNCIL", "ntg_region": "CENTRAL AUSTRALIA", "bushtel_url": "https://bushtel.nt.gov.au/profile/102", "population_count": 25, "population_used_in_index": 25, "population_basis": "risk_dataset", "longitude": 132.35891, "latitude": -23.29071, "risk_rating": "Moderate", "fire_plan": "No", "firebreak": "Yes", "fuel_reduction": "Yes", "has_coverage": false, "coverage_status": "Outside predicted coverage", "nearest_tower_km": 36.5, "nearby_carriers": 0, "carrier_names": "None", "hazard_H": 0.6, "unreachability_U": 0.91, "exposure_E": 0.4121, "wbi_score": 60.8, "wbi_tier": "Critical", "wbi_rank": 65, "strict_blackspot": false}, "geometry": {"type": "Point", "coordinates": [132.35891, -23.29071]}}, {"type": "Feature", "properties": {"objectid": 722, "community_id": 722, "community_name": "Kiana", "community_aliases": "No aliases recorded with NTG DIPL", "community_type": "Family Outstation", "main_language": "Not recorded", "local_govt_council": "ROPER GULF", "land_council": "NORTHERN LAND COUNCIL", "ntg_region": "BIG RIVERS", "bushtel_url": "https://bushtel.nt.gov.au/profile/722", "population_count": 18, "population_used_in_index": 18, "population_basis": "risk_dataset", "longitude": 136.18411, "latitude": -17.242361, "risk_rating": "Moderate", "fire_plan": "No", "firebreak": "Yes", "fuel_reduction": "Yes", "has_coverage": false, "coverage_status": "Outside predicted coverage", "nearest_tower_km": 78.9, "nearby_carriers": 0, "carrier_names": "None", "hazard_H": 0.6, "unreachability_U": 1.0, "exposure_E": 0.3724, "wbi_score": 60.7, "wbi_tier": "Critical", "wbi_rank": 66, "strict_blackspot": false}, "geometry": {"type": "Point", "coordinates": [136.18411, -17.242361]}}, {"type": "Feature", "properties": {"objectid": 426, "community_id": 426, "community_name": "Wadeye", "community_aliases": "PORT KEATS", "community_type": "Major", "main_language": "Murrinh Patha", "local_govt_council": "WEST DALY", "land_council": "NORTHERN LAND COUNCIL", "ntg_region": "TOP END", "bushtel_url": "https://bushtel.nt.gov.au/profile/426", "population_count": 2679, "population_used_in_index": 2679, "population_basis": "risk_dataset", "longitude": 129.5205, "latitude": -14.2404, "risk_rating": "High", "fire_plan": "No", "firebreak": "Yes", "fuel_reduction": "Yes", "has_coverage": true, "coverage_status": "Inside predicted coverage", "nearest_tower_km": 0.1, "nearby_carriers": 1, "carrier_names": "Telstra", "hazard_H": 1.0, "unreachability_U": 0.2229, "exposure_E": 0.9985, "wbi_score": 60.6, "wbi_tier": "Critical", "wbi_rank": 67, "strict_blackspot": false}, "geometry": {"type": "Point", "coordinates": [129.5205, -14.2404]}}, {"type": "Feature", "properties": {"objectid": 947, "community_id": 947, "community_name": "Kalpitapta", "community_aliases": "KALPITAPITA", "community_type": "Family Outstation", "main_language": "Not recorded", "local_govt_council": "BARKLY", "land_council": "CENTRAL LAND COUNCIL", "ntg_region": "BARKLY", "bushtel_url": "https://bushtel.nt.gov.au/profile/947", "population_count": 44, "population_used_in_index": 44, "population_basis": "risk_dataset", "longitude": 135.35397, "latitude": -20.89936, "risk_rating": "Moderate", "fire_plan": "No", "firebreak": "No", "fuel_reduction": "No", "has_coverage": false, "coverage_status": "Outside predicted coverage", "nearest_tower_km": 31.2, "nearby_carriers": 1, "carrier_names": "Telstra", "hazard_H": 0.6, "unreachability_U": 0.7636, "exposure_E": 0.4815, "wbi_score": 60.4, "wbi_tier": "Critical", "wbi_rank": 68, "strict_blackspot": false}, "geometry": {"type": "Point", "coordinates": [135.35397, -20.89936]}}, {"type": "Feature", "properties": {"objectid": 726, "community_id": 726, "community_name": "Inkawenyerre", "community_aliases": "ANGAWANGERE,MORTONS,ROCKET RANGE", "community_type": "Family Outstation", "main_language": "Not recorded", "local_govt_council": "BARKLY", "land_council": "CENTRAL LAND COUNCIL", "ntg_region": "BARKLY", "bushtel_url": "https://bushtel.nt.gov.au/profile/726", "population_count": 43, "population_used_in_index": 43, "population_basis": "bushtel", "longitude": 134.84707, "latitude": -21.82016, "risk_rating": "Moderate", "fire_plan": "No", "firebreak": "Yes", "fuel_reduction": "Yes", "has_coverage": false, "coverage_status": "Outside predicted coverage", "nearest_tower_km": 30.5, "nearby_carriers": 1, "carrier_names": "Telstra", "hazard_H": 0.6, "unreachability_U": 0.7589, "exposure_E": 0.4787, "wbi_score": 60.2, "wbi_tier": "Critical", "wbi_rank": 69, "strict_blackspot": false}, "geometry": {"type": "Point", "coordinates": [134.84707, -21.82016]}}, {"type": "Feature", "properties": {"objectid": 719, "community_id": 719, "community_name": "Yederr", "community_aliases": "No aliases recorded with NTG DIPL", "community_type": "Family Outstation", "main_language": "Not recorded", "local_govt_council": "WEST DALY", "land_council": "NORTHERN LAND COUNCIL", "ntg_region": "TOP END", "bushtel_url": "https://bushtel.nt.gov.au/profile/719", "population_count": null, "population_used_in_index": 8, "population_basis": "imputed_type_median", "longitude": 129.72201, "latitude": -14.01965, "risk_rating": "High", "fire_plan": "No", "firebreak": "No", "fuel_reduction": "No", "has_coverage": false, "coverage_status": "Outside predicted coverage", "nearest_tower_km": 32.8, "nearby_carriers": 1, "carrier_names": "Telstra", "hazard_H": 1.0, "unreachability_U": 0.7742, "exposure_E": 0.2779, "wbi_score": 59.9, "wbi_tier": "High", "wbi_rank": 70, "strict_blackspot": false}, "geometry": {"type": "Point", "coordinates": [129.72201, -14.01965]}}, {"type": "Feature", "properties": {"objectid": 524, "community_id": 524, "community_name": "Mapuru", "community_aliases": "MAPARU,MAPURA,MARPARU", "community_type": "Minor", "main_language": "Not recorded", "local_govt_council": "EAST ARNHEM", "land_council": "NORTHERN LAND COUNCIL", "ntg_region": "EAST ARNHEM", "bushtel_url": "https://bushtel.nt.gov.au/profile/524", "population_count": 43, "population_used_in_index": 43, "population_basis": "risk_dataset", "longitude": 135.43779, "latitude": -12.25318, "risk_rating": "Moderate", "fire_plan": "No", "firebreak": "Yes", "fuel_reduction": "Yes", "has_coverage": false, "coverage_status": "Outside predicted coverage", "nearest_tower_km": 28.9, "nearby_carriers": 1, "carrier_names": "Telstra", "hazard_H": 0.6, "unreachability_U": 0.7482, "exposure_E": 0.4787, "wbi_score": 59.9, "wbi_tier": "High", "wbi_rank": 70, "strict_blackspot": false}, "geometry": {"type": "Point", "coordinates": [135.43779, -12.25318]}}, {"type": "Feature", "properties": {"objectid": 602, "community_id": 602, "community_name": "Jowar", "community_aliases": "JOYAR,JUYAR,ROPER BAR", "community_type": "Family Outstation", "main_language": "Not recorded", "local_govt_council": "ROPER GULF", "land_council": "NORTHERN LAND COUNCIL", "ntg_region": "BIG RIVERS", "bushtel_url": "https://bushtel.nt.gov.au/profile/602", "population_count": null, "population_used_in_index": 8, "population_basis": "imputed_type_median", "longitude": 134.42881, "latitude": -14.72747, "risk_rating": "High", "fire_plan": "No", "firebreak": "No", "fuel_reduction": "No", "has_coverage": false, "coverage_status": "Outside predicted coverage", "nearest_tower_km": 32.7, "nearby_carriers": 1, "carrier_names": "Telstra", "hazard_H": 1.0, "unreachability_U": 0.7736, "exposure_E": 0.2779, "wbi_score": 59.9, "wbi_tier": "High", "wbi_rank": 70, "strict_blackspot": false}, "geometry": {"type": "Point", "coordinates": [134.42881, -14.72747]}}, {"type": "Feature", "properties": {"objectid": 585, "community_id": 585, "community_name": "Bubble Bubble", "community_aliases": "DHAMBERRAL,DJAMBORAL,DUMBARAL ASSOC,DUMBRAL,NEWRY STATION", "community_type": "Family Outstation", "main_language": "Not recorded", "local_govt_council": "VICTORIA DALY", "land_council": "NORTHERN LAND COUNCIL", "ntg_region": "BIG RIVERS", "bushtel_url": "https://bushtel.nt.gov.au/profile/585", "population_count": 10, "population_used_in_index": 10, "population_basis": "bushtel", "longitude": 129.31022, "latitude": -15.81036, "risk_rating": "High", "fire_plan": "No", "firebreak": "No", "fuel_reduction": "No", "has_coverage": false, "coverage_status": "Outside predicted coverage", "nearest_tower_km": 22.5, "nearby_carriers": 1, "carrier_names": "Optus", "hazard_H": 1.0, "unreachability_U": 0.7056, "exposure_E": 0.3033, "wbi_score": 59.8, "wbi_tier": "High", "wbi_rank": 73, "strict_blackspot": false}, "geometry": {"type": "Point", "coordinates": [129.31022, -15.81036]}}, {"type": "Feature", "properties": {"objectid": 16214, "community_id": 16214, "community_name": "Ngunarra", "community_aliases": "", "community_type": "Family Outstation", "main_language": "Not recorded", "local_govt_council": "Barkly Regional Council", "land_council": "Northern Land Council", "ntg_region": "Not recorded", "bushtel_url": "", "population_count": null, "population_used_in_index": 8, "population_basis": "imputed_type_median", "longitude": 135.9522, "latitude": -18.6408, "risk_rating": "High", "fire_plan": "No", "firebreak": "No", "fuel_reduction": "No", "has_coverage": false, "coverage_status": "Outside predicted coverage", "nearest_tower_km": 32.1, "nearby_carriers": 1, "carrier_names": "Telstra", "hazard_H": 1.0, "unreachability_U": 0.7696, "exposure_E": 0.2779, "wbi_score": 59.8, "wbi_tier": "High", "wbi_rank": 73, "strict_blackspot": false}, "geometry": {"type": "Point", "coordinates": [135.9522, -18.6408]}}, {"type": "Feature", "properties": {"objectid": 728, "community_id": 728, "community_name": "Camel Camp", "community_aliases": "No aliases recorded with NTG DIPL", "community_type": "Family Outstation", "main_language": "Not recorded", "local_govt_council": "BARKLY", "land_council": "CENTRAL LAND COUNCIL", "ntg_region": "BARKLY", "bushtel_url": "https://bushtel.nt.gov.au/profile/728", "population_count": 39, "population_used_in_index": 39, "population_basis": "bushtel", "longitude": 134.55242, "latitude": -22.27181, "risk_rating": "Moderate", "fire_plan": "No", "firebreak": "Yes", "fuel_reduction": "Yes", "has_coverage": false, "coverage_status": "Outside predicted coverage", "nearest_tower_km": 30.9, "nearby_carriers": 1, "carrier_names": "Telstra", "hazard_H": 0.6, "unreachability_U": 0.7616, "exposure_E": 0.4666, "wbi_score": 59.7, "wbi_tier": "High", "wbi_rank": 75, "strict_blackspot": false}, "geometry": {"type": "Point", "coordinates": [134.55242, -22.27181]}}, {"type": "Feature", "properties": {"objectid": 954, "community_id": 954, "community_name": "Dhulmulmiya", "community_aliases": "SPRING CAMP", "community_type": "Family Outstation", "main_language": "Not recorded", "local_govt_council": "EAST ARNHEM", "land_council": "NORTHERN LAND COUNCIL", "ntg_region": "EAST ARNHEM", "bushtel_url": "https://bushtel.nt.gov.au/profile/954", "population_count": null, "population_used_in_index": 8, "population_basis": "imputed_type_median", "longitude": 136.72533, "latitude": -12.52781, "risk_rating": "High", "fire_plan": "No", "firebreak": "No", "fuel_reduction": "No", "has_coverage": false, "coverage_status": "Outside predicted coverage", "nearest_tower_km": 30.8, "nearby_carriers": 1, "carrier_names": "Telstra", "hazard_H": 1.0, "unreachability_U": 0.7609, "exposure_E": 0.2779, "wbi_score": 59.6, "wbi_tier": "High", "wbi_rank": 76, "strict_blackspot": false}, "geometry": {"type": "Point", "coordinates": [136.72533, -12.52781]}}, {"type": "Feature", "properties": {"objectid": 635, "community_id": 635, "community_name": "Nummerloori", "community_aliases": "NAMALIWIRRI,NAMALURI", "community_type": "Family Outstation", "main_language": "Not recorded", "local_govt_council": "ROPER GULF", "land_council": "NORTHERN LAND COUNCIL", "ntg_region": "BIG RIVERS", "bushtel_url": "https://bushtel.nt.gov.au/profile/635", "population_count": null, "population_used_in_index": 8, "population_basis": "imputed_type_median", "longitude": 134.97727, "latitude": -14.59159, "risk_rating": "High", "fire_plan": "No", "firebreak": "No", "fuel_reduction": "No", "has_coverage": false, "coverage_status": "Outside predicted coverage", "nearest_tower_km": 30.7, "nearby_carriers": 1, "carrier_names": "Telstra", "hazard_H": 1.0, "unreachability_U": 0.7602, "exposure_E": 0.2779, "wbi_score": 59.6, "wbi_tier": "High", "wbi_rank": 76, "strict_blackspot": false}, "geometry": {"type": "Point", "coordinates": [134.97727, -14.59159]}}, {"type": "Feature", "properties": {"objectid": 267, "community_id": 267, "community_name": "Tjoungouri", "community_aliases": "RYANS BEND,TJUNGOURI,YUNGURIE", "community_type": "Family Outstation", "main_language": "Not recorded", "local_govt_council": "ROPER GULF", "land_council": "NORTHERN LAND COUNCIL", "ntg_region": "BIG RIVERS", "bushtel_url": "https://bushtel.nt.gov.au/profile/267", "population_count": null, "population_used_in_index": 8, "population_basis": "imputed_type_median", "longitude": 136.04365, "latitude": -16.17126, "risk_rating": "High", "fire_plan": "No", "firebreak": "No", "fuel_reduction": "No", "has_coverage": false, "coverage_status": "Outside predicted coverage", "nearest_tower_km": 29.8, "nearby_carriers": 1, "carrier_names": "Telstra", "hazard_H": 1.0, "unreachability_U": 0.7542, "exposure_E": 0.2779, "wbi_score": 59.4, "wbi_tier": "High", "wbi_rank": 78, "strict_blackspot": false}, "geometry": {"type": "Point", "coordinates": [136.04365, -16.17126]}}, {"type": "Feature", "properties": {"objectid": 361, "community_id": 361, "community_name": "Mangardubu", "community_aliases": "COOPERS CREEK,MANGADUBU,MANGARDABU", "community_type": "Family Outstation", "main_language": "Not recorded", "local_govt_council": "WEST ARNHEM", "land_council": "NORTHERN LAND COUNCIL", "ntg_region": "TOP END", "bushtel_url": "https://bushtel.nt.gov.au/profile/361", "population_count": null, "population_used_in_index": 8, "population_basis": "imputed_type_median", "longitude": 133.1864, "latitude": -12.0937, "risk_rating": "High", "fire_plan": "No", "firebreak": "No", "fuel_reduction": "No", "has_coverage": false, "coverage_status": "Outside predicted coverage", "nearest_tower_km": 29.2, "nearby_carriers": 1, "carrier_names": "Telstra", "hazard_H": 1.0, "unreachability_U": 0.7502, "exposure_E": 0.2779, "wbi_score": 59.3, "wbi_tier": "High", "wbi_rank": 79, "strict_blackspot": false}, "geometry": {"type": "Point", "coordinates": [133.1864, -12.0937]}}, {"type": "Feature", "properties": {"objectid": 704, "community_id": 704, "community_name": "Jangirulu", "community_aliases": "JANGIRURLU,JANGULURI JANGIRURLY,POWELL CREEK", "community_type": "Family Outstation", "main_language": "Not recorded", "local_govt_council": "BARKLY", "land_council": "NORTHERN LAND COUNCIL", "ntg_region": "BARKLY", "bushtel_url": "https://bushtel.nt.gov.au/profile/704", "population_count": null, "population_used_in_index": 8, "population_basis": "imputed_type_median", "longitude": 133.61111, "latitude": -18.12561, "risk_rating": "High", "fire_plan": "No", "firebreak": "No", "fuel_reduction": "No", "has_coverage": false, "coverage_status": "Outside predicted coverage", "nearest_tower_km": 29.0, "nearby_carriers": 1, "carrier_names": "Optus", "hazard_H": 1.0, "unreachability_U": 0.7489, "exposure_E": 0.2779, "wbi_score": 59.3, "wbi_tier": "High", "wbi_rank": 79, "strict_blackspot": false}, "geometry": {"type": "Point", "coordinates": [133.61111, -18.12561]}}, {"type": "Feature", "properties": {"objectid": 906, "community_id": 906, "community_name": "Namerinni", "community_aliases": "TOMKINSON CREEK", "community_type": "Family Outstation", "main_language": "Not recorded", "local_govt_council": "BARKLY", "land_council": "NORTHERN LAND COUNCIL", "ntg_region": "BARKLY", "bushtel_url": "https://bushtel.nt.gov.au/profile/906", "population_count": null, "population_used_in_index": 8, "population_basis": "imputed_type_median", "longitude": 133.71549, "latitude": -18.56818, "risk_rating": "High", "fire_plan": "No", "firebreak": "No", "fuel_reduction": "No", "has_coverage": false, "coverage_status": "Outside predicted coverage", "nearest_tower_km": 29.0, "nearby_carriers": 1, "carrier_names": "Optus", "hazard_H": 1.0, "unreachability_U": 0.7489, "exposure_E": 0.2779, "wbi_score": 59.3, "wbi_tier": "High", "wbi_rank": 79, "strict_blackspot": false}, "geometry": {"type": "Point", "coordinates": [133.71549, -18.56818]}}, {"type": "Feature", "properties": {"objectid": 451, "community_id": 451, "community_name": "Angurugu", "community_aliases": "No aliases recorded with NTG DIPL", "community_type": "Major", "main_language": "Anindilyakwa", "local_govt_council": "EAST ARNHEM", "land_council": "ANINDILYAKWA LAND COUNCIL", "ntg_region": "EAST ARNHEM", "bushtel_url": "https://bushtel.nt.gov.au/profile/451", "population_count": 1005, "population_used_in_index": 1005, "population_basis": "risk_dataset", "longitude": 136.460569, "latitude": -13.982236, "risk_rating": "High", "fire_plan": "No", "firebreak": "Yes", "fuel_reduction": "Yes", "has_coverage": true, "coverage_status": "Inside predicted coverage", "nearest_tower_km": 2.1, "nearby_carriers": 1, "carrier_names": "Telstra", "hazard_H": 1.0, "unreachability_U": 0.2362, "exposure_E": 0.8745, "wbi_score": 59.1, "wbi_tier": "High", "wbi_rank": 82, "strict_blackspot": false}, "geometry": {"type": "Point", "coordinates": [136.460569, -13.982236]}}, {"type": "Feature", "properties": {"objectid": 905, "community_id": 905, "community_name": "Kurntapurra", "community_aliases": "FREWENA,KUNTAPURLA,KURNTURLPARA,NO 6 BORE", "community_type": "Family Outstation", "main_language": "Not recorded", "local_govt_council": "BARKLY", "land_council": "NORTHERN LAND COUNCIL", "ntg_region": "BARKLY", "bushtel_url": "https://bushtel.nt.gov.au/profile/905", "population_count": 14, "population_used_in_index": 14, "population_basis": "risk_dataset", "longitude": 135.39788, "latitude": -19.39177, "risk_rating": "Moderate", "fire_plan": "No", "firebreak": "Yes", "fuel_reduction": "Yes", "has_coverage": false, "coverage_status": "Outside predicted coverage", "nearest_tower_km": 57.2, "nearby_carriers": 0, "carrier_names": "None", "hazard_H": 0.6, "unreachability_U": 1.0, "exposure_E": 0.3425, "wbi_score": 59.0, "wbi_tier": "High", "wbi_rank": 83, "strict_blackspot": false}, "geometry": {"type": "Point", "coordinates": [135.39788, -19.39177]}}, {"type": "Feature", "properties": {"objectid": 912, "community_id": 912, "community_name": "Kubuyirr", "community_aliases": "No aliases recorded with NTG DIPL", "community_type": "Family Outstation", "main_language": "Not recorded", "local_govt_council": "WEST DALY", "land_council": "NORTHERN LAND COUNCIL", "ntg_region": "TOP END", "bushtel_url": "https://bushtel.nt.gov.au/profile/912", "population_count": null, "population_used_in_index": 8, "population_basis": "imputed_type_median", "longitude": 129.78499, "latitude": -14.12168, "risk_rating": "High", "fire_plan": "No", "firebreak": "No", "fuel_reduction": "No", "has_coverage": false, "coverage_status": "Outside predicted coverage", "nearest_tower_km": 27.6, "nearby_carriers": 1, "carrier_names": "Telstra", "hazard_H": 1.0, "unreachability_U": 0.7396, "exposure_E": 0.2779, "wbi_score": 59.0, "wbi_tier": "High", "wbi_rank": 83, "strict_blackspot": false}, "geometry": {"type": "Point", "coordinates": [129.78499, -14.12168]}}, {"type": "Feature", "properties": {"objectid": 170, "community_id": 170, "community_name": "Ankerrapw", "community_aliases": "ANGKARRIPA,ANGKWETENGARENYE,ANKARRIPA,OLD UTOPIA HOMESTEAD,UTOPIA HOMESTEAD", "community_type": "Family Outstation", "main_language": "Not recorded", "local_govt_council": "BARKLY", "land_council": "CENTRAL LAND COUNCIL", "ntg_region": "BARKLY", "bushtel_url": "https://bushtel.nt.gov.au/profile/170", "population_count": null, "population_used_in_index": 8, "population_basis": "imputed_type_median", "longitude": 134.56306, "latitude": -22.23004, "risk_rating": "High", "fire_plan": "No", "firebreak": "No", "fuel_reduction": "No", "has_coverage": false, "coverage_status": "Outside predicted coverage", "nearest_tower_km": 27.1, "nearby_carriers": 1, "carrier_names": "Telstra", "hazard_H": 1.0, "unreachability_U": 0.7362, "exposure_E": 0.2779, "wbi_score": 58.9, "wbi_tier": "High", "wbi_rank": 85, "strict_blackspot": false}, "geometry": {"type": "Point", "coordinates": [134.56306, -22.23004]}}, {"type": "Feature", "properties": {"objectid": 723, "community_id": 723, "community_name": "Goolminyini", "community_aliases": "DEVIL SPRING", "community_type": "Family Outstation", "main_language": "Not recorded", "local_govt_council": "ROPER GULF", "land_council": "NORTHERN LAND COUNCIL", "ntg_region": "BIG RIVERS", "bushtel_url": "https://bushtel.nt.gov.au/profile/723", "population_count": 40, "population_used_in_index": 40, "population_basis": "risk_dataset", "longitude": 136.09751, "latitude": -16.15829, "risk_rating": "Moderate", "fire_plan": "No", "firebreak": "Yes", "fuel_reduction": "Yes", "has_coverage": false, "coverage_status": "Outside predicted coverage", "nearest_tower_km": 25.1, "nearby_carriers": 1, "carrier_names": "Telstra", "hazard_H": 0.6, "unreachability_U": 0.7229, "exposure_E": 0.4697, "wbi_score": 58.8, "wbi_tier": "High", "wbi_rank": 86, "strict_blackspot": false}, "geometry": {"type": "Point", "coordinates": [136.09751, -16.15829]}}, {"type": "Feature", "properties": {"objectid": 376, "community_id": 376, "community_name": "Malgawa", "community_aliases": "MARLGAWO,MOLGAWO,MORLGAWO", "community_type": "Family Outstation", "main_language": "Not recorded", "local_govt_council": "WEST ARNHEM", "land_council": "NORTHERN LAND COUNCIL", "ntg_region": "TOP END", "bushtel_url": "https://bushtel.nt.gov.au/profile/376", "population_count": 17, "population_used_in_index": 17, "population_basis": "risk_dataset", "longitude": 133.91826, "latitude": -12.83887, "risk_rating": "Moderate", "fire_plan": "No", "firebreak": "Yes", "fuel_reduction": "Yes", "has_coverage": false, "coverage_status": "Outside predicted coverage", "nearest_tower_km": 39.1, "nearby_carriers": 0, "carrier_names": "None", "hazard_H": 0.6, "unreachability_U": 0.9273, "exposure_E": 0.3656, "wbi_score": 58.8, "wbi_tier": "High", "wbi_rank": 86, "strict_blackspot": false}, "geometry": {"type": "Point", "coordinates": [133.91826, -12.83887]}}, {"type": "Feature", "properties": {"objectid": 698, "community_id": 698, "community_name": "Bobs Yard", "community_aliases": "IUWAKAM,KUTJULUM BURRU", "community_type": "Family Outstation", "main_language": "Not recorded", "local_govt_council": "VICTORIA DALY", "land_council": "NORTHERN LAND COUNCIL", "ntg_region": "BIG RIVERS", "bushtel_url": "https://bushtel.nt.gov.au/profile/698", "population_count": null, "population_used_in_index": 8, "population_basis": "imputed_type_median", "longitude": 130.61125, "latitude": -16.00945, "risk_rating": "High", "fire_plan": "No", "firebreak": "No", "fuel_reduction": "No", "has_coverage": false, "coverage_status": "Outside predicted coverage", "nearest_tower_km": 26.2, "nearby_carriers": 1, "carrier_names": "Telstra", "hazard_H": 1.0, "unreachability_U": 0.7302, "exposure_E": 0.2779, "wbi_score": 58.8, "wbi_tier": "High", "wbi_rank": 86, "strict_blackspot": false}, "geometry": {"type": "Point", "coordinates": [130.61125, -16.00945]}}, {"type": "Feature", "properties": {"objectid": 858, "community_id": 858, "community_name": "Murranji", "community_aliases": "No aliases recorded with NTG DIPL", "community_type": "Family Outstation", "main_language": "Not recorded", "local_govt_council": "BARKLY", "land_council": "NORTHERN LAND COUNCIL", "ntg_region": "BARKLY", "bushtel_url": "https://bushtel.nt.gov.au/profile/858", "population_count": 4, "population_used_in_index": 4, "population_basis": "bushtel", "longitude": 132.8107, "latitude": -16.83598, "risk_rating": "High", "fire_plan": "No", "firebreak": "No", "fuel_reduction": "No", "has_coverage": false, "coverage_status": "Outside predicted coverage", "nearest_tower_km": 66.4, "nearby_carriers": 0, "carrier_names": "None", "hazard_H": 1.0, "unreachability_U": 1.0, "exposure_E": 0.2036, "wbi_score": 58.8, "wbi_tier": "High", "wbi_rank": 86, "strict_blackspot": true}, "geometry": {"type": "Point", "coordinates": [132.8107, -16.83598]}}, {"type": "Feature", "properties": {"objectid": 741, "community_id": 741, "community_name": "Gul Gul", "community_aliases": "DANGER POINT,GULGUL", "community_type": "Family Outstation", "main_language": "Not recorded", "local_govt_council": "West Arnhem Regional Council", "land_council": "Not recorded", "ntg_region": "Not recorded", "bushtel_url": "https://bushtel.nt.gov.au/profile/741", "population_count": null, "population_used_in_index": 8, "population_basis": "imputed_type_median", "longitude": 132.33842, "latitude": -11.13042, "risk_rating": "High", "fire_plan": "No", "firebreak": "No", "fuel_reduction": "No", "has_coverage": false, "coverage_status": "Outside predicted coverage", "nearest_tower_km": 25.8, "nearby_carriers": 1, "carrier_names": "Telstra", "hazard_H": 1.0, "unreachability_U": 0.7276, "exposure_E": 0.2779, "wbi_score": 58.7, "wbi_tier": "High", "wbi_rank": 90, "strict_blackspot": false}, "geometry": {"type": "Point", "coordinates": [132.33842, -11.13042]}}, {"type": "Feature", "properties": {"objectid": 819, "community_id": 819, "community_name": "Dillinya", "community_aliases": "DRY CREEK", "community_type": "Family Outstation", "main_language": "Not recorded", "local_govt_council": "VICTORIA DALY", "land_council": "NORTHERN LAND COUNCIL", "ntg_region": "BIG RIVERS", "bushtel_url": "https://bushtel.nt.gov.au/profile/819", "population_count": null, "population_used_in_index": 8, "population_basis": "imputed_type_median", "longitude": 132.04505, "latitude": -15.85698, "risk_rating": "High", "fire_plan": "No", "firebreak": "No", "fuel_reduction": "No", "has_coverage": false, "coverage_status": "Outside predicted coverage", "nearest_tower_km": 26.1, "nearby_carriers": 1, "carrier_names": "Telstra", "hazard_H": 1.0, "unreachability_U": 0.7296, "exposure_E": 0.2779, "wbi_score": 58.7, "wbi_tier": "High", "wbi_rank": 90, "strict_blackspot": false}, "geometry": {"type": "Point", "coordinates": [132.04505, -15.85698]}}, {"type": "Feature", "properties": {"objectid": 395, "community_id": 395, "community_name": "Nabarlek", "community_aliases": "NARBALEK", "community_type": "Family Outstation", "main_language": "Not recorded", "local_govt_council": "WEST ARNHEM", "land_council": "NORTHERN LAND COUNCIL", "ntg_region": "TOP END", "bushtel_url": "https://bushtel.nt.gov.au/profile/395", "population_count": null, "population_used_in_index": 8, "population_basis": "imputed_type_median", "longitude": 133.29216, "latitude": -12.30829, "risk_rating": "High", "fire_plan": "No", "firebreak": "No", "fuel_reduction": "No", "has_coverage": false, "coverage_status": "Outside predicted coverage", "nearest_tower_km": 25.6, "nearby_carriers": 1, "carrier_names": "Telstra", "hazard_H": 1.0, "unreachability_U": 0.7262, "exposure_E": 0.2779, "wbi_score": 58.7, "wbi_tier": "High", "wbi_rank": 90, "strict_blackspot": false}, "geometry": {"type": "Point", "coordinates": [133.29216, -12.30829]}}, {"type": "Feature", "properties": {"objectid": 27, "community_id": 27, "community_name": "Atneltyey", "community_aliases": "ALLALGARA ANNANGARA,ANILTJIY,ATNELTYEYE,BOUNDARY BORE", "community_type": "Family Outstation", "main_language": "Not recorded", "local_govt_council": "BARKLY", "land_council": "CENTRAL LAND COUNCIL", "ntg_region": "BARKLY", "bushtel_url": "https://bushtel.nt.gov.au/profile/27", "population_count": 51, "population_used_in_index": 51, "population_basis": "bushtel", "longitude": 134.61166, "latitude": -22.03683, "risk_rating": "Moderate", "fire_plan": "No", "firebreak": "Yes", "fuel_reduction": "Yes", "has_coverage": false, "coverage_status": "Outside predicted coverage", "nearest_tower_km": 17.8, "nearby_carriers": 1, "carrier_names": "Telstra", "hazard_H": 0.6, "unreachability_U": 0.6742, "exposure_E": 0.4998, "wbi_score": 58.7, "wbi_tier": "High", "wbi_rank": 90, "strict_blackspot": false}, "geometry": {"type": "Point", "coordinates": [134.61166, -22.03683]}}, {"type": "Feature", "properties": {"objectid": 813, "community_id": 813, "community_name": "Ijarra", "community_aliases": "CROCODILE CREEK,IJARRI", "community_type": "Family Outstation", "main_language": "Not recorded", "local_govt_council": "ROPER GULF", "land_council": "NORTHERN LAND COUNCIL", "ntg_region": "BIG RIVERS", "bushtel_url": "https://bushtel.nt.gov.au/profile/813", "population_count": null, "population_used_in_index": 8, "population_basis": "imputed_type_median", "longitude": 136.00501, "latitude": -16.2152, "risk_rating": "High", "fire_plan": "No", "firebreak": "No", "fuel_reduction": "No", "has_coverage": false, "coverage_status": "Outside predicted coverage", "nearest_tower_km": 26.1, "nearby_carriers": 1, "carrier_names": "Telstra", "hazard_H": 1.0, "unreachability_U": 0.7296, "exposure_E": 0.2779, "wbi_score": 58.7, "wbi_tier": "High", "wbi_rank": 90, "strict_blackspot": false}, "geometry": {"type": "Point", "coordinates": [136.00501, -16.2152]}}, {"type": "Feature", "properties": {"objectid": 389, "community_id": 389, "community_name": "Namugardabu", "community_aliases": "NAMAGARDABU,NAMAGARRARBU,NAMURGARDABU", "community_type": "Family Outstation", "main_language": "Not recorded", "local_govt_council": "WEST ARNHEM", "land_council": "NORTHERN LAND COUNCIL", "ntg_region": "TOP END", "bushtel_url": "https://bushtel.nt.gov.au/profile/389", "population_count": null, "population_used_in_index": 8, "population_basis": "imputed_type_median", "longitude": 134.02473, "latitude": -12.157791, "risk_rating": "High", "fire_plan": "No", "firebreak": "No", "fuel_reduction": "No", "has_coverage": false, "coverage_status": "Outside predicted coverage", "nearest_tower_km": 25.1, "nearby_carriers": 1, "carrier_names": "Telstra", "hazard_H": 1.0, "unreachability_U": 0.7229, "exposure_E": 0.2779, "wbi_score": 58.6, "wbi_tier": "High", "wbi_rank": 95, "strict_blackspot": false}, "geometry": {"type": "Point", "coordinates": [134.02473, -12.157791]}}, {"type": "Feature", "properties": {"objectid": 915, "community_id": 915, "community_name": "Ngunthak", "community_aliases": "No aliases recorded with NTG DIPL", "community_type": "Family Outstation", "main_language": "Not recorded", "local_govt_council": "WEST DALY", "land_council": "NORTHERN LAND COUNCIL", "ntg_region": "TOP END", "bushtel_url": "https://bushtel.nt.gov.au/profile/915", "population_count": null, "population_used_in_index": 8, "population_basis": "imputed_type_median", "longitude": 129.36183, "latitude": -14.40445, "risk_rating": "High", "fire_plan": "No", "firebreak": "No", "fuel_reduction": "No", "has_coverage": false, "coverage_status": "Outside predicted coverage", "nearest_tower_km": 25.0, "nearby_carriers": 1, "carrier_names": "Telstra", "hazard_H": 1.0, "unreachability_U": 0.7222, "exposure_E": 0.2779, "wbi_score": 58.6, "wbi_tier": "High", "wbi_rank": 95, "strict_blackspot": false}, "geometry": {"type": "Point", "coordinates": [129.36183, -14.40445]}}, {"type": "Feature", "properties": {"objectid": 845, "community_id": 845, "community_name": "Halfway Camp", "community_aliases": "No aliases recorded with NTG DIPL", "community_type": "Family Outstation", "main_language": "Not recorded", "local_govt_council": "MACDONNELL", "land_council": "CENTRAL LAND COUNCIL", "ntg_region": "CENTRAL AUSTRALIA", "bushtel_url": "https://bushtel.nt.gov.au/profile/845", "population_count": null, "population_used_in_index": 8, "population_basis": "imputed_type_median", "longitude": 134.36263, "latitude": -25.69492, "risk_rating": "High", "fire_plan": "No", "firebreak": "No", "fuel_reduction": "No", "has_coverage": false, "coverage_status": "Outside predicted coverage", "nearest_tower_km": 24.4, "nearby_carriers": 1, "carrier_names": "Telstra", "hazard_H": 1.0, "unreachability_U": 0.7182, "exposure_E": 0.2779, "wbi_score": 58.4, "wbi_tier": "High", "wbi_rank": 97, "strict_blackspot": false}, "geometry": {"type": "Point", "coordinates": [134.36263, -25.69492]}}, {"type": "Feature", "properties": {"objectid": 969, "community_id": 969, "community_name": "Ngarlu Ngarlu", "community_aliases": "KING RIVER", "community_type": "Family Outstation", "main_language": "Not recorded", "local_govt_council": "WEST ARNHEM", "land_council": "NORTHERN LAND COUNCIL", "ntg_region": "TOP END", "bushtel_url": "https://bushtel.nt.gov.au/profile/969", "population_count": null, "population_used_in_index": 8, "population_basis": "imputed_type_median", "longitude": 133.40906, "latitude": -11.86629, "risk_rating": "High", "fire_plan": "No", "firebreak": "No", "fuel_reduction": "No", "has_coverage": false, "coverage_status": "Outside predicted coverage", "nearest_tower_km": 24.4, "nearby_carriers": 1, "carrier_names": "Telstra", "hazard_H": 1.0, "unreachability_U": 0.7182, "exposure_E": 0.2779, "wbi_score": 58.4, "wbi_tier": "High", "wbi_rank": 97, "strict_blackspot": false}, "geometry": {"type": "Point", "coordinates": [133.40906, -11.86629]}}, {"type": "Feature", "properties": {"objectid": 777, "community_id": 777, "community_name": "Kwombom", "community_aliases": "KWOMBON", "community_type": "Family Outstation", "main_language": "Not recorded", "local_govt_council": "WEST DALY", "land_council": "NORTHERN LAND COUNCIL", "ntg_region": "TOP END", "bushtel_url": "https://bushtel.nt.gov.au/profile/777", "population_count": null, "population_used_in_index": 8, "population_basis": "imputed_type_median", "longitude": 130.29075, "latitude": -13.95523, "risk_rating": "High", "fire_plan": "No", "firebreak": "No", "fuel_reduction": "No", "has_coverage": false, "coverage_status": "Outside predicted coverage", "nearest_tower_km": 24.3, "nearby_carriers": 1, "carrier_names": "Telstra", "hazard_H": 1.0, "unreachability_U": 0.7176, "exposure_E": 0.2779, "wbi_score": 58.4, "wbi_tier": "High", "wbi_rank": 97, "strict_blackspot": false}, "geometry": {"type": "Point", "coordinates": [130.29075, -13.95523]}}, {"type": "Feature", "properties": {"objectid": 500, "community_id": 500, "community_name": "Gapuwiyak", "community_aliases": "LAKE EVELLA", "community_type": "Major", "main_language": "Yolngu Matha (Djambarrpuyngu)", "local_govt_council": "EAST ARNHEM", "land_council": "NORTHERN LAND COUNCIL", "ntg_region": "EAST ARNHEM", "bushtel_url": "https://bushtel.nt.gov.au/profile/500", "population_count": 1085, "population_used_in_index": 1085, "population_basis": "risk_dataset", "longitude": 135.80587, "latitude": -12.50322, "risk_rating": "High", "fire_plan": "No", "firebreak": "Yes", "fuel_reduction": "Yes", "has_coverage": true, "coverage_status": "Inside predicted coverage", "nearest_tower_km": 0.2, "nearby_carriers": 1, "carrier_names": "Telstra", "hazard_H": 1.0, "unreachability_U": 0.2236, "exposure_E": 0.8842, "wbi_score": 58.3, "wbi_tier": "High", "wbi_rank": 100, "strict_blackspot": false}, "geometry": {"type": "Point", "coordinates": [135.80587, -12.50322]}}, {"type": "Feature", "properties": {"objectid": 319, "community_id": 319, "community_name": "Gochan Jiny Jirra", "community_aliases": "CADELL GUNARDPA,GOCHAN JINY-JIRRA,GOCHIN JINY JARD,GOCHIN JINY JIRRA,GOTJANJINJIRRA", "community_type": "Minor", "main_language": "Not recorded", "local_govt_council": "WEST ARNHEM", "land_council": "NORTHERN LAND COUNCIL", "ntg_region": "TOP END", "bushtel_url": "https://bushtel.nt.gov.au/profile/319", "population_count": 38, "population_used_in_index": 38, "population_basis": "risk_dataset", "longitude": 134.45751, "latitude": -12.19925, "risk_rating": "Moderate", "fire_plan": "No", "firebreak": "Yes", "fuel_reduction": "Yes", "has_coverage": false, "coverage_status": "Outside predicted coverage", "nearest_tower_km": 23.4, "nearby_carriers": 1, "carrier_names": "Telstra", "hazard_H": 0.6, "unreachability_U": 0.7116, "exposure_E": 0.4634, "wbi_score": 58.3, "wbi_tier": "High", "wbi_rank": 100, "strict_blackspot": false}, "geometry": {"type": "Point", "coordinates": [134.45751, -12.19925]}}, {"type": "Feature", "properties": {"objectid": 649, "community_id": 649, "community_name": "Turkey Lagoon", "community_aliases": "BANANDA,BANUNDA,BUNUNDA", "community_type": "Family Outstation", "main_language": "Not recorded", "local_govt_council": "ROPER GULF", "land_council": "NORTHERN LAND COUNCIL", "ntg_region": "BIG RIVERS", "bushtel_url": "https://bushtel.nt.gov.au/profile/649", "population_count": null, "population_used_in_index": 8, "population_basis": "imputed_type_median", "longitude": 134.75093, "latitude": -14.52938, "risk_rating": "High", "fire_plan": "No", "firebreak": "No", "fuel_reduction": "No", "has_coverage": false, "coverage_status": "Outside predicted coverage", "nearest_tower_km": 22.8, "nearby_carriers": 1, "carrier_names": "Telstra", "hazard_H": 1.0, "unreachability_U": 0.7076, "exposure_E": 0.2779, "wbi_score": 58.2, "wbi_tier": "High", "wbi_rank": 102, "strict_blackspot": false}, "geometry": {"type": "Point", "coordinates": [134.75093, -14.52938]}}, {"type": "Feature", "properties": {"objectid": 414, "community_id": 414, "community_name": "Redcliff", "community_aliases": "YEDDAIRT", "community_type": "Family Outstation", "main_language": "Not recorded", "local_govt_council": "WEST DALY", "land_council": "NORTHERN LAND COUNCIL", "ntg_region": "TOP END", "bushtel_url": "https://bushtel.nt.gov.au/profile/414", "population_count": 27, "population_used_in_index": 27, "population_basis": "bushtel", "longitude": 129.708125, "latitude": -14.01484, "risk_rating": "Moderate", "fire_plan": "No", "firebreak": "Yes", "fuel_reduction": "No", "has_coverage": false, "coverage_status": "Outside predicted coverage", "nearest_tower_km": 32.2, "nearby_carriers": 1, "carrier_names": "Telstra", "hazard_H": 0.6, "unreachability_U": 0.7702, "exposure_E": 0.4215, "wbi_score": 58.0, "wbi_tier": "High", "wbi_rank": 103, "strict_blackspot": false}, "geometry": {"type": "Point", "coordinates": [129.708125, -14.01484]}}, {"type": "Feature", "properties": {"objectid": 235, "community_id": 235, "community_name": "Jingaloo", "community_aliases": "BEETALOO", "community_type": "Family Outstation", "main_language": "Not recorded", "local_govt_council": "BARKLY", "land_council": "NORTHERN LAND COUNCIL", "ntg_region": "BARKLY", "bushtel_url": "https://bushtel.nt.gov.au/profile/235", "population_count": null, "population_used_in_index": 8, "population_basis": "imputed_type_median", "longitude": 133.61433, "latitude": -17.11311, "risk_rating": "High", "fire_plan": "No", "firebreak": "No", "fuel_reduction": "No", "has_coverage": false, "coverage_status": "Outside predicted coverage", "nearest_tower_km": 22.1, "nearby_carriers": 1, "carrier_names": "Telstra", "hazard_H": 1.0, "unreachability_U": 0.7029, "exposure_E": 0.2779, "wbi_score": 58.0, "wbi_tier": "High", "wbi_rank": 103, "strict_blackspot": false}, "geometry": {"type": "Point", "coordinates": [133.61433, -17.11311]}}, {"type": "Feature", "properties": {"objectid": 244, "community_id": 244, "community_name": "Mungkarta", "community_aliases": "MCLAREN CREEK,MUNGARTA", "community_type": "Minor", "main_language": "Not recorded", "local_govt_council": "BARKLY", "land_council": "CENTRAL LAND COUNCIL", "ntg_region": "BARKLY", "bushtel_url": "https://bushtel.nt.gov.au/profile/244", "population_count": 65, "population_used_in_index": 65, "population_basis": "risk_dataset", "longitude": 134.19843, "latitude": -20.33702, "risk_rating": "Moderate", "fire_plan": "No", "firebreak": "Yes", "fuel_reduction": "Yes", "has_coverage": false, "coverage_status": "Outside predicted coverage", "nearest_tower_km": 25.4, "nearby_carriers": 2, "carrier_names": "Optus, Telstra", "hazard_H": 0.6, "unreachability_U": 0.6138, "exposure_E": 0.5299, "wbi_score": 58.0, "wbi_tier": "High", "wbi_rank": 103, "strict_blackspot": false}, "geometry": {"type": "Point", "coordinates": [134.19843, -20.33702]}}, {"type": "Feature", "properties": {"objectid": 351, "community_id": 351, "community_name": "Kultchill", "community_aliases": "KULTHIL,KUTCHILL", "community_type": "Family Outstation", "main_language": "Not recorded", "local_govt_council": "WEST DALY", "land_council": "NORTHERN LAND COUNCIL", "ntg_region": "TOP END", "bushtel_url": "https://bushtel.nt.gov.au/profile/351", "population_count": null, "population_used_in_index": 8, "population_basis": "imputed_type_median", "longitude": 129.57391, "latitude": -14.42586, "risk_rating": "High", "fire_plan": "No", "firebreak": "No", "fuel_reduction": "No", "has_coverage": false, "coverage_status": "Outside predicted coverage", "nearest_tower_km": 21.4, "nearby_carriers": 1, "carrier_names": "Telstra", "hazard_H": 1.0, "unreachability_U": 0.6982, "exposure_E": 0.2779, "wbi_score": 57.9, "wbi_tier": "High", "wbi_rank": 106, "strict_blackspot": false}, "geometry": {"type": "Point", "coordinates": [129.57391, -14.42586]}}, {"type": "Feature", "properties": {"objectid": 662, "community_id": 662, "community_name": "Un-Marr", "community_aliases": "AN-MARR,MADINGNA,MARDENGA,MARDINGA,MARDINGNA,MARINGAR,MARYGAR", "community_type": "Family Outstation", "main_language": "Not recorded", "local_govt_council": "WEST DALY", "land_council": "NORTHERN LAND COUNCIL", "ntg_region": "TOP END", "bushtel_url": "https://bushtel.nt.gov.au/profile/662", "population_count": null, "population_used_in_index": 8, "population_basis": "imputed_type_median", "longitude": 129.90879, "latitude": -14.06441, "risk_rating": "High", "fire_plan": "No", "firebreak": "No", "fuel_reduction": "No", "has_coverage": false, "coverage_status": "Outside predicted coverage", "nearest_tower_km": 21.3, "nearby_carriers": 1, "carrier_names": "Telstra", "hazard_H": 1.0, "unreachability_U": 0.6976, "exposure_E": 0.2779, "wbi_score": 57.9, "wbi_tier": "High", "wbi_rank": 106, "strict_blackspot": false}, "geometry": {"type": "Point", "coordinates": [129.90879, -14.06441]}}, {"type": "Feature", "properties": {"objectid": 699, "community_id": 699, "community_name": "Barrak Barrak", "community_aliases": "BARRAC BARRAC,MAYAMUM", "community_type": "Family Outstation", "main_language": "Not recorded", "local_govt_council": "VICTORIA DALY", "land_council": "NORTHERN LAND COUNCIL", "ntg_region": "BIG RIVERS", "bushtel_url": "https://bushtel.nt.gov.au/profile/699", "population_count": null, "population_used_in_index": 8, "population_basis": "imputed_type_median", "longitude": 130.35876, "latitude": -15.8716, "risk_rating": "High", "fire_plan": "No", "firebreak": "No", "fuel_reduction": "No", "has_coverage": false, "coverage_status": "Outside predicted coverage", "nearest_tower_km": 20.7, "nearby_carriers": 1, "carrier_names": "Telstra", "hazard_H": 1.0, "unreachability_U": 0.6936, "exposure_E": 0.2779, "wbi_score": 57.8, "wbi_tier": "High", "wbi_rank": 108, "strict_blackspot": false}, "geometry": {"type": "Point", "coordinates": [130.35876, -15.8716]}}, {"type": "Feature", "properties": {"objectid": 1017, "community_id": 1017, "community_name": "Kewulyi", "community_aliases": "ROPER VALLEY HOMESTEAD", "community_type": "Family Outstation", "main_language": "Not recorded", "local_govt_council": "ROPER GULF", "land_council": "NORTHERN LAND COUNCIL", "ntg_region": "BIG RIVERS", "bushtel_url": "https://bushtel.nt.gov.au/profile/1017", "population_count": 25, "population_used_in_index": 25, "population_basis": "risk_dataset", "longitude": 134.00927, "latitude": -14.92699, "risk_rating": "Moderate", "fire_plan": "No", "firebreak": "Yes", "fuel_reduction": "Yes", "has_coverage": false, "coverage_status": "Outside predicted coverage", "nearest_tower_km": 33.6, "nearby_carriers": 1, "carrier_names": "Telstra", "hazard_H": 0.6, "unreachability_U": 0.7796, "exposure_E": 0.4121, "wbi_score": 57.8, "wbi_tier": "High", "wbi_rank": 108, "strict_blackspot": false}, "geometry": {"type": "Point", "coordinates": [134.00927, -14.92699]}}, {"type": "Feature", "properties": {"objectid": 788, "community_id": 788, "community_name": "Antere", "community_aliases": "COLSONS WELL,GOYDER SR,JOKERS CAMP", "community_type": "Family Outstation", "main_language": "Not recorded", "local_govt_council": "MACDONNELL", "land_council": "CENTRAL LAND COUNCIL", "ntg_region": "CENTRAL AUSTRALIA", "bushtel_url": "https://bushtel.nt.gov.au/profile/788", "population_count": null, "population_used_in_index": 8, "population_basis": "imputed_type_median", "longitude": 134.40934, "latitude": -25.66309, "risk_rating": "High", "fire_plan": "No", "firebreak": "No", "fuel_reduction": "No", "has_coverage": false, "coverage_status": "Outside predicted coverage", "nearest_tower_km": 18.6, "nearby_carriers": 1, "carrier_names": "Telstra", "hazard_H": 1.0, "unreachability_U": 0.6796, "exposure_E": 0.2779, "wbi_score": 57.4, "wbi_tier": "High", "wbi_rank": 110, "strict_blackspot": false}, "geometry": {"type": "Point", "coordinates": [134.40934, -25.66309]}}, {"type": "Feature", "properties": {"objectid": 212, "community_id": 212, "community_name": "Bauhinia Downs", "community_aliases": "GURDANJI BINGBINGA", "community_type": "Family Outstation", "main_language": "Not recorded", "local_govt_council": "ROPER GULF", "land_council": "NORTHERN LAND COUNCIL", "ntg_region": "BIG RIVERS", "bushtel_url": "https://bushtel.nt.gov.au/profile/212", "population_count": 14, "population_used_in_index": 14, "population_basis": "risk_dataset", "longitude": 135.46968, "latitude": -16.21512, "risk_rating": "Moderate", "fire_plan": "No", "firebreak": "Yes", "fuel_reduction": "Yes", "has_coverage": false, "coverage_status": "Outside predicted coverage", "nearest_tower_km": 37.5, "nearby_carriers": 0, "carrier_names": "None", "hazard_H": 0.6, "unreachability_U": 0.9167, "exposure_E": 0.3425, "wbi_score": 57.3, "wbi_tier": "High", "wbi_rank": 111, "strict_blackspot": false}, "geometry": {"type": "Point", "coordinates": [135.46968, -16.21512]}}, {"type": "Feature", "properties": {"objectid": 10634, "community_id": 10634, "community_name": "Barnamarrakkakanora", "community_aliases": "", "community_type": "Family Outstation", "main_language": "Not recorded", "local_govt_council": "West Arnhem Regional Council", "land_council": "Northern Land Council", "ntg_region": "Not recorded", "bushtel_url": "", "population_count": null, "population_used_in_index": 8, "population_basis": "imputed_type_median", "longitude": 134.375, "latitude": -12.1319, "risk_rating": "High", "fire_plan": "No", "firebreak": "No", "fuel_reduction": "No", "has_coverage": false, "coverage_status": "Outside predicted coverage", "nearest_tower_km": 17.8, "nearby_carriers": 1, "carrier_names": "Telstra", "hazard_H": 1.0, "unreachability_U": 0.6742, "exposure_E": 0.2779, "wbi_score": 57.2, "wbi_tier": "High", "wbi_rank": 112, "strict_blackspot": false}, "geometry": {"type": "Point", "coordinates": [134.375, -12.1319]}}, {"type": "Feature", "properties": {"objectid": 22, "community_id": 22, "community_name": "Artekerr", "community_aliases": "ARTEKKERRE,ATIKIRRA,THREE BORES", "community_type": "Family Outstation", "main_language": "Not recorded", "local_govt_council": "BARKLY", "land_council": "CENTRAL LAND COUNCIL", "ntg_region": "BARKLY", "bushtel_url": "https://bushtel.nt.gov.au/profile/22", "population_count": 23, "population_used_in_index": 23, "population_basis": "risk_dataset", "longitude": 134.54312, "latitude": -22.29022, "risk_rating": "Moderate", "fire_plan": "No", "firebreak": "Yes", "fuel_reduction": "Yes", "has_coverage": false, "coverage_status": "Outside predicted coverage", "nearest_tower_km": 32.9, "nearby_carriers": 1, "carrier_names": "Telstra", "hazard_H": 0.6, "unreachability_U": 0.7749, "exposure_E": 0.402, "wbi_score": 57.2, "wbi_tier": "High", "wbi_rank": 112, "strict_blackspot": false}, "geometry": {"type": "Point", "coordinates": [134.54312, -22.29022]}}, {"type": "Feature", "properties": {"objectid": 12, "community_id": 12, "community_name": "Angula", "community_aliases": "ANGKOLA,ANGKULA", "community_type": "Family Outstation", "main_language": "Not recorded", "local_govt_council": "CENTRAL DESERT", "land_council": "CENTRAL LAND COUNCIL", "ntg_region": "CENTRAL AUSTRALIA", "bushtel_url": "https://bushtel.nt.gov.au/profile/12", "population_count": 14, "population_used_in_index": 14, "population_basis": "risk_dataset", "longitude": 134.21675, "latitude": -22.55781, "risk_rating": "Moderate", "fire_plan": "No", "firebreak": "Yes", "fuel_reduction": "Yes", "has_coverage": false, "coverage_status": "Outside predicted coverage", "nearest_tower_km": 36.5, "nearby_carriers": 0, "carrier_names": "None", "hazard_H": 0.6, "unreachability_U": 0.91, "exposure_E": 0.3425, "wbi_score": 57.2, "wbi_tier": "High", "wbi_rank": 112, "strict_blackspot": false}, "geometry": {"type": "Point", "coordinates": [134.21675, -22.55781]}}, {"type": "Feature", "properties": {"objectid": 624, "community_id": 624, "community_name": "Minyerri", "community_aliases": "HODGSON DOWNS,MINIYERRE,MINYERE,MINYERI,MINYERRE", "community_type": "Major", "main_language": "Eastside Kriol", "local_govt_council": "ROPER GULF", "land_council": "NORTHERN LAND COUNCIL", "ntg_region": "BIG RIVERS", "bushtel_url": "https://bushtel.nt.gov.au/profile/624", "population_count": 726, "population_used_in_index": 726, "population_basis": "risk_dataset", "longitude": 134.0821, "latitude": -15.2216, "risk_rating": "High", "fire_plan": "No", "firebreak": "Yes", "fuel_reduction": "Yes", "has_coverage": true, "coverage_status": "Inside predicted coverage", "nearest_tower_km": 0.1, "nearby_carriers": 1, "carrier_names": "Telstra", "hazard_H": 1.0, "unreachability_U": 0.2229, "exposure_E": 0.8334, "wbi_score": 57.1, "wbi_tier": "High", "wbi_rank": 115, "strict_blackspot": false}, "geometry": {"type": "Point", "coordinates": [134.0821, -15.2216]}}, {"type": "Feature", "properties": {"objectid": 62, "community_id": 62, "community_name": "Tinki", "community_aliases": "IRRIMATITJA,TJINKI,TRACTOR BORE", "community_type": "Family Outstation", "main_language": "Not recorded", "local_govt_council": "MACDONNELL", "land_council": "CENTRAL LAND COUNCIL", "ntg_region": "CENTRAL AUSTRALIA", "bushtel_url": "https://bushtel.nt.gov.au/profile/62", "population_count": null, "population_used_in_index": 8, "population_basis": "imputed_type_median", "longitude": 129.55768, "latitude": -23.27331, "risk_rating": "High", "fire_plan": "No", "firebreak": "No", "fuel_reduction": "No", "has_coverage": false, "coverage_status": "Outside predicted coverage", "nearest_tower_km": 17.4, "nearby_carriers": 1, "carrier_names": "Telstra", "hazard_H": 1.0, "unreachability_U": 0.6716, "exposure_E": 0.2779, "wbi_score": 57.1, "wbi_tier": "High", "wbi_rank": 115, "strict_blackspot": false}, "geometry": {"type": "Point", "coordinates": [129.55768, -23.27331]}}, {"type": "Feature", "properties": {"objectid": 945, "community_id": 945, "community_name": "Gimbat", "community_aliases": "No aliases recorded with NTG DIPL", "community_type": "Family Outstation", "main_language": "Not recorded", "local_govt_council": "ROPER GULF", "land_council": "NORTHERN LAND COUNCIL", "ntg_region": "BIG RIVERS", "bushtel_url": "https://bushtel.nt.gov.au/profile/945", "population_count": null, "population_used_in_index": 8, "population_basis": "imputed_type_median", "longitude": 132.60772, "latitude": -13.57854, "risk_rating": "High", "fire_plan": "No", "firebreak": "No", "fuel_reduction": "No", "has_coverage": false, "coverage_status": "Outside predicted coverage", "nearest_tower_km": 17.4, "nearby_carriers": 1, "carrier_names": "Telstra", "hazard_H": 1.0, "unreachability_U": 0.6716, "exposure_E": 0.2779, "wbi_score": 57.1, "wbi_tier": "High", "wbi_rank": 115, "strict_blackspot": false}, "geometry": {"type": "Point", "coordinates": [132.60772, -13.57854]}}, {"type": "Feature", "properties": {"objectid": 591, "community_id": 591, "community_name": "Daguragu", "community_aliases": "DAGARAGU,WATTIE CREEK", "community_type": "Major", "main_language": "Gurindji / Kriol", "local_govt_council": "VICTORIA DALY", "land_council": "CENTRAL LAND COUNCIL", "ntg_region": "BIG RIVERS", "bushtel_url": "https://bushtel.nt.gov.au/profile/591", "population_count": 284, "population_used_in_index": 284, "population_basis": "risk_dataset", "longitude": 130.80491, "latitude": -17.40059, "risk_rating": "High", "fire_plan": "No", "firebreak": "Yes", "fuel_reduction": "Yes", "has_coverage": true, "coverage_status": "Inside predicted coverage", "nearest_tower_km": 5.3, "nearby_carriers": 1, "carrier_names": "Telstra", "hazard_H": 1.0, "unreachability_U": 0.2576, "exposure_E": 0.715, "wbi_score": 56.9, "wbi_tier": "High", "wbi_rank": 118, "strict_blackspot": false}, "geometry": {"type": "Point", "coordinates": [130.80491, -17.40059]}}, {"type": "Feature", "properties": {"objectid": 740, "community_id": 740, "community_name": "Gudjekbin", "community_aliases": "GUBJEKBINJ,GUDJERBINJ,KUJAKBI", "community_type": "Family Outstation", "main_language": "Not recorded", "local_govt_council": "WEST ARNHEM", "land_council": "NORTHERN LAND COUNCIL", "ntg_region": "TOP END", "bushtel_url": "https://bushtel.nt.gov.au/profile/740", "population_count": null, "population_used_in_index": 8, "population_basis": "imputed_type_median", "longitude": 133.80109, "latitude": -12.250972, "risk_rating": "High", "fire_plan": "No", "firebreak": "No", "fuel_reduction": "No", "has_coverage": false, "coverage_status": "Outside predicted coverage", "nearest_tower_km": 15.6, "nearby_carriers": 1, "carrier_names": "Telstra", "hazard_H": 1.0, "unreachability_U": 0.6596, "exposure_E": 0.2779, "wbi_score": 56.8, "wbi_tier": "High", "wbi_rank": 119, "strict_blackspot": false}, "geometry": {"type": "Point", "coordinates": [133.80109, -12.250972]}}, {"type": "Feature", "properties": {"objectid": 555, "community_id": 555, "community_name": "Umbakumba", "community_aliases": "No aliases recorded with NTG DIPL", "community_type": "Major", "main_language": "Anindilyakwa", "local_govt_council": "EAST ARNHEM", "land_council": "ANINDILYAKWA LAND COUNCIL", "ntg_region": "EAST ARNHEM", "bushtel_url": "https://bushtel.nt.gov.au/profile/555", "population_count": 591, "population_used_in_index": 591, "population_basis": "risk_dataset", "longitude": 136.811125, "latitude": -13.859736, "risk_rating": "High", "fire_plan": "No", "firebreak": "Yes", "fuel_reduction": "Yes", "has_coverage": true, "coverage_status": "Inside predicted coverage", "nearest_tower_km": 0.3, "nearby_carriers": 1, "carrier_names": "Telstra", "hazard_H": 1.0, "unreachability_U": 0.2242, "exposure_E": 0.8074, "wbi_score": 56.6, "wbi_tier": "High", "wbi_rank": 120, "strict_blackspot": false}, "geometry": {"type": "Point", "coordinates": [136.811125, -13.859736]}}, {"type": "Feature", "properties": {"objectid": 791, "community_id": 791, "community_name": "Pwertentye", "community_aliases": "JACK BRISCOE'S CAMP", "community_type": "Family Outstation", "main_language": "Not recorded", "local_govt_council": "CENTRAL DESERT", "land_council": "CENTRAL LAND COUNCIL", "ntg_region": "CENTRAL AUSTRALIA", "bushtel_url": "https://bushtel.nt.gov.au/profile/791", "population_count": null, "population_used_in_index": 8, "population_basis": "imputed_type_median", "longitude": 134.79239, "latitude": -23.37291, "risk_rating": "High", "fire_plan": "No", "firebreak": "No", "fuel_reduction": "No", "has_coverage": false, "coverage_status": "Outside predicted coverage", "nearest_tower_km": 14.2, "nearby_carriers": 1, "carrier_names": "Optus", "hazard_H": 1.0, "unreachability_U": 0.6502, "exposure_E": 0.2779, "wbi_score": 56.5, "wbi_tier": "High", "wbi_rank": 121, "strict_blackspot": false}, "geometry": {"type": "Point", "coordinates": [134.79239, -23.37291]}}, {"type": "Feature", "properties": {"objectid": 24993, "community_id": 24993, "community_name": "20 Mile", "community_aliases": "WUMAYALINJA", "community_type": "Family Outstation", "main_language": "Not recorded", "local_govt_council": "ROPER GULF", "land_council": "NORTHERN LAND COUNCIL", "ntg_region": "BIG RIVERS", "bushtel_url": "https://bushtel.nt.gov.au/profile/24993", "population_count": 6, "population_used_in_index": 6, "population_basis": "bushtel", "longitude": 136.54826, "latitude": -16.08535, "risk_rating": "High", "fire_plan": "No", "firebreak": "No", "fuel_reduction": "No", "has_coverage": false, "coverage_status": "Outside predicted coverage", "nearest_tower_km": 26.1, "nearby_carriers": 1, "carrier_names": "Telstra", "hazard_H": 1.0, "unreachability_U": 0.7296, "exposure_E": 0.2461, "wbi_score": 56.4, "wbi_tier": "High", "wbi_rank": 122, "strict_blackspot": false}, "geometry": {"type": "Point", "coordinates": [136.54826, -16.08535]}}, {"type": "Feature", "properties": {"objectid": 445, "community_id": 445, "community_name": "Amanburnunga", "community_aliases": "AMENGUNUA,SALT LAKE", "community_type": "Family Outstation", "main_language": "Not recorded", "local_govt_council": "EAST ARNHEM", "land_council": "ANINDILYAKWA LAND COUNCIL", "ntg_region": "EAST ARNHEM", "bushtel_url": "https://bushtel.nt.gov.au/profile/445", "population_count": null, "population_used_in_index": 8, "population_basis": "imputed_type_median", "longitude": 136.69486, "latitude": -13.92641, "risk_rating": "High", "fire_plan": "No", "firebreak": "No", "fuel_reduction": "No", "has_coverage": false, "coverage_status": "Outside predicted coverage", "nearest_tower_km": 12.8, "nearby_carriers": 1, "carrier_names": "Telstra", "hazard_H": 1.0, "unreachability_U": 0.6409, "exposure_E": 0.2779, "wbi_score": 56.3, "wbi_tier": "High", "wbi_rank": 123, "strict_blackspot": false}, "geometry": {"type": "Point", "coordinates": [136.69486, -13.92641]}}, {"type": "Feature", "properties": {"objectid": 994, "community_id": 994, "community_name": "Mariniri", "community_aliases": "MARINRI", "community_type": "Family Outstation", "main_language": "Not recorded", "local_govt_council": "ROPER GULF", "land_council": "NORTHERN LAND COUNCIL", "ntg_region": "BIG RIVERS", "bushtel_url": "https://bushtel.nt.gov.au/profile/994", "population_count": null, "population_used_in_index": 8, "population_basis": "imputed_type_median", "longitude": 136.901403, "latitude": -16.670014, "risk_rating": "High", "fire_plan": "No", "firebreak": "No", "fuel_reduction": "No", "has_coverage": false, "coverage_status": "Outside predicted coverage", "nearest_tower_km": 13.2, "nearby_carriers": 1, "carrier_names": "Telstra", "hazard_H": 1.0, "unreachability_U": 0.6436, "exposure_E": 0.2779, "wbi_score": 56.3, "wbi_tier": "High", "wbi_rank": 123, "strict_blackspot": false}, "geometry": {"type": "Point", "coordinates": [136.901403, -16.670014]}}, {"type": "Feature", "properties": {"objectid": 578, "community_id": 578, "community_name": "Bamboo Springs", "community_aliases": "JIRRNGOW", "community_type": "Family Outstation", "main_language": "Not recorded", "local_govt_council": "VICTORIA DALY", "land_council": "CENTRAL LAND COUNCIL", "ntg_region": "BIG RIVERS", "bushtel_url": "https://bushtel.nt.gov.au/profile/578", "population_count": null, "population_used_in_index": 8, "population_basis": "imputed_type_median", "longitude": 129.08393, "latitude": -16.95993, "risk_rating": "High", "fire_plan": "No", "firebreak": "No", "fuel_reduction": "No", "has_coverage": false, "coverage_status": "Outside predicted coverage", "nearest_tower_km": 13.0, "nearby_carriers": 1, "carrier_names": "Telstra", "hazard_H": 1.0, "unreachability_U": 0.6422, "exposure_E": 0.2779, "wbi_score": 56.3, "wbi_tier": "High", "wbi_rank": 123, "strict_blackspot": false}, "geometry": {"type": "Point", "coordinates": [129.08393, -16.95993]}}, {"type": "Feature", "properties": {"objectid": 203, "community_id": 203, "community_name": "Alpurrurulam", "community_aliases": "ILPERRELHELAM,LAKE NASH,WART ALPARAYETYE", "community_type": "Major", "main_language": "Alyawarr", "local_govt_council": "BARKLY", "land_council": "CENTRAL LAND COUNCIL", "ntg_region": "BARKLY", "bushtel_url": "https://bushtel.nt.gov.au/profile/203", "population_count": 494, "population_used_in_index": 494, "population_basis": "risk_dataset", "longitude": 137.84749, "latitude": -20.984167, "risk_rating": "High", "fire_plan": "No", "firebreak": "Yes", "fuel_reduction": "Yes", "has_coverage": true, "coverage_status": "Inside predicted coverage", "nearest_tower_km": 0.3, "nearby_carriers": 1, "carrier_names": "Telstra", "hazard_H": 1.0, "unreachability_U": 0.2242, "exposure_E": 0.7848, "wbi_score": 56.0, "wbi_tier": "High", "wbi_rank": 126, "strict_blackspot": false}, "geometry": {"type": "Point", "coordinates": [137.84749, -20.984167]}}, {"type": "Feature", "properties": {"objectid": 10, "community_id": 10, "community_name": "Ampilatwatja", "community_aliases": "AHARRENG,AHERRE,AMMARO,AMMAROO,AMPERLATWATYE", "community_type": "Major", "main_language": "Alyawarr", "local_govt_council": "BARKLY", "land_council": "CENTRAL LAND COUNCIL", "ntg_region": "BARKLY", "bushtel_url": "https://bushtel.nt.gov.au/profile/10", "population_count": 491, "population_used_in_index": 491, "population_basis": "risk_dataset", "longitude": 135.22509, "latitude": -21.65664, "risk_rating": "High", "fire_plan": "No", "firebreak": "Yes", "fuel_reduction": "Yes", "has_coverage": true, "coverage_status": "Inside predicted coverage", "nearest_tower_km": 0.3, "nearby_carriers": 1, "carrier_names": "Telstra", "hazard_H": 1.0, "unreachability_U": 0.2242, "exposure_E": 0.784, "wbi_score": 56.0, "wbi_tier": "High", "wbi_rank": 126, "strict_blackspot": false}, "geometry": {"type": "Point", "coordinates": [135.22509, -21.65664]}}, {"type": "Feature", "properties": {"objectid": 1021, "community_id": 1021, "community_name": "Annerre", "community_aliases": "No aliases recorded with NTG DIPL", "community_type": "Family Outstation", "main_language": "Not recorded", "local_govt_council": "BARKLY", "land_council": "CENTRAL LAND COUNCIL", "ntg_region": "BARKLY", "bushtel_url": "https://bushtel.nt.gov.au/profile/1021", "population_count": null, "population_used_in_index": 8, "population_basis": "imputed_type_median", "longitude": 134.00116, "latitude": -21.261694, "risk_rating": "High", "fire_plan": "No", "firebreak": "No", "fuel_reduction": "No", "has_coverage": false, "coverage_status": "Outside predicted coverage", "nearest_tower_km": 27.4, "nearby_carriers": 2, "carrier_names": "Optus, Telstra", "hazard_H": 1.0, "unreachability_U": 0.6271, "exposure_E": 0.2779, "wbi_score": 55.9, "wbi_tier": "High", "wbi_rank": 128, "strict_blackspot": false}, "geometry": {"type": "Point", "coordinates": [134.00116, -21.261694]}}, {"type": "Feature", "properties": {"objectid": 24989, "community_id": 24989, "community_name": "Irrowa", "community_aliases": "No aliases recorded with NTG DIPL", "community_type": "Family Outstation", "main_language": "Not recorded", "local_govt_council": "MACDONNELL", "land_council": "CENTRAL LAND COUNCIL", "ntg_region": "CENTRAL AUSTRALIA", "bushtel_url": "https://bushtel.nt.gov.au/profile/24989", "population_count": 9, "population_used_in_index": 9, "population_basis": "bushtel", "longitude": 132.33103, "latitude": -24.62515, "risk_rating": "Moderate", "fire_plan": "No", "firebreak": "Yes", "fuel_reduction": "No", "has_coverage": false, "coverage_status": "Outside predicted coverage", "nearest_tower_km": 57.4, "nearby_carriers": 0, "carrier_names": "None", "hazard_H": 0.6, "unreachability_U": 1.0, "exposure_E": 0.2913, "wbi_score": 55.9, "wbi_tier": "High", "wbi_rank": 128, "strict_blackspot": false}, "geometry": {"type": "Point", "coordinates": [132.33103, -24.62515]}}, {"type": "Feature", "properties": {"objectid": 404, "community_id": 404, "community_name": "Nganmarriyanga", "community_aliases": "PALUMPA", "community_type": "Major", "main_language": "Murrinh Patha", "local_govt_council": "WEST DALY", "land_council": "NORTHERN LAND COUNCIL", "ntg_region": "TOP END", "bushtel_url": "https://bushtel.nt.gov.au/profile/404", "population_count": 458, "population_used_in_index": 458, "population_basis": "risk_dataset", "longitude": 129.87889, "latitude": -14.351111, "risk_rating": "High", "fire_plan": "No", "firebreak": "Yes", "fuel_reduction": "Yes", "has_coverage": true, "coverage_status": "Inside predicted coverage", "nearest_tower_km": 0.3, "nearby_carriers": 1, "carrier_names": "Telstra", "hazard_H": 1.0, "unreachability_U": 0.2242, "exposure_E": 0.7753, "wbi_score": 55.8, "wbi_tier": "High", "wbi_rank": 130, "strict_blackspot": false}, "geometry": {"type": "Point", "coordinates": [129.87889, -14.351111]}}, {"type": "Feature", "properties": {"objectid": 851, "community_id": 851, "community_name": "Mallarrami", "community_aliases": "No aliases recorded with NTG DIPL", "community_type": "Family Outstation", "main_language": "Not recorded", "local_govt_council": "EAST ARNHEM", "land_council": "NORTHERN LAND COUNCIL", "ntg_region": "EAST ARNHEM", "bushtel_url": "https://bushtel.nt.gov.au/profile/851", "population_count": 9, "population_used_in_index": 9, "population_basis": "bushtel", "longitude": 136.53563, "latitude": -11.77541, "risk_rating": "Moderate", "fire_plan": "No", "firebreak": "No", "fuel_reduction": "No", "has_coverage": false, "coverage_status": "Outside predicted coverage", "nearest_tower_km": 49.3, "nearby_carriers": 0, "carrier_names": "None", "hazard_H": 0.6, "unreachability_U": 0.9953, "exposure_E": 0.2913, "wbi_score": 55.8, "wbi_tier": "High", "wbi_rank": 130, "strict_blackspot": false}, "geometry": {"type": "Point", "coordinates": [136.53563, -11.77541]}}, {"type": "Feature", "properties": {"objectid": 517, "community_id": 517, "community_name": "Gurrumuru", "community_aliases": "GURRUMURRU", "community_type": "Minor", "main_language": "Not recorded", "local_govt_council": "EAST ARNHEM", "land_council": "NORTHERN LAND COUNCIL", "ntg_region": "EAST ARNHEM", "bushtel_url": "https://bushtel.nt.gov.au/profile/517", "population_count": 10, "population_used_in_index": 10, "population_basis": "risk_dataset", "longitude": 136.231681, "latitude": -12.592236, "risk_rating": "Moderate", "fire_plan": "No", "firebreak": "Yes", "fuel_reduction": "Yes", "has_coverage": false, "coverage_status": "Outside predicted coverage", "nearest_tower_km": 41.3, "nearby_carriers": 0, "carrier_names": "None", "hazard_H": 0.6, "unreachability_U": 0.942, "exposure_E": 0.3033, "wbi_score": 55.6, "wbi_tier": "High", "wbi_rank": 132, "strict_blackspot": false}, "geometry": {"type": "Point", "coordinates": [136.231681, -12.592236]}}, {"type": "Feature", "properties": {"objectid": 720, "community_id": 720, "community_name": "Walkabout Bore", "community_aliases": "JACK KENNY'S CAMP,MPWELARRE", "community_type": "Family Outstation", "main_language": "Not recorded", "local_govt_council": "MACDONNELL", "land_council": "CENTRAL LAND COUNCIL", "ntg_region": "CENTRAL AUSTRALIA", "bushtel_url": "https://bushtel.nt.gov.au/profile/720", "population_count": 26, "population_used_in_index": 26, "population_basis": "risk_dataset", "longitude": 133.81687, "latitude": -24.38261, "risk_rating": "Moderate", "fire_plan": "No", "firebreak": "Yes", "fuel_reduction": "Yes", "has_coverage": false, "coverage_status": "Outside predicted coverage", "nearest_tower_km": 19.8, "nearby_carriers": 1, "carrier_names": "Optus", "hazard_H": 0.6, "unreachability_U": 0.6876, "exposure_E": 0.4169, "wbi_score": 55.6, "wbi_tier": "High", "wbi_rank": 132, "strict_blackspot": false}, "geometry": {"type": "Point", "coordinates": [133.81687, -24.38261]}}, {"type": "Feature", "properties": {"objectid": 603, "community_id": 603, "community_name": "Kalkarindji", "community_aliases": "KALKARINGI,WAVE HILL", "community_type": "Major", "main_language": "Gurindji / Kriol", "local_govt_council": "VICTORIA DALY", "land_council": "CENTRAL LAND COUNCIL", "ntg_region": "BIG RIVERS", "bushtel_url": "https://bushtel.nt.gov.au/profile/603", "population_count": 392, "population_used_in_index": 392, "population_basis": "risk_dataset", "longitude": 130.83212, "latitude": -17.44675, "risk_rating": "High", "fire_plan": "No", "firebreak": "Yes", "fuel_reduction": "Yes", "has_coverage": true, "coverage_status": "Inside predicted coverage", "nearest_tower_km": 0.6, "nearby_carriers": 1, "carrier_names": "Telstra", "hazard_H": 1.0, "unreachability_U": 0.2262, "exposure_E": 0.7556, "wbi_score": 55.5, "wbi_tier": "High", "wbi_rank": 134, "strict_blackspot": false}, "geometry": {"type": "Point", "coordinates": [130.83212, -17.44675]}}, {"type": "Feature", "properties": {"objectid": 306, "community_id": 306, "community_name": "Tigers Camp", "community_aliases": "WAMUNYI,WANNINGUJI,WANUNGI", "community_type": "Family Outstation", "main_language": "Not recorded", "local_govt_council": "WEST ARNHEM", "land_council": "NORTHERN LAND COUNCIL", "ntg_region": "TOP END", "bushtel_url": "https://bushtel.nt.gov.au/profile/306", "population_count": null, "population_used_in_index": 8, "population_basis": "imputed_type_median", "longitude": 132.77662, "latitude": -11.47407, "risk_rating": "High", "fire_plan": "No", "firebreak": "No", "fuel_reduction": "No", "has_coverage": true, "coverage_status": "Inside predicted coverage", "nearest_tower_km": 42.5, "nearby_carriers": 0, "carrier_names": "None", "hazard_H": 1.0, "unreachability_U": 0.6167, "exposure_E": 0.2779, "wbi_score": 55.5, "wbi_tier": "High", "wbi_rank": 134, "strict_blackspot": false}, "geometry": {"type": "Point", "coordinates": [132.77662, -11.47407]}}, {"type": "Feature", "properties": {"objectid": 397, "community_id": 397, "community_name": "Nauiyu", "community_aliases": "DALY RIVER,NAMIYU,NAUIYU NAMBIYI,NAUIYU NAMBIYU", "community_type": "Major", "main_language": "Kriol", "local_govt_council": "VICTORIA DALY", "land_council": "NORTHERN LAND COUNCIL", "ntg_region": "TOP END", "bushtel_url": "https://bushtel.nt.gov.au/profile/397", "population_count": 444, "population_used_in_index": 444, "population_basis": "risk_dataset", "longitude": 130.688931, "latitude": -13.750542, "risk_rating": "High", "fire_plan": "No", "firebreak": "Yes", "fuel_reduction": "Yes", "has_coverage": true, "coverage_status": "Inside predicted coverage", "nearest_tower_km": 0.0, "nearby_carriers": 1, "carrier_names": "Telstra", "hazard_H": 1.0, "unreachability_U": 0.2222, "exposure_E": 0.7713, "wbi_score": 55.5, "wbi_tier": "High", "wbi_rank": 134, "strict_blackspot": false}, "geometry": {"type": "Point", "coordinates": [130.688931, -13.750542]}}, {"type": "Feature", "properties": {"objectid": 763, "community_id": 763, "community_name": "Ngutjul", "community_aliases": "No aliases recorded with NTG DIPL", "community_type": "Family Outstation", "main_language": "Not recorded", "local_govt_council": "MACDONNELL", "land_council": "CENTRAL LAND COUNCIL", "ntg_region": "CENTRAL AUSTRALIA", "bushtel_url": "https://bushtel.nt.gov.au/profile/763", "population_count": null, "population_used_in_index": 8, "population_basis": "imputed_type_median", "longitude": 129.46752, "latitude": -23.29677, "risk_rating": "High", "fire_plan": "No", "firebreak": "No", "fuel_reduction": "No", "has_coverage": false, "coverage_status": "Outside predicted coverage", "nearest_tower_km": 8.6, "nearby_carriers": 1, "carrier_names": "Telstra", "hazard_H": 1.0, "unreachability_U": 0.6129, "exposure_E": 0.2779, "wbi_score": 55.4, "wbi_tier": "High", "wbi_rank": 137, "strict_blackspot": false}, "geometry": {"type": "Point", "coordinates": [129.46752, -23.29677]}}, {"type": "Feature", "properties": {"objectid": 587, "community_id": 587, "community_name": "Bulman", "community_aliases": "GULIN GULIN,YULNGU", "community_type": "Major", "main_language": "Eastside Kriol", "local_govt_council": "ROPER GULF", "land_council": "NORTHERN LAND COUNCIL", "ntg_region": "BIG RIVERS", "bushtel_url": "https://bushtel.nt.gov.au/profile/587", "population_count": 329, "population_used_in_index": 329, "population_basis": "risk_dataset", "longitude": 134.333347, "latitude": -13.665292, "risk_rating": "High", "fire_plan": "No", "firebreak": "Yes", "fuel_reduction": "Yes", "has_coverage": true, "coverage_status": "Inside predicted coverage", "nearest_tower_km": 1.1, "nearby_carriers": 1, "carrier_names": "Telstra", "hazard_H": 1.0, "unreachability_U": 0.2296, "exposure_E": 0.7335, "wbi_score": 55.2, "wbi_tier": "High", "wbi_rank": 138, "strict_blackspot": false}, "geometry": {"type": "Point", "coordinates": [134.333347, -13.665292]}}, {"type": "Feature", "properties": {"objectid": 1016, "community_id": 1016, "community_name": "Uluperte", "community_aliases": "JUNCTION BORE", "community_type": "Family Outstation", "main_language": "Not recorded", "local_govt_council": "CENTRAL DESERT", "land_council": "CENTRAL LAND COUNCIL", "ntg_region": "CENTRAL AUSTRALIA", "bushtel_url": "https://bushtel.nt.gov.au/profile/1016", "population_count": null, "population_used_in_index": 8, "population_basis": "imputed_type_median", "longitude": 135.69544, "latitude": -23.76408, "risk_rating": "Moderate", "fire_plan": "No", "firebreak": "No", "fuel_reduction": "No", "has_coverage": false, "coverage_status": "Outside predicted coverage", "nearest_tower_km": 108.3, "nearby_carriers": 0, "carrier_names": "None", "hazard_H": 0.6, "unreachability_U": 1.0, "exposure_E": 0.2779, "wbi_score": 55.0, "wbi_tier": "High", "wbi_rank": 139, "strict_blackspot": false}, "geometry": {"type": "Point", "coordinates": [135.69544, -23.76408]}}, {"type": "Feature", "properties": {"objectid": 191, "community_id": 191, "community_name": "Yatjalu", "community_aliases": "YAJALU", "community_type": "Family Outstation", "main_language": "Not recorded", "local_govt_council": "CENTRAL DESERT", "land_council": "CENTRAL LAND COUNCIL", "ntg_region": "CENTRAL AUSTRALIA", "bushtel_url": "https://bushtel.nt.gov.au/profile/191", "population_count": null, "population_used_in_index": 8, "population_basis": "imputed_type_median", "longitude": 131.16216, "latitude": -22.40643, "risk_rating": "Moderate", "fire_plan": "No", "firebreak": "No", "fuel_reduction": "No", "has_coverage": false, "coverage_status": "Outside predicted coverage", "nearest_tower_km": 67.7, "nearby_carriers": 0, "carrier_names": "None", "hazard_H": 0.6, "unreachability_U": 1.0, "exposure_E": 0.2779, "wbi_score": 55.0, "wbi_tier": "High", "wbi_rank": 139, "strict_blackspot": false}, "geometry": {"type": "Point", "coordinates": [131.16216, -22.40643]}}, {"type": "Feature", "properties": {"objectid": 97, "community_id": 97, "community_name": "Mantapayika", "community_aliases": "No aliases recorded with NTG DIPL", "community_type": "Family Outstation", "main_language": "Not recorded", "local_govt_council": "MACDONNELL", "land_council": "CENTRAL LAND COUNCIL", "ntg_region": "CENTRAL AUSTRALIA", "bushtel_url": "https://bushtel.nt.gov.au/profile/97", "population_count": null, "population_used_in_index": 8, "population_basis": "imputed_type_median", "longitude": 130.22561, "latitude": -25.47458, "risk_rating": "Moderate", "fire_plan": "No", "firebreak": "No", "fuel_reduction": "No", "has_coverage": false, "coverage_status": "Outside predicted coverage", "nearest_tower_km": 76.4, "nearby_carriers": 0, "carrier_names": "None", "hazard_H": 0.6, "unreachability_U": 1.0, "exposure_E": 0.2779, "wbi_score": 55.0, "wbi_tier": "High", "wbi_rank": 139, "strict_blackspot": false}, "geometry": {"type": "Point", "coordinates": [130.22561, -25.47458]}}, {"type": "Feature", "properties": {"objectid": 575, "community_id": 575, "community_name": "Yirringa", "community_aliases": "DRYSDALE ISLAND", "community_type": "Family Outstation", "main_language": "Not recorded", "local_govt_council": "EAST ARNHEM", "land_council": "NORTHERN LAND COUNCIL", "ntg_region": "EAST ARNHEM", "bushtel_url": "https://bushtel.nt.gov.au/profile/575", "population_count": null, "population_used_in_index": 8, "population_basis": "imputed_type_median", "longitude": 136.02578, "latitude": -11.64538, "risk_rating": "Moderate", "fire_plan": "No", "firebreak": "No", "fuel_reduction": "No", "has_coverage": false, "coverage_status": "Outside predicted coverage", "nearest_tower_km": 65.5, "nearby_carriers": 0, "carrier_names": "None", "hazard_H": 0.6, "unreachability_U": 1.0, "exposure_E": 0.2779, "wbi_score": 55.0, "wbi_tier": "High", "wbi_rank": 139, "strict_blackspot": false}, "geometry": {"type": "Point", "coordinates": [136.02578, -11.64538]}}, {"type": "Feature", "properties": {"objectid": 564, "community_id": 564, "community_name": "Wunburri", "community_aliases": "BURGUNNGURA ISLAND,STEVENS ISLAND,WUNBIRRI", "community_type": "Family Outstation", "main_language": "Not recorded", "local_govt_council": "EAST ARNHEM", "land_council": "NORTHERN LAND COUNCIL", "ntg_region": "EAST ARNHEM", "bushtel_url": "https://bushtel.nt.gov.au/profile/564", "population_count": null, "population_used_in_index": 8, "population_basis": "imputed_type_median", "longitude": 136.07853, "latitude": -11.59498, "risk_rating": "Moderate", "fire_plan": "No", "firebreak": "No", "fuel_reduction": "No", "has_coverage": false, "coverage_status": "Outside predicted coverage", "nearest_tower_km": 71.6, "nearby_carriers": 0, "carrier_names": "None", "hazard_H": 0.6, "unreachability_U": 1.0, "exposure_E": 0.2779, "wbi_score": 55.0, "wbi_tier": "High", "wbi_rank": 139, "strict_blackspot": false}, "geometry": {"type": "Point", "coordinates": [136.07853, -11.59498]}}, {"type": "Feature", "properties": {"objectid": 745, "community_id": 745, "community_name": "Mirridi", "community_aliases": "MIRRIRDI", "community_type": "Family Outstation", "main_language": "Not recorded", "local_govt_council": "CENTRAL DESERT", "land_council": "CENTRAL LAND COUNCIL", "ntg_region": "CENTRAL AUSTRALIA", "bushtel_url": "https://bushtel.nt.gov.au/profile/745", "population_count": null, "population_used_in_index": 8, "population_basis": "imputed_type_median", "longitude": 130.77884, "latitude": -19.01873, "risk_rating": "Moderate", "fire_plan": "No", "firebreak": "No", "fuel_reduction": "No", "has_coverage": false, "coverage_status": "Outside predicted coverage", "nearest_tower_km": 77.9, "nearby_carriers": 0, "carrier_names": "None", "hazard_H": 0.6, "unreachability_U": 1.0, "exposure_E": 0.2779, "wbi_score": 55.0, "wbi_tier": "High", "wbi_rank": 139, "strict_blackspot": false}, "geometry": {"type": "Point", "coordinates": [130.77884, -19.01873]}}, {"type": "Feature", "properties": {"objectid": 49, "community_id": 49, "community_name": "Ilpili", "community_aliases": "ILBPILLA,ILLPILLA,ILLPILLI,ILPILLY", "community_type": "Family Outstation", "main_language": "Not recorded", "local_govt_council": "MACDONNELL", "land_council": "CENTRAL LAND COUNCIL", "ntg_region": "CENTRAL AUSTRALIA", "bushtel_url": "https://bushtel.nt.gov.au/profile/49", "population_count": null, "population_used_in_index": 8, "population_basis": "imputed_type_median", "longitude": 130.36045, "latitude": -23.32393, "risk_rating": "Moderate", "fire_plan": "No", "firebreak": "No", "fuel_reduction": "No", "has_coverage": false, "coverage_status": "Outside predicted coverage", "nearest_tower_km": 77.3, "nearby_carriers": 0, "carrier_names": "None", "hazard_H": 0.6, "unreachability_U": 1.0, "exposure_E": 0.2779, "wbi_score": 55.0, "wbi_tier": "High", "wbi_rank": 139, "strict_blackspot": false}, "geometry": {"type": "Point", "coordinates": [130.36045, -23.32393]}}, {"type": "Feature", "properties": {"objectid": 16217, "community_id": 16217, "community_name": "Ngurrutiji", "community_aliases": "No aliases recorded with NTG DIPL", "community_type": "Family Outstation", "main_language": "Not recorded", "local_govt_council": "BARKLY", "land_council": "CENTRAL LAND COUNCIL", "ntg_region": "BARKLY", "bushtel_url": "https://bushtel.nt.gov.au/profile/16217", "population_count": null, "population_used_in_index": 8, "population_basis": "imputed_type_median", "longitude": 134.5167, "latitude": -20.1167, "risk_rating": "Moderate", "fire_plan": "No", "firebreak": "No", "fuel_reduction": "No", "has_coverage": false, "coverage_status": "Outside predicted coverage", "nearest_tower_km": 55.2, "nearby_carriers": 0, "carrier_names": "None", "hazard_H": 0.6, "unreachability_U": 1.0, "exposure_E": 0.2779, "wbi_score": 55.0, "wbi_tier": "High", "wbi_rank": 139, "strict_blackspot": false}, "geometry": {"type": "Point", "coordinates": [134.5167, -20.1167]}}, {"type": "Feature", "properties": {"objectid": 814, "community_id": 814, "community_name": "North Island", "community_aliases": "BARRANYI,WEBE POINT", "community_type": "Family Outstation", "main_language": "Not recorded", "local_govt_council": "ROPER GULF", "land_council": "NORTHERN LAND COUNCIL", "ntg_region": "BIG RIVERS", "bushtel_url": "https://bushtel.nt.gov.au/profile/814", "population_count": null, "population_used_in_index": 8, "population_basis": "imputed_type_median", "longitude": 136.84527, "latitude": -15.56294, "risk_rating": "Moderate", "fire_plan": "No", "firebreak": "No", "fuel_reduction": "No", "has_coverage": false, "coverage_status": "Outside predicted coverage", "nearest_tower_km": 79.4, "nearby_carriers": 0, "carrier_names": "None", "hazard_H": 0.6, "unreachability_U": 1.0, "exposure_E": 0.2779, "wbi_score": 55.0, "wbi_tier": "High", "wbi_rank": 139, "strict_blackspot": false}, "geometry": {"type": "Point", "coordinates": [136.84527, -15.56294]}}, {"type": "Feature", "properties": {"objectid": 528, "community_id": 528, "community_name": "Martjanba", "community_aliases": "JENSEN BAY,MARCHINBAR ISLAND,RIMBIJA ISLAND", "community_type": "Family Outstation", "main_language": "Not recorded", "local_govt_council": "EAST ARNHEM", "land_council": "NORTHERN LAND COUNCIL", "ntg_region": "EAST ARNHEM", "bushtel_url": "https://bushtel.nt.gov.au/profile/528", "population_count": null, "population_used_in_index": 8, "population_basis": "imputed_type_median", "longitude": 136.70702, "latitude": -11.17006, "risk_rating": "Moderate", "fire_plan": "No", "firebreak": "No", "fuel_reduction": "No", "has_coverage": false, "coverage_status": "Outside predicted coverage", "nearest_tower_km": 112.7, "nearby_carriers": 0, "carrier_names": "None", "hazard_H": 0.6, "unreachability_U": 1.0, "exposure_E": 0.2779, "wbi_score": 55.0, "wbi_tier": "High", "wbi_rank": 139, "strict_blackspot": false}, "geometry": {"type": "Point", "coordinates": [136.70702, -11.17006]}}, {"type": "Feature", "properties": {"objectid": 991, "community_id": 991, "community_name": "Uguie", "community_aliases": "CLARKSON POINT", "community_type": "Family Outstation", "main_language": "Not recorded", "local_govt_council": "ROPER GULF", "land_council": "NORTHERN LAND COUNCIL", "ntg_region": "BIG RIVERS", "bushtel_url": "https://bushtel.nt.gov.au/profile/991", "population_count": null, "population_used_in_index": 8, "population_basis": "imputed_type_median", "longitude": 137.04142, "latitude": -15.83006, "risk_rating": "Moderate", "fire_plan": "No", "firebreak": "No", "fuel_reduction": "No", "has_coverage": false, "coverage_status": "Outside predicted coverage", "nearest_tower_km": 82.5, "nearby_carriers": 0, "carrier_names": "None", "hazard_H": 0.6, "unreachability_U": 1.0, "exposure_E": 0.2779, "wbi_score": 55.0, "wbi_tier": "High", "wbi_rank": 139, "strict_blackspot": false}, "geometry": {"type": "Point", "coordinates": [137.04142, -15.83006]}}, {"type": "Feature", "properties": {"objectid": 151, "community_id": 151, "community_name": "Tjulpungu", "community_aliases": "ATLEE CREEK,ATLEY CREEK,CHURLPUNGU,DJULPUNG,JURLPUNGU,JUURLUPUNGU,TJUPUNGU", "community_type": "Family Outstation", "main_language": "Not recorded", "local_govt_council": "CENTRAL DESERT", "land_council": "CENTRAL LAND COUNCIL", "ntg_region": "CENTRAL AUSTRALIA", "bushtel_url": "https://bushtel.nt.gov.au/profile/151", "population_count": null, "population_used_in_index": 8, "population_basis": "imputed_type_median", "longitude": 131.41348, "latitude": -21.83419, "risk_rating": "Moderate", "fire_plan": "No", "firebreak": "No", "fuel_reduction": "No", "has_coverage": false, "coverage_status": "Outside predicted coverage", "nearest_tower_km": 61.1, "nearby_carriers": 0, "carrier_names": "None", "hazard_H": 0.6, "unreachability_U": 1.0, "exposure_E": 0.2779, "wbi_score": 55.0, "wbi_tier": "High", "wbi_rank": 139, "strict_blackspot": false}, "geometry": {"type": "Point", "coordinates": [131.41348, -21.83419]}}, {"type": "Feature", "properties": {"objectid": 234, "community_id": 234, "community_name": "Jarra Jarra", "community_aliases": "No aliases recorded with NTG DIPL", "community_type": "Family Outstation", "main_language": "Not recorded", "local_govt_council": "BARKLY", "land_council": "CENTRAL LAND COUNCIL", "ntg_region": "BARKLY", "bushtel_url": "https://bushtel.nt.gov.au/profile/234", "population_count": null, "population_used_in_index": 8, "population_basis": "imputed_type_median", "longitude": 133.22064, "latitude": -20.84765, "risk_rating": "Moderate", "fire_plan": "No", "firebreak": "No", "fuel_reduction": "No", "has_coverage": false, "coverage_status": "Outside predicted coverage", "nearest_tower_km": 76.7, "nearby_carriers": 0, "carrier_names": "None", "hazard_H": 0.6, "unreachability_U": 1.0, "exposure_E": 0.2779, "wbi_score": 55.0, "wbi_tier": "High", "wbi_rank": 139, "strict_blackspot": false}, "geometry": {"type": "Point", "coordinates": [133.22064, -20.84765]}}, {"type": "Feature", "properties": {"objectid": 989, "community_id": 989, "community_name": "Jimilaya", "community_aliases": "BLACK CRAGGY ISLAND", "community_type": "Family Outstation", "main_language": "Not recorded", "local_govt_council": "ROPER GULF", "land_council": "NORTHERN LAND COUNCIL", "ntg_region": "BIG RIVERS", "bushtel_url": "https://bushtel.nt.gov.au/profile/989", "population_count": null, "population_used_in_index": 8, "population_basis": "imputed_type_median", "longitude": 136.67467, "latitude": -15.60885, "risk_rating": "Moderate", "fire_plan": "No", "firebreak": "No", "fuel_reduction": "No", "has_coverage": false, "coverage_status": "Outside predicted coverage", "nearest_tower_km": 63.2, "nearby_carriers": 0, "carrier_names": "None", "hazard_H": 0.6, "unreachability_U": 1.0, "exposure_E": 0.2779, "wbi_score": 55.0, "wbi_tier": "High", "wbi_rank": 139, "strict_blackspot": false}, "geometry": {"type": "Point", "coordinates": [136.67467, -15.60885]}}, {"type": "Feature", "properties": {"objectid": 695, "community_id": 695, "community_name": "Jungarrayi Warrnu", "community_aliases": "JUNGARRAYIWARNU,NEW HAVEN YARIBILANGU,YARIPILANGU", "community_type": "Family Outstation", "main_language": "Not recorded", "local_govt_council": "CENTRAL DESERT", "land_council": "CENTRAL LAND COUNCIL", "ntg_region": "CENTRAL AUSTRALIA", "bushtel_url": "https://bushtel.nt.gov.au/profile/695", "population_count": null, "population_used_in_index": 8, "population_basis": "imputed_type_median", "longitude": 131.43088, "latitude": -22.68594, "risk_rating": "Moderate", "fire_plan": "No", "firebreak": "No", "fuel_reduction": "No", "has_coverage": false, "coverage_status": "Outside predicted coverage", "nearest_tower_km": 61.3, "nearby_carriers": 0, "carrier_names": "None", "hazard_H": 0.6, "unreachability_U": 1.0, "exposure_E": 0.2779, "wbi_score": 55.0, "wbi_tier": "High", "wbi_rank": 139, "strict_blackspot": false}, "geometry": {"type": "Point", "coordinates": [131.43088, -22.68594]}}, {"type": "Feature", "properties": {"objectid": 646, "community_id": 646, "community_name": "Jiwaranpa", "community_aliases": "JIWAN,JWARNPA,KAMARA,KAMIRA,TALBOT WELL", "community_type": "Family Outstation", "main_language": "Not recorded", "local_govt_council": "CENTRAL DESERT", "land_council": "CENTRAL LAND COUNCIL", "ntg_region": "CENTRAL AUSTRALIA", "bushtel_url": "https://bushtel.nt.gov.au/profile/646", "population_count": null, "population_used_in_index": 8, "population_basis": "imputed_type_median", "longitude": 129.92674, "latitude": -19.55541, "risk_rating": "Moderate", "fire_plan": "No", "firebreak": "No", "fuel_reduction": "No", "has_coverage": false, "coverage_status": "Outside predicted coverage", "nearest_tower_km": 107.7, "nearby_carriers": 0, "carrier_names": "None", "hazard_H": 0.6, "unreachability_U": 1.0, "exposure_E": 0.2779, "wbi_score": 55.0, "wbi_tier": "High", "wbi_rank": 139, "strict_blackspot": false}, "geometry": {"type": "Point", "coordinates": [129.92674, -19.55541]}}, {"type": "Feature", "properties": {"objectid": 974, "community_id": 974, "community_name": "Napagunpa", "community_aliases": "NGAPAGUNPA", "community_type": "Family Outstation", "main_language": "Not recorded", "local_govt_council": "BARKLY", "land_council": "CENTRAL LAND COUNCIL", "ntg_region": "BARKLY", "bushtel_url": "https://bushtel.nt.gov.au/profile/974", "population_count": null, "population_used_in_index": 8, "population_basis": "imputed_type_median", "longitude": 133.61851, "latitude": -19.10426, "risk_rating": "Moderate", "fire_plan": "No", "firebreak": "No", "fuel_reduction": "No", "has_coverage": false, "coverage_status": "Outside predicted coverage", "nearest_tower_km": 72.1, "nearby_carriers": 0, "carrier_names": "None", "hazard_H": 0.6, "unreachability_U": 1.0, "exposure_E": 0.2779, "wbi_score": 55.0, "wbi_tier": "High", "wbi_rank": 139, "strict_blackspot": false}, "geometry": {"type": "Point", "coordinates": [133.61851, -19.10426]}}, {"type": "Feature", "properties": {"objectid": 16207, "community_id": 16207, "community_name": "Ngangurr", "community_aliases": "No aliases recorded with NTG DIPL", "community_type": "Family Outstation", "main_language": "Not recorded", "local_govt_council": "MACDONNELL", "land_council": "CENTRAL LAND COUNCIL", "ntg_region": "CENTRAL AUSTRALIA", "bushtel_url": "https://bushtel.nt.gov.au/profile/16207", "population_count": null, "population_used_in_index": 8, "population_basis": "imputed_type_median", "longitude": 129.9158, "latitude": -25.2236, "risk_rating": "Moderate", "fire_plan": "No", "firebreak": "No", "fuel_reduction": "No", "has_coverage": false, "coverage_status": "Outside predicted coverage", "nearest_tower_km": 92.8, "nearby_carriers": 0, "carrier_names": "None", "hazard_H": 0.6, "unreachability_U": 1.0, "exposure_E": 0.2779, "wbi_score": 55.0, "wbi_tier": "High", "wbi_rank": 139, "strict_blackspot": false}, "geometry": {"type": "Point", "coordinates": [129.9158, -25.2236]}}, {"type": "Feature", "properties": {"objectid": 631, "community_id": 631, "community_name": "Duck Ponds", "community_aliases": "KULINGALIMPAU,MIRRIRINYUNGU,MURRINYU", "community_type": "Family Outstation", "main_language": "Not recorded", "local_govt_council": "CENTRAL DESERT", "land_council": "CENTRAL LAND COUNCIL", "ntg_region": "CENTRAL AUSTRALIA", "bushtel_url": "https://bushtel.nt.gov.au/profile/631", "population_count": null, "population_used_in_index": 8, "population_basis": "imputed_type_median", "longitude": 131.27766, "latitude": -18.77377, "risk_rating": "Moderate", "fire_plan": "No", "firebreak": "No", "fuel_reduction": "No", "has_coverage": false, "coverage_status": "Outside predicted coverage", "nearest_tower_km": 83.8, "nearby_carriers": 0, "carrier_names": "None", "hazard_H": 0.6, "unreachability_U": 1.0, "exposure_E": 0.2779, "wbi_score": 55.0, "wbi_tier": "High", "wbi_rank": 139, "strict_blackspot": false}, "geometry": {"type": "Point", "coordinates": [131.27766, -18.77377]}}, {"type": "Feature", "properties": {"objectid": 757, "community_id": 757, "community_name": "Chilla Well", "community_aliases": "JILA,TJILLA", "community_type": "Family Outstation", "main_language": "Not recorded", "local_govt_council": "CENTRAL DESERT", "land_council": "CENTRAL LAND COUNCIL", "ntg_region": "CENTRAL AUSTRALIA", "bushtel_url": "https://bushtel.nt.gov.au/profile/757", "population_count": null, "population_used_in_index": 8, "population_basis": "imputed_type_median", "longitude": 130.97067, "latitude": -21.52777, "risk_rating": "Moderate", "fire_plan": "No", "firebreak": "No", "fuel_reduction": "No", "has_coverage": false, "coverage_status": "Outside predicted coverage", "nearest_tower_km": 117.4, "nearby_carriers": 0, "carrier_names": "None", "hazard_H": 0.6, "unreachability_U": 1.0, "exposure_E": 0.2779, "wbi_score": 55.0, "wbi_tier": "High", "wbi_rank": 139, "strict_blackspot": false}, "geometry": {"type": "Point", "coordinates": [130.97067, -21.52777]}}, {"type": "Feature", "properties": {"objectid": 40, "community_id": 40, "community_name": "Parrulyu", "community_aliases": "MT DAVIDSON,YARRIPIRRI", "community_type": "Family Outstation", "main_language": "Not recorded", "local_govt_council": "CENTRAL DESERT", "land_council": "CENTRAL LAND COUNCIL", "ntg_region": "CENTRAL AUSTRALIA", "bushtel_url": "https://bushtel.nt.gov.au/profile/40", "population_count": null, "population_used_in_index": 8, "population_basis": "imputed_type_median", "longitude": 130.90912, "latitude": -20.45276, "risk_rating": "Moderate", "fire_plan": "No", "firebreak": "No", "fuel_reduction": "No", "has_coverage": false, "coverage_status": "Outside predicted coverage", "nearest_tower_km": 61.0, "nearby_carriers": 0, "carrier_names": "None", "hazard_H": 0.6, "unreachability_U": 1.0, "exposure_E": 0.2779, "wbi_score": 55.0, "wbi_tier": "High", "wbi_rank": 139, "strict_blackspot": false}, "geometry": {"type": "Point", "coordinates": [130.90912, -20.45276]}}, {"type": "Feature", "properties": {"objectid": 731, "community_id": 731, "community_name": "Ngappamilarnu", "community_aliases": "MANGALAURNA,NGAPAMILARNU,NGAPPAMILARWU,PAWARINJI,YANKIRIKILANGU,YANKIRRAKALONG", "community_type": "Family Outstation", "main_language": "Not recorded", "local_govt_council": "BARKLY", "land_council": "CENTRAL LAND COUNCIL", "ntg_region": "BARKLY", "bushtel_url": "https://bushtel.nt.gov.au/profile/731", "population_count": null, "population_used_in_index": 8, "population_basis": "imputed_type_median", "longitude": 133.27846, "latitude": -19.86188, "risk_rating": "Moderate", "fire_plan": "No", "firebreak": "No", "fuel_reduction": "No", "has_coverage": false, "coverage_status": "Outside predicted coverage", "nearest_tower_km": 97.6, "nearby_carriers": 0, "carrier_names": "None", "hazard_H": 0.6, "unreachability_U": 1.0, "exposure_E": 0.2779, "wbi_score": 55.0, "wbi_tier": "High", "wbi_rank": 139, "strict_blackspot": false}, "geometry": {"type": "Point", "coordinates": [133.27846, -19.86188]}}, {"type": "Feature", "properties": {"objectid": 194, "community_id": 194, "community_name": "Yatemans Bore", "community_aliases": "IRRANDI,IRRIANDI", "community_type": "Family Outstation", "main_language": "Not recorded", "local_govt_council": "MACDONNELL", "land_council": "CENTRAL LAND COUNCIL", "ntg_region": "CENTRAL AUSTRALIA", "bushtel_url": "https://bushtel.nt.gov.au/profile/194", "population_count": null, "population_used_in_index": 8, "population_basis": "imputed_type_median", "longitude": 131.61441, "latitude": -23.68622, "risk_rating": "Moderate", "fire_plan": "No", "firebreak": "No", "fuel_reduction": "No", "has_coverage": false, "coverage_status": "Outside predicted coverage", "nearest_tower_km": 59.0, "nearby_carriers": 0, "carrier_names": "None", "hazard_H": 0.6, "unreachability_U": 1.0, "exposure_E": 0.2779, "wbi_score": 55.0, "wbi_tier": "High", "wbi_rank": 139, "strict_blackspot": false}, "geometry": {"type": "Point", "coordinates": [131.61441, -23.68622]}}, {"type": "Feature", "properties": {"objectid": 1010, "community_id": 1010, "community_name": "Yulbara", "community_aliases": "ULBARA POINT", "community_type": "Family Outstation", "main_language": "Not recorded", "local_govt_council": "ROPER GULF", "land_council": "NORTHERN LAND COUNCIL", "ntg_region": "BIG RIVERS", "bushtel_url": "https://bushtel.nt.gov.au/profile/1010", "population_count": null, "population_used_in_index": 8, "population_basis": "imputed_type_median", "longitude": 136.9997, "latitude": -15.7777, "risk_rating": "Moderate", "fire_plan": "No", "firebreak": "No", "fuel_reduction": "No", "has_coverage": false, "coverage_status": "Outside predicted coverage", "nearest_tower_km": 80.3, "nearby_carriers": 0, "carrier_names": "None", "hazard_H": 0.6, "unreachability_U": 1.0, "exposure_E": 0.2779, "wbi_score": 55.0, "wbi_tier": "High", "wbi_rank": 139, "strict_blackspot": false}, "geometry": {"type": "Point", "coordinates": [136.9997, -15.7777]}}, {"type": "Feature", "properties": {"objectid": 200, "community_id": 200, "community_name": "Yumurrpa", "community_aliases": "CAVES BORE,YUMURLPA", "community_type": "Family Outstation", "main_language": "Not recorded", "local_govt_council": "CENTRAL DESERT", "land_council": "CENTRAL LAND COUNCIL", "ntg_region": "CENTRAL AUSTRALIA", "bushtel_url": "https://bushtel.nt.gov.au/profile/200", "population_count": null, "population_used_in_index": 8, "population_basis": "imputed_type_median", "longitude": 130.78047, "latitude": -21.62731, "risk_rating": "Moderate", "fire_plan": "No", "firebreak": "No", "fuel_reduction": "No", "has_coverage": false, "coverage_status": "Outside predicted coverage", "nearest_tower_km": 116.3, "nearby_carriers": 0, "carrier_names": "None", "hazard_H": 0.6, "unreachability_U": 1.0, "exposure_E": 0.2779, "wbi_score": 55.0, "wbi_tier": "High", "wbi_rank": 139, "strict_blackspot": false}, "geometry": {"type": "Point", "coordinates": [130.78047, -21.62731]}}, {"type": "Feature", "properties": {"objectid": 833, "community_id": 833, "community_name": "Lake Katherine", "community_aliases": "No aliases recorded with NTG DIPL", "community_type": "Family Outstation", "main_language": "Not recorded", "local_govt_council": "ROPER GULF", "land_council": "NORTHERN LAND COUNCIL", "ntg_region": "BIG RIVERS", "bushtel_url": "https://bushtel.nt.gov.au/profile/833", "population_count": null, "population_used_in_index": 8, "population_basis": "imputed_type_median", "longitude": 135.06805, "latitude": -14.27374, "risk_rating": "Moderate", "fire_plan": "No", "firebreak": "No", "fuel_reduction": "No", "has_coverage": false, "coverage_status": "Outside predicted coverage", "nearest_tower_km": 62.6, "nearby_carriers": 0, "carrier_names": "None", "hazard_H": 0.6, "unreachability_U": 1.0, "exposure_E": 0.2779, "wbi_score": 55.0, "wbi_tier": "High", "wbi_rank": 139, "strict_blackspot": false}, "geometry": {"type": "Point", "coordinates": [135.06805, -14.27374]}}, {"type": "Feature", "properties": {"objectid": 28, "community_id": 28, "community_name": "Mala", "community_aliases": "No aliases recorded with NTG DIPL", "community_type": "Family Outstation", "main_language": "Not recorded", "local_govt_council": "CENTRAL DESERT", "land_council": "CENTRAL LAND COUNCIL", "ntg_region": "CENTRAL AUSTRALIA", "bushtel_url": "https://bushtel.nt.gov.au/profile/28", "population_count": null, "population_used_in_index": 8, "population_basis": "imputed_type_median", "longitude": 130.85331, "latitude": -21.69494, "risk_rating": "Moderate", "fire_plan": "No", "firebreak": "No", "fuel_reduction": "No", "has_coverage": false, "coverage_status": "Outside predicted coverage", "nearest_tower_km": 110.8, "nearby_carriers": 0, "carrier_names": "None", "hazard_H": 0.6, "unreachability_U": 1.0, "exposure_E": 0.2779, "wbi_score": 55.0, "wbi_tier": "High", "wbi_rank": 139, "strict_blackspot": false}, "geometry": {"type": "Point", "coordinates": [130.85331, -21.69494]}}, {"type": "Feature", "properties": {"objectid": 195, "community_id": 195, "community_name": "Yinyiripalangu", "community_aliases": "ETHEL CREEK,NGARI-PALYA", "community_type": "Family Outstation", "main_language": "Not recorded", "local_govt_council": "CENTRAL DESERT", "land_council": "CENTRAL LAND COUNCIL", "ntg_region": "CENTRAL AUSTRALIA", "bushtel_url": "https://bushtel.nt.gov.au/profile/195", "population_count": null, "population_used_in_index": 8, "population_basis": "imputed_type_median", "longitude": 130.20558, "latitude": -22.21046, "risk_rating": "Moderate", "fire_plan": "No", "firebreak": "No", "fuel_reduction": "No", "has_coverage": false, "coverage_status": "Outside predicted coverage", "nearest_tower_km": 60.6, "nearby_carriers": 0, "carrier_names": "None", "hazard_H": 0.6, "unreachability_U": 1.0, "exposure_E": 0.2779, "wbi_score": 55.0, "wbi_tier": "High", "wbi_rank": 139, "strict_blackspot": false}, "geometry": {"type": "Point", "coordinates": [130.20558, -22.21046]}}, {"type": "Feature", "properties": {"objectid": 1023, "community_id": 1023, "community_name": "Arkanta", "community_aliases": "AKANTA,NO 5 BORE", "community_type": "Family Outstation", "main_language": "Not recorded", "local_govt_council": "MACDONNELL", "land_council": "CENTRAL LAND COUNCIL", "ntg_region": "CENTRAL AUSTRALIA", "bushtel_url": "https://bushtel.nt.gov.au/profile/1023", "population_count": 8, "population_used_in_index": 8, "population_basis": "risk_dataset", "longitude": 132.81995, "latitude": -24.52148, "risk_rating": "Moderate", "fire_plan": "No", "firebreak": "Yes", "fuel_reduction": "Yes", "has_coverage": false, "coverage_status": "Outside predicted coverage", "nearest_tower_km": 51.8, "nearby_carriers": 0, "carrier_names": "None", "hazard_H": 0.6, "unreachability_U": 1.0, "exposure_E": 0.2779, "wbi_score": 55.0, "wbi_tier": "High", "wbi_rank": 139, "strict_blackspot": false}, "geometry": {"type": "Point", "coordinates": [132.81995, -24.52148]}}, {"type": "Feature", "properties": {"objectid": 288, "community_id": 288, "community_name": "Araru Point", "community_aliases": "ARARU", "community_type": "Family Outstation", "main_language": "Not recorded", "local_govt_council": "WEST ARNHEM", "land_council": "NORTHERN LAND COUNCIL", "ntg_region": "TOP END", "bushtel_url": "https://bushtel.nt.gov.au/profile/288", "population_count": 8, "population_used_in_index": 8, "population_basis": "risk_dataset", "longitude": 131.87783, "latitude": -11.19364, "risk_rating": "Moderate", "fire_plan": "No", "firebreak": "Yes", "fuel_reduction": "Yes", "has_coverage": false, "coverage_status": "Outside predicted coverage", "nearest_tower_km": 76.1, "nearby_carriers": 0, "carrier_names": "None", "hazard_H": 0.6, "unreachability_U": 1.0, "exposure_E": 0.2779, "wbi_score": 55.0, "wbi_tier": "High", "wbi_rank": 139, "strict_blackspot": false}, "geometry": {"type": "Point", "coordinates": [131.87783, -11.19364]}}, {"type": "Feature", "properties": {"objectid": 253, "community_id": 253, "community_name": "Nuradidgee", "community_aliases": "NGURADIDGEE,NGURAMINYI,NGUYARRMINI,NURADIGEE", "community_type": "Family Outstation", "main_language": "Not recorded", "local_govt_council": "BARKLY", "land_council": "CENTRAL LAND COUNCIL", "ntg_region": "BARKLY", "bushtel_url": "https://bushtel.nt.gov.au/profile/253", "population_count": null, "population_used_in_index": 8, "population_basis": "imputed_type_median", "longitude": 134.50849, "latitude": -20.11437, "risk_rating": "Moderate", "fire_plan": "No", "firebreak": "No", "fuel_reduction": "No", "has_coverage": false, "coverage_status": "Outside predicted coverage", "nearest_tower_km": 55.1, "nearby_carriers": 0, "carrier_names": "None", "hazard_H": 0.6, "unreachability_U": 1.0, "exposure_E": 0.2779, "wbi_score": 55.0, "wbi_tier": "High", "wbi_rank": 139, "strict_blackspot": false}, "geometry": {"type": "Point", "coordinates": [134.50849, -20.11437]}}, {"type": "Feature", "properties": {"objectid": 126, "community_id": 126, "community_name": "Ngkwarlerlanem", "community_aliases": "NGKWARLALANIMA,NGWALALANIMA", "community_type": "Family Outstation", "main_language": "Not recorded", "local_govt_council": "BARKLY", "land_council": "CENTRAL LAND COUNCIL", "ntg_region": "BARKLY", "bushtel_url": "https://bushtel.nt.gov.au/profile/126", "population_count": null, "population_used_in_index": 8, "population_basis": "imputed_type_median", "longitude": 134.79113, "latitude": -21.72741, "risk_rating": "High", "fire_plan": "No", "firebreak": "No", "fuel_reduction": "No", "has_coverage": true, "coverage_status": "Inside predicted coverage", "nearest_tower_km": 40.0, "nearby_carriers": 0, "carrier_names": "None", "hazard_H": 1.0, "unreachability_U": 0.6, "exposure_E": 0.2779, "wbi_score": 55.0, "wbi_tier": "High", "wbi_rank": 139, "strict_blackspot": false}, "geometry": {"type": "Point", "coordinates": [134.79113, -21.72741]}}, {"type": "Feature", "properties": {"objectid": 55, "community_id": 55, "community_name": "Injirramurri", "community_aliases": "YINJIRMARDI,YINTJIRRIMARDI", "community_type": "Family Outstation", "main_language": "Not recorded", "local_govt_council": "CENTRAL DESERT", "land_council": "CENTRAL LAND COUNCIL", "ntg_region": "CENTRAL AUSTRALIA", "bushtel_url": "https://bushtel.nt.gov.au/profile/55", "population_count": null, "population_used_in_index": 8, "population_basis": "imputed_type_median", "longitude": 131.12911, "latitude": -22.46523, "risk_rating": "Moderate", "fire_plan": "No", "firebreak": "No", "fuel_reduction": "No", "has_coverage": false, "coverage_status": "Outside predicted coverage", "nearest_tower_km": 62.8, "nearby_carriers": 0, "carrier_names": "None", "hazard_H": 0.6, "unreachability_U": 1.0, "exposure_E": 0.2779, "wbi_score": 55.0, "wbi_tier": "High", "wbi_rank": 139, "strict_blackspot": false}, "geometry": {"type": "Point", "coordinates": [131.12911, -22.46523]}}, {"type": "Feature", "properties": {"objectid": 604, "community_id": 604, "community_name": "Picininny Bore", "community_aliases": "BLACK HILLS,TJABALAJABALA", "community_type": "Family Outstation", "main_language": "Not recorded", "local_govt_council": "CENTRAL DESERT", "land_council": "CENTRAL LAND COUNCIL", "ntg_region": "CENTRAL AUSTRALIA", "bushtel_url": "https://bushtel.nt.gov.au/profile/604", "population_count": null, "population_used_in_index": 8, "population_basis": "imputed_type_median", "longitude": 129.78279, "latitude": -19.82711, "risk_rating": "Moderate", "fire_plan": "No", "firebreak": "No", "fuel_reduction": "No", "has_coverage": false, "coverage_status": "Outside predicted coverage", "nearest_tower_km": 79.5, "nearby_carriers": 0, "carrier_names": "None", "hazard_H": 0.6, "unreachability_U": 1.0, "exposure_E": 0.2779, "wbi_score": 55.0, "wbi_tier": "High", "wbi_rank": 139, "strict_blackspot": false}, "geometry": {"type": "Point", "coordinates": [129.78279, -19.82711]}}, {"type": "Feature", "properties": {"objectid": 907, "community_id": 907, "community_name": "Ngurrara", "community_aliases": "FREWENA,WOLLALA", "community_type": "Family Outstation", "main_language": "Not recorded", "local_govt_council": "BARKLY", "land_council": "NORTHERN LAND COUNCIL", "ntg_region": "BARKLY", "bushtel_url": "https://bushtel.nt.gov.au/profile/907", "population_count": 8, "population_used_in_index": 8, "population_basis": "risk_dataset", "longitude": 135.40553, "latitude": -19.42135, "risk_rating": "Moderate", "fire_plan": "No", "firebreak": "Yes", "fuel_reduction": "Yes", "has_coverage": false, "coverage_status": "Outside predicted coverage", "nearest_tower_km": 54.6, "nearby_carriers": 0, "carrier_names": "None", "hazard_H": 0.6, "unreachability_U": 1.0, "exposure_E": 0.2779, "wbi_score": 55.0, "wbi_tier": "High", "wbi_rank": 139, "strict_blackspot": false}, "geometry": {"type": "Point", "coordinates": [135.40553, -19.42135]}}, {"type": "Feature", "properties": {"objectid": 141, "community_id": 141, "community_name": "Puta Puta", "community_aliases": "No aliases recorded with NTG DIPL", "community_type": "Family Outstation", "main_language": "Not recorded", "local_govt_council": "MACDONNELL", "land_council": "CENTRAL LAND COUNCIL", "ntg_region": "CENTRAL AUSTRALIA", "bushtel_url": "https://bushtel.nt.gov.au/profile/141", "population_count": null, "population_used_in_index": 8, "population_basis": "imputed_type_median", "longitude": 129.64045, "latitude": -25.07345, "risk_rating": "Moderate", "fire_plan": "No", "firebreak": "No", "fuel_reduction": "No", "has_coverage": false, "coverage_status": "Outside predicted coverage", "nearest_tower_km": 60.8, "nearby_carriers": 0, "carrier_names": "None", "hazard_H": 0.6, "unreachability_U": 1.0, "exposure_E": 0.2779, "wbi_score": 55.0, "wbi_tier": "High", "wbi_rank": 139, "strict_blackspot": false}, "geometry": {"type": "Point", "coordinates": [129.64045, -25.07345]}}, {"type": "Feature", "properties": {"objectid": 255, "community_id": 255, "community_name": "Pingala", "community_aliases": "JRUNTU JANGU,JURNTA JUNGU,JURNTU JUNGU,NUALIDU", "community_type": "Family Outstation", "main_language": "Not recorded", "local_govt_council": "BARKLY", "land_council": "CENTRAL LAND COUNCIL", "ntg_region": "BARKLY", "bushtel_url": "https://bushtel.nt.gov.au/profile/255", "population_count": null, "population_used_in_index": 8, "population_basis": "imputed_type_median", "longitude": 133.882691, "latitude": -19.093204, "risk_rating": "Moderate", "fire_plan": "No", "firebreak": "No", "fuel_reduction": "No", "has_coverage": false, "coverage_status": "Outside predicted coverage", "nearest_tower_km": 51.3, "nearby_carriers": 0, "carrier_names": "None", "hazard_H": 0.6, "unreachability_U": 1.0, "exposure_E": 0.2779, "wbi_score": 55.0, "wbi_tier": "High", "wbi_rank": 139, "strict_blackspot": false}, "geometry": {"type": "Point", "coordinates": [133.882691, -19.093204]}}, {"type": "Feature", "properties": {"objectid": 752, "community_id": 752, "community_name": "Pinja", "community_aliases": "MT WINNECKE,PIELEGJA,PILEAJA,WINNECKE CREEK", "community_type": "Family Outstation", "main_language": "Not recorded", "local_govt_council": "CENTRAL DESERT", "land_council": "CENTRAL LAND COUNCIL", "ntg_region": "BIG RIVERS", "bushtel_url": "https://bushtel.nt.gov.au/profile/752", "population_count": null, "population_used_in_index": 8, "population_basis": "imputed_type_median", "longitude": 130.37095, "latitude": -18.80958, "risk_rating": "Moderate", "fire_plan": "No", "firebreak": "No", "fuel_reduction": "No", "has_coverage": false, "coverage_status": "Outside predicted coverage", "nearest_tower_km": 60.0, "nearby_carriers": 0, "carrier_names": "None", "hazard_H": 0.6, "unreachability_U": 1.0, "exposure_E": 0.2779, "wbi_score": 55.0, "wbi_tier": "High", "wbi_rank": 139, "strict_blackspot": false}, "geometry": {"type": "Point", "coordinates": [130.37095, -18.80958]}}, {"type": "Feature", "properties": {"objectid": 142, "community_id": 142, "community_name": "Puyurru", "community_aliases": "No aliases recorded with NTG DIPL", "community_type": "Family Outstation", "main_language": "Not recorded", "local_govt_council": "CENTRAL DESERT", "land_council": "CENTRAL LAND COUNCIL", "ntg_region": "CENTRAL AUSTRALIA", "bushtel_url": "https://bushtel.nt.gov.au/profile/142", "population_count": null, "population_used_in_index": 8, "population_basis": "imputed_type_median", "longitude": 130.81753, "latitude": -21.33117, "risk_rating": "Moderate", "fire_plan": "No", "firebreak": "No", "fuel_reduction": "No", "has_coverage": false, "coverage_status": "Outside predicted coverage", "nearest_tower_km": 100.3, "nearby_carriers": 0, "carrier_names": "None", "hazard_H": 0.6, "unreachability_U": 1.0, "exposure_E": 0.2779, "wbi_score": 55.0, "wbi_tier": "High", "wbi_rank": 139, "strict_blackspot": false}, "geometry": {"type": "Point", "coordinates": [130.81753, -21.33117]}}, {"type": "Feature", "properties": {"objectid": 854, "community_id": 854, "community_name": "Pantyinteme", "community_aliases": "CAVE HOLE", "community_type": "Family Outstation", "main_language": "Not recorded", "local_govt_council": "MACDONNELL", "land_council": "CENTRAL LAND COUNCIL", "ntg_region": "CENTRAL AUSTRALIA", "bushtel_url": "https://bushtel.nt.gov.au/profile/854", "population_count": 10, "population_used_in_index": 10, "population_basis": "risk_dataset", "longitude": 133.11207, "latitude": -24.45011, "risk_rating": "Moderate", "fire_plan": "No", "firebreak": "Yes", "fuel_reduction": "Yes", "has_coverage": false, "coverage_status": "Outside predicted coverage", "nearest_tower_km": 36.3, "nearby_carriers": 0, "carrier_names": "None", "hazard_H": 0.6, "unreachability_U": 0.9087, "exposure_E": 0.3033, "wbi_score": 54.9, "wbi_tier": "High", "wbi_rank": 178, "strict_blackspot": false}, "geometry": {"type": "Point", "coordinates": [133.11207, -24.45011]}}, {"type": "Feature", "properties": {"objectid": 311, "community_id": 311, "community_name": "Ji-Bena", "community_aliases": "DJEBENNA", "community_type": "Family Outstation", "main_language": "Not recorded", "local_govt_council": "WEST ARNHEM", "land_council": "NORTHERN LAND COUNCIL", "ntg_region": "TOP END", "bushtel_url": "https://bushtel.nt.gov.au/profile/311", "population_count": 28, "population_used_in_index": 28, "population_basis": "risk_dataset", "longitude": 134.5264, "latitude": -12.14418, "risk_rating": "Moderate", "fire_plan": "No", "firebreak": "Yes", "fuel_reduction": "Yes", "has_coverage": false, "coverage_status": "Outside predicted coverage", "nearest_tower_km": 13.8, "nearby_carriers": 1, "carrier_names": "Telstra", "hazard_H": 0.6, "unreachability_U": 0.6476, "exposure_E": 0.4259, "wbi_score": 54.9, "wbi_tier": "High", "wbi_rank": 178, "strict_blackspot": false}, "geometry": {"type": "Point", "coordinates": [134.5264, -12.14418]}}, {"type": "Feature", "properties": {"objectid": 730, "community_id": 730, "community_name": "Pungalindum", "community_aliases": "ALPARRINYA,APENGARLINTEM,APUNGALINDUM,PUNGALINDEM,PUNGALINOEM", "community_type": "Family Outstation", "main_language": "Not recorded", "local_govt_council": "BARKLY", "land_council": "CENTRAL LAND COUNCIL", "ntg_region": "BARKLY", "bushtel_url": "https://bushtel.nt.gov.au/profile/730", "population_count": 33, "population_used_in_index": 33, "population_basis": "bushtel", "longitude": 134.68879, "latitude": -22.07061, "risk_rating": "Moderate", "fire_plan": "No", "firebreak": "Yes", "fuel_reduction": "Yes", "has_coverage": false, "coverage_status": "Outside predicted coverage", "nearest_tower_km": 9.1, "nearby_carriers": 1, "carrier_names": "Telstra", "hazard_H": 0.6, "unreachability_U": 0.6162, "exposure_E": 0.446, "wbi_score": 54.8, "wbi_tier": "High", "wbi_rank": 180, "strict_blackspot": false}, "geometry": {"type": "Point", "coordinates": [134.68879, -22.07061]}}, {"type": "Feature", "properties": {"objectid": 748, "community_id": 748, "community_name": "Walu", "community_aliases": "TJILKAMATA", "community_type": "Family Outstation", "main_language": "Not recorded", "local_govt_council": "MACDONNELL", "land_council": "CENTRAL LAND COUNCIL", "ntg_region": "CENTRAL AUSTRALIA", "bushtel_url": "https://bushtel.nt.gov.au/profile/748", "population_count": null, "population_used_in_index": 8, "population_basis": "imputed_type_median", "longitude": 129.52559, "latitude": -24.73711, "risk_rating": "Moderate", "fire_plan": "No", "firebreak": "No", "fuel_reduction": "No", "has_coverage": false, "coverage_status": "Outside predicted coverage", "nearest_tower_km": 47.4, "nearby_carriers": 0, "carrier_names": "None", "hazard_H": 0.6, "unreachability_U": 0.9827, "exposure_E": 0.2779, "wbi_score": 54.7, "wbi_tier": "High", "wbi_rank": 181, "strict_blackspot": false}, "geometry": {"type": "Point", "coordinates": [129.52559, -24.73711]}}, {"type": "Feature", "properties": {"objectid": 630, "community_id": 630, "community_name": "Mumpumampu", "community_aliases": "MAMBUMAMBU,MIALURRA,MUMBA MUMBA,MUMBO MUMBO,MUMBU MUMBU", "community_type": "Family Outstation", "main_language": "Not recorded", "local_govt_council": "ROPER GULF", "land_council": "NORTHERN LAND COUNCIL", "ntg_region": "BIG RIVERS", "bushtel_url": "https://bushtel.nt.gov.au/profile/630", "population_count": null, "population_used_in_index": 8, "population_basis": "imputed_type_median", "longitude": 135.328347, "latitude": -14.384181, "risk_rating": "Moderate", "fire_plan": "No", "firebreak": "No", "fuel_reduction": "No", "has_coverage": false, "coverage_status": "Outside predicted coverage", "nearest_tower_km": 45.9, "nearby_carriers": 0, "carrier_names": "None", "hazard_H": 0.6, "unreachability_U": 0.9727, "exposure_E": 0.2779, "wbi_score": 54.5, "wbi_tier": "High", "wbi_rank": 182, "strict_blackspot": false}, "geometry": {"type": "Point", "coordinates": [135.328347, -14.384181]}}, {"type": "Feature", "properties": {"objectid": 847, "community_id": 847, "community_name": "Mcdonalds Yard", "community_aliases": "BURURU,PURURU", "community_type": "Family Outstation", "main_language": "Not recorded", "local_govt_council": "VICTORIA DALY", "land_council": "CENTRAL LAND COUNCIL", "ntg_region": "BIG RIVERS", "bushtel_url": "https://bushtel.nt.gov.au/profile/847", "population_count": null, "population_used_in_index": 8, "population_basis": "imputed_type_median", "longitude": 130.59211, "latitude": -17.78239, "risk_rating": "Moderate", "fire_plan": "No", "firebreak": "Yes", "fuel_reduction": "No", "has_coverage": false, "coverage_status": "Outside predicted coverage", "nearest_tower_km": 45.5, "nearby_carriers": 0, "carrier_names": "None", "hazard_H": 0.6, "unreachability_U": 0.97, "exposure_E": 0.2779, "wbi_score": 54.5, "wbi_tier": "High", "wbi_rank": 182, "strict_blackspot": false}, "geometry": {"type": "Point", "coordinates": [130.59211, -17.78239]}}, {"type": "Feature", "properties": {"objectid": 181, "community_id": 181, "community_name": "Wayililinypa", "community_aliases": "NGANA,WAYLILINPA,WAYLILYNPA", "community_type": "Family Outstation", "main_language": "Not recorded", "local_govt_council": "CENTRAL DESERT", "land_council": "CENTRAL LAND COUNCIL", "ntg_region": "CENTRAL AUSTRALIA", "bushtel_url": "https://bushtel.nt.gov.au/profile/181", "population_count": null, "population_used_in_index": 8, "population_basis": "imputed_type_median", "longitude": 131.44669, "latitude": -22.50196, "risk_rating": "Moderate", "fire_plan": "No", "firebreak": "No", "fuel_reduction": "No", "has_coverage": false, "coverage_status": "Outside predicted coverage", "nearest_tower_km": 45.7, "nearby_carriers": 0, "carrier_names": "None", "hazard_H": 0.6, "unreachability_U": 0.9713, "exposure_E": 0.2779, "wbi_score": 54.5, "wbi_tier": "High", "wbi_rank": 182, "strict_blackspot": false}, "geometry": {"type": "Point", "coordinates": [131.44669, -22.50196]}}, {"type": "Feature", "properties": {"objectid": 109, "community_id": 109, "community_name": "Mount Barkly", "community_aliases": "BAU,PAMU,PAWA,PAWU LAND TRUST", "community_type": "Family Outstation", "main_language": "Not recorded", "local_govt_council": "CENTRAL DESERT", "land_council": "CENTRAL LAND COUNCIL", "ntg_region": "CENTRAL AUSTRALIA", "bushtel_url": "https://bushtel.nt.gov.au/profile/109", "population_count": null, "population_used_in_index": 8, "population_basis": "imputed_type_median", "longitude": 132.44114, "latitude": -21.61391, "risk_rating": "Moderate", "fire_plan": "No", "firebreak": "No", "fuel_reduction": "No", "has_coverage": false, "coverage_status": "Outside predicted coverage", "nearest_tower_km": 44.7, "nearby_carriers": 0, "carrier_names": "None", "hazard_H": 0.6, "unreachability_U": 0.9647, "exposure_E": 0.2779, "wbi_score": 54.4, "wbi_tier": "High", "wbi_rank": 185, "strict_blackspot": false}, "geometry": {"type": "Point", "coordinates": [132.44114, -21.61391]}}, {"type": "Feature", "properties": {"objectid": 705, "community_id": 705, "community_name": "Ulbulla", "community_aliases": "JULALIKARI", "community_type": "Family Outstation", "main_language": "Not recorded", "local_govt_council": "MACDONNELL", "land_council": "CENTRAL LAND COUNCIL", "ntg_region": "CENTRAL AUSTRALIA", "bushtel_url": "https://bushtel.nt.gov.au/profile/705", "population_count": null, "population_used_in_index": 8, "population_basis": "imputed_type_median", "longitude": 133.19644, "latitude": -25.68357, "risk_rating": "High", "fire_plan": "No", "firebreak": "No", "fuel_reduction": "No", "has_coverage": false, "coverage_status": "Outside predicted coverage", "nearest_tower_km": 20.0, "nearby_carriers": 2, "carrier_names": "Optus, Telstra", "hazard_H": 1.0, "unreachability_U": 0.5778, "exposure_E": 0.2779, "wbi_score": 54.4, "wbi_tier": "High", "wbi_rank": 185, "strict_blackspot": false}, "geometry": {"type": "Point", "coordinates": [133.19644, -25.68357]}}, {"type": "Feature", "properties": {"objectid": 527, "community_id": 527, "community_name": "Marraya", "community_aliases": "MARRAIYA", "community_type": "Family Outstation", "main_language": "Not recorded", "local_govt_council": "ROPER GULF", "land_council": "NORTHERN LAND COUNCIL", "ntg_region": "BIG RIVERS", "bushtel_url": "https://bushtel.nt.gov.au/profile/527", "population_count": null, "population_used_in_index": 8, "population_basis": "imputed_type_median", "longitude": 135.80099, "latitude": -13.83939, "risk_rating": "Moderate", "fire_plan": "No", "firebreak": "No", "fuel_reduction": "No", "has_coverage": false, "coverage_status": "Outside predicted coverage", "nearest_tower_km": 43.4, "nearby_carriers": 0, "carrier_names": "None", "hazard_H": 0.6, "unreachability_U": 0.956, "exposure_E": 0.2779, "wbi_score": 54.2, "wbi_tier": "High", "wbi_rank": 187, "strict_blackspot": false}, "geometry": {"type": "Point", "coordinates": [135.80099, -13.83939]}}, {"type": "Feature", "properties": {"objectid": 14, "community_id": 14, "community_name": "Anningie", "community_aliases": "YANGINJ", "community_type": "Family Outstation", "main_language": "Not recorded", "local_govt_council": "CENTRAL DESERT", "land_council": "CENTRAL LAND COUNCIL", "ntg_region": "CENTRAL AUSTRALIA", "bushtel_url": "https://bushtel.nt.gov.au/profile/14", "population_count": null, "population_used_in_index": 8, "population_basis": "imputed_type_median", "longitude": 133.14445, "latitude": -21.83473, "risk_rating": "Moderate", "fire_plan": "No", "firebreak": "No", "fuel_reduction": "No", "has_coverage": false, "coverage_status": "Outside predicted coverage", "nearest_tower_km": 43.5, "nearby_carriers": 0, "carrier_names": "None", "hazard_H": 0.6, "unreachability_U": 0.9567, "exposure_E": 0.2779, "wbi_score": 54.2, "wbi_tier": "High", "wbi_rank": 187, "strict_blackspot": false}, "geometry": {"type": "Point", "coordinates": [133.14445, -21.83473]}}, {"type": "Feature", "properties": {"objectid": 1024, "community_id": 1024, "community_name": "Ganiyarrang", "community_aliases": "GUNIARA,KANNIYARANG,ROSS HILL", "community_type": "Family Outstation", "main_language": "Not recorded", "local_govt_council": "ROPER GULF", "land_council": "NORTHERN LAND COUNCIL", "ntg_region": "BIG RIVERS", "bushtel_url": "https://bushtel.nt.gov.au/profile/1024", "population_count": null, "population_used_in_index": 8, "population_basis": "imputed_type_median", "longitude": 135.02131, "latitude": -14.474999, "risk_rating": "Moderate", "fire_plan": "No", "firebreak": "No", "fuel_reduction": "No", "has_coverage": false, "coverage_status": "Outside predicted coverage", "nearest_tower_km": 42.3, "nearby_carriers": 0, "carrier_names": "None", "hazard_H": 0.6, "unreachability_U": 0.9487, "exposure_E": 0.2779, "wbi_score": 54.1, "wbi_tier": "High", "wbi_rank": 189, "strict_blackspot": false}, "geometry": {"type": "Point", "coordinates": [135.02131, -14.474999]}}, {"type": "Feature", "properties": {"objectid": 78, "community_id": 78, "community_name": "Kungkayunti", "community_aliases": "BROWNS BORE,KUNGKIYUNTI", "community_type": "Family Outstation", "main_language": "Not recorded", "local_govt_council": "MACDONNELL", "land_council": "CENTRAL LAND COUNCIL", "ntg_region": "CENTRAL AUSTRALIA", "bushtel_url": "https://bushtel.nt.gov.au/profile/78", "population_count": null, "population_used_in_index": 8, "population_basis": "imputed_type_median", "longitude": 131.24371, "latitude": -23.62647, "risk_rating": "Moderate", "fire_plan": "No", "firebreak": "No", "fuel_reduction": "No", "has_coverage": false, "coverage_status": "Outside predicted coverage", "nearest_tower_km": 41.5, "nearby_carriers": 0, "carrier_names": "None", "hazard_H": 0.6, "unreachability_U": 0.9433, "exposure_E": 0.2779, "wbi_score": 54.0, "wbi_tier": "High", "wbi_rank": 190, "strict_blackspot": false}, "geometry": {"type": "Point", "coordinates": [131.24371, -23.62647]}}, {"type": "Feature", "properties": {"objectid": 995, "community_id": 995, "community_name": "Wulaburri", "community_aliases": "No aliases recorded with NTG DIPL", "community_type": "Family Outstation", "main_language": "Not recorded", "local_govt_council": "ROPER GULF", "land_council": "NORTHERN LAND COUNCIL", "ntg_region": "BIG RIVERS", "bushtel_url": "https://bushtel.nt.gov.au/profile/995", "population_count": null, "population_used_in_index": 8, "population_basis": "imputed_type_median", "longitude": 136.84162, "latitude": -16.4064, "risk_rating": "Moderate", "fire_plan": "No", "firebreak": "Yes", "fuel_reduction": "No", "has_coverage": false, "coverage_status": "Outside predicted coverage", "nearest_tower_km": 42.0, "nearby_carriers": 0, "carrier_names": "None", "hazard_H": 0.6, "unreachability_U": 0.9467, "exposure_E": 0.2779, "wbi_score": 54.0, "wbi_tier": "High", "wbi_rank": 190, "strict_blackspot": false}, "geometry": {"type": "Point", "coordinates": [136.84162, -16.4064]}}, {"type": "Feature", "properties": {"objectid": 596, "community_id": 596, "community_name": "Gorpulyul", "community_aliases": "DALANGARR,GALPULYU,GALPYUL,GULPULIYUL,GULPULYAL", "community_type": "Family Outstation", "main_language": "Not recorded", "local_govt_council": "ROPER GULF", "land_council": "NORTHERN LAND COUNCIL", "ntg_region": "BIG RIVERS", "bushtel_url": "https://bushtel.nt.gov.au/profile/596", "population_count": null, "population_used_in_index": 8, "population_basis": "imputed_type_median", "longitude": 134.14587, "latitude": -13.34621, "risk_rating": "Moderate", "fire_plan": "No", "firebreak": "No", "fuel_reduction": "No", "has_coverage": false, "coverage_status": "Outside predicted coverage", "nearest_tower_km": 41.9, "nearby_carriers": 0, "carrier_names": "None", "hazard_H": 0.6, "unreachability_U": 0.946, "exposure_E": 0.2779, "wbi_score": 54.0, "wbi_tier": "High", "wbi_rank": 190, "strict_blackspot": false}, "geometry": {"type": "Point", "coordinates": [134.14587, -13.34621]}}, {"type": "Feature", "properties": {"objectid": 183, "community_id": 183, "community_name": "Welmala", "community_aliases": "WIRRMALYANGA", "community_type": "Family Outstation", "main_language": "Not recorded", "local_govt_council": "MACDONNELL", "land_council": "CENTRAL LAND COUNCIL", "ntg_region": "CENTRAL AUSTRALIA", "bushtel_url": "https://bushtel.nt.gov.au/profile/183", "population_count": null, "population_used_in_index": 8, "population_basis": "imputed_type_median", "longitude": 133.26116, "latitude": -25.68278, "risk_rating": "High", "fire_plan": "No", "firebreak": "No", "fuel_reduction": "No", "has_coverage": false, "coverage_status": "Outside predicted coverage", "nearest_tower_km": 17.7, "nearby_carriers": 2, "carrier_names": "Optus, Telstra", "hazard_H": 1.0, "unreachability_U": 0.5624, "exposure_E": 0.2779, "wbi_score": 53.9, "wbi_tier": "High", "wbi_rank": 193, "strict_blackspot": false}, "geometry": {"type": "Point", "coordinates": [133.26116, -25.68278]}}, {"type": "Feature", "properties": {"objectid": 638, "community_id": 638, "community_name": "Parnta", "community_aliases": "WINNECKE", "community_type": "Family Outstation", "main_language": "Not recorded", "local_govt_council": "CENTRAL DESERT", "land_council": "CENTRAL LAND COUNCIL", "ntg_region": "BIG RIVERS", "bushtel_url": "https://bushtel.nt.gov.au/profile/638", "population_count": null, "population_used_in_index": 8, "population_basis": "imputed_type_median", "longitude": 130.65104, "latitude": -18.68438, "risk_rating": "Moderate", "fire_plan": "No", "firebreak": "No", "fuel_reduction": "No", "has_coverage": false, "coverage_status": "Outside predicted coverage", "nearest_tower_km": 39.3, "nearby_carriers": 0, "carrier_names": "None", "hazard_H": 0.6, "unreachability_U": 0.9287, "exposure_E": 0.2779, "wbi_score": 53.7, "wbi_tier": "High", "wbi_rank": 194, "strict_blackspot": false}, "geometry": {"type": "Point", "coordinates": [130.65104, -18.68438]}}, {"type": "Feature", "properties": {"objectid": 869, "community_id": 869, "community_name": "Ngarnka", "community_aliases": "BLUE BUSH", "community_type": "Family Outstation", "main_language": "Not recorded", "local_govt_council": "CENTRAL DESERT", "land_council": "CENTRAL LAND COUNCIL", "ntg_region": "CENTRAL AUSTRALIA", "bushtel_url": "https://bushtel.nt.gov.au/profile/869", "population_count": null, "population_used_in_index": 8, "population_basis": "imputed_type_median", "longitude": 129.90876, "latitude": -20.17566, "risk_rating": "Moderate", "fire_plan": "No", "firebreak": "No", "fuel_reduction": "No", "has_coverage": false, "coverage_status": "Outside predicted coverage", "nearest_tower_km": 39.0, "nearby_carriers": 0, "carrier_names": "None", "hazard_H": 0.6, "unreachability_U": 0.9267, "exposure_E": 0.2779, "wbi_score": 53.7, "wbi_tier": "High", "wbi_rank": 194, "strict_blackspot": false}, "geometry": {"type": "Point", "coordinates": [129.90876, -20.17566]}}, {"type": "Feature", "properties": {"objectid": 435, "community_id": 435, "community_name": "Wudapuli", "community_aliases": "WUDAPULLI,WUDUPULA", "community_type": "Family Outstation", "main_language": "Not recorded", "local_govt_council": "WEST DALY", "land_council": "NORTHERN LAND COUNCIL", "ntg_region": "TOP END", "bushtel_url": "https://bushtel.nt.gov.au/profile/435", "population_count": 21, "population_used_in_index": 21, "population_basis": "risk_dataset", "longitude": 129.85315, "latitude": -14.21351, "risk_rating": "Moderate", "fire_plan": "No", "firebreak": "Yes", "fuel_reduction": "Yes", "has_coverage": false, "coverage_status": "Outside predicted coverage", "nearest_tower_km": 15.6, "nearby_carriers": 1, "carrier_names": "Telstra", "hazard_H": 0.6, "unreachability_U": 0.6596, "exposure_E": 0.391, "wbi_score": 53.7, "wbi_tier": "High", "wbi_rank": 194, "strict_blackspot": false}, "geometry": {"type": "Point", "coordinates": [129.85315, -14.21351]}}, {"type": "Feature", "properties": {"objectid": 796, "community_id": 796, "community_name": "Yaminyi", "community_aliases": "YAMINI", "community_type": "Family Outstation", "main_language": "Not recorded", "local_govt_council": "WEST ARNHEM", "land_council": "NORTHERN LAND COUNCIL", "ntg_region": "TOP END", "bushtel_url": "https://bushtel.nt.gov.au/profile/796", "population_count": null, "population_used_in_index": 8, "population_basis": "imputed_type_median", "longitude": 134.356992, "latitude": -12.790261, "risk_rating": "Moderate", "fire_plan": "No", "firebreak": "No", "fuel_reduction": "No", "has_coverage": false, "coverage_status": "Outside predicted coverage", "nearest_tower_km": 38.5, "nearby_carriers": 0, "carrier_names": "None", "hazard_H": 0.6, "unreachability_U": 0.9233, "exposure_E": 0.2779, "wbi_score": 53.6, "wbi_tier": "High", "wbi_rank": 197, "strict_blackspot": false}, "geometry": {"type": "Point", "coordinates": [134.356992, -12.790261]}}, {"type": "Feature", "properties": {"objectid": 410, "community_id": 410, "community_name": "Peppimenarti", "community_aliases": "No aliases recorded with NTG DIPL", "community_type": "Major", "main_language": "Ngan'gikurunggurr", "local_govt_council": "WEST DALY", "land_council": "NORTHERN LAND COUNCIL", "ntg_region": "TOP END", "bushtel_url": "https://bushtel.nt.gov.au/profile/410", "population_count": 209, "population_used_in_index": 209, "population_basis": "risk_dataset", "longitude": 130.0763, "latitude": -14.1503, "risk_rating": "High", "fire_plan": "No", "firebreak": "No", "fuel_reduction": "Yes", "has_coverage": true, "coverage_status": "Inside predicted coverage", "nearest_tower_km": 0.9, "nearby_carriers": 1, "carrier_names": "Telstra", "hazard_H": 1.0, "unreachability_U": 0.2282, "exposure_E": 0.6764, "wbi_score": 53.6, "wbi_tier": "High", "wbi_rank": 197, "strict_blackspot": false}, "geometry": {"type": "Point", "coordinates": [130.0763, -14.1503]}}, {"type": "Feature", "properties": {"objectid": 710, "community_id": 710, "community_name": "Jomet (Urpalarwn)", "community_aliases": "BIRDUM,GORRIE,JOMET,NO 1 BORE,URPALARWN,WUBALAWAN", "community_type": "Family Outstation", "main_language": "Not recorded", "local_govt_council": "ROPER GULF", "land_council": "NORTHERN LAND COUNCIL", "ntg_region": "BIG RIVERS", "bushtel_url": "https://bushtel.nt.gov.au/profile/710", "population_count": null, "population_used_in_index": 8, "population_basis": "imputed_type_median", "longitude": 133.11146, "latitude": -15.42069, "risk_rating": "High", "fire_plan": "No", "firebreak": "No", "fuel_reduction": "No", "has_coverage": false, "coverage_status": "Outside predicted coverage", "nearest_tower_km": 16.0, "nearby_carriers": 2, "carrier_names": "Optus, Telstra", "hazard_H": 1.0, "unreachability_U": 0.5511, "exposure_E": 0.2779, "wbi_score": 53.5, "wbi_tier": "High", "wbi_rank": 199, "strict_blackspot": false}, "geometry": {"type": "Point", "coordinates": [133.11146, -15.42069]}}, {"type": "Feature", "properties": {"objectid": 214, "community_id": 214, "community_name": "Wada Warra", "community_aliases": "BING BONG,BONE LAGOON,WADA WARA,WARRANBARRU ASSOC,WURRUNBURRA ASSOC", "community_type": "Family Outstation", "main_language": "Not recorded", "local_govt_council": "ROPER GULF", "land_council": "NORTHERN LAND COUNCIL", "ntg_region": "BIG RIVERS", "bushtel_url": "https://bushtel.nt.gov.au/profile/214", "population_count": 12, "population_used_in_index": 12, "population_basis": "risk_dataset", "longitude": 136.25224, "latitude": -15.74902, "risk_rating": "Moderate", "fire_plan": "No", "firebreak": "Yes", "fuel_reduction": "Yes", "has_coverage": false, "coverage_status": "Outside predicted coverage", "nearest_tower_km": 34.4, "nearby_carriers": 1, "carrier_names": "Telstra", "hazard_H": 0.6, "unreachability_U": 0.7849, "exposure_E": 0.3244, "wbi_score": 53.5, "wbi_tier": "High", "wbi_rank": 199, "strict_blackspot": false}, "geometry": {"type": "Point", "coordinates": [136.25224, -15.74902]}}, {"type": "Feature", "properties": {"objectid": 15203, "community_id": 15203, "community_name": "Moolooloo", "community_aliases": "No aliases recorded with NTG DIPL", "community_type": "Family Outstation", "main_language": "Not recorded", "local_govt_council": "VICTORIA DALY", "land_council": "NORTHERN LAND COUNCIL", "ntg_region": "BIG RIVERS", "bushtel_url": "https://bushtel.nt.gov.au/profile/15203", "population_count": null, "population_used_in_index": 8, "population_basis": "imputed_type_median", "longitude": 131.515047, "latitude": -16.335589, "risk_rating": "Moderate", "fire_plan": "No", "firebreak": "Yes", "fuel_reduction": "Yes", "has_coverage": false, "coverage_status": "Outside predicted coverage", "nearest_tower_km": 37.9, "nearby_carriers": 0, "carrier_names": "None", "hazard_H": 0.6, "unreachability_U": 0.9193, "exposure_E": 0.2779, "wbi_score": 53.5, "wbi_tier": "High", "wbi_rank": 199, "strict_blackspot": false}, "geometry": {"type": "Point", "coordinates": [131.515047, -16.335589]}}, {"type": "Feature", "properties": {"objectid": 754, "community_id": 754, "community_name": "Awumbunyji", "community_aliases": "No aliases recorded with NTG DIPL", "community_type": "Family Outstation", "main_language": "Not recorded", "local_govt_council": "ROPER GULF", "land_council": "NORTHERN LAND COUNCIL", "ntg_region": "BIG RIVERS", "bushtel_url": "https://bushtel.nt.gov.au/profile/754", "population_count": null, "population_used_in_index": 8, "population_basis": "imputed_type_median", "longitude": 135.43529, "latitude": -14.44723, "risk_rating": "Moderate", "fire_plan": "No", "firebreak": "No", "fuel_reduction": "No", "has_coverage": false, "coverage_status": "Outside predicted coverage", "nearest_tower_km": 37.8, "nearby_carriers": 0, "carrier_names": "None", "hazard_H": 0.6, "unreachability_U": 0.9187, "exposure_E": 0.2779, "wbi_score": 53.5, "wbi_tier": "High", "wbi_rank": 199, "strict_blackspot": false}, "geometry": {"type": "Point", "coordinates": [135.43529, -14.44723]}}, {"type": "Feature", "properties": {"objectid": 840, "community_id": 840, "community_name": "Punjarriji", "community_aliases": "MOSQUITO CREEK", "community_type": "Family Outstation", "main_language": "Not recorded", "local_govt_council": "BARKLY", "land_council": "CENTRAL LAND COUNCIL", "ntg_region": "BARKLY", "bushtel_url": "https://bushtel.nt.gov.au/profile/840", "population_count": null, "population_used_in_index": 8, "population_basis": "imputed_type_median", "longitude": 134.50807, "latitude": -20.31062, "risk_rating": "Moderate", "fire_plan": "No", "firebreak": "No", "fuel_reduction": "No", "has_coverage": false, "coverage_status": "Outside predicted coverage", "nearest_tower_km": 36.9, "nearby_carriers": 0, "carrier_names": "None", "hazard_H": 0.6, "unreachability_U": 0.9127, "exposure_E": 0.2779, "wbi_score": 53.4, "wbi_tier": "High", "wbi_rank": 203, "strict_blackspot": false}, "geometry": {"type": "Point", "coordinates": [134.50807, -20.31062]}}, {"type": "Feature", "properties": {"objectid": 118, "community_id": 118, "community_name": "Mulga Bore", "community_aliases": "AKAYA,AKAYE,ATARTINGA,ATHATHENG", "community_type": "Family Outstation", "main_language": "Not recorded", "local_govt_council": "CENTRAL DESERT", "land_council": "CENTRAL LAND COUNCIL", "ntg_region": "CENTRAL AUSTRALIA", "bushtel_url": "https://bushtel.nt.gov.au/profile/118", "population_count": 60, "population_used_in_index": 60, "population_basis": "risk_dataset", "longitude": 134.20944, "latitude": -22.45139, "risk_rating": "Low", "fire_plan": "No", "firebreak": "Yes", "fuel_reduction": "Yes", "has_coverage": false, "coverage_status": "Outside predicted coverage", "nearest_tower_km": 46.4, "nearby_carriers": 0, "carrier_names": "None", "hazard_H": 0.3, "unreachability_U": 0.976, "exposure_E": 0.52, "wbi_score": 53.4, "wbi_tier": "High", "wbi_rank": 203, "strict_blackspot": false}, "geometry": {"type": "Point", "coordinates": [134.20944, -22.45139]}}, {"type": "Feature", "properties": {"objectid": 805, "community_id": 805, "community_name": "Dharawa", "community_aliases": "DHARRWAR", "community_type": "Family Outstation", "main_language": "Not recorded", "local_govt_council": "EAST ARNHEM", "land_council": "NORTHERN LAND COUNCIL", "ntg_region": "EAST ARNHEM", "bushtel_url": "https://bushtel.nt.gov.au/profile/805", "population_count": null, "population_used_in_index": 8, "population_basis": "imputed_type_median", "longitude": 135.84693, "latitude": -11.84938, "risk_rating": "Moderate", "fire_plan": "No", "firebreak": "No", "fuel_reduction": "No", "has_coverage": false, "coverage_status": "Outside predicted coverage", "nearest_tower_km": 36.3, "nearby_carriers": 0, "carrier_names": "None", "hazard_H": 0.6, "unreachability_U": 0.9087, "exposure_E": 0.2779, "wbi_score": 53.3, "wbi_tier": "High", "wbi_rank": 205, "strict_blackspot": false}, "geometry": {"type": "Point", "coordinates": [135.84693, -11.84938]}}, {"type": "Feature", "properties": {"objectid": 152, "community_id": 152, "community_name": "Tjunti", "community_aliases": "LASSETERS CAVE", "community_type": "Family Outstation", "main_language": "Not recorded", "local_govt_council": "MACDONNELL", "land_council": "CENTRAL LAND COUNCIL", "ntg_region": "CENTRAL AUSTRALIA", "bushtel_url": "https://bushtel.nt.gov.au/profile/152", "population_count": null, "population_used_in_index": 8, "population_basis": "imputed_type_median", "longitude": 129.40113, "latitude": -25.01763, "risk_rating": "Moderate", "fire_plan": "No", "firebreak": "No", "fuel_reduction": "No", "has_coverage": false, "coverage_status": "Outside predicted coverage", "nearest_tower_km": 36.2, "nearby_carriers": 0, "carrier_names": "None", "hazard_H": 0.6, "unreachability_U": 0.908, "exposure_E": 0.2779, "wbi_score": 53.3, "wbi_tier": "High", "wbi_rank": 205, "strict_blackspot": false}, "geometry": {"type": "Point", "coordinates": [129.40113, -25.01763]}}, {"type": "Feature", "properties": {"objectid": 628, "community_id": 628, "community_name": "Momob", "community_aliases": "BULMAN GORGE,MORMOB", "community_type": "Family Outstation", "main_language": "Not recorded", "local_govt_council": "ROPER GULF", "land_council": "NORTHERN LAND COUNCIL", "ntg_region": "BIG RIVERS", "bushtel_url": "https://bushtel.nt.gov.au/profile/628", "population_count": null, "population_used_in_index": 8, "population_basis": "imputed_type_median", "longitude": 134.26915, "latitude": -13.35693, "risk_rating": "Moderate", "fire_plan": "No", "firebreak": "No", "fuel_reduction": "No", "has_coverage": false, "coverage_status": "Outside predicted coverage", "nearest_tower_km": 35.9, "nearby_carriers": 0, "carrier_names": "None", "hazard_H": 0.6, "unreachability_U": 0.906, "exposure_E": 0.2779, "wbi_score": 53.3, "wbi_tier": "High", "wbi_rank": 205, "strict_blackspot": false}, "geometry": {"type": "Point", "coordinates": [134.26915, -13.35693]}}, {"type": "Feature", "properties": {"objectid": 508, "community_id": 508, "community_name": "Gawa", "community_aliases": "No aliases recorded with NTG DIPL", "community_type": "Family Outstation", "main_language": "Not recorded", "local_govt_council": "EAST ARNHEM", "land_council": "NORTHERN LAND COUNCIL", "ntg_region": "EAST ARNHEM", "bushtel_url": "https://bushtel.nt.gov.au/profile/508", "population_count": 57, "population_used_in_index": 57, "population_basis": "risk_dataset", "longitude": 135.90485, "latitude": -11.76032, "risk_rating": "Low", "fire_plan": "No", "firebreak": "Yes", "fuel_reduction": "Yes", "has_coverage": false, "coverage_status": "Outside predicted coverage", "nearest_tower_km": 47.2, "nearby_carriers": 0, "carrier_names": "None", "hazard_H": 0.3, "unreachability_U": 0.9813, "exposure_E": 0.5136, "wbi_score": 53.3, "wbi_tier": "High", "wbi_rank": 205, "strict_blackspot": false}, "geometry": {"type": "Point", "coordinates": [135.90485, -11.76032]}}, {"type": "Feature", "properties": {"objectid": 767, "community_id": 767, "community_name": "Tarawara", "community_aliases": "TARAWERA,TARAWERA BORE", "community_type": "Family Outstation", "main_language": "Not recorded", "local_govt_council": "MACDONNELL", "land_council": "CENTRAL LAND COUNCIL", "ntg_region": "CENTRAL AUSTRALIA", "bushtel_url": "https://bushtel.nt.gov.au/profile/767", "population_count": null, "population_used_in_index": 8, "population_basis": "imputed_type_median", "longitude": 131.41338, "latitude": -23.54726, "risk_rating": "Moderate", "fire_plan": "No", "firebreak": "No", "fuel_reduction": "No", "has_coverage": false, "coverage_status": "Outside predicted coverage", "nearest_tower_km": 35.4, "nearby_carriers": 0, "carrier_names": "None", "hazard_H": 0.6, "unreachability_U": 0.9027, "exposure_E": 0.2779, "wbi_score": 53.2, "wbi_tier": "High", "wbi_rank": 209, "strict_blackspot": false}, "geometry": {"type": "Point", "coordinates": [131.41338, -23.54726]}}, {"type": "Feature", "properties": {"objectid": 77, "community_id": 77, "community_name": "Kunapula", "community_aliases": "No aliases recorded with NTG DIPL", "community_type": "Family Outstation", "main_language": "Not recorded", "local_govt_council": "MACDONNELL", "land_council": "CENTRAL LAND COUNCIL", "ntg_region": "CENTRAL AUSTRALIA", "bushtel_url": "https://bushtel.nt.gov.au/profile/77", "population_count": null, "population_used_in_index": 8, "population_basis": "imputed_type_median", "longitude": 129.23411, "latitude": -25.15697, "risk_rating": "Moderate", "fire_plan": "No", "firebreak": "No", "fuel_reduction": "No", "has_coverage": false, "coverage_status": "Outside predicted coverage", "nearest_tower_km": 35.2, "nearby_carriers": 0, "carrier_names": "None", "hazard_H": 0.6, "unreachability_U": 0.9013, "exposure_E": 0.2779, "wbi_score": 53.2, "wbi_tier": "High", "wbi_rank": 209, "strict_blackspot": false}, "geometry": {"type": "Point", "coordinates": [129.23411, -25.15697]}}, {"type": "Feature", "properties": {"objectid": 176, "community_id": 176, "community_name": "Walytjatjata", "community_aliases": "No aliases recorded with NTG DIPL", "community_type": "Family Outstation", "main_language": "Not recorded", "local_govt_council": "MACDONNELL", "land_council": "CENTRAL LAND COUNCIL", "ntg_region": "CENTRAL AUSTRALIA", "bushtel_url": "https://bushtel.nt.gov.au/profile/176", "population_count": null, "population_used_in_index": 8, "population_basis": "imputed_type_median", "longitude": 129.46583, "latitude": -25.97667, "risk_rating": "Moderate", "fire_plan": "No", "firebreak": "No", "fuel_reduction": "No", "has_coverage": false, "coverage_status": "Outside predicted coverage", "nearest_tower_km": 35.1, "nearby_carriers": 0, "carrier_names": "None", "hazard_H": 0.6, "unreachability_U": 0.9007, "exposure_E": 0.2779, "wbi_score": 53.2, "wbi_tier": "High", "wbi_rank": 209, "strict_blackspot": false}, "geometry": {"type": "Point", "coordinates": [129.46583, -25.97667]}}, {"type": "Feature", "properties": {"objectid": 902, "community_id": 902, "community_name": "Maperte", "community_aliases": "JERVOIS,LUCY CREEK,MAPERTA", "community_type": "Family Outstation", "main_language": "Not recorded", "local_govt_council": "CENTRAL DESERT", "land_council": "CENTRAL LAND COUNCIL", "ntg_region": "CENTRAL AUSTRALIA", "bushtel_url": "https://bushtel.nt.gov.au/profile/902", "population_count": null, "population_used_in_index": 8, "population_basis": "imputed_type_median", "longitude": 136.38103, "latitude": -22.541588, "risk_rating": "Moderate", "fire_plan": "No", "firebreak": "No", "fuel_reduction": "No", "has_coverage": false, "coverage_status": "Outside predicted coverage", "nearest_tower_km": 35.0, "nearby_carriers": 0, "carrier_names": "None", "hazard_H": 0.6, "unreachability_U": 0.9, "exposure_E": 0.2779, "wbi_score": 53.1, "wbi_tier": "High", "wbi_rank": 212, "strict_blackspot": false}, "geometry": {"type": "Point", "coordinates": [136.38103, -22.541588]}}, {"type": "Feature", "properties": {"objectid": 338, "community_id": 338, "community_name": "Ji-Balbal", "community_aliases": "BAMBOO CREEK,JIBALBAL", "community_type": "Family Outstation", "main_language": "Not recorded", "local_govt_council": "WEST ARNHEM", "land_council": "NORTHERN LAND COUNCIL", "ntg_region": "TOP END", "bushtel_url": "https://bushtel.nt.gov.au/profile/338", "population_count": 24, "population_used_in_index": 24, "population_basis": "risk_dataset", "longitude": 134.61989, "latitude": -12.29755, "risk_rating": "Moderate", "fire_plan": "No", "firebreak": "Yes", "fuel_reduction": "Yes", "has_coverage": false, "coverage_status": "Outside predicted coverage", "nearest_tower_km": 7.4, "nearby_carriers": 1, "carrier_names": "Telstra", "hazard_H": 0.6, "unreachability_U": 0.6049, "exposure_E": 0.4072, "wbi_score": 52.9, "wbi_tier": "High", "wbi_rank": 213, "strict_blackspot": false}, "geometry": {"type": "Point", "coordinates": [134.61989, -12.29755]}}, {"type": "Feature", "properties": {"objectid": 470, "community_id": 470, "community_name": "Burrum", "community_aliases": "BULAKATOR", "community_type": "Family Outstation", "main_language": "Not recorded", "local_govt_council": "EAST ARNHEM", "land_council": "NORTHERN LAND COUNCIL", "ntg_region": "EAST ARNHEM", "bushtel_url": "https://bushtel.nt.gov.au/profile/470", "population_count": 13, "population_used_in_index": 13, "population_basis": "bushtel", "longitude": 135.9605, "latitude": -12.3094, "risk_rating": "Moderate", "fire_plan": "No", "firebreak": "No", "fuel_reduction": "No", "has_coverage": false, "coverage_status": "Outside predicted coverage", "nearest_tower_km": 27.5, "nearby_carriers": 1, "carrier_names": "Telstra", "hazard_H": 0.6, "unreachability_U": 0.7389, "exposure_E": 0.3338, "wbi_score": 52.9, "wbi_tier": "High", "wbi_rank": 213, "strict_blackspot": false}, "geometry": {"type": "Point", "coordinates": [135.9605, -12.3094]}}, {"type": "Feature", "properties": {"objectid": 24902, "community_id": 24902, "community_name": "Snake Lagoon", "community_aliases": "No aliases recorded with NTG DIPL", "community_type": "Family Outstation", "main_language": "Not recorded", "local_govt_council": "ROPER GULF", "land_council": "NORTHERN LAND COUNCIL", "ntg_region": "BIG RIVERS", "bushtel_url": "https://bushtel.nt.gov.au/profile/24902", "population_count": 6, "population_used_in_index": 6, "population_basis": "risk_dataset", "longitude": 136.913033, "latitude": -16.203217, "risk_rating": "Moderate", "fire_plan": "No", "firebreak": "Yes", "fuel_reduction": "Yes", "has_coverage": false, "coverage_status": "Outside predicted coverage", "nearest_tower_km": 62.2, "nearby_carriers": 0, "carrier_names": "None", "hazard_H": 0.6, "unreachability_U": 1.0, "exposure_E": 0.2461, "wbi_score": 52.9, "wbi_tier": "High", "wbi_rank": 213, "strict_blackspot": false}, "geometry": {"type": "Point", "coordinates": [136.913033, -16.203217]}}, {"type": "Feature", "properties": {"objectid": 899, "community_id": 899, "community_name": "Marrkalawa", "community_aliases": "No aliases recorded with NTG DIPL", "community_type": "Family Outstation", "main_language": "Not recorded", "local_govt_council": "ROPER GULF", "land_council": "NORTHERN LAND COUNCIL", "ntg_region": "BIG RIVERS", "bushtel_url": "https://bushtel.nt.gov.au/profile/899", "population_count": 6, "population_used_in_index": 6, "population_basis": "risk_dataset", "longitude": 135.7131, "latitude": -13.57423, "risk_rating": "Moderate", "fire_plan": "No", "firebreak": "Yes", "fuel_reduction": "Yes", "has_coverage": false, "coverage_status": "Outside predicted coverage", "nearest_tower_km": 57.4, "nearby_carriers": 0, "carrier_names": "None", "hazard_H": 0.6, "unreachability_U": 1.0, "exposure_E": 0.2461, "wbi_score": 52.9, "wbi_tier": "High", "wbi_rank": 213, "strict_blackspot": false}, "geometry": {"type": "Point", "coordinates": [135.7131, -13.57423]}}, {"type": "Feature", "properties": {"objectid": 285, "community_id": 285, "community_name": "Ankabadbirri", "community_aliases": "AN-GABARRBIRRIYA,ANGABABIRRAYI", "community_type": "Family Outstation", "main_language": "Not recorded", "local_govt_council": "WEST ARNHEM", "land_council": "NORTHERN LAND COUNCIL", "ntg_region": "TOP END", "bushtel_url": "https://bushtel.nt.gov.au/profile/285", "population_count": 12, "population_used_in_index": 12, "population_basis": "risk_dataset", "longitude": 134.41973, "latitude": -12.25695, "risk_rating": "Moderate", "fire_plan": "No", "firebreak": "Yes", "fuel_reduction": "Yes", "has_coverage": false, "coverage_status": "Outside predicted coverage", "nearest_tower_km": 28.8, "nearby_carriers": 1, "carrier_names": "Telstra", "hazard_H": 0.6, "unreachability_U": 0.7476, "exposure_E": 0.3244, "wbi_score": 52.6, "wbi_tier": "High", "wbi_rank": 217, "strict_blackspot": false}, "geometry": {"type": "Point", "coordinates": [134.41973, -12.25695]}}, {"type": "Feature", "properties": {"objectid": 382, "community_id": 382, "community_name": "Mumeka", "community_aliases": "MOMEKA,MORMEGA", "community_type": "Family Outstation", "main_language": "Not recorded", "local_govt_council": "WEST ARNHEM", "land_council": "NORTHERN LAND COUNCIL", "ntg_region": "TOP END", "bushtel_url": "https://bushtel.nt.gov.au/profile/382", "population_count": 15, "population_used_in_index": 15, "population_basis": "risk_dataset", "longitude": 134.13579, "latitude": -12.36306, "risk_rating": "Moderate", "fire_plan": "No", "firebreak": "No", "fuel_reduction": "No", "has_coverage": false, "coverage_status": "Outside predicted coverage", "nearest_tower_km": 20.0, "nearby_carriers": 1, "carrier_names": "Telstra", "hazard_H": 0.6, "unreachability_U": 0.6889, "exposure_E": 0.3507, "wbi_score": 52.5, "wbi_tier": "High", "wbi_rank": 218, "strict_blackspot": false}, "geometry": {"type": "Point", "coordinates": [134.13579, -12.36306]}}, {"type": "Feature", "properties": {"objectid": 619, "community_id": 619, "community_name": "Marralum", "community_aliases": "LEGUNE STATION,MARRALAM", "community_type": "Family Outstation", "main_language": "Not recorded", "local_govt_council": "VICTORIA DALY", "land_council": "NORTHERN LAND COUNCIL", "ntg_region": "BIG RIVERS", "bushtel_url": "https://bushtel.nt.gov.au/profile/619", "population_count": 15, "population_used_in_index": 15, "population_basis": "risk_dataset", "longitude": 129.25026, "latitude": -15.39109, "risk_rating": "Moderate", "fire_plan": "No", "firebreak": "Yes", "fuel_reduction": "Yes", "has_coverage": false, "coverage_status": "Outside predicted coverage", "nearest_tower_km": 19.6, "nearby_carriers": 1, "carrier_names": "Telstra", "hazard_H": 0.6, "unreachability_U": 0.6862, "exposure_E": 0.3507, "wbi_score": 52.5, "wbi_tier": "High", "wbi_rank": 218, "strict_blackspot": false}, "geometry": {"type": "Point", "coordinates": [129.25026, -15.39109]}}, {"type": "Feature", "properties": {"objectid": 962, "community_id": 962, "community_name": "Uminyuluk", "community_aliases": "No aliases recorded with NTG DIPL", "community_type": "Family Outstation", "main_language": "Not recorded", "local_govt_council": "WEST DALY", "land_council": "NORTHERN LAND COUNCIL", "ntg_region": "TOP END", "bushtel_url": "https://bushtel.nt.gov.au/profile/962", "population_count": 7, "population_used_in_index": 7, "population_basis": "risk_dataset", "longitude": 130.05311, "latitude": -13.83073, "risk_rating": "Moderate", "fire_plan": "No", "firebreak": "Yes", "fuel_reduction": "Yes", "has_coverage": false, "coverage_status": "Outside predicted coverage", "nearest_tower_km": 36.3, "nearby_carriers": 0, "carrier_names": "None", "hazard_H": 0.6, "unreachability_U": 0.9087, "exposure_E": 0.263, "wbi_score": 52.3, "wbi_tier": "High", "wbi_rank": 220, "strict_blackspot": false}, "geometry": {"type": "Point", "coordinates": [130.05311, -13.83073]}}, {"type": "Feature", "properties": {"objectid": 392, "community_id": 392, "community_name": "Nangak", "community_aliases": "NANGARK", "community_type": "Family Outstation", "main_language": "Not recorded", "local_govt_council": "WEST ARNHEM", "land_council": "NORTHERN LAND COUNCIL", "ntg_region": "TOP END", "bushtel_url": "https://bushtel.nt.gov.au/profile/392", "population_count": 15, "population_used_in_index": 15, "population_basis": "risk_dataset", "longitude": 134.28387, "latitude": -12.21148, "risk_rating": "Moderate", "fire_plan": "No", "firebreak": "Yes", "fuel_reduction": "Yes", "has_coverage": false, "coverage_status": "Outside predicted coverage", "nearest_tower_km": 18.3, "nearby_carriers": 1, "carrier_names": "Telstra", "hazard_H": 0.6, "unreachability_U": 0.6776, "exposure_E": 0.3507, "wbi_score": 52.2, "wbi_tier": "High", "wbi_rank": 221, "strict_blackspot": false}, "geometry": {"type": "Point", "coordinates": [134.28387, -12.21148]}}, {"type": "Feature", "properties": {"objectid": 300, "community_id": 300, "community_name": "Bulgul", "community_aliases": "WADJIGAN", "community_type": "Family Outstation", "main_language": "Not recorded", "local_govt_council": "UN-INCORPORATED (COX-DALY)", "land_council": "NORTHERN LAND COUNCIL", "ntg_region": "TOP END", "bushtel_url": "https://bushtel.nt.gov.au/profile/300", "population_count": 19, "population_used_in_index": 19, "population_basis": "risk_dataset", "longitude": 130.12203, "latitude": -13.08387, "risk_rating": "Moderate", "fire_plan": "No", "firebreak": "Yes", "fuel_reduction": "Yes", "has_coverage": false, "coverage_status": "Outside predicted coverage", "nearest_tower_km": 9.2, "nearby_carriers": 1, "carrier_names": "Telstra", "hazard_H": 0.6, "unreachability_U": 0.6169, "exposure_E": 0.3789, "wbi_score": 52.0, "wbi_tier": "High", "wbi_rank": 222, "strict_blackspot": false}, "geometry": {"type": "Point", "coordinates": [130.12203, -13.08387]}}, {"type": "Feature", "properties": {"objectid": 595, "community_id": 595, "community_name": "Manyallaluk", "community_aliases": "EVA VALLEY", "community_type": "Minor", "main_language": "Eastside Kriol", "local_govt_council": "ROPER GULF", "land_council": "NORTHERN LAND COUNCIL", "ntg_region": "BIG RIVERS", "bushtel_url": "https://bushtel.nt.gov.au/profile/595", "population_count": 108, "population_used_in_index": 108, "population_basis": "risk_dataset", "longitude": 132.82797, "latitude": -14.26649, "risk_rating": "High", "fire_plan": "No", "firebreak": "Yes", "fuel_reduction": "Yes", "has_coverage": true, "coverage_status": "Inside predicted coverage", "nearest_tower_km": 1.7, "nearby_carriers": 1, "carrier_names": "Telstra", "hazard_H": 1.0, "unreachability_U": 0.2336, "exposure_E": 0.5934, "wbi_score": 51.8, "wbi_tier": "High", "wbi_rank": 223, "strict_blackspot": false}, "geometry": {"type": "Point", "coordinates": [132.82797, -14.26649]}}, {"type": "Feature", "properties": {"objectid": 789, "community_id": 789, "community_name": "Oak Valley", "community_aliases": "ROBERT ROSS CAMP", "community_type": "Family Outstation", "main_language": "Not recorded", "local_govt_council": "MACDONNELL", "land_council": "CENTRAL LAND COUNCIL", "ntg_region": "CENTRAL AUSTRALIA", "bushtel_url": "https://bushtel.nt.gov.au/profile/789", "population_count": 10, "population_used_in_index": 10, "population_basis": "risk_dataset", "longitude": 133.93218, "latitude": -24.38498, "risk_rating": "Moderate", "fire_plan": "No", "firebreak": "Yes", "fuel_reduction": "Yes", "has_coverage": false, "coverage_status": "Outside predicted coverage", "nearest_tower_km": 31.1, "nearby_carriers": 1, "carrier_names": "Optus", "hazard_H": 0.6, "unreachability_U": 0.7629, "exposure_E": 0.3033, "wbi_score": 51.8, "wbi_tier": "High", "wbi_rank": 223, "strict_blackspot": false}, "geometry": {"type": "Point", "coordinates": [133.93218, -24.38498]}}, {"type": "Feature", "properties": {"objectid": 659, "community_id": 659, "community_name": "Yinguwunarri", "community_aliases": "MONTEJINNI,OLD TOP SPRINGS,TOP SPRINGS,WANARR,YINGAWINARRI", "community_type": "Family Outstation", "main_language": "Not recorded", "local_govt_council": "VICTORIA DALY", "land_council": "NORTHERN LAND COUNCIL", "ntg_region": "BIG RIVERS", "bushtel_url": "https://bushtel.nt.gov.au/profile/659", "population_count": null, "population_used_in_index": 8, "population_basis": "imputed_type_median", "longitude": 131.82362, "latitude": -16.60891, "risk_rating": "High", "fire_plan": "No", "firebreak": "No", "fuel_reduction": "No", "has_coverage": false, "coverage_status": "Outside predicted coverage", "nearest_tower_km": 7.8, "nearby_carriers": 2, "carrier_names": "Optus, Telstra", "hazard_H": 1.0, "unreachability_U": 0.4964, "exposure_E": 0.2779, "wbi_score": 51.7, "wbi_tier": "High", "wbi_rank": 225, "strict_blackspot": false}, "geometry": {"type": "Point", "coordinates": [131.82362, -16.60891]}}, {"type": "Feature", "properties": {"objectid": 882, "community_id": 882, "community_name": "Emu Point", "community_aliases": "MULYUNG,NGANAMBALA", "community_type": "Family Outstation", "main_language": "Not recorded", "local_govt_council": "WEST DALY", "land_council": "NORTHERN LAND COUNCIL", "ntg_region": "TOP END", "bushtel_url": "https://bushtel.nt.gov.au/profile/882", "population_count": 130, "population_used_in_index": 130, "population_basis": "risk_dataset", "longitude": 130.32777, "latitude": -14.17021, "risk_rating": "High", "fire_plan": "No", "firebreak": "Yes", "fuel_reduction": "Yes", "has_coverage": true, "coverage_status": "Inside predicted coverage", "nearest_tower_km": 0.0, "nearby_carriers": 1, "carrier_names": "Telstra", "hazard_H": 1.0, "unreachability_U": 0.2222, "exposure_E": 0.6167, "wbi_score": 51.6, "wbi_tier": "High", "wbi_rank": 226, "strict_blackspot": false}, "geometry": {"type": "Point", "coordinates": [130.32777, -14.17021]}}, {"type": "Feature", "properties": {"objectid": 942, "community_id": 942, "community_name": "Doojum", "community_aliases": "No aliases recorded with NTG DIPL", "community_type": "Family Outstation", "main_language": "Not recorded", "local_govt_council": "VICTORIA DALY", "land_council": "NORTHERN LAND COUNCIL", "ntg_region": "BIG RIVERS", "bushtel_url": "https://bushtel.nt.gov.au/profile/942", "population_count": null, "population_used_in_index": 8, "population_basis": "imputed_type_median", "longitude": 129.15921, "latitude": -15.72519, "risk_rating": "High", "fire_plan": "No", "firebreak": "No", "fuel_reduction": "No", "has_coverage": false, "coverage_status": "Outside predicted coverage", "nearest_tower_km": 7.1, "nearby_carriers": 2, "carrier_names": "Optus, Telstra", "hazard_H": 1.0, "unreachability_U": 0.4918, "exposure_E": 0.2779, "wbi_score": 51.5, "wbi_tier": "High", "wbi_rank": 227, "strict_blackspot": false}, "geometry": {"type": "Point", "coordinates": [129.15921, -15.72519]}}, {"type": "Feature", "properties": {"objectid": 986, "community_id": 986, "community_name": "Budjanga", "community_aliases": "No aliases recorded with NTG DIPL", "community_type": "Family Outstation", "main_language": "Not recorded", "local_govt_council": "ROPER GULF", "land_council": "NORTHERN LAND COUNCIL", "ntg_region": "BIG RIVERS", "bushtel_url": "https://bushtel.nt.gov.au/profile/986", "population_count": 5, "population_used_in_index": 5, "population_basis": "risk_dataset", "longitude": 136.76818, "latitude": -16.17945, "risk_rating": "Moderate", "fire_plan": "No", "firebreak": "Yes", "fuel_reduction": "Yes", "has_coverage": false, "coverage_status": "Outside predicted coverage", "nearest_tower_km": 51.3, "nearby_carriers": 0, "carrier_names": "None", "hazard_H": 0.6, "unreachability_U": 1.0, "exposure_E": 0.2266, "wbi_score": 51.4, "wbi_tier": "High", "wbi_rank": 228, "strict_blackspot": false}, "geometry": {"type": "Point", "coordinates": [136.76818, -16.17945]}}, {"type": "Feature", "properties": {"objectid": 1018, "community_id": 1018, "community_name": "Ilpurla", "community_aliases": "No aliases recorded with NTG DIPL", "community_type": "Family Outstation", "main_language": "Not recorded", "local_govt_council": "MACDONNELL", "land_council": "CENTRAL LAND COUNCIL", "ntg_region": "CENTRAL AUSTRALIA", "bushtel_url": "https://bushtel.nt.gov.au/profile/1018", "population_count": 10, "population_used_in_index": 10, "population_basis": "risk_dataset", "longitude": 132.71446, "latitude": -24.31521, "risk_rating": "Moderate", "fire_plan": "No", "firebreak": "Yes", "fuel_reduction": "Yes", "has_coverage": false, "coverage_status": "Outside predicted coverage", "nearest_tower_km": 28.9, "nearby_carriers": 1, "carrier_names": "Optus", "hazard_H": 0.6, "unreachability_U": 0.7482, "exposure_E": 0.3033, "wbi_score": 51.4, "wbi_tier": "High", "wbi_rank": 228, "strict_blackspot": false}, "geometry": {"type": "Point", "coordinates": [132.71446, -24.31521]}}, {"type": "Feature", "properties": {"objectid": 24990, "community_id": 24990, "community_name": "Iljitjarri", "community_aliases": "KURRKU", "community_type": "Family Outstation", "main_language": "Not recorded", "local_govt_council": "MACDONNELL", "land_council": "CENTRAL LAND COUNCIL", "ntg_region": "CENTRAL AUSTRALIA", "bushtel_url": "https://bushtel.nt.gov.au/profile/24990", "population_count": 5, "population_used_in_index": 5, "population_basis": "bushtel", "longitude": 132.49215, "latitude": -24.53401, "risk_rating": "Moderate", "fire_plan": "No", "firebreak": "Yes", "fuel_reduction": "No", "has_coverage": false, "coverage_status": "Outside predicted coverage", "nearest_tower_km": 58.8, "nearby_carriers": 0, "carrier_names": "None", "hazard_H": 0.6, "unreachability_U": 1.0, "exposure_E": 0.2266, "wbi_score": 51.4, "wbi_tier": "High", "wbi_rank": 228, "strict_blackspot": false}, "geometry": {"type": "Point", "coordinates": [132.49215, -24.53401]}}, {"type": "Feature", "properties": {"objectid": 700, "community_id": 700, "community_name": "Bucket Springs", "community_aliases": "BINJEN NINGGUWUNG", "community_type": "Family Outstation", "main_language": "Not recorded", "local_govt_council": "VICTORIA DALY", "land_council": "NORTHERN LAND COUNCIL", "ntg_region": "BIG RIVERS", "bushtel_url": "https://bushtel.nt.gov.au/profile/700", "population_count": null, "population_used_in_index": 8, "population_basis": "imputed_type_median", "longitude": 129.16465, "latitude": -15.740005, "risk_rating": "High", "fire_plan": "No", "firebreak": "No", "fuel_reduction": "No", "has_coverage": false, "coverage_status": "Outside predicted coverage", "nearest_tower_km": 6.8, "nearby_carriers": 2, "carrier_names": "Optus, Telstra", "hazard_H": 1.0, "unreachability_U": 0.4898, "exposure_E": 0.2779, "wbi_score": 51.4, "wbi_tier": "High", "wbi_rank": 228, "strict_blackspot": false}, "geometry": {"type": "Point", "coordinates": [129.16465, -15.740005]}}, {"type": "Feature", "properties": {"objectid": 204, "community_id": 204, "community_name": "Gulunguru", "community_aliases": "ALROY DOWNS,GULUNURRU,GULUNURU", "community_type": "Family Outstation", "main_language": "Not recorded", "local_govt_council": "BARKLY", "land_council": "NORTHERN LAND COUNCIL", "ntg_region": "BARKLY", "bushtel_url": "https://bushtel.nt.gov.au/profile/204", "population_count": 2, "population_used_in_index": 2, "population_basis": "risk_dataset", "longitude": 136.03855, "latitude": -19.35439, "risk_rating": "High", "fire_plan": "No", "firebreak": "No", "fuel_reduction": "No", "has_coverage": false, "coverage_status": "Outside predicted coverage", "nearest_tower_km": 45.4, "nearby_carriers": 0, "carrier_names": "None", "hazard_H": 1.0, "unreachability_U": 0.9693, "exposure_E": 0.139, "wbi_score": 51.3, "wbi_tier": "High", "wbi_rank": 232, "strict_blackspot": true}, "geometry": {"type": "Point", "coordinates": [136.03855, -19.35439]}}, {"type": "Feature", "properties": {"objectid": 479, "community_id": 479, "community_name": "Dhupuwamirri", "community_aliases": "No aliases recorded with NTG DIPL", "community_type": "Family Outstation", "main_language": "Not recorded", "local_govt_council": "EAST ARNHEM", "land_council": "NORTHERN LAND COUNCIL", "ntg_region": "EAST ARNHEM", "bushtel_url": "https://bushtel.nt.gov.au/profile/479", "population_count": 10, "population_used_in_index": 10, "population_basis": "risk_dataset", "longitude": 135.39218, "latitude": -12.66796, "risk_rating": "Moderate", "fire_plan": "No", "firebreak": "Yes", "fuel_reduction": "Yes", "has_coverage": false, "coverage_status": "Outside predicted coverage", "nearest_tower_km": 26.1, "nearby_carriers": 1, "carrier_names": "Telstra", "hazard_H": 0.6, "unreachability_U": 0.7296, "exposure_E": 0.3033, "wbi_score": 51.0, "wbi_tier": "High", "wbi_rank": 233, "strict_blackspot": false}, "geometry": {"type": "Point", "coordinates": [135.39218, -12.66796]}}, {"type": "Feature", "properties": {"objectid": 492, "community_id": 492, "community_name": "Galiwinku", "community_aliases": "ELCHO ISLAND,GALIWIN'KU", "community_type": "Major", "main_language": "Yolngu Matha (Djambarrpuyngu, Gupapuyngu, Djinang)", "local_govt_council": "EAST ARNHEM", "land_council": "NORTHERN LAND COUNCIL", "ntg_region": "EAST ARNHEM", "bushtel_url": "https://bushtel.nt.gov.au/profile/492", "population_count": 2453, "population_used_in_index": 2453, "population_basis": "risk_dataset", "longitude": 135.5664, "latitude": -12.0235, "risk_rating": "Moderate", "fire_plan": "No", "firebreak": "Yes", "fuel_reduction": "Yes", "has_coverage": true, "coverage_status": "Inside predicted coverage", "nearest_tower_km": 0.2, "nearby_carriers": 1, "carrier_names": "Telstra", "hazard_H": 0.6, "unreachability_U": 0.2236, "exposure_E": 0.9873, "wbi_score": 51.0, "wbi_tier": "High", "wbi_rank": 233, "strict_blackspot": false}, "geometry": {"type": "Point", "coordinates": [135.5664, -12.0235]}}, {"type": "Feature", "properties": {"objectid": 790, "community_id": 790, "community_name": "Mount Peachy", "community_aliases": "NO. 1 BORE,SYD KENNY'S CAMP", "community_type": "Family Outstation", "main_language": "Not recorded", "local_govt_council": "MACDONNELL", "land_council": "CENTRAL LAND COUNCIL", "ntg_region": "CENTRAL AUSTRALIA", "bushtel_url": "https://bushtel.nt.gov.au/profile/790", "population_count": 10, "population_used_in_index": 10, "population_basis": "risk_dataset", "longitude": 133.87181, "latitude": -24.39416, "risk_rating": "Moderate", "fire_plan": "No", "firebreak": "Yes", "fuel_reduction": "Yes", "has_coverage": false, "coverage_status": "Outside predicted coverage", "nearest_tower_km": 25.5, "nearby_carriers": 1, "carrier_names": "Optus", "hazard_H": 0.6, "unreachability_U": 0.7256, "exposure_E": 0.3033, "wbi_score": 50.9, "wbi_tier": "High", "wbi_rank": 235, "strict_blackspot": false}, "geometry": {"type": "Point", "coordinates": [133.87181, -24.39416]}}, {"type": "Feature", "properties": {"objectid": 586, "community_id": 586, "community_name": "Bulla", "community_aliases": "GUDABIJIN,GURRBIJIM", "community_type": "Minor", "main_language": "Westside Kriol/ Ngarinyman", "local_govt_council": "VICTORIA DALY", "land_council": "NORTHERN LAND COUNCIL", "ntg_region": "BIG RIVERS", "bushtel_url": "https://bushtel.nt.gov.au/profile/586", "population_count": 105, "population_used_in_index": 105, "population_basis": "risk_dataset", "longitude": 130.039364, "latitude": -15.764915, "risk_rating": "High", "fire_plan": "No", "firebreak": "Yes", "fuel_reduction": "Yes", "has_coverage": true, "coverage_status": "Inside predicted coverage", "nearest_tower_km": 0.3, "nearby_carriers": 1, "carrier_names": "Telstra", "hazard_H": 1.0, "unreachability_U": 0.2242, "exposure_E": 0.5899, "wbi_score": 50.9, "wbi_tier": "High", "wbi_rank": 235, "strict_blackspot": false}, "geometry": {"type": "Point", "coordinates": [130.039364, -15.764915]}}, {"type": "Feature", "properties": {"objectid": 134, "community_id": 134, "community_name": "Pine Hill", "community_aliases": "ANYUMGYUMBA,AYUNGYMBA", "community_type": "Family Outstation", "main_language": "Not recorded", "local_govt_council": "CENTRAL DESERT", "land_council": "CENTRAL LAND COUNCIL", "ntg_region": "CENTRAL AUSTRALIA", "bushtel_url": "https://bushtel.nt.gov.au/profile/134", "population_count": null, "population_used_in_index": 8, "population_basis": "imputed_type_median", "longitude": 133.05366, "latitude": -22.37949, "risk_rating": "Moderate", "fire_plan": "No", "firebreak": "No", "fuel_reduction": "No", "has_coverage": false, "coverage_status": "Outside predicted coverage", "nearest_tower_km": 34.3, "nearby_carriers": 1, "carrier_names": "Telstra", "hazard_H": 0.6, "unreachability_U": 0.7842, "exposure_E": 0.2779, "wbi_score": 50.8, "wbi_tier": "High", "wbi_rank": 237, "strict_blackspot": false}, "geometry": {"type": "Point", "coordinates": [133.05366, -22.37949]}}, {"type": "Feature", "properties": {"objectid": 531, "community_id": 531, "community_name": "Milingimbi", "community_aliases": "No aliases recorded with NTG DIPL", "community_type": "Major", "main_language": "Yolngu Matha (Djambarrpuyngu)", "local_govt_council": "EAST ARNHEM", "land_council": "NORTHERN LAND COUNCIL", "ntg_region": "EAST ARNHEM", "bushtel_url": "https://bushtel.nt.gov.au/profile/531", "population_count": 1439, "population_used_in_index": 1439, "population_basis": "risk_dataset", "longitude": 134.9201, "latitude": -12.1036, "risk_rating": "Moderate", "fire_plan": "No", "firebreak": "Yes", "fuel_reduction": "Yes", "has_coverage": true, "coverage_status": "Inside predicted coverage", "nearest_tower_km": 2.4, "nearby_carriers": 1, "carrier_names": "Telstra", "hazard_H": 0.6, "unreachability_U": 0.2382, "exposure_E": 0.9199, "wbi_score": 50.8, "wbi_tier": "High", "wbi_rank": 237, "strict_blackspot": false}, "geometry": {"type": "Point", "coordinates": [134.9201, -12.1036]}}, {"type": "Feature", "properties": {"objectid": 911, "community_id": 911, "community_name": "Fossil Head", "community_aliases": "No aliases recorded with NTG DIPL", "community_type": "Family Outstation", "main_language": "Not recorded", "local_govt_council": "WEST DALY", "land_council": "NORTHERN LAND COUNCIL", "ntg_region": "TOP END", "bushtel_url": "https://bushtel.nt.gov.au/profile/911", "population_count": 8, "population_used_in_index": 8, "population_basis": "risk_dataset", "longitude": 129.52127, "latitude": -14.53778, "risk_rating": "Moderate", "fire_plan": "No", "firebreak": "Yes", "fuel_reduction": "Yes", "has_coverage": false, "coverage_status": "Outside predicted coverage", "nearest_tower_km": 33.1, "nearby_carriers": 1, "carrier_names": "Telstra", "hazard_H": 0.6, "unreachability_U": 0.7762, "exposure_E": 0.2779, "wbi_score": 50.6, "wbi_tier": "High", "wbi_rank": 239, "strict_blackspot": false}, "geometry": {"type": "Point", "coordinates": [129.52127, -14.53778]}}, {"type": "Feature", "properties": {"objectid": 478, "community_id": 478, "community_name": "Dholtji", "community_aliases": "No aliases recorded with NTG DIPL", "community_type": "Family Outstation", "main_language": "Not recorded", "local_govt_council": "EAST ARNHEM", "land_council": "NORTHERN LAND COUNCIL", "ntg_region": "EAST ARNHEM", "bushtel_url": "https://bushtel.nt.gov.au/profile/478", "population_count": null, "population_used_in_index": 8, "population_basis": "imputed_type_median", "longitude": 136.46161, "latitude": -11.94835, "risk_rating": "Moderate", "fire_plan": "No", "firebreak": "No", "fuel_reduction": "No", "has_coverage": false, "coverage_status": "Outside predicted coverage", "nearest_tower_km": 33.5, "nearby_carriers": 1, "carrier_names": "Telstra", "hazard_H": 0.6, "unreachability_U": 0.7789, "exposure_E": 0.2779, "wbi_score": 50.6, "wbi_tier": "High", "wbi_rank": 239, "strict_blackspot": false}, "geometry": {"type": "Point", "coordinates": [136.46161, -11.94835]}}, {"type": "Feature", "properties": {"objectid": 81, "community_id": 81, "community_name": "Kurkutjara", "community_aliases": "No aliases recorded with NTG DIPL", "community_type": "Family Outstation", "main_language": "Not recorded", "local_govt_council": "MACDONNELL", "land_council": "CENTRAL LAND COUNCIL", "ntg_region": "CENTRAL AUSTRALIA", "bushtel_url": "https://bushtel.nt.gov.au/profile/81", "population_count": null, "population_used_in_index": 8, "population_basis": "imputed_type_median", "longitude": 129.41115, "latitude": -25.94178, "risk_rating": "Moderate", "fire_plan": "No", "firebreak": "No", "fuel_reduction": "No", "has_coverage": false, "coverage_status": "Outside predicted coverage", "nearest_tower_km": 32.5, "nearby_carriers": 1, "carrier_names": "Telstra", "hazard_H": 0.6, "unreachability_U": 0.7722, "exposure_E": 0.2779, "wbi_score": 50.5, "wbi_tier": "High", "wbi_rank": 241, "strict_blackspot": false}, "geometry": {"type": "Point", "coordinates": [129.41115, -25.94178]}}, {"type": "Feature", "properties": {"objectid": 735, "community_id": 735, "community_name": "Arrawajin", "community_aliases": "ARRAJAWIN,ARRANJIN,WHISTLE DUCK", "community_type": "Family Outstation", "main_language": "Not recorded", "local_govt_council": "BARKLY", "land_council": "CENTRAL LAND COUNCIL", "ntg_region": "BARKLY", "bushtel_url": "https://bushtel.nt.gov.au/profile/735", "population_count": null, "population_used_in_index": 8, "population_basis": "imputed_type_median", "longitude": 134.97551, "latitude": -20.51825, "risk_rating": "Moderate", "fire_plan": "No", "firebreak": "No", "fuel_reduction": "No", "has_coverage": false, "coverage_status": "Outside predicted coverage", "nearest_tower_km": 30.9, "nearby_carriers": 1, "carrier_names": "Telstra", "hazard_H": 0.6, "unreachability_U": 0.7616, "exposure_E": 0.2779, "wbi_score": 50.3, "wbi_tier": "High", "wbi_rank": 242, "strict_blackspot": false}, "geometry": {"type": "Point", "coordinates": [134.97551, -20.51825]}}, {"type": "Feature", "properties": {"objectid": 400, "community_id": 400, "community_name": "Wurrumiyanga", "community_aliases": "BATHURST ISLAND,NGUIU", "community_type": "Major", "main_language": "Tiwi (Modern and Traditional)", "local_govt_council": "TIWI ISLANDS", "land_council": "TIWI LAND COUNCIL", "ntg_region": "TOP END", "bushtel_url": "https://bushtel.nt.gov.au/profile/400", "population_count": 1837, "population_used_in_index": 1837, "population_basis": "risk_dataset", "longitude": 130.63747, "latitude": -11.758306, "risk_rating": "Moderate", "fire_plan": "No", "firebreak": "Yes", "fuel_reduction": "Yes", "has_coverage": true, "coverage_status": "Inside predicted coverage", "nearest_tower_km": 0.2, "nearby_carriers": 1, "carrier_names": "Telstra", "hazard_H": 0.6, "unreachability_U": 0.2236, "exposure_E": 0.9507, "wbi_score": 50.3, "wbi_tier": "High", "wbi_rank": 242, "strict_blackspot": false}, "geometry": {"type": "Point", "coordinates": [130.63747, -11.758306]}}, {"type": "Feature", "properties": {"objectid": 140, "community_id": 140, "community_name": "Punritjanta", "community_aliases": "BLOODS RANGE,PUNITJANTA,PUNTITJARA,PUNTITJATA", "community_type": "Family Outstation", "main_language": "Not recorded", "local_govt_council": "MACDONNELL", "land_council": "CENTRAL LAND COUNCIL", "ntg_region": "CENTRAL AUSTRALIA", "bushtel_url": "https://bushtel.nt.gov.au/profile/140", "population_count": null, "population_used_in_index": 8, "population_basis": "imputed_type_median", "longitude": 129.29393, "latitude": -24.67392, "risk_rating": "Moderate", "fire_plan": "No", "firebreak": "No", "fuel_reduction": "No", "has_coverage": false, "coverage_status": "Outside predicted coverage", "nearest_tower_km": 30.9, "nearby_carriers": 1, "carrier_names": "Telstra", "hazard_H": 0.6, "unreachability_U": 0.7616, "exposure_E": 0.2779, "wbi_score": 50.3, "wbi_tier": "High", "wbi_rank": 242, "strict_blackspot": false}, "geometry": {"type": "Point", "coordinates": [129.29393, -24.67392]}}, {"type": "Feature", "properties": {"objectid": 787, "community_id": 787, "community_name": "Akarnenehe Well", "community_aliases": "APIWENTYE", "community_type": "Family Outstation", "main_language": "Not recorded", "local_govt_council": "CENTRAL DESERT", "land_council": "CENTRAL LAND COUNCIL", "ntg_region": "CENTRAL AUSTRALIA", "bushtel_url": "https://bushtel.nt.gov.au/profile/787", "population_count": null, "population_used_in_index": 8, "population_basis": "imputed_type_median", "longitude": 136.19361, "latitude": -23.05992, "risk_rating": "Moderate", "fire_plan": "No", "firebreak": "No", "fuel_reduction": "No", "has_coverage": false, "coverage_status": "Outside predicted coverage", "nearest_tower_km": 30.4, "nearby_carriers": 1, "carrier_names": "Telstra", "hazard_H": 0.6, "unreachability_U": 0.7582, "exposure_E": 0.2779, "wbi_score": 50.2, "wbi_tier": "High", "wbi_rank": 245, "strict_blackspot": false}, "geometry": {"type": "Point", "coordinates": [136.19361, -23.05992]}}, {"type": "Feature", "properties": {"objectid": 177, "community_id": 177, "community_name": "Wangkari", "community_aliases": "No aliases recorded with NTG DIPL", "community_type": "Family Outstation", "main_language": "Not recorded", "local_govt_council": "MACDONNELL", "land_council": "CENTRAL LAND COUNCIL", "ntg_region": "CENTRAL AUSTRALIA", "bushtel_url": "https://bushtel.nt.gov.au/profile/177", "population_count": null, "population_used_in_index": 8, "population_basis": "imputed_type_median", "longitude": 129.01933, "latitude": -25.13169, "risk_rating": "Moderate", "fire_plan": "No", "firebreak": "No", "fuel_reduction": "No", "has_coverage": false, "coverage_status": "Outside predicted coverage", "nearest_tower_km": 29.5, "nearby_carriers": 1, "carrier_names": "Telstra", "hazard_H": 0.6, "unreachability_U": 0.7522, "exposure_E": 0.2779, "wbi_score": 50.1, "wbi_tier": "High", "wbi_rank": 246, "strict_blackspot": false}, "geometry": {"type": "Point", "coordinates": [129.01933, -25.13169]}}, {"type": "Feature", "properties": {"objectid": 14262, "community_id": 14262, "community_name": "Kurinelli", "community_aliases": "No aliases recorded with NTG DIPL", "community_type": "Family Outstation", "main_language": "Not recorded", "local_govt_council": "BARKLY", "land_council": "CENTRAL LAND COUNCIL", "ntg_region": "BARKLY", "bushtel_url": "https://bushtel.nt.gov.au/profile/14262", "population_count": null, "population_used_in_index": 8, "population_basis": "imputed_type_median", "longitude": 135.04, "latitude": -20.6114, "risk_rating": "Moderate", "fire_plan": "No", "firebreak": "No", "fuel_reduction": "No", "has_coverage": false, "coverage_status": "Outside predicted coverage", "nearest_tower_km": 29.5, "nearby_carriers": 1, "carrier_names": "Telstra", "hazard_H": 0.6, "unreachability_U": 0.7522, "exposure_E": 0.2779, "wbi_score": 50.1, "wbi_tier": "High", "wbi_rank": 246, "strict_blackspot": false}, "geometry": {"type": "Point", "coordinates": [135.04, -20.6114]}}, {"type": "Feature", "properties": {"objectid": 884, "community_id": 884, "community_name": "Mulingi", "community_aliases": "MT GREENWOOD,MULINGNE", "community_type": "Family Outstation", "main_language": "Not recorded", "local_govt_council": "WEST DALY", "land_council": "NORTHERN LAND COUNCIL", "ntg_region": "TOP END", "bushtel_url": "https://bushtel.nt.gov.au/profile/884", "population_count": 8, "population_used_in_index": 8, "population_basis": "risk_dataset", "longitude": 129.95077, "latitude": -13.92666, "risk_rating": "Moderate", "fire_plan": "No", "firebreak": "Yes", "fuel_reduction": "Yes", "has_coverage": false, "coverage_status": "Outside predicted coverage", "nearest_tower_km": 29.2, "nearby_carriers": 1, "carrier_names": "Telstra", "hazard_H": 0.6, "unreachability_U": 0.7502, "exposure_E": 0.2779, "wbi_score": 50.0, "wbi_tier": "High", "wbi_rank": 248, "strict_blackspot": false}, "geometry": {"type": "Point", "coordinates": [129.95077, -13.92666]}}, {"type": "Feature", "properties": {"objectid": 123, "community_id": 123, "community_name": "Yuwerli", "community_aliases": "BEAN TREE,NGALIKIRLAN", "community_type": "Family Outstation", "main_language": "Not recorded", "local_govt_council": "CENTRAL DESERT", "land_council": "CENTRAL LAND COUNCIL", "ntg_region": "CENTRAL AUSTRALIA", "bushtel_url": "https://bushtel.nt.gov.au/profile/123", "population_count": null, "population_used_in_index": 8, "population_basis": "imputed_type_median", "longitude": 131.65064, "latitude": -22.03566, "risk_rating": "Moderate", "fire_plan": "No", "firebreak": "No", "fuel_reduction": "No", "has_coverage": false, "coverage_status": "Outside predicted coverage", "nearest_tower_km": 28.4, "nearby_carriers": 1, "carrier_names": "Telstra", "hazard_H": 0.6, "unreachability_U": 0.7449, "exposure_E": 0.2779, "wbi_score": 49.9, "wbi_tier": "Moderate", "wbi_rank": 249, "strict_blackspot": false}, "geometry": {"type": "Point", "coordinates": [131.65064, -22.03566]}}, {"type": "Feature", "properties": {"objectid": 751, "community_id": 751, "community_name": "Winparku", "community_aliases": "WINOPARKU,WINOPARKY", "community_type": "Family Outstation", "main_language": "Not recorded", "local_govt_council": "MACDONNELL", "land_council": "CENTRAL LAND COUNCIL", "ntg_region": "CENTRAL AUSTRALIA", "bushtel_url": "https://bushtel.nt.gov.au/profile/751", "population_count": null, "population_used_in_index": 8, "population_basis": "imputed_type_median", "longitude": 131.46172, "latitude": -23.43465, "risk_rating": "Moderate", "fire_plan": "No", "firebreak": "No", "fuel_reduction": "No", "has_coverage": false, "coverage_status": "Outside predicted coverage", "nearest_tower_km": 27.5, "nearby_carriers": 1, "carrier_names": "Telstra", "hazard_H": 0.6, "unreachability_U": 0.7389, "exposure_E": 0.2779, "wbi_score": 49.8, "wbi_tier": "Moderate", "wbi_rank": 250, "strict_blackspot": false}, "geometry": {"type": "Point", "coordinates": [131.46172, -23.43465]}}, {"type": "Feature", "properties": {"objectid": 464, "community_id": 464, "community_name": "Birany Birany", "community_aliases": "BIRANYBIRANY", "community_type": "Minor", "main_language": "Not recorded", "local_govt_council": "EAST ARNHEM", "land_council": "NORTHERN LAND COUNCIL", "ntg_region": "EAST ARNHEM", "bushtel_url": "https://bushtel.nt.gov.au/profile/464", "population_count": 12, "population_used_in_index": 12, "population_basis": "risk_dataset", "longitude": 136.47669, "latitude": -12.81703, "risk_rating": "Moderate", "fire_plan": "No", "firebreak": "Yes", "fuel_reduction": "Yes", "has_coverage": false, "coverage_status": "Outside predicted coverage", "nearest_tower_km": 11.8, "nearby_carriers": 1, "carrier_names": "Telstra", "hazard_H": 0.6, "unreachability_U": 0.6342, "exposure_E": 0.3244, "wbi_score": 49.8, "wbi_tier": "Moderate", "wbi_rank": 250, "strict_blackspot": false}, "geometry": {"type": "Point", "coordinates": [136.47669, -12.81703]}}, {"type": "Feature", "properties": {"objectid": 910, "community_id": 910, "community_name": "Arrunge", "community_aliases": "ARRUNGE,FERDIES BORE,GARDEN BORE", "community_type": "Family Outstation", "main_language": "Not recorded", "local_govt_council": "CENTRAL DESERT", "land_council": "CENTRAL LAND COUNCIL", "ntg_region": "CENTRAL AUSTRALIA", "bushtel_url": "https://bushtel.nt.gov.au/profile/910", "population_count": 8, "population_used_in_index": 8, "population_basis": "risk_dataset", "longitude": 132.28147, "latitude": -22.49935, "risk_rating": "Moderate", "fire_plan": "No", "firebreak": "No", "fuel_reduction": "No", "has_coverage": false, "coverage_status": "Outside predicted coverage", "nearest_tower_km": 27.9, "nearby_carriers": 1, "carrier_names": "Telstra", "hazard_H": 0.6, "unreachability_U": 0.7416, "exposure_E": 0.2779, "wbi_score": 49.8, "wbi_tier": "Moderate", "wbi_rank": 250, "strict_blackspot": false}, "geometry": {"type": "Point", "coordinates": [132.28147, -22.49935]}}, {"type": "Feature", "properties": {"objectid": 729, "community_id": 729, "community_name": "Atheley", "community_aliases": "ATHILIYA,SILLYA", "community_type": "Family Outstation", "main_language": "Not recorded", "local_govt_council": "BARKLY", "land_council": "CENTRAL LAND COUNCIL", "ntg_region": "BARKLY", "bushtel_url": "https://bushtel.nt.gov.au/profile/729", "population_count": 88, "population_used_in_index": 88, "population_basis": "bushtel", "longitude": 134.86766, "latitude": -21.91757, "risk_rating": "Moderate", "fire_plan": "No", "firebreak": "Yes", "fuel_reduction": "Yes", "has_coverage": true, "coverage_status": "Inside predicted coverage", "nearest_tower_km": 21.1, "nearby_carriers": 1, "carrier_names": "Telstra", "hazard_H": 0.6, "unreachability_U": 0.3629, "exposure_E": 0.5678, "wbi_score": 49.8, "wbi_tier": "Moderate", "wbi_rank": 250, "strict_blackspot": false}, "geometry": {"type": "Point", "coordinates": [134.86766, -21.91757]}}, {"type": "Feature", "properties": {"objectid": 457, "community_id": 457, "community_name": "Banthula", "community_aliases": "BAN'TALA,BANDHULA,BANT'THULA,GAMPURA,GANPURA", "community_type": "Family Outstation", "main_language": "Not recorded", "local_govt_council": "EAST ARNHEM", "land_council": "NORTHERN LAND COUNCIL", "ntg_region": "EAST ARNHEM", "bushtel_url": "https://bushtel.nt.gov.au/profile/457", "population_count": 31, "population_used_in_index": 31, "population_basis": "risk_dataset", "longitude": 135.87365, "latitude": -11.83585, "risk_rating": "Low", "fire_plan": "No", "firebreak": "Yes", "fuel_reduction": "Yes", "has_coverage": false, "coverage_status": "Outside predicted coverage", "nearest_tower_km": 39.6, "nearby_carriers": 0, "carrier_names": "None", "hazard_H": 0.3, "unreachability_U": 0.9307, "exposure_E": 0.4384, "wbi_score": 49.7, "wbi_tier": "Moderate", "wbi_rank": 254, "strict_blackspot": false}, "geometry": {"type": "Point", "coordinates": [135.87365, -11.83585]}}, {"type": "Feature", "properties": {"objectid": 557, "community_id": 557, "community_name": "Wandawuy", "community_aliases": "WULWULWUY", "community_type": "Family Outstation", "main_language": "Not recorded", "local_govt_council": "EAST ARNHEM", "land_council": "NORTHERN LAND COUNCIL", "ntg_region": "EAST ARNHEM", "bushtel_url": "https://bushtel.nt.gov.au/profile/557", "population_count": 80, "population_used_in_index": 80, "population_basis": "risk_dataset", "longitude": 136.35636, "latitude": -12.89147, "risk_rating": "Low", "fire_plan": "No", "firebreak": "Yes", "fuel_reduction": "Yes", "has_coverage": false, "coverage_status": "Outside predicted coverage", "nearest_tower_km": 27.3, "nearby_carriers": 1, "carrier_names": "Telstra", "hazard_H": 0.3, "unreachability_U": 0.7376, "exposure_E": 0.5559, "wbi_score": 49.7, "wbi_tier": "Moderate", "wbi_rank": 254, "strict_blackspot": false}, "geometry": {"type": "Point", "coordinates": [136.35636, -12.89147]}}, {"type": "Feature", "properties": {"objectid": 1019, "community_id": 1019, "community_name": "Burudu", "community_aliases": "RANKEN", "community_type": "Family Outstation", "main_language": "Not recorded", "local_govt_council": "BARKLY", "land_council": "NORTHERN LAND COUNCIL", "ntg_region": "BARKLY", "bushtel_url": "https://bushtel.nt.gov.au/profile/1019", "population_count": 4, "population_used_in_index": 4, "population_basis": "risk_dataset", "longitude": 136.92545, "latitude": -19.59874, "risk_rating": "Moderate", "fire_plan": "No", "firebreak": "Yes", "fuel_reduction": "Yes", "has_coverage": false, "coverage_status": "Outside predicted coverage", "nearest_tower_km": 54.2, "nearby_carriers": 0, "carrier_names": "None", "hazard_H": 0.6, "unreachability_U": 1.0, "exposure_E": 0.2036, "wbi_score": 49.6, "wbi_tier": "Moderate", "wbi_rank": 256, "strict_blackspot": false}, "geometry": {"type": "Point", "coordinates": [136.92545, -19.59874]}}, {"type": "Feature", "properties": {"objectid": 629, "community_id": 629, "community_name": "Mount Catt", "community_aliases": "BAMIRRAKURLU", "community_type": "Family Outstation", "main_language": "Not recorded", "local_govt_council": "ROPER GULF", "land_council": "NORTHERN LAND COUNCIL", "ntg_region": "BIG RIVERS", "bushtel_url": "https://bushtel.nt.gov.au/profile/629", "population_count": 10, "population_used_in_index": 10, "population_basis": "risk_dataset", "longitude": 134.43241, "latitude": -13.80018, "risk_rating": "Moderate", "fire_plan": "No", "firebreak": "Yes", "fuel_reduction": "Yes", "has_coverage": false, "coverage_status": "Outside predicted coverage", "nearest_tower_km": 17.3, "nearby_carriers": 1, "carrier_names": "Telstra", "hazard_H": 0.6, "unreachability_U": 0.6709, "exposure_E": 0.3033, "wbi_score": 49.6, "wbi_tier": "Moderate", "wbi_rank": 256, "strict_blackspot": false}, "geometry": {"type": "Point", "coordinates": [134.43241, -13.80018]}}, {"type": "Feature", "properties": {"objectid": 633, "community_id": 633, "community_name": "Ngukurr", "community_aliases": "ROPER RIVER", "community_type": "Major", "main_language": "Eastside Kriol", "local_govt_council": "ROPER GULF", "land_council": "NORTHERN LAND COUNCIL", "ntg_region": "BIG RIVERS", "bushtel_url": "https://bushtel.nt.gov.au/profile/633", "population_count": 1350, "population_used_in_index": 1350, "population_basis": "risk_dataset", "longitude": 134.7321, "latitude": -14.7317, "risk_rating": "Moderate", "fire_plan": "No", "firebreak": "Yes", "fuel_reduction": "Yes", "has_coverage": true, "coverage_status": "Inside predicted coverage", "nearest_tower_km": 0.2, "nearby_carriers": 1, "carrier_names": "Telstra", "hazard_H": 0.6, "unreachability_U": 0.2236, "exposure_E": 0.9118, "wbi_score": 49.6, "wbi_tier": "Moderate", "wbi_rank": 256, "strict_blackspot": false}, "geometry": {"type": "Point", "coordinates": [134.7321, -14.7317]}}, {"type": "Feature", "properties": {"objectid": 510, "community_id": 510, "community_name": "Gitan", "community_aliases": "GITJAN", "community_type": "Family Outstation", "main_language": "Not recorded", "local_govt_council": "EAST ARNHEM", "land_council": "NORTHERN LAND COUNCIL", "ntg_region": "EAST ARNHEM", "bushtel_url": "https://bushtel.nt.gov.au/profile/510", "population_count": null, "population_used_in_index": 8, "population_basis": "imputed_type_median", "longitude": 135.78183, "latitude": -11.91169, "risk_rating": "Moderate", "fire_plan": "No", "firebreak": "No", "fuel_reduction": "No", "has_coverage": false, "coverage_status": "Outside predicted coverage", "nearest_tower_km": 26.7, "nearby_carriers": 1, "carrier_names": "Telstra", "hazard_H": 0.6, "unreachability_U": 0.7336, "exposure_E": 0.2779, "wbi_score": 49.6, "wbi_tier": "Moderate", "wbi_rank": 256, "strict_blackspot": false}, "geometry": {"type": "Point", "coordinates": [135.78183, -11.91169]}}, {"type": "Feature", "properties": {"objectid": 714, "community_id": 714, "community_name": "Alkuptija", "community_aliases": "ALKUPITJA,GILLAN BORE,GILLANS BORE,GILLEN BORE", "community_type": "Family Outstation", "main_language": "Not recorded", "local_govt_council": "MACDONNELL", "land_council": "CENTRAL LAND COUNCIL", "ntg_region": "CENTRAL AUSTRALIA", "bushtel_url": "https://bushtel.nt.gov.au/profile/714", "population_count": 24, "population_used_in_index": 24, "population_basis": "risk_dataset", "longitude": 133.69436, "latitude": -23.06533, "risk_rating": "Low", "fire_plan": "Yes", "firebreak": "Yes", "fuel_reduction": "Yes", "has_coverage": false, "coverage_status": "Outside predicted coverage", "nearest_tower_km": 51.0, "nearby_carriers": 0, "carrier_names": "None", "hazard_H": 0.3, "unreachability_U": 1.0, "exposure_E": 0.4072, "wbi_score": 49.6, "wbi_tier": "Moderate", "wbi_rank": 256, "strict_blackspot": false}, "geometry": {"type": "Point", "coordinates": [133.69436, -23.06533]}}, {"type": "Feature", "properties": {"objectid": 577, "community_id": 577, "community_name": "Badawarrka", "community_aliases": "BADANARRKKA,BADDAWARRKU,BUDDAWARKA,FIVE MILE CAMP", "community_type": "Family Outstation", "main_language": "Not recorded", "local_govt_council": "ROPER GULF", "land_council": "NORTHERN LAND COUNCIL", "ntg_region": "BIG RIVERS", "bushtel_url": "https://bushtel.nt.gov.au/profile/577", "population_count": 7, "population_used_in_index": 7, "population_basis": "risk_dataset", "longitude": 134.44378, "latitude": -14.69603, "risk_rating": "Moderate", "fire_plan": "No", "firebreak": "Yes", "fuel_reduction": "Yes", "has_coverage": false, "coverage_status": "Outside predicted coverage", "nearest_tower_km": 31.4, "nearby_carriers": 1, "carrier_names": "Telstra", "hazard_H": 0.6, "unreachability_U": 0.7649, "exposure_E": 0.263, "wbi_score": 49.4, "wbi_tier": "Moderate", "wbi_rank": 261, "strict_blackspot": false}, "geometry": {"type": "Point", "coordinates": [134.44378, -14.69603]}}, {"type": "Feature", "properties": {"objectid": 548, "community_id": 548, "community_name": "Wurwula", "community_aliases": "INGLIS ISLAND,NIKAWUNGYURA,NYEKALA", "community_type": "Family Outstation", "main_language": "Not recorded", "local_govt_council": "EAST ARNHEM", "land_council": "NORTHERN LAND COUNCIL", "ntg_region": "EAST ARNHEM", "bushtel_url": "https://bushtel.nt.gov.au/profile/548", "population_count": null, "population_used_in_index": 8, "population_basis": "imputed_type_median", "longitude": 136.30349, "latitude": -11.97646, "risk_rating": "Moderate", "fire_plan": "No", "firebreak": "No", "fuel_reduction": "No", "has_coverage": false, "coverage_status": "Outside predicted coverage", "nearest_tower_km": 25.1, "nearby_carriers": 1, "carrier_names": "Telstra", "hazard_H": 0.6, "unreachability_U": 0.7229, "exposure_E": 0.2779, "wbi_score": 49.4, "wbi_tier": "Moderate", "wbi_rank": 261, "strict_blackspot": false}, "geometry": {"type": "Point", "coordinates": [136.30349, -11.97646]}}, {"type": "Feature", "properties": {"objectid": 957, "community_id": 957, "community_name": "Mount Jean", "community_aliases": "No aliases recorded with NTG DIPL", "community_type": "Family Outstation", "main_language": "Not recorded", "local_govt_council": "ROPER GULF", "land_council": "NORTHERN LAND COUNCIL", "ntg_region": "BIG RIVERS", "bushtel_url": "https://bushtel.nt.gov.au/profile/957", "population_count": null, "population_used_in_index": 8, "population_basis": "imputed_type_median", "longitude": 134.17191, "latitude": -13.53259, "risk_rating": "Moderate", "fire_plan": "No", "firebreak": "No", "fuel_reduction": "No", "has_coverage": false, "coverage_status": "Outside predicted coverage", "nearest_tower_km": 24.0, "nearby_carriers": 1, "carrier_names": "Telstra", "hazard_H": 0.6, "unreachability_U": 0.7156, "exposure_E": 0.2779, "wbi_score": 49.2, "wbi_tier": "Moderate", "wbi_rank": 263, "strict_blackspot": false}, "geometry": {"type": "Point", "coordinates": [134.17191, -13.53259]}}, {"type": "Feature", "properties": {"objectid": 550, "community_id": 550, "community_name": "Ramingining", "community_aliases": "No aliases recorded with NTG DIPL", "community_type": "Major", "main_language": "Yolngu Matha (Djambarrpuyngu)", "local_govt_council": "EAST ARNHEM", "land_council": "NORTHERN LAND COUNCIL", "ntg_region": "EAST ARNHEM", "bushtel_url": "https://bushtel.nt.gov.au/profile/550", "population_count": 1025, "population_used_in_index": 1025, "population_basis": "risk_dataset", "longitude": 134.93001, "latitude": -12.32779, "risk_rating": "Moderate", "fire_plan": "No", "firebreak": "Yes", "fuel_reduction": "Yes", "has_coverage": true, "coverage_status": "Inside predicted coverage", "nearest_tower_km": 0.4, "nearby_carriers": 1, "carrier_names": "Telstra", "hazard_H": 0.6, "unreachability_U": 0.2249, "exposure_E": 0.877, "wbi_score": 49.1, "wbi_tier": "Moderate", "wbi_rank": 264, "strict_blackspot": false}, "geometry": {"type": "Point", "coordinates": [134.93001, -12.32779]}}, {"type": "Feature", "properties": {"objectid": 828, "community_id": 828, "community_name": "Mariah", "community_aliases": "RAFFLES BAY", "community_type": "Family Outstation", "main_language": "Not recorded", "local_govt_council": "WEST ARNHEM", "land_council": "NORTHERN LAND COUNCIL", "ntg_region": "TOP END", "bushtel_url": "https://bushtel.nt.gov.au/profile/828", "population_count": null, "population_used_in_index": 8, "population_basis": "imputed_type_median", "longitude": 132.38022, "latitude": -11.22968, "risk_rating": "Moderate", "fire_plan": "No", "firebreak": "No", "fuel_reduction": "No", "has_coverage": false, "coverage_status": "Outside predicted coverage", "nearest_tower_km": 23.0, "nearby_carriers": 1, "carrier_names": "Telstra", "hazard_H": 0.6, "unreachability_U": 0.7089, "exposure_E": 0.2779, "wbi_score": 49.1, "wbi_tier": "Moderate", "wbi_rank": 264, "strict_blackspot": false}, "geometry": {"type": "Point", "coordinates": [132.38022, -11.22968]}}, {"type": "Feature", "properties": {"objectid": 775, "community_id": 775, "community_name": "Deleye", "community_aliases": "DELYE", "community_type": "Family Outstation", "main_language": "Not recorded", "local_govt_council": "WEST DALY", "land_council": "NORTHERN LAND COUNCIL", "ntg_region": "TOP END", "bushtel_url": "https://bushtel.nt.gov.au/profile/775", "population_count": 4, "population_used_in_index": 4, "population_basis": "risk_dataset", "longitude": 129.97667, "latitude": -13.76535, "risk_rating": "Moderate", "fire_plan": "No", "firebreak": "Yes", "fuel_reduction": "Yes", "has_coverage": false, "coverage_status": "Outside predicted coverage", "nearest_tower_km": 44.9, "nearby_carriers": 0, "carrier_names": "None", "hazard_H": 0.6, "unreachability_U": 0.966, "exposure_E": 0.2036, "wbi_score": 49.0, "wbi_tier": "Moderate", "wbi_rank": 266, "strict_blackspot": false}, "geometry": {"type": "Point", "coordinates": [129.97667, -13.76535]}}, {"type": "Feature", "properties": {"objectid": 669, "community_id": 669, "community_name": "Gonguruwuy", "community_aliases": "GOYNGURUMUY,GUNGURUWUY,INGLIS ISLAND,WATAYNGA", "community_type": "Family Outstation", "main_language": "Not recorded", "local_govt_council": "EAST ARNHEM", "land_council": "NORTHERN LAND COUNCIL", "ntg_region": "EAST ARNHEM", "bushtel_url": "https://bushtel.nt.gov.au/profile/669", "population_count": null, "population_used_in_index": 8, "population_basis": "imputed_type_median", "longitude": 136.15085, "latitude": -12.06638, "risk_rating": "Moderate", "fire_plan": "No", "firebreak": "No", "fuel_reduction": "No", "has_coverage": false, "coverage_status": "Outside predicted coverage", "nearest_tower_km": 21.9, "nearby_carriers": 1, "carrier_names": "Telstra", "hazard_H": 0.6, "unreachability_U": 0.7016, "exposure_E": 0.2779, "wbi_score": 48.9, "wbi_tier": "Moderate", "wbi_rank": 267, "strict_blackspot": false}, "geometry": {"type": "Point", "coordinates": [136.15085, -12.06638]}}, {"type": "Feature", "properties": {"objectid": 198, "community_id": 198, "community_name": "Yuendumu", "community_aliases": "No aliases recorded with NTG DIPL", "community_type": "Major", "main_language": "Warlpiri", "local_govt_council": "CENTRAL DESERT", "land_council": "CENTRAL LAND COUNCIL", "ntg_region": "CENTRAL AUSTRALIA", "bushtel_url": "https://bushtel.nt.gov.au/profile/198", "population_count": 892, "population_used_in_index": 892, "population_basis": "risk_dataset", "longitude": 131.79529, "latitude": -22.25389, "risk_rating": "Moderate", "fire_plan": "Yes", "firebreak": "Yes", "fuel_reduction": "Yes", "has_coverage": true, "coverage_status": "Inside predicted coverage", "nearest_tower_km": 0.4, "nearby_carriers": 1, "carrier_names": "Telstra", "hazard_H": 0.6, "unreachability_U": 0.2249, "exposure_E": 0.8594, "wbi_score": 48.8, "wbi_tier": "Moderate", "wbi_rank": 268, "strict_blackspot": false}, "geometry": {"type": "Point", "coordinates": [131.79529, -22.25389]}}, {"type": "Feature", "properties": {"objectid": 859, "community_id": 859, "community_name": "Pertarratenge", "community_aliases": "BOOMERANG BORE", "community_type": "Family Outstation", "main_language": "Not recorded", "local_govt_council": "MACDONNELL", "land_council": "CENTRAL LAND COUNCIL", "ntg_region": "CENTRAL AUSTRALIA", "bushtel_url": "https://bushtel.nt.gov.au/profile/859", "population_count": 15, "population_used_in_index": 15, "population_basis": "risk_dataset", "longitude": 133.31956, "latitude": -24.41326, "risk_rating": "Moderate", "fire_plan": "No", "firebreak": "Yes", "fuel_reduction": "Yes", "has_coverage": false, "coverage_status": "Outside predicted coverage", "nearest_tower_km": 16.2, "nearby_carriers": 2, "carrier_names": "Optus, Telstra", "hazard_H": 0.6, "unreachability_U": 0.5524, "exposure_E": 0.3507, "wbi_score": 48.8, "wbi_tier": "Moderate", "wbi_rank": 268, "strict_blackspot": false}, "geometry": {"type": "Point", "coordinates": [133.31956, -24.41326]}}, {"type": "Feature", "properties": {"objectid": 331, "community_id": 331, "community_name": "Gurrgurr", "community_aliases": "GURRHGURR,TABLE HILL", "community_type": "Family Outstation", "main_language": "Not recorded", "local_govt_council": "WEST ARNHEM", "land_council": "NORTHERN LAND COUNCIL", "ntg_region": "TOP END", "bushtel_url": "https://bushtel.nt.gov.au/profile/331", "population_count": null, "population_used_in_index": 8, "population_basis": "imputed_type_median", "longitude": 134.00904, "latitude": -12.20644, "risk_rating": "High", "fire_plan": "No", "firebreak": "No", "fuel_reduction": "No", "has_coverage": true, "coverage_status": "Inside predicted coverage", "nearest_tower_km": 29.4, "nearby_carriers": 1, "carrier_names": "Telstra", "hazard_H": 1.0, "unreachability_U": 0.4182, "exposure_E": 0.2779, "wbi_score": 48.8, "wbi_tier": "Moderate", "wbi_rank": 268, "strict_blackspot": false}, "geometry": {"type": "Point", "coordinates": [134.00904, -12.20644]}}, {"type": "Feature", "properties": {"objectid": 437, "community_id": 437, "community_name": "Wurdeja", "community_aliases": "WUDEJA", "community_type": "Family Outstation", "main_language": "Not recorded", "local_govt_council": "WEST ARNHEM", "land_council": "NORTHERN LAND COUNCIL", "ntg_region": "TOP END", "bushtel_url": "https://bushtel.nt.gov.au/profile/437", "population_count": 10, "population_used_in_index": 10, "population_basis": "risk_dataset", "longitude": 134.660847, "latitude": -12.170569, "risk_rating": "Moderate", "fire_plan": "No", "firebreak": "Yes", "fuel_reduction": "Yes", "has_coverage": false, "coverage_status": "Outside predicted coverage", "nearest_tower_km": 11.8, "nearby_carriers": 1, "carrier_names": "Telstra", "hazard_H": 0.6, "unreachability_U": 0.6342, "exposure_E": 0.3033, "wbi_score": 48.7, "wbi_tier": "Moderate", "wbi_rank": 271, "strict_blackspot": false}, "geometry": {"type": "Point", "coordinates": [134.660847, -12.170569]}}, {"type": "Feature", "properties": {"objectid": 839, "community_id": 839, "community_name": "Nguyarramini", "community_aliases": "WAIRAMINNEE", "community_type": "Family Outstation", "main_language": "Not recorded", "local_govt_council": "BARKLY", "land_council": "CENTRAL LAND COUNCIL", "ntg_region": "BARKLY", "bushtel_url": "https://bushtel.nt.gov.au/profile/839", "population_count": 20, "population_used_in_index": 20, "population_basis": "risk_dataset", "longitude": 134.38577, "latitude": -20.08713, "risk_rating": "Low", "fire_plan": "No", "firebreak": "Yes", "fuel_reduction": "Yes", "has_coverage": false, "coverage_status": "Outside predicted coverage", "nearest_tower_km": 52.7, "nearby_carriers": 0, "carrier_names": "None", "hazard_H": 0.3, "unreachability_U": 1.0, "exposure_E": 0.3851, "wbi_score": 48.7, "wbi_tier": "Moderate", "wbi_rank": 271, "strict_blackspot": false}, "geometry": {"type": "Point", "coordinates": [134.38577, -20.08713]}}, {"type": "Feature", "properties": {"objectid": 372, "community_id": 372, "community_name": "Mewirnbi", "community_aliases": "MEWIRNABI", "community_type": "Family Outstation", "main_language": "Not recorded", "local_govt_council": "WEST ARNHEM", "land_council": "NORTHERN LAND COUNCIL", "ntg_region": "TOP END", "bushtel_url": "https://bushtel.nt.gov.au/profile/372", "population_count": 15, "population_used_in_index": 15, "population_basis": "risk_dataset", "longitude": 134.76806, "latitude": -12.12529, "risk_rating": "High", "fire_plan": "No", "firebreak": "No", "fuel_reduction": "No", "has_coverage": true, "coverage_status": "Inside predicted coverage", "nearest_tower_km": 15.4, "nearby_carriers": 1, "carrier_names": "Telstra", "hazard_H": 1.0, "unreachability_U": 0.3249, "exposure_E": 0.3507, "wbi_score": 48.5, "wbi_tier": "Moderate", "wbi_rank": 273, "strict_blackspot": false}, "geometry": {"type": "Point", "coordinates": [134.76806, -12.12529]}}, {"type": "Feature", "properties": {"objectid": 549, "community_id": 549, "community_name": "Numbulwar", "community_aliases": "ROSE RIVER", "community_type": "Major", "main_language": "Eastside Kriol", "local_govt_council": "ROPER GULF", "land_council": "NORTHERN LAND COUNCIL", "ntg_region": "BIG RIVERS", "bushtel_url": "https://bushtel.nt.gov.au/profile/549", "population_count": 850, "population_used_in_index": 850, "population_basis": "risk_dataset", "longitude": 135.7406, "latitude": -14.2791, "risk_rating": "Moderate", "fire_plan": "No", "firebreak": "Yes", "fuel_reduction": "Yes", "has_coverage": true, "coverage_status": "Inside predicted coverage", "nearest_tower_km": 0.1, "nearby_carriers": 1, "carrier_names": "Telstra", "hazard_H": 0.6, "unreachability_U": 0.2229, "exposure_E": 0.8533, "wbi_score": 48.5, "wbi_tier": "Moderate", "wbi_rank": 273, "strict_blackspot": false}, "geometry": {"type": "Point", "coordinates": [135.7406, -14.2791]}}, {"type": "Feature", "properties": {"objectid": 747, "community_id": 747, "community_name": "Kulang", "community_aliases": "KULAIL", "community_type": "Family Outstation", "main_language": "Not recorded", "local_govt_council": "MACDONNELL", "land_council": "CENTRAL LAND COUNCIL", "ntg_region": "CENTRAL AUSTRALIA", "bushtel_url": "https://bushtel.nt.gov.au/profile/747", "population_count": null, "population_used_in_index": 8, "population_basis": "imputed_type_median", "longitude": 129.00638, "latitude": -24.71557, "risk_rating": "Moderate", "fire_plan": "No", "firebreak": "No", "fuel_reduction": "No", "has_coverage": false, "coverage_status": "Outside predicted coverage", "nearest_tower_km": 19.0, "nearby_carriers": 1, "carrier_names": "Telstra", "hazard_H": 0.6, "unreachability_U": 0.6822, "exposure_E": 0.2779, "wbi_score": 48.5, "wbi_tier": "Moderate", "wbi_rank": 273, "strict_blackspot": false}, "geometry": {"type": "Point", "coordinates": [129.00638, -24.71557]}}, {"type": "Feature", "properties": {"objectid": 406, "community_id": 405, "community_name": "Perrederr", "community_aliases": "MULCHILL,PERREDERR", "community_type": "Family Outstation", "main_language": "Not recorded", "local_govt_council": "WEST DALY", "land_council": "NORTHERN LAND COUNCIL", "ntg_region": "TOP END", "bushtel_url": "https://bushtel.nt.gov.au/profile/405", "population_count": 6, "population_used_in_index": 6, "population_basis": "risk_dataset", "longitude": 129.82661, "latitude": -14.01963, "risk_rating": "Moderate", "fire_plan": "No", "firebreak": "Yes", "fuel_reduction": "Yes", "has_coverage": false, "coverage_status": "Outside predicted coverage", "nearest_tower_km": 31.5, "nearby_carriers": 1, "carrier_names": "Telstra", "hazard_H": 0.6, "unreachability_U": 0.7656, "exposure_E": 0.2461, "wbi_score": 48.4, "wbi_tier": "Moderate", "wbi_rank": 276, "strict_blackspot": false}, "geometry": {"type": "Point", "coordinates": [129.82661, -14.01963]}}, {"type": "Feature", "properties": {"objectid": 609, "community_id": 609, "community_name": "Lajamanu", "community_aliases": "HOOKER CREEK", "community_type": "Major", "main_language": "Warlpiri", "local_govt_council": "CENTRAL DESERT", "land_council": "CENTRAL LAND COUNCIL", "ntg_region": "BIG RIVERS", "bushtel_url": "https://bushtel.nt.gov.au/profile/609", "population_count": 703, "population_used_in_index": 703, "population_basis": "risk_dataset", "longitude": 130.63834, "latitude": -18.335835, "risk_rating": "Moderate", "fire_plan": "Yes", "firebreak": "Yes", "fuel_reduction": "Yes", "has_coverage": true, "coverage_status": "Inside predicted coverage", "nearest_tower_km": 0.7, "nearby_carriers": 1, "carrier_names": "Telstra", "hazard_H": 0.6, "unreachability_U": 0.2269, "exposure_E": 0.8294, "wbi_score": 48.3, "wbi_tier": "Moderate", "wbi_rank": 277, "strict_blackspot": false}, "geometry": {"type": "Point", "coordinates": [130.63834, -18.335835]}}, {"type": "Feature", "properties": {"objectid": 889, "community_id": 889, "community_name": "Watdagawuy", "community_aliases": "GANAWA", "community_type": "Family Outstation", "main_language": "Not recorded", "local_govt_council": "EAST ARNHEM", "land_council": "NORTHERN LAND COUNCIL", "ntg_region": "EAST ARNHEM", "bushtel_url": "https://bushtel.nt.gov.au/profile/889", "population_count": null, "population_used_in_index": 8, "population_basis": "imputed_type_median", "longitude": 135.70074, "latitude": -11.93961, "risk_rating": "Moderate", "fire_plan": "No", "firebreak": "No", "fuel_reduction": "No", "has_coverage": false, "coverage_status": "Outside predicted coverage", "nearest_tower_km": 17.5, "nearby_carriers": 1, "carrier_names": "Telstra", "hazard_H": 0.6, "unreachability_U": 0.6722, "exposure_E": 0.2779, "wbi_score": 48.2, "wbi_tier": "Moderate", "wbi_rank": 278, "strict_blackspot": false}, "geometry": {"type": "Point", "coordinates": [135.70074, -11.93961]}}, {"type": "Feature", "properties": {"objectid": 30, "community_id": 30, "community_name": "Town Bore", "community_aliases": "ARKILKI,ARRKILKI,DERWENT BORE", "community_type": "Family Outstation", "main_language": "Not recorded", "local_govt_council": "MACDONNELL", "land_council": "CENTRAL LAND COUNCIL", "ntg_region": "CENTRAL AUSTRALIA", "bushtel_url": "https://bushtel.nt.gov.au/profile/30", "population_count": 7, "population_used_in_index": 7, "population_basis": "risk_dataset", "longitude": 132.06416, "latitude": -23.35473, "risk_rating": "Moderate", "fire_plan": "No", "firebreak": "Yes", "fuel_reduction": "Yes", "has_coverage": false, "coverage_status": "Outside predicted coverage", "nearest_tower_km": 23.2, "nearby_carriers": 1, "carrier_names": "Telstra", "hazard_H": 0.6, "unreachability_U": 0.7102, "exposure_E": 0.263, "wbi_score": 48.2, "wbi_tier": "Moderate", "wbi_rank": 278, "strict_blackspot": false}, "geometry": {"type": "Point", "coordinates": [132.06416, -23.35473]}}, {"type": "Feature", "properties": {"objectid": 567, "community_id": 567, "community_name": "Wuyagiba", "community_aliases": "WIYAGIBA,WIYAKIPA", "community_type": "Family Outstation", "main_language": "Not recorded", "local_govt_council": "ROPER GULF", "land_council": "NORTHERN LAND COUNCIL", "ntg_region": "BIG RIVERS", "bushtel_url": "https://bushtel.nt.gov.au/profile/567", "population_count": 20, "population_used_in_index": 20, "population_basis": "risk_dataset", "longitude": 135.52036, "latitude": -14.62149, "risk_rating": "Low", "fire_plan": "No", "firebreak": "Yes", "fuel_reduction": "Yes", "has_coverage": false, "coverage_status": "Outside predicted coverage", "nearest_tower_km": 44.8, "nearby_carriers": 0, "carrier_names": "None", "hazard_H": 0.3, "unreachability_U": 0.9653, "exposure_E": 0.3851, "wbi_score": 48.1, "wbi_tier": "Moderate", "wbi_rank": 280, "strict_blackspot": false}, "geometry": {"type": "Point", "coordinates": [135.52036, -14.62149]}}, {"type": "Feature", "properties": {"objectid": 654, "community_id": 654, "community_name": "Weemol", "community_aliases": "WEEMOLL,WEMOOL", "community_type": "Minor", "main_language": "Kriol", "local_govt_council": "ROPER GULF", "land_council": "NORTHERN LAND COUNCIL", "ntg_region": "BIG RIVERS", "bushtel_url": "https://bushtel.nt.gov.au/profile/654", "population_count": 329, "population_used_in_index": 329, "population_basis": "risk_dataset", "longitude": 134.308625, "latitude": -13.644181, "risk_rating": "Moderate", "fire_plan": "No", "firebreak": "Yes", "fuel_reduction": "Yes", "has_coverage": true, "coverage_status": "Inside predicted coverage", "nearest_tower_km": 4.7, "nearby_carriers": 1, "carrier_names": "Telstra", "hazard_H": 0.6, "unreachability_U": 0.2536, "exposure_E": 0.7335, "wbi_score": 48.1, "wbi_tier": "Moderate", "wbi_rank": 280, "strict_blackspot": false}, "geometry": {"type": "Point", "coordinates": [134.308625, -13.644181]}}, {"type": "Feature", "properties": {"objectid": 54, "community_id": 54, "community_name": "Ininti", "community_aliases": "RED BANK BORE,REDBANK", "community_type": "Family Outstation", "main_language": "Not recorded", "local_govt_council": "MACDONNELL", "land_council": "CENTRAL LAND COUNCIL", "ntg_region": "CENTRAL AUSTRALIA", "bushtel_url": "https://bushtel.nt.gov.au/profile/54", "population_count": null, "population_used_in_index": 8, "population_basis": "imputed_type_median", "longitude": 129.15249, "latitude": -23.16827, "risk_rating": "High", "fire_plan": "No", "firebreak": "No", "fuel_reduction": "No", "has_coverage": true, "coverage_status": "Inside predicted coverage", "nearest_tower_km": 26.6, "nearby_carriers": 1, "carrier_names": "Telstra", "hazard_H": 1.0, "unreachability_U": 0.3996, "exposure_E": 0.2779, "wbi_score": 48.1, "wbi_tier": "Moderate", "wbi_rank": 280, "strict_blackspot": false}, "geometry": {"type": "Point", "coordinates": [129.15249, -23.16827]}}, {"type": "Feature", "properties": {"objectid": 913, "community_id": 913, "community_name": "Ngarinthi", "community_aliases": "WUMARR", "community_type": "Family Outstation", "main_language": "Not recorded", "local_govt_council": "WEST DALY", "land_council": "NORTHERN LAND COUNCIL", "ntg_region": "TOP END", "bushtel_url": "https://bushtel.nt.gov.au/profile/913", "population_count": null, "population_used_in_index": 8, "population_basis": "imputed_type_median", "longitude": 129.42257, "latitude": -14.46204, "risk_rating": "High", "fire_plan": "No", "firebreak": "No", "fuel_reduction": "No", "has_coverage": true, "coverage_status": "Inside predicted coverage", "nearest_tower_km": 26.8, "nearby_carriers": 1, "carrier_names": "Telstra", "hazard_H": 1.0, "unreachability_U": 0.4009, "exposure_E": 0.2779, "wbi_score": 48.1, "wbi_tier": "Moderate", "wbi_rank": 280, "strict_blackspot": false}, "geometry": {"type": "Point", "coordinates": [129.42257, -14.46204]}}, {"type": "Feature", "properties": {"objectid": 145, "community_id": 145, "community_name": "Santa Teresa", "community_aliases": "LTYENTE PURTE,LTYENTYE APURTE", "community_type": "Major", "main_language": "Eastern / Central Arrernte", "local_govt_council": "MACDONNELL", "land_council": "CENTRAL LAND COUNCIL", "ntg_region": "CENTRAL AUSTRALIA", "bushtel_url": "https://bushtel.nt.gov.au/profile/145", "population_count": 682, "population_used_in_index": 682, "population_basis": "risk_dataset", "longitude": 134.3733, "latitude": -24.1307, "risk_rating": "Moderate", "fire_plan": "Yes", "firebreak": "Yes", "fuel_reduction": "Yes", "has_coverage": true, "coverage_status": "Inside predicted coverage", "nearest_tower_km": 0.3, "nearby_carriers": 1, "carrier_names": "Telstra", "hazard_H": 0.6, "unreachability_U": 0.2242, "exposure_E": 0.8255, "wbi_score": 48.1, "wbi_tier": "Moderate", "wbi_rank": 280, "strict_blackspot": false}, "geometry": {"type": "Point", "coordinates": [134.3733, -24.1307]}}, {"type": "Feature", "properties": {"objectid": 88, "community_id": 88, "community_name": "Lilla", "community_aliases": "LILA,REEDY ROCKHOLE", "community_type": "Family Outstation", "main_language": "Not recorded", "local_govt_council": "MACDONNELL", "land_council": "CENTRAL LAND COUNCIL", "ntg_region": "CENTRAL AUSTRALIA", "bushtel_url": "https://bushtel.nt.gov.au/profile/88", "population_count": 16, "population_used_in_index": 16, "population_basis": "risk_dataset", "longitude": 131.60327, "latitude": -24.29728, "risk_rating": "Moderate", "fire_plan": "No", "firebreak": "Yes", "fuel_reduction": "Yes", "has_coverage": false, "coverage_status": "Outside predicted coverage", "nearest_tower_km": 10.6, "nearby_carriers": 2, "carrier_names": "Optus, Telstra", "hazard_H": 0.6, "unreachability_U": 0.5151, "exposure_E": 0.3584, "wbi_score": 48.0, "wbi_tier": "Moderate", "wbi_rank": 285, "strict_blackspot": false}, "geometry": {"type": "Point", "coordinates": [131.60327, -24.29728]}}, {"type": "Feature", "properties": {"objectid": 153, "community_id": 153, "community_name": "Tjuntinanta", "community_aliases": "KIKUNKURRA,TJUNINANTA", "community_type": "Family Outstation", "main_language": "Not recorded", "local_govt_council": "MACDONNELL", "land_council": "CENTRAL LAND COUNCIL", "ntg_region": "CENTRAL AUSTRALIA", "bushtel_url": "https://bushtel.nt.gov.au/profile/153", "population_count": null, "population_used_in_index": 8, "population_basis": "imputed_type_median", "longitude": 129.23084, "latitude": -24.85187, "risk_rating": "Moderate", "fire_plan": "No", "firebreak": "No", "fuel_reduction": "No", "has_coverage": false, "coverage_status": "Outside predicted coverage", "nearest_tower_km": 15.4, "nearby_carriers": 1, "carrier_names": "Telstra", "hazard_H": 0.6, "unreachability_U": 0.6582, "exposure_E": 0.2779, "wbi_score": 47.9, "wbi_tier": "Moderate", "wbi_rank": 286, "strict_blackspot": false}, "geometry": {"type": "Point", "coordinates": [129.23084, -24.85187]}}, {"type": "Feature", "properties": {"objectid": 936, "community_id": 936, "community_name": "Kudantiga", "community_aliases": "KURANTIKA", "community_type": "Family Outstation", "main_language": "Not recorded", "local_govt_council": "WEST DALY", "land_council": "NORTHERN LAND COUNCIL", "ntg_region": "TOP END", "bushtel_url": "https://bushtel.nt.gov.au/profile/936", "population_count": 9, "population_used_in_index": 9, "population_basis": "bushtel", "longitude": 129.429181, "latitude": -14.429181, "risk_rating": "High", "fire_plan": "No", "firebreak": "No", "fuel_reduction": "No", "has_coverage": true, "coverage_status": "Inside predicted coverage", "nearest_tower_km": 23.2, "nearby_carriers": 1, "carrier_names": "Telstra", "hazard_H": 1.0, "unreachability_U": 0.3769, "exposure_E": 0.2913, "wbi_score": 47.9, "wbi_tier": "Moderate", "wbi_rank": 286, "strict_blackspot": false}, "geometry": {"type": "Point", "coordinates": [129.429181, -14.429181]}}, {"type": "Feature", "properties": {"objectid": 239, "community_id": 239, "community_name": "Kunayungku", "community_aliases": "KUNYINGU,PARARINGI,PAWARINJI,PUWARIN", "community_type": "Family Outstation", "main_language": "Not recorded", "local_govt_council": "BARKLY", "land_council": "CENTRAL LAND COUNCIL", "ntg_region": "BARKLY", "bushtel_url": "https://bushtel.nt.gov.au/profile/239", "population_count": null, "population_used_in_index": 8, "population_basis": "imputed_type_median", "longitude": 133.72464, "latitude": -19.74209, "risk_rating": "Moderate", "fire_plan": "No", "firebreak": "Yes", "fuel_reduction": "No", "has_coverage": true, "coverage_status": "Inside predicted coverage", "nearest_tower_km": 49.1, "nearby_carriers": 0, "carrier_names": "None", "hazard_H": 0.6, "unreachability_U": 0.6607, "exposure_E": 0.2779, "wbi_score": 47.9, "wbi_tier": "Moderate", "wbi_rank": 286, "strict_blackspot": false}, "geometry": {"type": "Point", "coordinates": [133.72464, -19.74209]}}, {"type": "Feature", "properties": {"objectid": 131, "community_id": 131, "community_name": "Papunya", "community_aliases": "No aliases recorded with NTG DIPL", "community_type": "Major", "main_language": "Luritja/Pintupi", "local_govt_council": "MACDONNELL", "land_council": "CENTRAL LAND COUNCIL", "ntg_region": "CENTRAL AUSTRALIA", "bushtel_url": "https://bushtel.nt.gov.au/profile/131", "population_count": 475, "population_used_in_index": 475, "population_basis": "risk_dataset", "longitude": 131.9111, "latitude": -23.203056, "risk_rating": "Moderate", "fire_plan": "Yes", "firebreak": "Yes", "fuel_reduction": "Yes", "has_coverage": true, "coverage_status": "Inside predicted coverage", "nearest_tower_km": 1.8, "nearby_carriers": 1, "carrier_names": "Telstra", "hazard_H": 0.6, "unreachability_U": 0.2342, "exposure_E": 0.7799, "wbi_score": 47.9, "wbi_tier": "Moderate", "wbi_rank": 286, "strict_blackspot": false}, "geometry": {"type": "Point", "coordinates": [131.9111, -23.203056]}}, {"type": "Feature", "properties": {"objectid": 581, "community_id": 581, "community_name": "Beswick", "community_aliases": "BESWICK", "community_type": "Major", "main_language": "Eastside Kriol", "local_govt_council": "ROPER GULF", "land_council": "NORTHERN LAND COUNCIL", "ntg_region": "BIG RIVERS", "bushtel_url": "https://bushtel.nt.gov.au/profile/581", "population_count": 624, "population_used_in_index": 624, "population_basis": "risk_dataset", "longitude": 133.1142, "latitude": -14.5548, "risk_rating": "Moderate", "fire_plan": "No", "firebreak": "Yes", "fuel_reduction": "Yes", "has_coverage": true, "coverage_status": "Inside predicted coverage", "nearest_tower_km": 0.2, "nearby_carriers": 1, "carrier_names": "Telstra", "hazard_H": 0.6, "unreachability_U": 0.2236, "exposure_E": 0.8143, "wbi_score": 47.8, "wbi_tier": "Moderate", "wbi_rank": 290, "strict_blackspot": false}, "geometry": {"type": "Point", "coordinates": [133.1142, -14.5548]}}, {"type": "Feature", "properties": {"objectid": 59, "community_id": 59, "community_name": "Inyilingi", "community_aliases": "ANILTJIY,INYALINGA,INYILINGIE,INYILINGKI", "community_type": "Family Outstation", "main_language": "Not recorded", "local_govt_council": "MACDONNELL", "land_council": "CENTRAL LAND COUNCIL", "ntg_region": "CENTRAL AUSTRALIA", "bushtel_url": "https://bushtel.nt.gov.au/profile/59", "population_count": null, "population_used_in_index": 8, "population_basis": "imputed_type_median", "longitude": 131.42488, "latitude": -23.24973, "risk_rating": "Moderate", "fire_plan": "No", "firebreak": "No", "fuel_reduction": "No", "has_coverage": false, "coverage_status": "Outside predicted coverage", "nearest_tower_km": 15.1, "nearby_carriers": 1, "carrier_names": "Telstra", "hazard_H": 0.6, "unreachability_U": 0.6562, "exposure_E": 0.2779, "wbi_score": 47.8, "wbi_tier": "Moderate", "wbi_rank": 290, "strict_blackspot": false}, "geometry": {"type": "Point", "coordinates": [131.42488, -23.24973]}}, {"type": "Feature", "properties": {"objectid": 830, "community_id": 830, "community_name": "Milmilngkan", "community_aliases": "BURLNGANDI", "community_type": "Family Outstation", "main_language": "Not recorded", "local_govt_council": "WEST ARNHEM", "land_council": "NORTHERN LAND COUNCIL", "ntg_region": "TOP END", "bushtel_url": "https://bushtel.nt.gov.au/profile/830", "population_count": 8, "population_used_in_index": 8, "population_basis": "risk_dataset", "longitude": 134.24731, "latitude": -12.52316, "risk_rating": "Moderate", "fire_plan": "No", "firebreak": "Yes", "fuel_reduction": "Yes", "has_coverage": false, "coverage_status": "Outside predicted coverage", "nearest_tower_km": 15.0, "nearby_carriers": 1, "carrier_names": "Telstra", "hazard_H": 0.6, "unreachability_U": 0.6556, "exposure_E": 0.2779, "wbi_score": 47.8, "wbi_tier": "Moderate", "wbi_rank": 290, "strict_blackspot": false}, "geometry": {"type": "Point", "coordinates": [134.24731, -12.52316]}}, {"type": "Feature", "properties": {"objectid": 808, "community_id": 808, "community_name": "Mudhamul", "community_aliases": "MARTHAKAL,MUTHAMAL", "community_type": "Family Outstation", "main_language": "Not recorded", "local_govt_council": "EAST ARNHEM", "land_council": "NORTHERN LAND COUNCIL", "ntg_region": "EAST ARNHEM", "bushtel_url": "https://bushtel.nt.gov.au/profile/808", "population_count": null, "population_used_in_index": 8, "population_basis": "imputed_type_median", "longitude": 136.17208, "latitude": -12.16089, "risk_rating": "Moderate", "fire_plan": "No", "firebreak": "No", "fuel_reduction": "No", "has_coverage": false, "coverage_status": "Outside predicted coverage", "nearest_tower_km": 14.2, "nearby_carriers": 1, "carrier_names": "Telstra", "hazard_H": 0.6, "unreachability_U": 0.6502, "exposure_E": 0.2779, "wbi_score": 47.7, "wbi_tier": "Moderate", "wbi_rank": 293, "strict_blackspot": false}, "geometry": {"type": "Point", "coordinates": [136.17208, -12.16089]}}, {"type": "Feature", "properties": {"objectid": 202, "community_id": 202, "community_name": "Ali Curung", "community_aliases": "ALE-KERANGE,ALEKARENGE,WARRABRI,WARRIBRI", "community_type": "Major", "main_language": "Warlpiri, Alyawarr, Kaytetye and Warumungu.\r\n", "local_govt_council": "BARKLY", "land_council": "CENTRAL LAND COUNCIL", "ntg_region": "BARKLY", "bushtel_url": "https://bushtel.nt.gov.au/profile/202", "population_count": 580, "population_used_in_index": 580, "population_basis": "risk_dataset", "longitude": 134.40694, "latitude": -21.003334, "risk_rating": "Moderate", "fire_plan": "No", "firebreak": "Yes", "fuel_reduction": "Yes", "has_coverage": true, "coverage_status": "Inside predicted coverage", "nearest_tower_km": 0.1, "nearby_carriers": 1, "carrier_names": "Telstra", "hazard_H": 0.6, "unreachability_U": 0.2229, "exposure_E": 0.8051, "wbi_score": 47.6, "wbi_tier": "Moderate", "wbi_rank": 294, "strict_blackspot": false}, "geometry": {"type": "Point", "coordinates": [134.40694, -21.003334]}}, {"type": "Feature", "properties": {"objectid": 24995, "community_id": 24995, "community_name": "Atnarpa", "community_aliases": "No aliases recorded with NTG DIPL", "community_type": "Family Outstation", "main_language": "Not recorded", "local_govt_council": "MACDONNELL", "land_council": "CENTRAL LAND COUNCIL", "ntg_region": "CENTRAL AUSTRALIA", "bushtel_url": "https://bushtel.nt.gov.au/profile/24995", "population_count": 8, "population_used_in_index": 8, "population_basis": "bushtel", "longitude": 134.78911, "latitude": -23.52358, "risk_rating": "Moderate", "fire_plan": "No", "firebreak": "Yes", "fuel_reduction": "No", "has_coverage": false, "coverage_status": "Outside predicted coverage", "nearest_tower_km": 12.8, "nearby_carriers": 1, "carrier_names": "Optus", "hazard_H": 0.6, "unreachability_U": 0.6409, "exposure_E": 0.2779, "wbi_score": 47.5, "wbi_tier": "Moderate", "wbi_rank": 295, "strict_blackspot": false}, "geometry": {"type": "Point", "coordinates": [134.78911, -23.52358]}}, {"type": "Feature", "properties": {"objectid": 374, "community_id": 374, "community_name": "Milikapiti", "community_aliases": "SNAKE BAY", "community_type": "Major", "main_language": "Tiwi (Modern and Traditional)", "local_govt_council": "TIWI ISLANDS", "land_council": "TIWI LAND COUNCIL", "ntg_region": "TOP END", "bushtel_url": "https://bushtel.nt.gov.au/profile/374", "population_count": 471, "population_used_in_index": 471, "population_basis": "risk_dataset", "longitude": 130.67418, "latitude": -11.421667, "risk_rating": "Moderate", "fire_plan": "No", "firebreak": "Yes", "fuel_reduction": "Yes", "has_coverage": true, "coverage_status": "Inside predicted coverage", "nearest_tower_km": 0.9, "nearby_carriers": 1, "carrier_names": "Telstra", "hazard_H": 0.6, "unreachability_U": 0.2282, "exposure_E": 0.7788, "wbi_score": 47.4, "wbi_tier": "Moderate", "wbi_rank": 296, "strict_blackspot": false}, "geometry": {"type": "Point", "coordinates": [130.67418, -11.421667]}}, {"type": "Feature", "properties": {"objectid": 302, "community_id": 302, "community_name": "Buluhkaduru", "community_aliases": "BUKUHKADURU,BULAGADARU,BULUNKADURU", "community_type": "Family Outstation", "main_language": "Not recorded", "local_govt_council": "WEST ARNHEM", "land_council": "NORTHERN LAND COUNCIL", "ntg_region": "TOP END", "bushtel_url": "https://bushtel.nt.gov.au/profile/302", "population_count": 35, "population_used_in_index": 35, "population_basis": "risk_dataset", "longitude": 134.42307, "latitude": -12.432472, "risk_rating": "Low", "fire_plan": "No", "firebreak": "Yes", "fuel_reduction": "Yes", "has_coverage": false, "coverage_status": "Outside predicted coverage", "nearest_tower_km": 33.4, "nearby_carriers": 1, "carrier_names": "Telstra", "hazard_H": 0.3, "unreachability_U": 0.7782, "exposure_E": 0.4533, "wbi_score": 47.3, "wbi_tier": "Moderate", "wbi_rank": 297, "strict_blackspot": false}, "geometry": {"type": "Point", "coordinates": [134.42307, -12.432472]}}, {"type": "Feature", "properties": {"objectid": 960, "community_id": 960, "community_name": "Angwura", "community_aliases": "ANGURRKURRIKBA,ANGUWARRMANJA,CENTRAL LAKE,SALT LAKE", "community_type": "Family Outstation", "main_language": "Not recorded", "local_govt_council": "EAST ARNHEM", "land_council": "ANINDILYAKWA LAND COUNCIL", "ntg_region": "EAST ARNHEM", "bushtel_url": "https://bushtel.nt.gov.au/profile/960", "population_count": 8, "population_used_in_index": 8, "population_basis": "risk_dataset", "longitude": 136.72609, "latitude": -13.91942, "risk_rating": "Moderate", "fire_plan": "No", "firebreak": "Yes", "fuel_reduction": "Yes", "has_coverage": false, "coverage_status": "Outside predicted coverage", "nearest_tower_km": 11.6, "nearby_carriers": 1, "carrier_names": "Telstra", "hazard_H": 0.6, "unreachability_U": 0.6329, "exposure_E": 0.2779, "wbi_score": 47.3, "wbi_tier": "Moderate", "wbi_rank": 297, "strict_blackspot": false}, "geometry": {"type": "Point", "coordinates": [136.72609, -13.91942]}}, {"type": "Feature", "properties": {"objectid": 456, "community_id": 456, "community_name": "Balma", "community_aliases": "No aliases recorded with NTG DIPL", "community_type": "Family Outstation", "main_language": "Not recorded", "local_govt_council": "EAST ARNHEM", "land_council": "NORTHERN LAND COUNCIL", "ntg_region": "EAST ARNHEM", "bushtel_url": "https://bushtel.nt.gov.au/profile/456", "population_count": 15, "population_used_in_index": 15, "population_basis": "risk_dataset", "longitude": 135.84857, "latitude": -13.24939, "risk_rating": "Low", "fire_plan": "No", "firebreak": "Yes", "fuel_reduction": "Yes", "has_coverage": false, "coverage_status": "Outside predicted coverage", "nearest_tower_km": 57.3, "nearby_carriers": 0, "carrier_names": "None", "hazard_H": 0.3, "unreachability_U": 1.0, "exposure_E": 0.3507, "wbi_score": 47.2, "wbi_tier": "Moderate", "wbi_rank": 299, "strict_blackspot": false}, "geometry": {"type": "Point", "coordinates": [135.84857, -13.24939]}}, {"type": "Feature", "properties": {"objectid": 768, "community_id": 768, "community_name": "Camels Hump", "community_aliases": "UNGKURRKUGA", "community_type": "Family Outstation", "main_language": "Not recorded", "local_govt_council": "MACDONNELL", "land_council": "CENTRAL LAND COUNCIL", "ntg_region": "CENTRAL AUSTRALIA", "bushtel_url": "https://bushtel.nt.gov.au/profile/768", "population_count": 3, "population_used_in_index": 3, "population_basis": "bushtel", "longitude": 131.59435, "latitude": -23.75175, "risk_rating": "Moderate", "fire_plan": "No", "firebreak": "No", "fuel_reduction": "No", "has_coverage": false, "coverage_status": "Outside predicted coverage", "nearest_tower_km": 56.1, "nearby_carriers": 0, "carrier_names": "None", "hazard_H": 0.6, "unreachability_U": 1.0, "exposure_E": 0.1754, "wbi_score": 47.2, "wbi_tier": "Moderate", "wbi_rank": 299, "strict_blackspot": false}, "geometry": {"type": "Point", "coordinates": [131.59435, -23.75175]}}, {"type": "Feature", "properties": {"objectid": 1, "community_id": 1, "community_name": "Adelaide Bore", "community_aliases": "WOOLA,WOOLLA", "community_type": "Family Outstation", "main_language": "Not recorded", "local_govt_council": "CENTRAL DESERT", "land_council": "CENTRAL LAND COUNCIL", "ntg_region": "CENTRAL AUSTRALIA", "bushtel_url": "https://bushtel.nt.gov.au/profile/1", "population_count": 15, "population_used_in_index": 15, "population_basis": "risk_dataset", "longitude": 133.93607, "latitude": -22.21485, "risk_rating": "Low", "fire_plan": "No", "firebreak": "Yes", "fuel_reduction": "Yes", "has_coverage": false, "coverage_status": "Outside predicted coverage", "nearest_tower_km": 53.1, "nearby_carriers": 0, "carrier_names": "None", "hazard_H": 0.3, "unreachability_U": 1.0, "exposure_E": 0.3507, "wbi_score": 47.2, "wbi_tier": "Moderate", "wbi_rank": 299, "strict_blackspot": false}, "geometry": {"type": "Point", "coordinates": [133.93607, -22.21485]}}, {"type": "Feature", "properties": {"objectid": 462, "community_id": 462, "community_name": "Bawaka", "community_aliases": "No aliases recorded with NTG DIPL", "community_type": "Family Outstation", "main_language": "Not recorded", "local_govt_council": "EAST ARNHEM", "land_council": "NORTHERN LAND COUNCIL", "ntg_region": "EAST ARNHEM", "bushtel_url": "https://bushtel.nt.gov.au/profile/462", "population_count": 2, "population_used_in_index": 2, "population_basis": "risk_dataset", "longitude": 136.76402, "latitude": -12.53365, "risk_rating": "High", "fire_plan": "No", "firebreak": "No", "fuel_reduction": "No", "has_coverage": false, "coverage_status": "Outside predicted coverage", "nearest_tower_km": 30.2, "nearby_carriers": 1, "carrier_names": "Telstra", "hazard_H": 1.0, "unreachability_U": 0.7569, "exposure_E": 0.139, "wbi_score": 47.2, "wbi_tier": "Moderate", "wbi_rank": 299, "strict_blackspot": false}, "geometry": {"type": "Point", "coordinates": [136.76402, -12.53365]}}, {"type": "Feature", "properties": {"objectid": 72, "community_id": 72, "community_name": "Kintore", "community_aliases": "WALANGKURA,WALANGURA,WALUNGURRU", "community_type": "Major", "main_language": "Luritja/Pintupi", "local_govt_council": "MACDONNELL", "land_council": "CENTRAL LAND COUNCIL", "ntg_region": "CENTRAL AUSTRALIA", "bushtel_url": "https://bushtel.nt.gov.au/profile/72", "population_count": 482, "population_used_in_index": 482, "population_basis": "risk_dataset", "longitude": 129.38725, "latitude": -23.27591, "risk_rating": "Moderate", "fire_plan": "Yes", "firebreak": "Yes", "fuel_reduction": "Yes", "has_coverage": true, "coverage_status": "Inside predicted coverage", "nearest_tower_km": 0.3, "nearby_carriers": 1, "carrier_names": "Telstra", "hazard_H": 0.6, "unreachability_U": 0.2242, "exposure_E": 0.7817, "wbi_score": 47.2, "wbi_tier": "Moderate", "wbi_rank": 299, "strict_blackspot": false}, "geometry": {"type": "Point", "coordinates": [129.38725, -23.27591]}}, {"type": "Feature", "properties": {"objectid": 871, "community_id": 871, "community_name": "Luntharra", "community_aliases": "LUNTALRA", "community_type": "Family Outstation", "main_language": "Not recorded", "local_govt_council": "MACDONNELL", "land_council": "CENTRAL LAND COUNCIL", "ntg_region": "CENTRAL AUSTRALIA", "bushtel_url": "https://bushtel.nt.gov.au/profile/871", "population_count": 3, "population_used_in_index": 3, "population_basis": "risk_dataset", "longitude": 132.04497, "latitude": -23.73543, "risk_rating": "Moderate", "fire_plan": "No", "firebreak": "Yes", "fuel_reduction": "Yes", "has_coverage": false, "coverage_status": "Outside predicted coverage", "nearest_tower_km": 50.5, "nearby_carriers": 0, "carrier_names": "None", "hazard_H": 0.6, "unreachability_U": 1.0, "exposure_E": 0.1754, "wbi_score": 47.2, "wbi_tier": "Moderate", "wbi_rank": 299, "strict_blackspot": false}, "geometry": {"type": "Point", "coordinates": [132.04497, -23.73543]}}, {"type": "Feature", "properties": {"objectid": 670, "community_id": 670, "community_name": "Djarrung", "community_aliases": "DJURRUNG", "community_type": "Family Outstation", "main_language": "Not recorded", "local_govt_council": "VICTORIA DALY", "land_council": "NORTHERN LAND COUNCIL", "ntg_region": "BIG RIVERS", "bushtel_url": "https://bushtel.nt.gov.au/profile/670", "population_count": 3, "population_used_in_index": 3, "population_basis": "risk_dataset", "longitude": 131.53759, "latitude": -14.81311, "risk_rating": "Moderate", "fire_plan": "No", "firebreak": "Yes", "fuel_reduction": "Yes", "has_coverage": false, "coverage_status": "Outside predicted coverage", "nearest_tower_km": 66.8, "nearby_carriers": 0, "carrier_names": "None", "hazard_H": 0.6, "unreachability_U": 1.0, "exposure_E": 0.1754, "wbi_score": 47.2, "wbi_tier": "Moderate", "wbi_rank": 299, "strict_blackspot": false}, "geometry": {"type": "Point", "coordinates": [131.53759, -14.81311]}}, {"type": "Feature", "properties": {"objectid": 159, "community_id": 159, "community_name": "Ukaka", "community_aliases": "TEMPE DOWNS", "community_type": "Family Outstation", "main_language": "Not recorded", "local_govt_council": "MACDONNELL", "land_council": "CENTRAL LAND COUNCIL", "ntg_region": "CENTRAL AUSTRALIA", "bushtel_url": "https://bushtel.nt.gov.au/profile/159", "population_count": 15, "population_used_in_index": 15, "population_basis": "risk_dataset", "longitude": 132.37395, "latitude": -24.59261, "risk_rating": "Low", "fire_plan": "Yes", "firebreak": "Yes", "fuel_reduction": "Yes", "has_coverage": false, "coverage_status": "Outside predicted coverage", "nearest_tower_km": 60.0, "nearby_carriers": 0, "carrier_names": "None", "hazard_H": 0.3, "unreachability_U": 1.0, "exposure_E": 0.3507, "wbi_score": 47.2, "wbi_tier": "Moderate", "wbi_rank": 299, "strict_blackspot": false}, "geometry": {"type": "Point", "coordinates": [132.37395, -24.59261]}}, {"type": "Feature", "properties": {"objectid": 38, "community_id": 38, "community_name": "Gilbert Springs", "community_aliases": "LTALALTUMA", "community_type": "Family Outstation", "main_language": "Not recorded", "local_govt_council": "MACDONNELL", "land_council": "CENTRAL LAND COUNCIL", "ntg_region": "CENTRAL AUSTRALIA", "bushtel_url": "https://bushtel.nt.gov.au/profile/38", "population_count": null, "population_used_in_index": 8, "population_basis": "imputed_type_median", "longitude": 132.48073, "latitude": -23.97177, "risk_rating": "Moderate", "fire_plan": "No", "firebreak": "No", "fuel_reduction": "No", "has_coverage": false, "coverage_status": "Outside predicted coverage", "nearest_tower_km": 27.9, "nearby_carriers": 2, "carrier_names": "Optus, Telstra", "hazard_H": 0.6, "unreachability_U": 0.6304, "exposure_E": 0.2779, "wbi_score": 47.2, "wbi_tier": "Moderate", "wbi_rank": 299, "strict_blackspot": false}, "geometry": {"type": "Point", "coordinates": [132.48073, -23.97177]}}, {"type": "Feature", "properties": {"objectid": 429, "community_id": 429, "community_name": "Warruwi", "community_aliases": "GOULBURN ISLAND", "community_type": "Major", "main_language": "Maung", "local_govt_council": "WEST ARNHEM", "land_council": "NORTHERN LAND COUNCIL", "ntg_region": "TOP END", "bushtel_url": "https://bushtel.nt.gov.au/profile/429", "population_count": 457, "population_used_in_index": 457, "population_basis": "risk_dataset", "longitude": 133.38935, "latitude": -11.64896, "risk_rating": "Moderate", "fire_plan": "No", "firebreak": "Yes", "fuel_reduction": "Yes", "has_coverage": true, "coverage_status": "Inside predicted coverage", "nearest_tower_km": 0.5, "nearby_carriers": 1, "carrier_names": "Telstra", "hazard_H": 0.6, "unreachability_U": 0.2256, "exposure_E": 0.775, "wbi_score": 47.2, "wbi_tier": "Moderate", "wbi_rank": 299, "strict_blackspot": false}, "geometry": {"type": "Point", "coordinates": [133.38935, -11.64896]}}, {"type": "Feature", "properties": {"objectid": 66, "community_id": 66, "community_name": "Kaltukatjara", "community_aliases": "DOCKER RIVER,KALKTUKATJARA", "community_type": "Major", "main_language": "Pitjantjatjara", "local_govt_council": "MACDONNELL", "land_council": "CENTRAL LAND COUNCIL", "ntg_region": "CENTRAL AUSTRALIA", "bushtel_url": "https://bushtel.nt.gov.au/profile/66", "population_count": 463, "population_used_in_index": 463, "population_basis": "risk_dataset", "longitude": 129.07916, "latitude": -24.876112, "risk_rating": "Moderate", "fire_plan": "Yes", "firebreak": "Yes", "fuel_reduction": "Yes", "has_coverage": true, "coverage_status": "Inside predicted coverage", "nearest_tower_km": 0.4, "nearby_carriers": 1, "carrier_names": "Telstra", "hazard_H": 0.6, "unreachability_U": 0.2249, "exposure_E": 0.7766, "wbi_score": 47.1, "wbi_tier": "Moderate", "wbi_rank": 309, "strict_blackspot": false}, "geometry": {"type": "Point", "coordinates": [129.07916, -24.876112]}}, {"type": "Feature", "properties": {"objectid": 477, "community_id": 477, "community_name": "Dhipirrinjura", "community_aliases": "DHIPIRRINGURA,DIPITJI", "community_type": "Family Outstation", "main_language": "Not recorded", "local_govt_council": "EAST ARNHEM", "land_council": "NORTHERN LAND COUNCIL", "ntg_region": "EAST ARNHEM", "bushtel_url": "https://bushtel.nt.gov.au/profile/477", "population_count": 45, "population_used_in_index": 45, "population_basis": "risk_dataset", "longitude": 135.09757, "latitude": -12.24806, "risk_rating": "Moderate", "fire_plan": "No", "firebreak": "Yes", "fuel_reduction": "Yes", "has_coverage": true, "coverage_status": "Inside predicted coverage", "nearest_tower_km": 20.6, "nearby_carriers": 1, "carrier_names": "Telstra", "hazard_H": 0.6, "unreachability_U": 0.3596, "exposure_E": 0.4843, "wbi_score": 47.1, "wbi_tier": "Moderate", "wbi_rank": 309, "strict_blackspot": false}, "geometry": {"type": "Point", "coordinates": [135.09757, -12.24806]}}, {"type": "Feature", "properties": {"objectid": 237, "community_id": 237, "community_name": "Kangaroo Island", "community_aliases": "LOOGANWARRA,YAMEERI", "community_type": "Family Outstation", "main_language": "Not recorded", "local_govt_council": "ROPER GULF", "land_council": "NORTHERN LAND COUNCIL", "ntg_region": "BIG RIVERS", "bushtel_url": "https://bushtel.nt.gov.au/profile/237", "population_count": 5, "population_used_in_index": 5, "population_basis": "risk_dataset", "longitude": 136.53951, "latitude": -15.88848, "risk_rating": "Moderate", "fire_plan": "No", "firebreak": "Yes", "fuel_reduction": "Yes", "has_coverage": false, "coverage_status": "Outside predicted coverage", "nearest_tower_km": 31.0, "nearby_carriers": 1, "carrier_names": "Telstra", "hazard_H": 0.6, "unreachability_U": 0.7622, "exposure_E": 0.2266, "wbi_score": 47.0, "wbi_tier": "Moderate", "wbi_rank": 311, "strict_blackspot": false}, "geometry": {"type": "Point", "coordinates": [136.53951, -15.88848]}}, {"type": "Feature", "properties": {"objectid": 411, "community_id": 411, "community_name": "Pirlangimpi", "community_aliases": "GARDEN POINT,PULARUMPI", "community_type": "Major", "main_language": "Tiwi (Modern and Traditional)", "local_govt_council": "TIWI ISLANDS", "land_council": "TIWI LAND COUNCIL", "ntg_region": "TOP END", "bushtel_url": "https://bushtel.nt.gov.au/profile/411", "population_count": 436, "population_used_in_index": 436, "population_basis": "risk_dataset", "longitude": 130.4172, "latitude": -11.4059, "risk_rating": "Moderate", "fire_plan": "No", "firebreak": "Yes", "fuel_reduction": "Yes", "has_coverage": true, "coverage_status": "Inside predicted coverage", "nearest_tower_km": 0.4, "nearby_carriers": 1, "carrier_names": "Telstra", "hazard_H": 0.6, "unreachability_U": 0.2249, "exposure_E": 0.769, "wbi_score": 47.0, "wbi_tier": "Moderate", "wbi_rank": 311, "strict_blackspot": false}, "geometry": {"type": "Point", "coordinates": [130.4172, -11.4059]}}, {"type": "Feature", "properties": {"objectid": 580, "community_id": 580, "community_name": "Barunga", "community_aliases": "BAMYILI", "community_type": "Major", "main_language": "Eastside Kriol", "local_govt_council": "ROPER GULF", "land_council": "NORTHERN LAND COUNCIL", "ntg_region": "BIG RIVERS", "bushtel_url": "https://bushtel.nt.gov.au/profile/580", "population_count": 427, "population_used_in_index": 427, "population_basis": "risk_dataset", "longitude": 132.866681, "latitude": -14.523625, "risk_rating": "Moderate", "fire_plan": "No", "firebreak": "Yes", "fuel_reduction": "Yes", "has_coverage": true, "coverage_status": "Inside predicted coverage", "nearest_tower_km": 0.5, "nearby_carriers": 1, "carrier_names": "Telstra", "hazard_H": 0.6, "unreachability_U": 0.2256, "exposure_E": 0.7664, "wbi_score": 47.0, "wbi_tier": "Moderate", "wbi_rank": 311, "strict_blackspot": false}, "geometry": {"type": "Point", "coordinates": [132.866681, -14.523625]}}, {"type": "Feature", "properties": {"objectid": 494, "community_id": 494, "community_name": "Bayagida", "community_aliases": "GALUNGALI,GALUNGULI,RAPUMA,RAPUMA GALINGULLA,RAPUMA ISLAND,YABOOMA ISLAND", "community_type": "Family Outstation", "main_language": "Not recorded", "local_govt_council": "EAST ARNHEM", "land_council": "NORTHERN LAND COUNCIL", "ntg_region": "EAST ARNHEM", "bushtel_url": "https://bushtel.nt.gov.au/profile/494", "population_count": null, "population_used_in_index": 8, "population_basis": "imputed_type_median", "longitude": 134.92821, "latitude": -12.04269, "risk_rating": "Moderate", "fire_plan": "No", "firebreak": "No", "fuel_reduction": "No", "has_coverage": false, "coverage_status": "Outside predicted coverage", "nearest_tower_km": 9.1, "nearby_carriers": 1, "carrier_names": "Telstra", "hazard_H": 0.6, "unreachability_U": 0.6162, "exposure_E": 0.2779, "wbi_score": 46.8, "wbi_tier": "Moderate", "wbi_rank": 314, "strict_blackspot": false}, "geometry": {"type": "Point", "coordinates": [134.92821, -12.04269]}}, {"type": "Feature", "properties": {"objectid": 104, "community_id": 104, "community_name": "Amengernterneah", "community_aliases": "HEALTH CENTRE,MINGINTIRNINA,URAPENTYE,URAPUNTJA HEALTH CENTRE,UTOPIA CLINIC", "community_type": "Family Outstation", "main_language": "Not recorded", "local_govt_council": "BARKLY", "land_council": "CENTRAL LAND COUNCIL", "ntg_region": "BARKLY", "bushtel_url": "https://bushtel.nt.gov.au/profile/104", "population_count": null, "population_used_in_index": 8, "population_basis": "imputed_type_median", "longitude": 134.84166, "latitude": -21.89767, "risk_rating": "High", "fire_plan": "No", "firebreak": "No", "fuel_reduction": "No", "has_coverage": true, "coverage_status": "Inside predicted coverage", "nearest_tower_km": 22.1, "nearby_carriers": 1, "carrier_names": "Telstra", "hazard_H": 1.0, "unreachability_U": 0.3696, "exposure_E": 0.2779, "wbi_score": 46.8, "wbi_tier": "Moderate", "wbi_rank": 314, "strict_blackspot": false}, "geometry": {"type": "Point", "coordinates": [134.84166, -21.89767]}}, {"type": "Feature", "properties": {"objectid": 972, "community_id": 972, "community_name": "Cow Lagoon", "community_aliases": "TALWALLAH", "community_type": "Family Outstation", "main_language": "Not recorded", "local_govt_council": "ROPER GULF", "land_council": "NORTHERN LAND COUNCIL", "ntg_region": "BIG RIVERS", "bushtel_url": "https://bushtel.nt.gov.au/profile/972", "population_count": 5, "population_used_in_index": 5, "population_basis": "risk_dataset", "longitude": 135.94962, "latitude": -16.20751, "risk_rating": "Moderate", "fire_plan": "No", "firebreak": "Yes", "fuel_reduction": "Yes", "has_coverage": false, "coverage_status": "Outside predicted coverage", "nearest_tower_km": 29.5, "nearby_carriers": 1, "carrier_names": "Telstra", "hazard_H": 0.6, "unreachability_U": 0.7522, "exposure_E": 0.2266, "wbi_score": 46.8, "wbi_tier": "Moderate", "wbi_rank": 314, "strict_blackspot": false}, "geometry": {"type": "Point", "coordinates": [135.94962, -16.20751]}}, {"type": "Feature", "properties": {"objectid": 778, "community_id": 778, "community_name": "Wudaduk", "community_aliases": "MURRADUM,MURRADUN", "community_type": "Family Outstation", "main_language": "Not recorded", "local_govt_council": "WEST DALY", "land_council": "NORTHERN LAND COUNCIL", "ntg_region": "TOP END", "bushtel_url": "https://bushtel.nt.gov.au/profile/778", "population_count": 6, "population_used_in_index": 6, "population_basis": "risk_dataset", "longitude": 129.94375, "latitude": -14.02771, "risk_rating": "Moderate", "fire_plan": "No", "firebreak": "Yes", "fuel_reduction": "Yes", "has_coverage": false, "coverage_status": "Outside predicted coverage", "nearest_tower_km": 20.7, "nearby_carriers": 1, "carrier_names": "Telstra", "hazard_H": 0.6, "unreachability_U": 0.6936, "exposure_E": 0.2461, "wbi_score": 46.8, "wbi_tier": "Moderate", "wbi_rank": 314, "strict_blackspot": false}, "geometry": {"type": "Point", "coordinates": [129.94375, -14.02771]}}, {"type": "Feature", "properties": {"objectid": 393, "community_id": 393, "community_name": "Nangu", "community_aliases": "POINT PEARCE", "community_type": "Family Outstation", "main_language": "Not recorded", "local_govt_council": "WEST DALY", "land_council": "NORTHERN LAND COUNCIL", "ntg_region": "TOP END", "bushtel_url": "https://bushtel.nt.gov.au/profile/393", "population_count": null, "population_used_in_index": 8, "population_basis": "imputed_type_median", "longitude": 129.37335, "latitude": -14.37314, "risk_rating": "High", "fire_plan": "No", "firebreak": "No", "fuel_reduction": "No", "has_coverage": true, "coverage_status": "Inside predicted coverage", "nearest_tower_km": 21.6, "nearby_carriers": 1, "carrier_names": "Telstra", "hazard_H": 1.0, "unreachability_U": 0.3662, "exposure_E": 0.2779, "wbi_score": 46.7, "wbi_tier": "Moderate", "wbi_rank": 318, "strict_blackspot": false}, "geometry": {"type": "Point", "coordinates": [129.37335, -14.37314]}}, {"type": "Feature", "properties": {"objectid": 329, "community_id": 329, "community_name": "Gunbalanya", "community_aliases": "KUNBARLLANJNJA,OENPELLI", "community_type": "Major", "main_language": "Kunwinjku", "local_govt_council": "WEST ARNHEM", "land_council": "NORTHERN LAND COUNCIL", "ntg_region": "TOP END", "bushtel_url": "https://bushtel.nt.gov.au/profile/329", "population_count": 1312, "population_used_in_index": 1312, "population_basis": "risk_dataset", "longitude": 133.056, "latitude": -12.324, "risk_rating": "High", "fire_plan": "No", "firebreak": "Yes", "fuel_reduction": "Yes", "has_coverage": true, "coverage_status": "Inside predicted coverage", "nearest_tower_km": 0.1, "nearby_carriers": 2, "carrier_names": "Optus, Telstra", "hazard_H": 1.0, "unreachability_U": 0.1118, "exposure_E": 0.9082, "wbi_score": 46.7, "wbi_tier": "Moderate", "wbi_rank": 318, "strict_blackspot": false}, "geometry": {"type": "Point", "coordinates": [133.056, -12.324]}}, {"type": "Feature", "properties": {"objectid": 11, "community_id": 11, "community_name": "Amputjuta", "community_aliases": "UMPUTJUTA", "community_type": "Family Outstation", "main_language": "Not recorded", "local_govt_council": "MACDONNELL", "land_council": "CENTRAL LAND COUNCIL", "ntg_region": "CENTRAL AUSTRALIA", "bushtel_url": "https://bushtel.nt.gov.au/profile/11", "population_count": null, "population_used_in_index": 8, "population_basis": "imputed_type_median", "longitude": 129.12287, "latitude": -24.92956, "risk_rating": "Moderate", "fire_plan": "No", "firebreak": "No", "fuel_reduction": "No", "has_coverage": false, "coverage_status": "Outside predicted coverage", "nearest_tower_km": 7.7, "nearby_carriers": 1, "carrier_names": "Telstra", "hazard_H": 0.6, "unreachability_U": 0.6069, "exposure_E": 0.2779, "wbi_score": 46.6, "wbi_tier": "Moderate", "wbi_rank": 320, "strict_blackspot": false}, "geometry": {"type": "Point", "coordinates": [129.12287, -24.92956]}}, {"type": "Feature", "properties": {"objectid": 888, "community_id": 888, "community_name": "Barrkira", "community_aliases": "No aliases recorded with NTG DIPL", "community_type": "Family Outstation", "main_language": "Not recorded", "local_govt_council": "EAST ARNHEM", "land_council": "NORTHERN LAND COUNCIL", "ntg_region": "EAST ARNHEM", "bushtel_url": "https://bushtel.nt.gov.au/profile/888", "population_count": 5, "population_used_in_index": 5, "population_basis": "risk_dataset", "longitude": 136.4649, "latitude": -12.0086, "risk_rating": "Moderate", "fire_plan": "No", "firebreak": "Yes", "fuel_reduction": "Yes", "has_coverage": false, "coverage_status": "Outside predicted coverage", "nearest_tower_km": 28.3, "nearby_carriers": 1, "carrier_names": "Telstra", "hazard_H": 0.6, "unreachability_U": 0.7442, "exposure_E": 0.2266, "wbi_score": 46.6, "wbi_tier": "Moderate", "wbi_rank": 320, "strict_blackspot": false}, "geometry": {"type": "Point", "coordinates": [136.4649, -12.0086]}}, {"type": "Feature", "properties": {"objectid": 298, "community_id": 298, "community_name": "Bolkdjam", "community_aliases": "BORLKDJAM,BULKDJAM", "community_type": "Family Outstation", "main_language": "Not recorded", "local_govt_council": "WEST ARNHEM", "land_council": "NORTHERN LAND COUNCIL", "ntg_region": "TOP END", "bushtel_url": "https://bushtel.nt.gov.au/profile/298", "population_count": 30, "population_used_in_index": 30, "population_basis": "risk_dataset", "longitude": 134.41998, "latitude": -12.41151, "risk_rating": "Low", "fire_plan": "No", "firebreak": "Yes", "fuel_reduction": "Yes", "has_coverage": false, "coverage_status": "Outside predicted coverage", "nearest_tower_km": 32.5, "nearby_carriers": 1, "carrier_names": "Telstra", "hazard_H": 0.3, "unreachability_U": 0.7722, "exposure_E": 0.4344, "wbi_score": 46.5, "wbi_tier": "Moderate", "wbi_rank": 322, "strict_blackspot": false}, "geometry": {"type": "Point", "coordinates": [134.41998, -12.41151]}}, {"type": "Feature", "properties": {"objectid": 186, "community_id": 186, "community_name": "Willowra", "community_aliases": "WILLOWRA STATION,WIRLIYATJARRAYI", "community_type": "Major", "main_language": "Warlpiri", "local_govt_council": "CENTRAL DESERT", "land_council": "CENTRAL LAND COUNCIL", "ntg_region": "CENTRAL AUSTRALIA", "bushtel_url": "https://bushtel.nt.gov.au/profile/186", "population_count": 354, "population_used_in_index": 354, "population_basis": "risk_dataset", "longitude": 132.613903, "latitude": -21.244458, "risk_rating": "Moderate", "fire_plan": "Yes", "firebreak": "Yes", "fuel_reduction": "Yes", "has_coverage": true, "coverage_status": "Inside predicted coverage", "nearest_tower_km": 0.4, "nearby_carriers": 1, "carrier_names": "Telstra", "hazard_H": 0.6, "unreachability_U": 0.2249, "exposure_E": 0.7428, "wbi_score": 46.5, "wbi_tier": "Moderate", "wbi_rank": 322, "strict_blackspot": false}, "geometry": {"type": "Point", "coordinates": [132.613903, -21.244458]}}, {"type": "Feature", "properties": {"objectid": 879, "community_id": 879, "community_name": "Eagle Valley", "community_aliases": "No aliases recorded with NTG DIPL", "community_type": "Family Outstation", "main_language": "Not recorded", "local_govt_council": "MACDONNELL", "land_council": "CENTRAL LAND COUNCIL", "ntg_region": "CENTRAL AUSTRALIA", "bushtel_url": "https://bushtel.nt.gov.au/profile/879", "population_count": null, "population_used_in_index": 8, "population_basis": "imputed_type_median", "longitude": 129.09845, "latitude": -24.92999, "risk_rating": "Moderate", "fire_plan": "No", "firebreak": "No", "fuel_reduction": "No", "has_coverage": false, "coverage_status": "Outside predicted coverage", "nearest_tower_km": 6.7, "nearby_carriers": 1, "carrier_names": "Telstra", "hazard_H": 0.6, "unreachability_U": 0.6002, "exposure_E": 0.2779, "wbi_score": 46.4, "wbi_tier": "Moderate", "wbi_rank": 324, "strict_blackspot": false}, "geometry": {"type": "Point", "coordinates": [129.09845, -24.92999]}}, {"type": "Feature", "properties": {"objectid": 880, "community_id": 880, "community_name": "Tjauwata", "community_aliases": "No aliases recorded with NTG DIPL", "community_type": "Family Outstation", "main_language": "Not recorded", "local_govt_council": "MACDONNELL", "land_council": "CENTRAL LAND COUNCIL", "ntg_region": "CENTRAL AUSTRALIA", "bushtel_url": "https://bushtel.nt.gov.au/profile/880", "population_count": null, "population_used_in_index": 8, "population_basis": "imputed_type_median", "longitude": 129.12181, "latitude": -24.91526, "risk_rating": "Moderate", "fire_plan": "No", "firebreak": "No", "fuel_reduction": "No", "has_coverage": false, "coverage_status": "Outside predicted coverage", "nearest_tower_km": 6.4, "nearby_carriers": 1, "carrier_names": "Telstra", "hazard_H": 0.6, "unreachability_U": 0.5982, "exposure_E": 0.2779, "wbi_score": 46.4, "wbi_tier": "Moderate", "wbi_rank": 324, "strict_blackspot": false}, "geometry": {"type": "Point", "coordinates": [129.12181, -24.91526]}}, {"type": "Feature", "properties": {"objectid": 543, "community_id": 543, "community_name": "Nanyingburra", "community_aliases": "NANGABURA,NANGINGBURRA,NANGINYBURRA,NANINGBURA POINT", "community_type": "Family Outstation", "main_language": "Not recorded", "local_govt_council": "EAST ARNHEM", "land_council": "NORTHERN LAND COUNCIL", "ntg_region": "EAST ARNHEM", "bushtel_url": "https://bushtel.nt.gov.au/profile/543", "population_count": 7, "population_used_in_index": 7, "population_basis": "bushtel", "longitude": 135.87365, "latitude": -11.76057, "risk_rating": "Moderate", "fire_plan": "No", "firebreak": "No", "fuel_reduction": "No", "has_coverage": true, "coverage_status": "Inside predicted coverage", "nearest_tower_km": 44.6, "nearby_carriers": 0, "carrier_names": "None", "hazard_H": 0.6, "unreachability_U": 0.6307, "exposure_E": 0.263, "wbi_score": 46.3, "wbi_tier": "Moderate", "wbi_rank": 326, "strict_blackspot": false}, "geometry": {"type": "Point", "coordinates": [135.87365, -11.76057]}}, {"type": "Feature", "properties": {"objectid": 579, "community_id": 579, "community_name": "Barrapunta", "community_aliases": "BANAPINTA,BANURRPANDA,EMU SPRINGS", "community_type": "Family Outstation", "main_language": "Not recorded", "local_govt_council": "ROPER GULF", "land_council": "NORTHERN LAND COUNCIL", "ntg_region": "BIG RIVERS", "bushtel_url": "https://bushtel.nt.gov.au/profile/579", "population_count": 12, "population_used_in_index": 12, "population_basis": "risk_dataset", "longitude": 134.85057, "latitude": -13.15658, "risk_rating": "Low", "fire_plan": "No", "firebreak": "Yes", "fuel_reduction": "Yes", "has_coverage": false, "coverage_status": "Outside predicted coverage", "nearest_tower_km": 73.3, "nearby_carriers": 0, "carrier_names": "None", "hazard_H": 0.3, "unreachability_U": 1.0, "exposure_E": 0.3244, "wbi_score": 46.0, "wbi_tier": "Moderate", "wbi_rank": 327, "strict_blackspot": false}, "geometry": {"type": "Point", "coordinates": [134.85057, -13.15658]}}, {"type": "Feature", "properties": {"objectid": 375, "community_id": 375, "community_name": "Minjilang", "community_aliases": "CROKER ISLAND", "community_type": "Major", "main_language": "Iwaidja", "local_govt_council": "WEST ARNHEM", "land_council": "NORTHERN LAND COUNCIL", "ntg_region": "TOP END", "bushtel_url": "https://bushtel.nt.gov.au/profile/375", "population_count": 290, "population_used_in_index": 290, "population_basis": "risk_dataset", "longitude": 132.5786, "latitude": -11.1507, "risk_rating": "Moderate", "fire_plan": "No", "firebreak": "Yes", "fuel_reduction": "Yes", "has_coverage": true, "coverage_status": "Inside predicted coverage", "nearest_tower_km": 0.6, "nearby_carriers": 1, "carrier_names": "Telstra", "hazard_H": 0.6, "unreachability_U": 0.2262, "exposure_E": 0.7176, "wbi_score": 46.0, "wbi_tier": "Moderate", "wbi_rank": 327, "strict_blackspot": false}, "geometry": {"type": "Point", "coordinates": [132.5786, -11.1507]}}, {"type": "Feature", "properties": {"objectid": 449, "community_id": 449, "community_name": "Andanangki", "community_aliases": "ANDANANGGKI,ANDANANKI,ANDHANANGGI,WALKER RIVER", "community_type": "Family Outstation", "main_language": "Not recorded", "local_govt_council": "ROPER GULF", "land_council": "NORTHERN LAND COUNCIL", "ntg_region": "BIG RIVERS", "bushtel_url": "https://bushtel.nt.gov.au/profile/449", "population_count": 12, "population_used_in_index": 12, "population_basis": "risk_dataset", "longitude": 135.76503, "latitude": -13.60962, "risk_rating": "Low", "fire_plan": "No", "firebreak": "Yes", "fuel_reduction": "Yes", "has_coverage": false, "coverage_status": "Outside predicted coverage", "nearest_tower_km": 50.7, "nearby_carriers": 0, "carrier_names": "None", "hazard_H": 0.3, "unreachability_U": 1.0, "exposure_E": 0.3244, "wbi_score": 46.0, "wbi_tier": "Moderate", "wbi_rank": 327, "strict_blackspot": false}, "geometry": {"type": "Point", "coordinates": [135.76503, -13.60962]}}, {"type": "Feature", "properties": {"objectid": 1022, "community_id": 1022, "community_name": "10 Mile", "community_aliases": "PALPANG,TEN MILE", "community_type": "Family Outstation", "main_language": "Not recorded", "local_govt_council": "BARKLY", "land_council": "CENTRAL LAND COUNCIL", "ntg_region": "BARKLY", "bushtel_url": "https://bushtel.nt.gov.au/profile/1022", "population_count": 12, "population_used_in_index": 12, "population_basis": "risk_dataset", "longitude": 134.75934, "latitude": -20.40628, "risk_rating": "Low", "fire_plan": "No", "firebreak": "Yes", "fuel_reduction": "Yes", "has_coverage": false, "coverage_status": "Outside predicted coverage", "nearest_tower_km": 52.5, "nearby_carriers": 0, "carrier_names": "None", "hazard_H": 0.3, "unreachability_U": 1.0, "exposure_E": 0.3244, "wbi_score": 46.0, "wbi_tier": "Moderate", "wbi_rank": 327, "strict_blackspot": false}, "geometry": {"type": "Point", "coordinates": [134.75934, -20.40628]}}, {"type": "Feature", "properties": {"objectid": 147, "community_id": 147, "community_name": "Arawerr", "community_aliases": "ARRAWARRA,IYNGIYNYALA,SOAPY BORE", "community_type": "Minor", "main_language": "Not recorded", "local_govt_council": "BARKLY", "land_council": "CENTRAL LAND COUNCIL", "ntg_region": "BARKLY", "bushtel_url": "https://bushtel.nt.gov.au/profile/147", "population_count": 76, "population_used_in_index": 76, "population_basis": "risk_dataset", "longitude": 134.84618, "latitude": -22.01371, "risk_rating": "Moderate", "fire_plan": "No", "firebreak": "Yes", "fuel_reduction": "Yes", "has_coverage": true, "coverage_status": "Inside predicted coverage", "nearest_tower_km": 10.9, "nearby_carriers": 1, "carrier_names": "Telstra", "hazard_H": 0.6, "unreachability_U": 0.2949, "exposure_E": 0.5494, "wbi_score": 46.0, "wbi_tier": "Moderate", "wbi_rank": 327, "strict_blackspot": false}, "geometry": {"type": "Point", "coordinates": [134.84618, -22.01371]}}, {"type": "Feature", "properties": {"objectid": 42, "community_id": 42, "community_name": "Atitjere", "community_aliases": "ARLTARLPILTA,HART RANGE,HARTS RANGE", "community_type": "Major", "main_language": "Eastern Arrente", "local_govt_council": "CENTRAL DESERT", "land_council": "CENTRAL LAND COUNCIL", "ntg_region": "CENTRAL AUSTRALIA", "bushtel_url": "https://bushtel.nt.gov.au/profile/42", "population_count": 263, "population_used_in_index": 263, "population_basis": "risk_dataset", "longitude": 134.9341, "latitude": -22.9843, "risk_rating": "Moderate", "fire_plan": "Yes", "firebreak": "Yes", "fuel_reduction": "Yes", "has_coverage": true, "coverage_status": "Inside predicted coverage", "nearest_tower_km": 1.1, "nearby_carriers": 1, "carrier_names": "Telstra", "hazard_H": 0.6, "unreachability_U": 0.2296, "exposure_E": 0.7053, "wbi_score": 46.0, "wbi_tier": "Moderate", "wbi_rank": 327, "strict_blackspot": false}, "geometry": {"type": "Point", "coordinates": [134.9341, -22.9843]}}, {"type": "Feature", "properties": {"objectid": 321, "community_id": 321, "community_name": "Gorrong-Gorrong", "community_aliases": "GORONG GORONG,GORRON GORRONG", "community_type": "Family Outstation", "main_language": "Not recorded", "local_govt_council": "WEST ARNHEM", "land_council": "NORTHERN LAND COUNCIL", "ntg_region": "TOP END", "bushtel_url": "https://bushtel.nt.gov.au/profile/321", "population_count": 6, "population_used_in_index": 6, "population_basis": "bushtel", "longitude": 134.49532, "latitude": -12.12294, "risk_rating": "Moderate", "fire_plan": "No", "firebreak": "Yes", "fuel_reduction": "Yes", "has_coverage": false, "coverage_status": "Outside predicted coverage", "nearest_tower_km": 15.0, "nearby_carriers": 1, "carrier_names": "Telstra", "hazard_H": 0.6, "unreachability_U": 0.6556, "exposure_E": 0.2461, "wbi_score": 45.9, "wbi_tier": "Moderate", "wbi_rank": 333, "strict_blackspot": false}, "geometry": {"type": "Point", "coordinates": [134.49532, -12.12294]}}, {"type": "Feature", "properties": {"objectid": 736, "community_id": 736, "community_name": "Kalinjarri", "community_aliases": "GORRIE BORE,GORRY'S BORE,KALINJARRA,KALINYMARRA", "community_type": "Family Outstation", "main_language": "Not recorded", "local_govt_council": "BARKLY", "land_council": "CENTRAL LAND COUNCIL", "ntg_region": "BARKLY", "bushtel_url": "https://bushtel.nt.gov.au/profile/736", "population_count": null, "population_used_in_index": 8, "population_basis": "imputed_type_median", "longitude": 134.36571, "latitude": -20.39752, "risk_rating": "Moderate", "fire_plan": "No", "firebreak": "No", "fuel_reduction": "No", "has_coverage": false, "coverage_status": "Outside predicted coverage", "nearest_tower_km": 20.3, "nearby_carriers": 2, "carrier_names": "Optus, Telstra", "hazard_H": 0.6, "unreachability_U": 0.5798, "exposure_E": 0.2779, "wbi_score": 45.9, "wbi_tier": "Moderate", "wbi_rank": 333, "strict_blackspot": false}, "geometry": {"type": "Point", "coordinates": [134.36571, -20.39752]}}, {"type": "Feature", "properties": {"objectid": 18, "community_id": 18, "community_name": "Sugar Creek", "community_aliases": "ANTJAKWERA,ANTJAKWERRA,ARRAWARRA,GANTJAKWERRA", "community_type": "Family Outstation", "main_language": "Not recorded", "local_govt_council": "MACDONNELL", "land_council": "CENTRAL LAND COUNCIL", "ntg_region": "CENTRAL AUSTRALIA", "bushtel_url": "https://bushtel.nt.gov.au/profile/18", "population_count": null, "population_used_in_index": 8, "population_basis": "imputed_type_median", "longitude": 132.573625, "latitude": -23.949736, "risk_rating": "Moderate", "fire_plan": "No", "firebreak": "No", "fuel_reduction": "No", "has_coverage": false, "coverage_status": "Outside predicted coverage", "nearest_tower_km": 20.6, "nearby_carriers": 2, "carrier_names": "Optus, Telstra", "hazard_H": 0.6, "unreachability_U": 0.5818, "exposure_E": 0.2779, "wbi_score": 45.9, "wbi_tier": "Moderate", "wbi_rank": 333, "strict_blackspot": false}, "geometry": {"type": "Point", "coordinates": [132.573625, -23.949736]}}, {"type": "Feature", "properties": {"objectid": 480, "community_id": 480, "community_name": "Rurrangala", "community_aliases": "DHUWALKITJI,RURRANALI", "community_type": "Family Outstation", "main_language": "Not recorded", "local_govt_council": "EAST ARNHEM", "land_council": "NORTHERN LAND COUNCIL", "ntg_region": "EAST ARNHEM", "bushtel_url": "https://bushtel.nt.gov.au/profile/480", "population_count": 15, "population_used_in_index": 15, "population_basis": "risk_dataset", "longitude": 136.25382, "latitude": -12.90425, "risk_rating": "Low", "fire_plan": "No", "firebreak": "Yes", "fuel_reduction": "Yes", "has_coverage": false, "coverage_status": "Outside predicted coverage", "nearest_tower_km": 37.8, "nearby_carriers": 0, "carrier_names": "None", "hazard_H": 0.3, "unreachability_U": 0.9187, "exposure_E": 0.3507, "wbi_score": 45.9, "wbi_tier": "Moderate", "wbi_rank": 333, "strict_blackspot": false}, "geometry": {"type": "Point", "coordinates": [136.25382, -12.90425]}}, {"type": "Feature", "properties": {"objectid": 24904, "community_id": 24904, "community_name": "Brumby Plains", "community_aliases": "No aliases recorded with NTG DIPL", "community_type": "Family Outstation", "main_language": "Not recorded", "local_govt_council": "VICTORIA DALY", "land_council": "CENTRAL LAND COUNCIL", "ntg_region": "BIG RIVERS", "bushtel_url": "https://bushtel.nt.gov.au/profile/24904", "population_count": 6, "population_used_in_index": 6, "population_basis": "risk_dataset", "longitude": 129.108889, "latitude": -16.9602, "risk_rating": "Moderate", "fire_plan": "No", "firebreak": "Yes", "fuel_reduction": "Yes", "has_coverage": false, "coverage_status": "Outside predicted coverage", "nearest_tower_km": 14.7, "nearby_carriers": 1, "carrier_names": "Telstra", "hazard_H": 0.6, "unreachability_U": 0.6536, "exposure_E": 0.2461, "wbi_score": 45.9, "wbi_tier": "Moderate", "wbi_rank": 333, "strict_blackspot": false}, "geometry": {"type": "Point", "coordinates": [129.108889, -16.9602]}}, {"type": "Feature", "properties": {"objectid": 855, "community_id": 855, "community_name": "Mt Eaglebeak", "community_aliases": "No aliases recorded with NTG DIPL", "community_type": "Family Outstation", "main_language": "Not recorded", "local_govt_council": "CENTRAL DESERT", "land_council": "CENTRAL LAND COUNCIL", "ntg_region": "CENTRAL AUSTRALIA", "bushtel_url": "https://bushtel.nt.gov.au/profile/855", "population_count": 30, "population_used_in_index": 30, "population_basis": "risk_dataset", "longitude": 135.19891, "latitude": -22.9564, "risk_rating": "Low", "fire_plan": "No", "firebreak": "Yes", "fuel_reduction": "Yes", "has_coverage": false, "coverage_status": "Outside predicted coverage", "nearest_tower_km": 26.8, "nearby_carriers": 1, "carrier_names": "Telstra", "hazard_H": 0.3, "unreachability_U": 0.7342, "exposure_E": 0.4344, "wbi_score": 45.7, "wbi_tier": "Moderate", "wbi_rank": 338, "strict_blackspot": false}, "geometry": {"type": "Point", "coordinates": [135.19891, -22.9564]}}, {"type": "Feature", "properties": {"objectid": 688, "community_id": 688, "community_name": "Murtulki", "community_aliases": "MURTALKI", "community_type": "Family Outstation", "main_language": "Not recorded", "local_govt_council": "BARKLY", "land_council": "CENTRAL LAND COUNCIL", "ntg_region": "BARKLY", "bushtel_url": "https://bushtel.nt.gov.au/profile/688", "population_count": null, "population_used_in_index": 8, "population_basis": "imputed_type_median", "longitude": 134.38936, "latitude": -19.91784, "risk_rating": "Moderate", "fire_plan": "No", "firebreak": "No", "fuel_reduction": "No", "has_coverage": true, "coverage_status": "Inside predicted coverage", "nearest_tower_km": 36.0, "nearby_carriers": 0, "carrier_names": "None", "hazard_H": 0.6, "unreachability_U": 0.5733, "exposure_E": 0.2779, "wbi_score": 45.7, "wbi_tier": "Moderate", "wbi_rank": 338, "strict_blackspot": false}, "geometry": {"type": "Point", "coordinates": [134.38936, -19.91784]}}, {"type": "Feature", "properties": {"objectid": 86, "community_id": 86, "community_name": "Laramba", "community_aliases": "NAPPERBY", "community_type": "Major", "main_language": "Anmatyerr", "local_govt_council": "CENTRAL DESERT", "land_council": "CENTRAL LAND COUNCIL", "ntg_region": "CENTRAL AUSTRALIA", "bushtel_url": "https://bushtel.nt.gov.au/profile/86", "population_count": 281, "population_used_in_index": 281, "population_basis": "risk_dataset", "longitude": 132.75603, "latitude": -22.532972, "risk_rating": "Moderate", "fire_plan": "Yes", "firebreak": "Yes", "fuel_reduction": "Yes", "has_coverage": true, "coverage_status": "Inside predicted coverage", "nearest_tower_km": 0.2, "nearby_carriers": 1, "carrier_names": "Telstra", "hazard_H": 0.6, "unreachability_U": 0.2236, "exposure_E": 0.7136, "wbi_score": 45.7, "wbi_tier": "Moderate", "wbi_rank": 338, "strict_blackspot": false}, "geometry": {"type": "Point", "coordinates": [132.75603, -22.532972]}}, {"type": "Feature", "properties": {"objectid": 128, "community_id": 128, "community_name": "Nyirripi", "community_aliases": "WAITE CREEK", "community_type": "Major", "main_language": "Warlpiri", "local_govt_council": "CENTRAL DESERT", "land_council": "CENTRAL LAND COUNCIL", "ntg_region": "CENTRAL AUSTRALIA", "bushtel_url": "https://bushtel.nt.gov.au/profile/128", "population_count": 277, "population_used_in_index": 277, "population_basis": "risk_dataset", "longitude": 130.5532, "latitude": -22.6505, "risk_rating": "Moderate", "fire_plan": "Yes", "firebreak": "Yes", "fuel_reduction": "Yes", "has_coverage": true, "coverage_status": "Inside predicted coverage", "nearest_tower_km": 0.2, "nearby_carriers": 1, "carrier_names": "Telstra", "hazard_H": 0.6, "unreachability_U": 0.2236, "exposure_E": 0.7118, "wbi_score": 45.7, "wbi_tier": "Moderate", "wbi_rank": 338, "strict_blackspot": false}, "geometry": {"type": "Point", "coordinates": [130.5532, -22.6505]}}, {"type": "Feature", "properties": {"objectid": 258, "community_id": 258, "community_name": "Robinson River", "community_aliases": "MUNGOORBADA", "community_type": "Major", "main_language": "Eastside Kriol", "local_govt_council": "ROPER GULF", "land_council": "NORTHERN LAND COUNCIL", "ntg_region": "BIG RIVERS", "bushtel_url": "https://bushtel.nt.gov.au/profile/258", "population_count": 261, "population_used_in_index": 261, "population_basis": "risk_dataset", "longitude": 136.980569, "latitude": -16.759736, "risk_rating": "Moderate", "fire_plan": "No", "firebreak": "Yes", "fuel_reduction": "Yes", "has_coverage": true, "coverage_status": "Inside predicted coverage", "nearest_tower_km": 0.5, "nearby_carriers": 1, "carrier_names": "Telstra", "hazard_H": 0.6, "unreachability_U": 0.2256, "exposure_E": 0.7043, "wbi_score": 45.7, "wbi_tier": "Moderate", "wbi_rank": 338, "strict_blackspot": false}, "geometry": {"type": "Point", "coordinates": [136.980569, -16.759736]}}, {"type": "Feature", "properties": {"objectid": 219, "community_id": 219, "community_name": "Canteen Creek", "community_aliases": "ORWAITILLA,ORWAITILLYA,OWAIRTILLA", "community_type": "Major", "main_language": "Alyawarr", "local_govt_council": "BARKLY", "land_council": "CENTRAL LAND COUNCIL", "ntg_region": "BARKLY", "bushtel_url": "https://bushtel.nt.gov.au/profile/219", "population_count": 216, "population_used_in_index": 216, "population_basis": "risk_dataset", "longitude": 135.58678, "latitude": -20.645082, "risk_rating": "Moderate", "fire_plan": "No", "firebreak": "Yes", "fuel_reduction": "Yes", "has_coverage": true, "coverage_status": "Inside predicted coverage", "nearest_tower_km": 1.7, "nearby_carriers": 1, "carrier_names": "Telstra", "hazard_H": 0.6, "unreachability_U": 0.2336, "exposure_E": 0.6805, "wbi_score": 45.7, "wbi_tier": "Moderate", "wbi_rank": 338, "strict_blackspot": false}, "geometry": {"type": "Point", "coordinates": [135.58678, -20.645082]}}, {"type": "Feature", "properties": {"objectid": 717, "community_id": 717, "community_name": "Merrepen", "community_aliases": "MATAPAN", "community_type": "Family Outstation", "main_language": "Not recorded", "local_govt_council": "WEST DALY", "land_council": "NORTHERN LAND COUNCIL", "ntg_region": "TOP END", "bushtel_url": "https://bushtel.nt.gov.au/profile/717", "population_count": 50, "population_used_in_index": 50, "population_basis": "risk_dataset", "longitude": 129.96735, "latitude": -14.22128, "risk_rating": "Moderate", "fire_plan": "No", "firebreak": "Yes", "fuel_reduction": "Yes", "has_coverage": true, "coverage_status": "Inside predicted coverage", "nearest_tower_km": 14.3, "nearby_carriers": 1, "carrier_names": "Telstra", "hazard_H": 0.6, "unreachability_U": 0.3176, "exposure_E": 0.4973, "wbi_score": 45.6, "wbi_tier": "Moderate", "wbi_rank": 344, "strict_blackspot": false}, "geometry": {"type": "Point", "coordinates": [129.96735, -14.22128]}}, {"type": "Feature", "properties": {"objectid": 227, "community_id": 227, "community_name": "Wutunugurra", "community_aliases": "EPENARRA,WETENNGERR,WUTTUNUGURR,WUTUNURRGURA", "community_type": "Major", "main_language": "Alyawarr", "local_govt_council": "BARKLY", "land_council": "CENTRAL LAND COUNCIL", "ntg_region": "BARKLY", "bushtel_url": "https://bushtel.nt.gov.au/profile/227", "population_count": 195, "population_used_in_index": 195, "population_basis": "risk_dataset", "longitude": 135.25241, "latitude": -20.461555, "risk_rating": "Moderate", "fire_plan": "No", "firebreak": "Yes", "fuel_reduction": "Yes", "has_coverage": true, "coverage_status": "Inside predicted coverage", "nearest_tower_km": 1.9, "nearby_carriers": 1, "carrier_names": "Telstra", "hazard_H": 0.6, "unreachability_U": 0.2349, "exposure_E": 0.6676, "wbi_score": 45.5, "wbi_tier": "Moderate", "wbi_rank": 345, "strict_blackspot": false}, "geometry": {"type": "Point", "coordinates": [135.25241, -20.461555]}}, {"type": "Feature", "properties": {"objectid": 197, "community_id": 197, "community_name": "Yuelamu", "community_aliases": "ALPIRAKINA,MOUNT ALLAN", "community_type": "Major", "main_language": "Anmatyerr / Warlpiri", "local_govt_council": "CENTRAL DESERT", "land_council": "CENTRAL LAND COUNCIL", "ntg_region": "CENTRAL AUSTRALIA", "bushtel_url": "https://bushtel.nt.gov.au/profile/197", "population_count": 259, "population_used_in_index": 259, "population_basis": "risk_dataset", "longitude": 132.205569, "latitude": -22.258347, "risk_rating": "Moderate", "fire_plan": "Yes", "firebreak": "Yes", "fuel_reduction": "Yes", "has_coverage": true, "coverage_status": "Inside predicted coverage", "nearest_tower_km": 0.1, "nearby_carriers": 1, "carrier_names": "Telstra", "hazard_H": 0.6, "unreachability_U": 0.2229, "exposure_E": 0.7034, "wbi_score": 45.5, "wbi_tier": "Moderate", "wbi_rank": 345, "strict_blackspot": false}, "geometry": {"type": "Point", "coordinates": [132.205569, -22.258347]}}, {"type": "Feature", "properties": {"objectid": 940, "community_id": 940, "community_name": "Pwerte Marnte Marnte", "community_aliases": "JOHN HOLLAND BORE", "community_type": "Family Outstation", "main_language": "Not recorded", "local_govt_council": "MACDONNELL", "land_council": "CENTRAL LAND COUNCIL", "ntg_region": "CENTRAL AUSTRALIA", "bushtel_url": "https://bushtel.nt.gov.au/profile/940", "population_count": 10, "population_used_in_index": 10, "population_basis": "risk_dataset", "longitude": 133.71982, "latitude": -24.37338, "risk_rating": "Moderate", "fire_plan": "No", "firebreak": "Yes", "fuel_reduction": "Yes", "has_coverage": false, "coverage_status": "Outside predicted coverage", "nearest_tower_km": 10.5, "nearby_carriers": 2, "carrier_names": "Optus, Telstra", "hazard_H": 0.6, "unreachability_U": 0.5144, "exposure_E": 0.3033, "wbi_score": 45.4, "wbi_tier": "Moderate", "wbi_rank": 347, "strict_blackspot": false}, "geometry": {"type": "Point", "coordinates": [133.71982, -24.37338]}}, {"type": "Feature", "properties": {"objectid": 826, "community_id": 826, "community_name": "Iron Stone", "community_aliases": "IRONSTONE,WAGAIT,WHITE EAGLE", "community_type": "Family Outstation", "main_language": "Not recorded", "local_govt_council": "UN-INCORPORATED (COX-DALY)", "land_council": "NORTHERN LAND COUNCIL", "ntg_region": "TOP END", "bushtel_url": "https://bushtel.nt.gov.au/profile/826", "population_count": null, "population_used_in_index": 8, "population_basis": "imputed_type_median", "longitude": 130.43571, "latitude": -12.89499, "risk_rating": "High", "fire_plan": "No", "firebreak": "No", "fuel_reduction": "No", "has_coverage": true, "coverage_status": "Inside predicted coverage", "nearest_tower_km": 17.3, "nearby_carriers": 1, "carrier_names": "Telstra", "hazard_H": 1.0, "unreachability_U": 0.3376, "exposure_E": 0.2779, "wbi_score": 45.4, "wbi_tier": "Moderate", "wbi_rank": 347, "strict_blackspot": false}, "geometry": {"type": "Point", "coordinates": [130.43571, -12.89499]}}, {"type": "Feature", "properties": {"objectid": 105, "community_id": 105, "community_name": "Morris Gap", "community_aliases": "No aliases recorded with NTG DIPL", "community_type": "Family Outstation", "main_language": "Not recorded", "local_govt_council": "MACDONNELL", "land_council": "CENTRAL LAND COUNCIL", "ntg_region": "CENTRAL AUSTRALIA", "bushtel_url": "https://bushtel.nt.gov.au/profile/105", "population_count": null, "population_used_in_index": 8, "population_basis": "imputed_type_median", "longitude": 131.43922, "latitude": -24.11251, "risk_rating": "Moderate", "fire_plan": "No", "firebreak": "No", "fuel_reduction": "No", "has_coverage": false, "coverage_status": "Outside predicted coverage", "nearest_tower_km": 17.1, "nearby_carriers": 2, "carrier_names": "Optus, Telstra", "hazard_H": 0.6, "unreachability_U": 0.5584, "exposure_E": 0.2779, "wbi_score": 45.3, "wbi_tier": "Moderate", "wbi_rank": 349, "strict_blackspot": false}, "geometry": {"type": "Point", "coordinates": [131.43922, -24.11251]}}, {"type": "Feature", "properties": {"objectid": 36, "community_id": 36, "community_name": "Finke", "community_aliases": "APATULA,APUTULA", "community_type": "Major", "main_language": "Pitjantjatjara, Yankunytjatjara, Southern Luritja", "local_govt_council": "MACDONNELL", "land_council": "CENTRAL LAND COUNCIL", "ntg_region": "CENTRAL AUSTRALIA", "bushtel_url": "https://bushtel.nt.gov.au/profile/36", "population_count": 226, "population_used_in_index": 226, "population_basis": "risk_dataset", "longitude": 134.5779, "latitude": -25.5821, "risk_rating": "Moderate", "fire_plan": "Yes", "firebreak": "Yes", "fuel_reduction": "Yes", "has_coverage": true, "coverage_status": "Inside predicted coverage", "nearest_tower_km": 0.6, "nearby_carriers": 1, "carrier_names": "Telstra", "hazard_H": 0.6, "unreachability_U": 0.2262, "exposure_E": 0.6862, "wbi_score": 45.3, "wbi_tier": "Moderate", "wbi_rank": 349, "strict_blackspot": false}, "geometry": {"type": "Point", "coordinates": [134.5779, -25.5821]}}, {"type": "Feature", "properties": {"objectid": 112, "community_id": 112, "community_name": "Mount Liebig", "community_aliases": "AMUNTURANGU,AMUNTURRUNGA,ANTURGUNU,MT LIEBIG,WATIYAWANU", "community_type": "Major", "main_language": "Luritja/Pintupi", "local_govt_council": "MACDONNELL", "land_council": "CENTRAL LAND COUNCIL", "ntg_region": "CENTRAL AUSTRALIA", "bushtel_url": "https://bushtel.nt.gov.au/profile/112", "population_count": 199, "population_used_in_index": 199, "population_basis": "risk_dataset", "longitude": 131.27319, "latitude": -23.26605, "risk_rating": "Moderate", "fire_plan": "Yes", "firebreak": "Yes", "fuel_reduction": "Yes", "has_coverage": true, "coverage_status": "Inside predicted coverage", "nearest_tower_km": 1.4, "nearby_carriers": 1, "carrier_names": "Telstra", "hazard_H": 0.6, "unreachability_U": 0.2316, "exposure_E": 0.6702, "wbi_score": 45.3, "wbi_tier": "Moderate", "wbi_rank": 349, "strict_blackspot": false}, "geometry": {"type": "Point", "coordinates": [131.27319, -23.26605]}}, {"type": "Feature", "properties": {"objectid": 249, "community_id": 249, "community_name": "Munyalini", "community_aliases": "CAMPBELL SPRINGS,MINYALLINI", "community_type": "Family Outstation", "main_language": "Not recorded", "local_govt_council": "ROPER GULF", "land_council": "NORTHERN LAND COUNCIL", "ntg_region": "BIG RIVERS", "bushtel_url": "https://bushtel.nt.gov.au/profile/249", "population_count": 50, "population_used_in_index": 50, "population_basis": "risk_dataset", "longitude": 136.18938, "latitude": -16.09259, "risk_rating": "Moderate", "fire_plan": "No", "firebreak": "Yes", "fuel_reduction": "Yes", "has_coverage": true, "coverage_status": "Inside predicted coverage", "nearest_tower_km": 13.2, "nearby_carriers": 1, "carrier_names": "Telstra", "hazard_H": 0.6, "unreachability_U": 0.3102, "exposure_E": 0.4973, "wbi_score": 45.2, "wbi_tier": "Moderate", "wbi_rank": 352, "strict_blackspot": false}, "geometry": {"type": "Point", "coordinates": [136.18938, -16.09259]}}, {"type": "Feature", "properties": {"objectid": 955, "community_id": 955, "community_name": "Dhaniya", "community_aliases": "PORT BRADSHAW", "community_type": "Family Outstation", "main_language": "Not recorded", "local_govt_council": "EAST ARNHEM", "land_council": "NORTHERN LAND COUNCIL", "ntg_region": "EAST ARNHEM", "bushtel_url": "https://bushtel.nt.gov.au/profile/955", "population_count": 4, "population_used_in_index": 4, "population_basis": "risk_dataset", "longitude": 136.73791, "latitude": -12.55007, "risk_rating": "Moderate", "fire_plan": "No", "firebreak": "Yes", "fuel_reduction": "Yes", "has_coverage": false, "coverage_status": "Outside predicted coverage", "nearest_tower_km": 29.8, "nearby_carriers": 1, "carrier_names": "Telstra", "hazard_H": 0.6, "unreachability_U": 0.7542, "exposure_E": 0.2036, "wbi_score": 45.2, "wbi_tier": "Moderate", "wbi_rank": 352, "strict_blackspot": false}, "geometry": {"type": "Point", "coordinates": [136.73791, -12.55007]}}, {"type": "Feature", "properties": {"objectid": 278, "community_id": 278, "community_name": "Yanyula", "community_aliases": "BORROLOOLA TOWN CAMP,YANULA", "community_type": "Town Camp", "main_language": "Not recorded", "local_govt_council": "ROPER GULF", "land_council": "NORTHERN LAND COUNCIL", "ntg_region": "BIG RIVERS", "bushtel_url": "https://bushtel.nt.gov.au/profile/278", "population_count": 200, "population_used_in_index": 200, "population_basis": "risk_dataset", "longitude": 136.3083, "latitude": -16.0613, "risk_rating": "Moderate", "fire_plan": "No", "firebreak": "Yes", "fuel_reduction": "Yes", "has_coverage": true, "coverage_status": "Inside predicted coverage", "nearest_tower_km": 0.9, "nearby_carriers": 1, "carrier_names": "Telstra", "hazard_H": 0.6, "unreachability_U": 0.2282, "exposure_E": 0.6708, "wbi_score": 45.1, "wbi_tier": "Moderate", "wbi_rank": 354, "strict_blackspot": false}, "geometry": {"type": "Point", "coordinates": [136.3083, -16.0613]}}, {"type": "Feature", "properties": {"objectid": 432, "community_id": 432, "community_name": "Wilgi", "community_aliases": "TIGER'S CAMP,WANINGI,WILJI,WILTJU", "community_type": "Family Outstation", "main_language": "Not recorded", "local_govt_council": "WEST ARNHEM", "land_council": "NORTHERN LAND COUNCIL", "ntg_region": "TOP END", "bushtel_url": "https://bushtel.nt.gov.au/profile/432", "population_count": 6, "population_used_in_index": 6, "population_basis": "risk_dataset", "longitude": 132.74947, "latitude": -11.49601, "risk_rating": "Moderate", "fire_plan": "No", "firebreak": "Yes", "fuel_reduction": "Yes", "has_coverage": true, "coverage_status": "Inside predicted coverage", "nearest_tower_km": 43.2, "nearby_carriers": 0, "carrier_names": "None", "hazard_H": 0.6, "unreachability_U": 0.6213, "exposure_E": 0.2461, "wbi_score": 45.1, "wbi_tier": "Moderate", "wbi_rank": 354, "strict_blackspot": false}, "geometry": {"type": "Point", "coordinates": [132.74947, -11.49601]}}, {"type": "Feature", "properties": {"objectid": 497, "community_id": 497, "community_name": "Gumuruguru", "community_aliases": "GAMARRAGURRA,GAMARRU GUYURRU,GAMURRU GUYURRA,GARMALATJIRRINA", "community_type": "Family Outstation", "main_language": "Not recorded", "local_govt_council": "EAST ARNHEM", "land_council": "NORTHERN LAND COUNCIL", "ntg_region": "EAST ARNHEM", "bushtel_url": "https://bushtel.nt.gov.au/profile/497", "population_count": null, "population_used_in_index": 8, "population_basis": "imputed_type_median", "longitude": 134.76306, "latitude": -12.06001, "risk_rating": "High", "fire_plan": "No", "firebreak": "No", "fuel_reduction": "No", "has_coverage": true, "coverage_status": "Inside predicted coverage", "nearest_tower_km": 16.1, "nearby_carriers": 1, "carrier_names": "Telstra", "hazard_H": 1.0, "unreachability_U": 0.3296, "exposure_E": 0.2779, "wbi_score": 45.1, "wbi_tier": "Moderate", "wbi_rank": 354, "strict_blackspot": false}, "geometry": {"type": "Point", "coordinates": [134.76306, -12.06001]}}, {"type": "Feature", "properties": {"objectid": 248, "community_id": 248, "community_name": "Mungalawurru", "community_aliases": "MANGALAWARRA,MANGALAWU,MANGARLWURRA", "community_type": "Family Outstation", "main_language": "Not recorded", "local_govt_council": "BARKLY", "land_council": "CENTRAL LAND COUNCIL", "ntg_region": "BARKLY", "bushtel_url": "https://bushtel.nt.gov.au/profile/248", "population_count": 10, "population_used_in_index": 10, "population_basis": "risk_dataset", "longitude": 133.59552, "latitude": -19.38253, "risk_rating": "Low", "fire_plan": "No", "firebreak": "Yes", "fuel_reduction": "Yes", "has_coverage": false, "coverage_status": "Outside predicted coverage", "nearest_tower_km": 64.5, "nearby_carriers": 0, "carrier_names": "None", "hazard_H": 0.3, "unreachability_U": 1.0, "exposure_E": 0.3033, "wbi_score": 45.0, "wbi_tier": "Moderate", "wbi_rank": 357, "strict_blackspot": false}, "geometry": {"type": "Point", "coordinates": [133.59552, -19.38253]}}, {"type": "Feature", "properties": {"objectid": 868, "community_id": 868, "community_name": "Wurankuwu", "community_aliases": "RANKU", "community_type": "Minor", "main_language": "Not recorded", "local_govt_council": "TIWI ISLANDS", "land_council": "TIWI LAND COUNCIL", "ntg_region": "TOP END", "bushtel_url": "https://bushtel.nt.gov.au/profile/868", "population_count": 4, "population_used_in_index": 4, "population_basis": "risk_dataset", "longitude": 130.27763, "latitude": -11.61652, "risk_rating": "Moderate", "fire_plan": "No", "firebreak": "Yes", "fuel_reduction": "Yes", "has_coverage": false, "coverage_status": "Outside predicted coverage", "nearest_tower_km": 28.3, "nearby_carriers": 1, "carrier_names": "Telstra", "hazard_H": 0.6, "unreachability_U": 0.7442, "exposure_E": 0.2036, "wbi_score": 45.0, "wbi_tier": "Moderate", "wbi_rank": 357, "strict_blackspot": false}, "geometry": {"type": "Point", "coordinates": [130.27763, -11.61652]}}, {"type": "Feature", "properties": {"objectid": 262, "community_id": 262, "community_name": "South West Island", "community_aliases": "WATHANKA,WATHUNGA", "community_type": "Family Outstation", "main_language": "Not recorded", "local_govt_council": "ROPER GULF", "land_council": "NORTHERN LAND COUNCIL", "ntg_region": "BIG RIVERS", "bushtel_url": "https://bushtel.nt.gov.au/profile/262", "population_count": 10, "population_used_in_index": 10, "population_basis": "risk_dataset", "longitude": 136.68821, "latitude": -15.68902, "risk_rating": "Low", "fire_plan": "No", "firebreak": "Yes", "fuel_reduction": "Yes", "has_coverage": false, "coverage_status": "Outside predicted coverage", "nearest_tower_km": 57.6, "nearby_carriers": 0, "carrier_names": "None", "hazard_H": 0.3, "unreachability_U": 1.0, "exposure_E": 0.3033, "wbi_score": 45.0, "wbi_tier": "Moderate", "wbi_rank": 357, "strict_blackspot": false}, "geometry": {"type": "Point", "coordinates": [136.68821, -15.68902]}}, {"type": "Feature", "properties": {"objectid": 948, "community_id": 948, "community_name": "Snake Well", "community_aliases": "AKNGWIRRWELTYE,SNAKE CREEK", "community_type": "Family Outstation", "main_language": "Not recorded", "local_govt_council": "MACDONNELL", "land_council": "CENTRAL LAND COUNCIL", "ntg_region": "CENTRAL AUSTRALIA", "bushtel_url": "https://bushtel.nt.gov.au/profile/948", "population_count": 12, "population_used_in_index": 12, "population_basis": "risk_dataset", "longitude": 133.915292, "latitude": -23.159458, "risk_rating": "Low", "fire_plan": "Yes", "firebreak": "Yes", "fuel_reduction": "Yes", "has_coverage": false, "coverage_status": "Outside predicted coverage", "nearest_tower_km": 39.5, "nearby_carriers": 0, "carrier_names": "None", "hazard_H": 0.3, "unreachability_U": 0.93, "exposure_E": 0.3244, "wbi_score": 44.9, "wbi_tier": "Moderate", "wbi_rank": 360, "strict_blackspot": false}, "geometry": {"type": "Point", "coordinates": [133.915292, -23.159458]}}, {"type": "Feature", "properties": {"objectid": 724, "community_id": 724, "community_name": "Mimina", "community_aliases": "No aliases recorded with NTG DIPL", "community_type": "Family Outstation", "main_language": "Not recorded", "local_govt_council": "ROPER GULF", "land_council": "NORTHERN LAND COUNCIL", "ntg_region": "BIG RIVERS", "bushtel_url": "https://bushtel.nt.gov.au/profile/724", "population_count": 5, "population_used_in_index": 5, "population_basis": "risk_dataset", "longitude": 136.83428, "latitude": -16.80211, "risk_rating": "Moderate", "fire_plan": "No", "firebreak": "Yes", "fuel_reduction": "Yes", "has_coverage": false, "coverage_status": "Outside predicted coverage", "nearest_tower_km": 16.7, "nearby_carriers": 1, "carrier_names": "Telstra", "hazard_H": 0.6, "unreachability_U": 0.6669, "exposure_E": 0.2266, "wbi_score": 44.9, "wbi_tier": "Moderate", "wbi_rank": 360, "strict_blackspot": false}, "geometry": {"type": "Point", "coordinates": [136.83428, -16.80211]}}, {"type": "Feature", "properties": {"objectid": 467, "community_id": 467, "community_name": "Bularring", "community_aliases": "BULARRINY,BULARRINYUR", "community_type": "Family Outstation", "main_language": "Not recorded", "local_govt_council": "EAST ARNHEM", "land_council": "NORTHERN LAND COUNCIL", "ntg_region": "EAST ARNHEM", "bushtel_url": "https://bushtel.nt.gov.au/profile/467", "population_count": null, "population_used_in_index": 8, "population_basis": "imputed_type_median", "longitude": 135.70342, "latitude": -12.04636, "risk_rating": "High", "fire_plan": "No", "firebreak": "No", "fuel_reduction": "No", "has_coverage": true, "coverage_status": "Inside predicted coverage", "nearest_tower_km": 15.2, "nearby_carriers": 1, "carrier_names": "Telstra", "hazard_H": 1.0, "unreachability_U": 0.3236, "exposure_E": 0.2779, "wbi_score": 44.8, "wbi_tier": "Moderate", "wbi_rank": 362, "strict_blackspot": false}, "geometry": {"type": "Point", "coordinates": [135.70342, -12.04636]}}, {"type": "Feature", "properties": {"objectid": 325, "community_id": 325, "community_name": "Marlwon", "community_aliases": "KIKIKYOWH,LADY DREAMING,MALWORN", "community_type": "Family Outstation", "main_language": "Not recorded", "local_govt_council": "WEST ARNHEM", "land_council": "NORTHERN LAND COUNCIL", "ntg_region": "TOP END", "bushtel_url": "https://bushtel.nt.gov.au/profile/325", "population_count": 4, "population_used_in_index": 4, "population_basis": "risk_dataset", "longitude": 133.86307, "latitude": -12.13453, "risk_rating": "Moderate", "fire_plan": "No", "firebreak": "Yes", "fuel_reduction": "Yes", "has_coverage": false, "coverage_status": "Outside predicted coverage", "nearest_tower_km": 26.1, "nearby_carriers": 1, "carrier_names": "Telstra", "hazard_H": 0.6, "unreachability_U": 0.7296, "exposure_E": 0.2036, "wbi_score": 44.7, "wbi_tier": "Moderate", "wbi_rank": 363, "strict_blackspot": false}, "geometry": {"type": "Point", "coordinates": [133.86307, -12.13453]}}, {"type": "Feature", "properties": {"objectid": 1026, "community_id": 1026, "community_name": "Nama", "community_aliases": "WUDIPULINAMA", "community_type": "Family Outstation", "main_language": "Not recorded", "local_govt_council": "WEST DALY", "land_council": "NORTHERN LAND COUNCIL", "ntg_region": "TOP END", "bushtel_url": "https://bushtel.nt.gov.au/profile/1026", "population_count": 40, "population_used_in_index": 40, "population_basis": "risk_dataset", "longitude": 129.85879, "latitude": -14.22945, "risk_rating": "Moderate", "fire_plan": "No", "firebreak": "Yes", "fuel_reduction": "Yes", "has_coverage": true, "coverage_status": "Inside predicted coverage", "nearest_tower_km": 13.8, "nearby_carriers": 1, "carrier_names": "Telstra", "hazard_H": 0.6, "unreachability_U": 0.3142, "exposure_E": 0.4697, "wbi_score": 44.6, "wbi_tier": "Moderate", "wbi_rank": 364, "strict_blackspot": false}, "geometry": {"type": "Point", "coordinates": [129.85879, -14.22945]}}, {"type": "Feature", "properties": {"objectid": 345, "community_id": 345, "community_name": "Kolorbidahdah", "community_aliases": "KORLOBIRRAHDA", "community_type": "Family Outstation", "main_language": "Not recorded", "local_govt_council": "WEST ARNHEM", "land_council": "NORTHERN LAND COUNCIL", "ntg_region": "TOP END", "bushtel_url": "https://bushtel.nt.gov.au/profile/345", "population_count": 25, "population_used_in_index": 25, "population_basis": "risk_dataset", "longitude": 134.32539, "latitude": -12.61309, "risk_rating": "Low", "fire_plan": "No", "firebreak": "Yes", "fuel_reduction": "Yes", "has_coverage": false, "coverage_status": "Outside predicted coverage", "nearest_tower_km": 24.6, "nearby_carriers": 1, "carrier_names": "Telstra", "hazard_H": 0.3, "unreachability_U": 0.7196, "exposure_E": 0.4121, "wbi_score": 44.6, "wbi_tier": "Moderate", "wbi_rank": 364, "strict_blackspot": false}, "geometry": {"type": "Point", "coordinates": [134.32539, -12.61309]}}, {"type": "Feature", "properties": {"objectid": 136, "community_id": 136, "community_name": "Pinpirnga", "community_aliases": "DESERT BORE,PINIARNGA,PINPIARNA,PINPIARNGA,PINPIRRNGA", "community_type": "Family Outstation", "main_language": "Not recorded", "local_govt_council": "MACDONNELL", "land_council": "CENTRAL LAND COUNCIL", "ntg_region": "CENTRAL AUSTRALIA", "bushtel_url": "https://bushtel.nt.gov.au/profile/136", "population_count": null, "population_used_in_index": 8, "population_basis": "imputed_type_median", "longitude": 129.46322, "latitude": -23.16275, "risk_rating": "High", "fire_plan": "No", "firebreak": "No", "fuel_reduction": "No", "has_coverage": true, "coverage_status": "Inside predicted coverage", "nearest_tower_km": 14.5, "nearby_carriers": 1, "carrier_names": "Telstra", "hazard_H": 1.0, "unreachability_U": 0.3189, "exposure_E": 0.2779, "wbi_score": 44.6, "wbi_tier": "Moderate", "wbi_rank": 364, "strict_blackspot": false}, "geometry": {"type": "Point", "coordinates": [129.46322, -23.16275]}}, {"type": "Feature", "properties": {"objectid": 51, "community_id": 51, "community_name": "Imanpa", "community_aliases": "MT EBENEZER", "community_type": "Major", "main_language": "Pitjantjatjara", "local_govt_council": "MACDONNELL", "land_council": "CENTRAL LAND COUNCIL", "ntg_region": "CENTRAL AUSTRALIA", "bushtel_url": "https://bushtel.nt.gov.au/profile/51", "population_count": 177, "population_used_in_index": 177, "population_basis": "risk_dataset", "longitude": 132.56999, "latitude": -25.13051, "risk_rating": "Moderate", "fire_plan": "Yes", "firebreak": "Yes", "fuel_reduction": "Yes", "has_coverage": true, "coverage_status": "Inside predicted coverage", "nearest_tower_km": 0.2, "nearby_carriers": 1, "carrier_names": "Telstra", "hazard_H": 0.6, "unreachability_U": 0.2236, "exposure_E": 0.6554, "wbi_score": 44.5, "wbi_tier": "Moderate", "wbi_rank": 367, "strict_blackspot": false}, "geometry": {"type": "Point", "coordinates": [132.56999, -25.13051]}}, {"type": "Feature", "properties": {"objectid": 504, "community_id": 504, "community_name": "Garriyak", "community_aliases": "GARRANDNGJUR,GARRIYAKNGURR,GIARRIYAKGUR", "community_type": "Family Outstation", "main_language": "Not recorded", "local_govt_council": "EAST ARNHEM", "land_council": "NORTHERN LAND COUNCIL", "ntg_region": "EAST ARNHEM", "bushtel_url": "https://bushtel.nt.gov.au/profile/504", "population_count": null, "population_used_in_index": 8, "population_basis": "imputed_type_median", "longitude": 135.56284, "latitude": -12.14861, "risk_rating": "High", "fire_plan": "No", "firebreak": "No", "fuel_reduction": "No", "has_coverage": true, "coverage_status": "Inside predicted coverage", "nearest_tower_km": 13.8, "nearby_carriers": 1, "carrier_names": "Telstra", "hazard_H": 1.0, "unreachability_U": 0.3142, "exposure_E": 0.2779, "wbi_score": 44.4, "wbi_tier": "Moderate", "wbi_rank": 368, "strict_blackspot": false}, "geometry": {"type": "Point", "coordinates": [135.56284, -12.14861]}}, {"type": "Feature", "properties": {"objectid": 222, "community_id": 222, "community_name": "Mara", "community_aliases": "BORROLOOLA TOWN CAMP,DULU,MALA CAMP", "community_type": "Town Camp", "main_language": "Not recorded", "local_govt_council": "ROPER GULF", "land_council": "NORTHERN LAND COUNCIL", "ntg_region": "BIG RIVERS", "bushtel_url": "https://bushtel.nt.gov.au/profile/222", "population_count": 170, "population_used_in_index": 170, "population_basis": "risk_dataset", "longitude": 136.304736, "latitude": -16.050847, "risk_rating": "Moderate", "fire_plan": "No", "firebreak": "Yes", "fuel_reduction": "Yes", "has_coverage": true, "coverage_status": "Inside predicted coverage", "nearest_tower_km": 0.3, "nearby_carriers": 1, "carrier_names": "Telstra", "hazard_H": 0.6, "unreachability_U": 0.2242, "exposure_E": 0.6504, "wbi_score": 44.4, "wbi_tier": "Moderate", "wbi_rank": 368, "strict_blackspot": false}, "geometry": {"type": "Point", "coordinates": [136.304736, -16.050847]}}, {"type": "Feature", "properties": {"objectid": 1000, "community_id": 1000, "community_name": "Kumunu", "community_aliases": "KUNUMU", "community_type": "Family Outstation", "main_language": "Not recorded", "local_govt_council": "BARKLY", "land_council": "CENTRAL LAND COUNCIL", "ntg_region": "BARKLY", "bushtel_url": "https://bushtel.nt.gov.au/profile/1000", "population_count": 1, "population_used_in_index": 1, "population_basis": "risk_dataset", "longitude": 133.639458, "latitude": -18.764181, "risk_rating": "High", "fire_plan": "No", "firebreak": "No", "fuel_reduction": "No", "has_coverage": false, "coverage_status": "Outside predicted coverage", "nearest_tower_km": 52.2, "nearby_carriers": 0, "carrier_names": "None", "hazard_H": 1.0, "unreachability_U": 1.0, "exposure_E": 0.0877, "wbi_score": 44.4, "wbi_tier": "Moderate", "wbi_rank": 368, "strict_blackspot": true}, "geometry": {"type": "Point", "coordinates": [133.639458, -18.764181]}}, {"type": "Feature", "properties": {"objectid": 310, "community_id": 310, "community_name": "Ditchi", "community_aliases": "DITHI,DITJI", "community_type": "Family Outstation", "main_language": "Not recorded", "local_govt_council": "WEST DALY", "land_council": "NORTHERN LAND COUNCIL", "ntg_region": "TOP END", "bushtel_url": "https://bushtel.nt.gov.au/profile/310", "population_count": null, "population_used_in_index": 8, "population_basis": "imputed_type_median", "longitude": 129.40855, "latitude": -14.30373, "risk_rating": "High", "fire_plan": "No", "firebreak": "No", "fuel_reduction": "No", "has_coverage": true, "coverage_status": "Inside predicted coverage", "nearest_tower_km": 13.9, "nearby_carriers": 1, "carrier_names": "Telstra", "hazard_H": 1.0, "unreachability_U": 0.3149, "exposure_E": 0.2779, "wbi_score": 44.4, "wbi_tier": "Moderate", "wbi_rank": 368, "strict_blackspot": false}, "geometry": {"type": "Point", "coordinates": [129.40855, -14.30373]}}, {"type": "Feature", "properties": {"objectid": 542, "community_id": 542, "community_name": "Ngangalala", "community_aliases": "NANGALA,NANGALALA", "community_type": "Minor", "main_language": "Not recorded", "local_govt_council": "EAST ARNHEM", "land_council": "NORTHERN LAND COUNCIL", "ntg_region": "EAST ARNHEM", "bushtel_url": "https://bushtel.nt.gov.au/profile/542", "population_count": 64, "population_used_in_index": 64, "population_basis": "risk_dataset", "longitude": 134.992236, "latitude": -12.298347, "risk_rating": "Moderate", "fire_plan": "No", "firebreak": "Yes", "fuel_reduction": "Yes", "has_coverage": true, "coverage_status": "Inside predicted coverage", "nearest_tower_km": 7.9, "nearby_carriers": 1, "carrier_names": "Telstra", "hazard_H": 0.6, "unreachability_U": 0.2749, "exposure_E": 0.528, "wbi_score": 44.3, "wbi_tier": "Moderate", "wbi_rank": 372, "strict_blackspot": false}, "geometry": {"type": "Point", "coordinates": [134.992236, -12.298347]}}, {"type": "Feature", "properties": {"objectid": 532, "community_id": 532, "community_name": "Milyakburra", "community_aliases": "BICKERTON ISLAND", "community_type": "Major", "main_language": "Anindilyakwa", "local_govt_council": "EAST ARNHEM", "land_council": "ANINDILYAKWA LAND COUNCIL", "ntg_region": "EAST ARNHEM", "bushtel_url": "https://bushtel.nt.gov.au/profile/532", "population_count": 161, "population_used_in_index": 161, "population_basis": "risk_dataset", "longitude": 136.19583, "latitude": -13.78389, "risk_rating": "Moderate", "fire_plan": "No", "firebreak": "Yes", "fuel_reduction": "Yes", "has_coverage": true, "coverage_status": "Inside predicted coverage", "nearest_tower_km": 0.4, "nearby_carriers": 1, "carrier_names": "Telstra", "hazard_H": 0.6, "unreachability_U": 0.2249, "exposure_E": 0.6435, "wbi_score": 44.3, "wbi_tier": "Moderate", "wbi_rank": 372, "strict_blackspot": false}, "geometry": {"type": "Point", "coordinates": [136.19583, -13.78389]}}, {"type": "Feature", "properties": {"objectid": 472, "community_id": 472, "community_name": "Darrangmurmanja", "community_aliases": "MARBLE POINT", "community_type": "Family Outstation", "main_language": "Not recorded", "local_govt_council": "EAST ARNHEM", "land_council": "ANINDILYAKWA LAND COUNCIL", "ntg_region": "EAST ARNHEM", "bushtel_url": "https://bushtel.nt.gov.au/profile/472", "population_count": null, "population_used_in_index": 8, "population_basis": "imputed_type_median", "longitude": 136.59277, "latitude": -13.72486, "risk_rating": "High", "fire_plan": "No", "firebreak": "No", "fuel_reduction": "No", "has_coverage": true, "coverage_status": "Inside predicted coverage", "nearest_tower_km": 13.3, "nearby_carriers": 1, "carrier_names": "Telstra", "hazard_H": 1.0, "unreachability_U": 0.3109, "exposure_E": 0.2779, "wbi_score": 44.2, "wbi_tier": "Moderate", "wbi_rank": 374, "strict_blackspot": false}, "geometry": {"type": "Point", "coordinates": [136.59277, -13.72486]}}, {"type": "Feature", "properties": {"objectid": 732, "community_id": 732, "community_name": "Purrukuwurru", "community_aliases": "No aliases recorded with NTG DIPL", "community_type": "Family Outstation", "main_language": "Not recorded", "local_govt_council": "BARKLY", "land_council": "CENTRAL LAND COUNCIL", "ntg_region": "BARKLY", "bushtel_url": "https://bushtel.nt.gov.au/profile/732", "population_count": null, "population_used_in_index": 8, "population_basis": "imputed_type_median", "longitude": 135.69629, "latitude": -19.94562, "risk_rating": "High", "fire_plan": "No", "firebreak": "No", "fuel_reduction": "No", "has_coverage": true, "coverage_status": "Inside predicted coverage", "nearest_tower_km": 29.5, "nearby_carriers": 2, "carrier_names": "Optus, Telstra", "hazard_H": 1.0, "unreachability_U": 0.3078, "exposure_E": 0.2779, "wbi_score": 44.1, "wbi_tier": "Moderate", "wbi_rank": 375, "strict_blackspot": false}, "geometry": {"type": "Point", "coordinates": [135.69629, -19.94562]}}, {"type": "Feature", "properties": {"objectid": 693, "community_id": 693, "community_name": "Alatyeye", "community_aliases": "TURNERS CAMP", "community_type": "Family Outstation", "main_language": "Not recorded", "local_govt_council": "CENTRAL DESERT", "land_council": "CENTRAL LAND COUNCIL", "ntg_region": "CENTRAL AUSTRALIA", "bushtel_url": "https://bushtel.nt.gov.au/profile/693", "population_count": 7, "population_used_in_index": 7, "population_basis": "risk_dataset", "longitude": 134.21897, "latitude": -23.09733, "risk_rating": "Moderate", "fire_plan": "No", "firebreak": "Yes", "fuel_reduction": "Yes", "has_coverage": false, "coverage_status": "Outside predicted coverage", "nearest_tower_km": 14.5, "nearby_carriers": 2, "carrier_names": "Optus, Telstra", "hazard_H": 0.6, "unreachability_U": 0.5411, "exposure_E": 0.263, "wbi_score": 44.0, "wbi_tier": "Moderate", "wbi_rank": 376, "strict_blackspot": false}, "geometry": {"type": "Point", "coordinates": [134.21897, -23.09733]}}, {"type": "Feature", "properties": {"objectid": 229, "community_id": 229, "community_name": "Garawa 1", "community_aliases": "BORROLOOLA TOWN CAMP,GARAWA", "community_type": "Town Camp", "main_language": "Not recorded", "local_govt_council": "ROPER GULF", "land_council": "NORTHERN LAND COUNCIL", "ntg_region": "BIG RIVERS", "bushtel_url": "https://bushtel.nt.gov.au/profile/229", "population_count": 110, "population_used_in_index": 110, "population_basis": "risk_dataset", "longitude": 136.321292, "latitude": -16.068792, "risk_rating": "Moderate", "fire_plan": "No", "firebreak": "Yes", "fuel_reduction": "Yes", "has_coverage": true, "coverage_status": "Inside predicted coverage", "nearest_tower_km": 2.3, "nearby_carriers": 1, "carrier_names": "Telstra", "hazard_H": 0.6, "unreachability_U": 0.2376, "exposure_E": 0.5957, "wbi_score": 44.0, "wbi_tier": "Moderate", "wbi_rank": 376, "strict_blackspot": false}, "geometry": {"type": "Point", "coordinates": [136.321292, -16.068792]}}, {"type": "Feature", "properties": {"objectid": 307, "community_id": 307, "community_name": "Damdam", "community_aliases": "DAM DAM", "community_type": "Family Outstation", "main_language": "Not recorded", "local_govt_council": "WEST ARNHEM", "land_council": "NORTHERN LAND COUNCIL", "ntg_region": "TOP END", "bushtel_url": "https://bushtel.nt.gov.au/profile/307", "population_count": null, "population_used_in_index": 8, "population_basis": "imputed_type_median", "longitude": 134.64529, "latitude": -12.16556, "risk_rating": "High", "fire_plan": "No", "firebreak": "No", "fuel_reduction": "No", "has_coverage": true, "coverage_status": "Inside predicted coverage", "nearest_tower_km": 12.7, "nearby_carriers": 1, "carrier_names": "Telstra", "hazard_H": 1.0, "unreachability_U": 0.3069, "exposure_E": 0.2779, "wbi_score": 44.0, "wbi_tier": "Moderate", "wbi_rank": 376, "strict_blackspot": false}, "geometry": {"type": "Point", "coordinates": [134.64529, -12.16556]}}, {"type": "Feature", "properties": {"objectid": 897, "community_id": 897, "community_name": "Mandedjkadjang", "community_aliases": "MANDAJGARDAJANG", "community_type": "Family Outstation", "main_language": "Not recorded", "local_govt_council": "WEST ARNHEM", "land_council": "NORTHERN LAND COUNCIL", "ntg_region": "TOP END", "bushtel_url": "https://bushtel.nt.gov.au/profile/897", "population_count": 12, "population_used_in_index": 12, "population_basis": "risk_dataset", "longitude": 134.03056, "latitude": -12.26454, "risk_rating": "Moderate", "fire_plan": "No", "firebreak": "Yes", "fuel_reduction": "Yes", "has_coverage": true, "coverage_status": "Inside predicted coverage", "nearest_tower_km": 31.9, "nearby_carriers": 1, "carrier_names": "Telstra", "hazard_H": 0.6, "unreachability_U": 0.4349, "exposure_E": 0.3244, "wbi_score": 43.9, "wbi_tier": "Moderate", "wbi_rank": 379, "strict_blackspot": false}, "geometry": {"type": "Point", "coordinates": [134.03056, -12.26454]}}, {"type": "Feature", "properties": {"objectid": 958, "community_id": 958, "community_name": "Scott Point", "community_aliases": "MILYANGKARRNGARNILANGWA", "community_type": "Family Outstation", "main_language": "Not recorded", "local_govt_council": "EAST ARNHEM", "land_council": "ANINDILYAKWA LAND COUNCIL", "ntg_region": "EAST ARNHEM", "bushtel_url": "https://bushtel.nt.gov.au/profile/958", "population_count": null, "population_used_in_index": 8, "population_basis": "imputed_type_median", "longitude": 136.84751, "latitude": -13.75212, "risk_rating": "High", "fire_plan": "No", "firebreak": "No", "fuel_reduction": "No", "has_coverage": true, "coverage_status": "Inside predicted coverage", "nearest_tower_km": 12.3, "nearby_carriers": 1, "carrier_names": "Telstra", "hazard_H": 1.0, "unreachability_U": 0.3042, "exposure_E": 0.2779, "wbi_score": 43.9, "wbi_tier": "Moderate", "wbi_rank": 379, "strict_blackspot": false}, "geometry": {"type": "Point", "coordinates": [136.84751, -13.75212]}}, {"type": "Feature", "properties": {"objectid": 490, "community_id": 490, "community_name": "Gilirri", "community_aliases": "GALERRA,GELERRI", "community_type": "Family Outstation", "main_language": "Not recorded", "local_govt_council": "EAST ARNHEM", "land_council": "NORTHERN LAND COUNCIL", "ntg_region": "EAST ARNHEM", "bushtel_url": "https://bushtel.nt.gov.au/profile/490", "population_count": null, "population_used_in_index": 8, "population_basis": "imputed_type_median", "longitude": 134.81695, "latitude": -12.33029, "risk_rating": "High", "fire_plan": "No", "firebreak": "No", "fuel_reduction": "No", "has_coverage": true, "coverage_status": "Inside predicted coverage", "nearest_tower_km": 11.9, "nearby_carriers": 1, "carrier_names": "Telstra", "hazard_H": 1.0, "unreachability_U": 0.3016, "exposure_E": 0.2779, "wbi_score": 43.8, "wbi_tier": "Moderate", "wbi_rank": 381, "strict_blackspot": false}, "geometry": {"type": "Point", "coordinates": [134.81695, -12.33029]}}, {"type": "Feature", "properties": {"objectid": 295, "community_id": 295, "community_name": "Berraja", "community_aliases": "BERBAJA,BERRAIYA", "community_type": "Family Outstation", "main_language": "Not recorded", "local_govt_council": "WEST ARNHEM", "land_council": "NORTHERN LAND COUNCIL", "ntg_region": "TOP END", "bushtel_url": "https://bushtel.nt.gov.au/profile/295", "population_count": null, "population_used_in_index": 8, "population_basis": "imputed_type_median", "longitude": 134.50486, "latitude": -12.07195, "risk_rating": "High", "fire_plan": "No", "firebreak": "No", "fuel_reduction": "No", "has_coverage": true, "coverage_status": "Inside predicted coverage", "nearest_tower_km": 12.1, "nearby_carriers": 1, "carrier_names": "Telstra", "hazard_H": 1.0, "unreachability_U": 0.3029, "exposure_E": 0.2779, "wbi_score": 43.8, "wbi_tier": "Moderate", "wbi_rank": 381, "strict_blackspot": false}, "geometry": {"type": "Point", "coordinates": [134.50486, -12.07195]}}, {"type": "Feature", "properties": {"objectid": 816, "community_id": 816, "community_name": "Manangoora", "community_aliases": "WONMURRI,WONMURRIE", "community_type": "Family Outstation", "main_language": "Not recorded", "local_govt_council": "ROPER GULF", "land_council": "NORTHERN LAND COUNCIL", "ntg_region": "BIG RIVERS", "bushtel_url": "https://bushtel.nt.gov.au/profile/816", "population_count": 2, "population_used_in_index": 2, "population_basis": "risk_dataset", "longitude": 136.86085, "latitude": -16.0515, "risk_rating": "Moderate", "fire_plan": "No", "firebreak": "Yes", "fuel_reduction": "Yes", "has_coverage": false, "coverage_status": "Outside predicted coverage", "nearest_tower_km": 59.3, "nearby_carriers": 0, "carrier_names": "None", "hazard_H": 0.6, "unreachability_U": 1.0, "exposure_E": 0.139, "wbi_score": 43.7, "wbi_tier": "Moderate", "wbi_rank": 383, "strict_blackspot": false}, "geometry": {"type": "Point", "coordinates": [136.86085, -16.0515]}}, {"type": "Feature", "properties": {"objectid": 571, "community_id": 571, "community_name": "Yathalamarra", "community_aliases": "YATHALAMARA,YATHALMARRA", "community_type": "Minor", "main_language": "Not recorded", "local_govt_council": "EAST ARNHEM", "land_council": "NORTHERN LAND COUNCIL", "ntg_region": "EAST ARNHEM", "bushtel_url": "https://bushtel.nt.gov.au/profile/571", "population_count": 66, "population_used_in_index": 66, "population_basis": "risk_dataset", "longitude": 134.921958, "latitude": -12.274458, "risk_rating": "Moderate", "fire_plan": "No", "firebreak": "Yes", "fuel_reduction": "Yes", "has_coverage": true, "coverage_status": "Inside predicted coverage", "nearest_tower_km": 6.0, "nearby_carriers": 1, "carrier_names": "Telstra", "hazard_H": 0.6, "unreachability_U": 0.2622, "exposure_E": 0.5318, "wbi_score": 43.7, "wbi_tier": "Moderate", "wbi_rank": 383, "strict_blackspot": false}, "geometry": {"type": "Point", "coordinates": [134.921958, -12.274458]}}, {"type": "Feature", "properties": {"objectid": 993, "community_id": 993, "community_name": "Garrinjinny", "community_aliases": "GARRINJINI", "community_type": "Family Outstation", "main_language": "Not recorded", "local_govt_council": "ROPER GULF", "land_council": "NORTHERN LAND COUNCIL", "ntg_region": "BIG RIVERS", "bushtel_url": "https://bushtel.nt.gov.au/profile/993", "population_count": 8, "population_used_in_index": 8, "population_basis": "risk_dataset", "longitude": 135.64751, "latitude": -16.67496, "risk_rating": "Moderate", "fire_plan": "No", "firebreak": "Yes", "fuel_reduction": "Yes", "has_coverage": false, "coverage_status": "Outside predicted coverage", "nearest_tower_km": 8.5, "nearby_carriers": 2, "carrier_names": "Optus, Telstra", "hazard_H": 0.6, "unreachability_U": 0.5011, "exposure_E": 0.2779, "wbi_score": 43.7, "wbi_tier": "Moderate", "wbi_rank": 383, "strict_blackspot": false}, "geometry": {"type": "Point", "coordinates": [135.64751, -16.67496]}}, {"type": "Feature", "properties": {"objectid": 554, "community_id": 554, "community_name": "Dhuruputjpi", "community_aliases": "DHURPUTJPI,DHURUPUJPI,MAYUNDJI,MAYWUNDJI,RURRUNARLA", "community_type": "Family Outstation", "main_language": "Not recorded", "local_govt_council": "EAST ARNHEM", "land_council": "NORTHERN LAND COUNCIL", "ntg_region": "EAST ARNHEM", "bushtel_url": "https://bushtel.nt.gov.au/profile/554", "population_count": 8, "population_used_in_index": 8, "population_basis": "risk_dataset", "longitude": 136.17661, "latitude": -13.05478, "risk_rating": "Low", "fire_plan": "No", "firebreak": "Yes", "fuel_reduction": "Yes", "has_coverage": false, "coverage_status": "Outside predicted coverage", "nearest_tower_km": 53.7, "nearby_carriers": 0, "carrier_names": "None", "hazard_H": 0.3, "unreachability_U": 1.0, "exposure_E": 0.2779, "wbi_score": 43.7, "wbi_tier": "Moderate", "wbi_rank": 383, "strict_blackspot": false}, "geometry": {"type": "Point", "coordinates": [136.17661, -13.05478]}}, {"type": "Feature", "properties": {"objectid": 463, "community_id": 463, "community_name": "Baygurrtji", "community_aliases": "BAGURRITJI,BAYKURRTJI", "community_type": "Family Outstation", "main_language": "Not recorded", "local_govt_council": "EAST ARNHEM", "land_council": "NORTHERN LAND COUNCIL", "ntg_region": "EAST ARNHEM", "bushtel_url": "https://bushtel.nt.gov.au/profile/463", "population_count": 2, "population_used_in_index": 2, "population_basis": "bushtel", "longitude": 135.86654, "latitude": -13.15787, "risk_rating": "Moderate", "fire_plan": "No", "firebreak": "No", "fuel_reduction": "No", "has_coverage": false, "coverage_status": "Outside predicted coverage", "nearest_tower_km": 52.3, "nearby_carriers": 0, "carrier_names": "None", "hazard_H": 0.6, "unreachability_U": 1.0, "exposure_E": 0.139, "wbi_score": 43.7, "wbi_tier": "Moderate", "wbi_rank": 383, "strict_blackspot": false}, "geometry": {"type": "Point", "coordinates": [135.86654, -13.15787]}}, {"type": "Feature", "properties": {"objectid": 938, "community_id": 938, "community_name": "Barraratjpi", "community_aliases": "No aliases recorded with NTG DIPL", "community_type": "Family Outstation", "main_language": "Not recorded", "local_govt_council": "EAST ARNHEM", "land_council": "NORTHERN LAND COUNCIL", "ntg_region": "EAST ARNHEM", "bushtel_url": "https://bushtel.nt.gov.au/profile/938", "population_count": 8, "population_used_in_index": 8, "population_basis": "risk_dataset", "longitude": 136.39138, "latitude": -13.21858, "risk_rating": "Low", "fire_plan": "No", "firebreak": "Yes", "fuel_reduction": "Yes", "has_coverage": false, "coverage_status": "Outside predicted coverage", "nearest_tower_km": 54.3, "nearby_carriers": 0, "carrier_names": "None", "hazard_H": 0.3, "unreachability_U": 1.0, "exposure_E": 0.2779, "wbi_score": 43.7, "wbi_tier": "Moderate", "wbi_rank": 383, "strict_blackspot": false}, "geometry": {"type": "Point", "coordinates": [136.39138, -13.21858]}}, {"type": "Feature", "properties": {"objectid": 24897, "community_id": 24897, "community_name": "Double D", "community_aliases": "No aliases recorded with NTG DIPL", "community_type": "Family Outstation", "main_language": "Not recorded", "local_govt_council": "BARKLY", "land_council": "CENTRAL LAND COUNCIL", "ntg_region": "BARKLY", "bushtel_url": "https://bushtel.nt.gov.au/profile/24897", "population_count": 2, "population_used_in_index": 2, "population_basis": "risk_dataset", "longitude": 134.946844, "latitude": -21.231767, "risk_rating": "Moderate", "fire_plan": "No", "firebreak": "Yes", "fuel_reduction": "Yes", "has_coverage": false, "coverage_status": "Outside predicted coverage", "nearest_tower_km": 52.3, "nearby_carriers": 0, "carrier_names": "None", "hazard_H": 0.6, "unreachability_U": 1.0, "exposure_E": 0.139, "wbi_score": 43.7, "wbi_tier": "Moderate", "wbi_rank": 383, "strict_blackspot": false}, "geometry": {"type": "Point", "coordinates": [134.946844, -21.231767]}}, {"type": "Feature", "properties": {"objectid": 964, "community_id": 964, "community_name": "Mu-Gurta", "community_aliases": "No aliases recorded with NTG DIPL", "community_type": "Family Outstation", "main_language": "Not recorded", "local_govt_council": "WEST ARNHEM", "land_council": "NORTHERN LAND COUNCIL", "ntg_region": "TOP END", "bushtel_url": "https://bushtel.nt.gov.au/profile/964", "population_count": 4, "population_used_in_index": 4, "population_basis": "risk_dataset", "longitude": 134.50814, "latitude": -12.25897, "risk_rating": "Moderate", "fire_plan": "No", "firebreak": "Yes", "fuel_reduction": "Yes", "has_coverage": false, "coverage_status": "Outside predicted coverage", "nearest_tower_km": 19.2, "nearby_carriers": 1, "carrier_names": "Telstra", "hazard_H": 0.6, "unreachability_U": 0.6836, "exposure_E": 0.2036, "wbi_score": 43.7, "wbi_tier": "Moderate", "wbi_rank": 383, "strict_blackspot": false}, "geometry": {"type": "Point", "coordinates": [134.50814, -12.25897]}}, {"type": "Feature", "properties": {"objectid": 24901, "community_id": 24901, "community_name": "Crabhole", "community_aliases": "No aliases recorded with NTG DIPL", "community_type": "Family Outstation", "main_language": "Not recorded", "local_govt_council": "ROPER GULF", "land_council": "NORTHERN LAND COUNCIL", "ntg_region": "BIG RIVERS", "bushtel_url": "https://bushtel.nt.gov.au/profile/24901", "population_count": 2, "population_used_in_index": 2, "population_basis": "risk_dataset", "longitude": 137.09915, "latitude": -16.21525, "risk_rating": "Moderate", "fire_plan": "No", "firebreak": "Yes", "fuel_reduction": "Yes", "has_coverage": false, "coverage_status": "Outside predicted coverage", "nearest_tower_km": 61.6, "nearby_carriers": 0, "carrier_names": "None", "hazard_H": 0.6, "unreachability_U": 1.0, "exposure_E": 0.139, "wbi_score": 43.7, "wbi_tier": "Moderate", "wbi_rank": 383, "strict_blackspot": false}, "geometry": {"type": "Point", "coordinates": [137.09915, -16.21525]}}, {"type": "Feature", "properties": {"objectid": 236, "community_id": 236, "community_name": "Kalumpurlpa", "community_aliases": "AKULUMPULPA,BLUE BUSH BORE,KALAMPURLPA,KALUMPARLPA,KALUMPULPA,KULUMPURLPA", "community_type": "Family Outstation", "main_language": "Not recorded", "local_govt_council": "BARKLY", "land_council": "CENTRAL LAND COUNCIL", "ntg_region": "BARKLY", "bushtel_url": "https://bushtel.nt.gov.au/profile/236", "population_count": 2, "population_used_in_index": 2, "population_basis": "risk_dataset", "longitude": 133.91809, "latitude": -19.00387, "risk_rating": "Moderate", "fire_plan": "No", "firebreak": "No", "fuel_reduction": "No", "has_coverage": false, "coverage_status": "Outside predicted coverage", "nearest_tower_km": 57.0, "nearby_carriers": 0, "carrier_names": "None", "hazard_H": 0.6, "unreachability_U": 1.0, "exposure_E": 0.139, "wbi_score": 43.7, "wbi_tier": "Moderate", "wbi_rank": 383, "strict_blackspot": false}, "geometry": {"type": "Point", "coordinates": [133.91809, -19.00387]}}, {"type": "Feature", "properties": {"objectid": 144, "community_id": 144, "community_name": "Rodna", "community_aliases": "No aliases recorded with NTG DIPL", "community_type": "Family Outstation", "main_language": "Not recorded", "local_govt_council": "MACDONNELL", "land_council": "CENTRAL LAND COUNCIL", "ntg_region": "CENTRAL AUSTRALIA", "bushtel_url": "https://bushtel.nt.gov.au/profile/144", "population_count": null, "population_used_in_index": 8, "population_basis": "imputed_type_median", "longitude": 132.67042, "latitude": -23.76213, "risk_rating": "Moderate", "fire_plan": "No", "firebreak": "No", "fuel_reduction": "No", "has_coverage": false, "coverage_status": "Outside predicted coverage", "nearest_tower_km": 8.6, "nearby_carriers": 2, "carrier_names": "Optus, Telstra", "hazard_H": 0.6, "unreachability_U": 0.5018, "exposure_E": 0.2779, "wbi_score": 43.7, "wbi_tier": "Moderate", "wbi_rank": 383, "strict_blackspot": false}, "geometry": {"type": "Point", "coordinates": [132.67042, -23.76213]}}, {"type": "Feature", "properties": {"objectid": 1014, "community_id": 1014, "community_name": "Penyeme", "community_aliases": "No aliases recorded with NTG DIPL", "community_type": "Family Outstation", "main_language": "Not recorded", "local_govt_council": "CENTRAL DESERT", "land_council": "CENTRAL LAND COUNCIL", "ntg_region": "CENTRAL AUSTRALIA", "bushtel_url": "https://bushtel.nt.gov.au/profile/1014", "population_count": 2, "population_used_in_index": 2, "population_basis": "risk_dataset", "longitude": 135.67273, "latitude": -22.787249, "risk_rating": "Moderate", "fire_plan": "No", "firebreak": "No", "fuel_reduction": "No", "has_coverage": false, "coverage_status": "Outside predicted coverage", "nearest_tower_km": 50.8, "nearby_carriers": 0, "carrier_names": "None", "hazard_H": 0.6, "unreachability_U": 1.0, "exposure_E": 0.139, "wbi_score": 43.7, "wbi_tier": "Moderate", "wbi_rank": 383, "strict_blackspot": false}, "geometry": {"type": "Point", "coordinates": [135.67273, -22.787249]}}, {"type": "Feature", "properties": {"objectid": 658, "community_id": 658, "community_name": "Yarralin", "community_aliases": "No aliases recorded with NTG DIPL", "community_type": "Major", "main_language": "Ngarinyman / Kriol", "local_govt_council": "VICTORIA DALY", "land_council": "NORTHERN LAND COUNCIL", "ntg_region": "BIG RIVERS", "bushtel_url": "https://bushtel.nt.gov.au/profile/658", "population_count": 344, "population_used_in_index": 344, "population_basis": "risk_dataset", "longitude": 130.88279, "latitude": -16.44841, "risk_rating": "High", "fire_plan": "No", "firebreak": "Yes", "fuel_reduction": "Yes", "has_coverage": true, "coverage_status": "Inside predicted coverage", "nearest_tower_km": 0.2, "nearby_carriers": 2, "carrier_names": "Optus, Telstra", "hazard_H": 1.0, "unreachability_U": 0.1124, "exposure_E": 0.7391, "wbi_score": 43.6, "wbi_tier": "Moderate", "wbi_rank": 395, "strict_blackspot": false}, "geometry": {"type": "Point", "coordinates": [130.88279, -16.44841]}}, {"type": "Feature", "properties": {"objectid": 1012, "community_id": 1012, "community_name": "Conder Point", "community_aliases": "CONDOR POINT,YIMPINARI", "community_type": "Family Outstation", "main_language": "Not recorded", "local_govt_council": "TIWI ISLANDS", "land_council": "TIWI LAND COUNCIL", "ntg_region": "TOP END", "bushtel_url": "https://bushtel.nt.gov.au/profile/1012", "population_count": 2, "population_used_in_index": 2, "population_basis": "risk_dataset", "longitude": 131.32757, "latitude": -11.65088, "risk_rating": "Moderate", "fire_plan": "No", "firebreak": "Yes", "fuel_reduction": "No", "has_coverage": false, "coverage_status": "Outside predicted coverage", "nearest_tower_km": 49.3, "nearby_carriers": 0, "carrier_names": "None", "hazard_H": 0.6, "unreachability_U": 0.9953, "exposure_E": 0.139, "wbi_score": 43.6, "wbi_tier": "Moderate", "wbi_rank": 395, "strict_blackspot": false}, "geometry": {"type": "Point", "coordinates": [131.32757, -11.65088]}}, {"type": "Feature", "properties": {"objectid": 522, "community_id": 522, "community_name": "Malkala", "community_aliases": "MALKULA CREEK", "community_type": "Family Outstation", "main_language": "Not recorded", "local_govt_council": "EAST ARNHEM", "land_council": "ANINDILYAKWA LAND COUNCIL", "ntg_region": "EAST ARNHEM", "bushtel_url": "https://bushtel.nt.gov.au/profile/522", "population_count": 70, "population_used_in_index": 70, "population_basis": "risk_dataset", "longitude": 136.442236, "latitude": -13.891403, "risk_rating": "Moderate", "fire_plan": "No", "firebreak": "Yes", "fuel_reduction": "Yes", "has_coverage": true, "coverage_status": "Inside predicted coverage", "nearest_tower_km": 5.0, "nearby_carriers": 1, "carrier_names": "Telstra", "hazard_H": 0.6, "unreachability_U": 0.2556, "exposure_E": 0.5392, "wbi_score": 43.6, "wbi_tier": "Moderate", "wbi_rank": 395, "strict_blackspot": false}, "geometry": {"type": "Point", "coordinates": [136.442236, -13.891403]}}, {"type": "Feature", "properties": {"objectid": 139, "community_id": 139, "community_name": "Pulardi", "community_aliases": "DESERT BORE,MT ALLAN", "community_type": "Family Outstation", "main_language": "Not recorded", "local_govt_council": "CENTRAL DESERT", "land_council": "CENTRAL LAND COUNCIL", "ntg_region": "CENTRAL AUSTRALIA", "bushtel_url": "https://bushtel.nt.gov.au/profile/139", "population_count": 10, "population_used_in_index": 10, "population_basis": "risk_dataset", "longitude": 132.37978, "latitude": -22.56332, "risk_rating": "Low", "fire_plan": "No", "firebreak": "Yes", "fuel_reduction": "Yes", "has_coverage": false, "coverage_status": "Outside predicted coverage", "nearest_tower_km": 35.6, "nearby_carriers": 0, "carrier_names": "None", "hazard_H": 0.3, "unreachability_U": 0.904, "exposure_E": 0.3033, "wbi_score": 43.5, "wbi_tier": "Moderate", "wbi_rank": 398, "strict_blackspot": false}, "geometry": {"type": "Point", "coordinates": [132.37978, -22.56332]}}, {"type": "Feature", "properties": {"objectid": 593, "community_id": 593, "community_name": "Jilkminggan", "community_aliases": "DJEMBERE,DJILKMINGGAN,DUCK CREEK,JILKMINGGAL", "community_type": "Minor", "main_language": "Eastside Kriol", "local_govt_council": "ROPER GULF", "land_council": "NORTHERN LAND COUNCIL", "ntg_region": "BIG RIVERS", "bushtel_url": "https://bushtel.nt.gov.au/profile/593", "population_count": 354, "population_used_in_index": 354, "population_basis": "risk_dataset", "longitude": 133.3, "latitude": -14.953055, "risk_rating": "High", "fire_plan": "No", "firebreak": "Yes", "fuel_reduction": "Yes", "has_coverage": true, "coverage_status": "Inside predicted coverage", "nearest_tower_km": 0.0, "nearby_carriers": 2, "carrier_names": "Optus, Telstra", "hazard_H": 1.0, "unreachability_U": 0.1111, "exposure_E": 0.7428, "wbi_score": 43.5, "wbi_tier": "Moderate", "wbi_rank": 398, "strict_blackspot": false}, "geometry": {"type": "Point", "coordinates": [133.3, -14.953055]}}, {"type": "Feature", "properties": {"objectid": 608, "community_id": 608, "community_name": "Kybrook Farm", "community_aliases": "COPPERFIELD CREEK", "community_type": "Minor", "main_language": "Kriol", "local_govt_council": "VICTORIA DALY", "land_council": "NORTHERN LAND COUNCIL", "ntg_region": "BIG RIVERS", "bushtel_url": "https://bushtel.nt.gov.au/profile/608", "population_count": 72, "population_used_in_index": 72, "population_basis": "risk_dataset", "longitude": 131.82196, "latitude": -13.86316, "risk_rating": "Moderate", "fire_plan": "No", "firebreak": "Yes", "fuel_reduction": "Yes", "has_coverage": true, "coverage_status": "Inside predicted coverage", "nearest_tower_km": 4.2, "nearby_carriers": 1, "carrier_names": "Telstra", "hazard_H": 0.6, "unreachability_U": 0.2502, "exposure_E": 0.5427, "wbi_score": 43.4, "wbi_tier": "Moderate", "wbi_rank": 400, "strict_blackspot": false}, "geometry": {"type": "Point", "coordinates": [131.82196, -13.86316]}}, {"type": "Feature", "properties": {"objectid": 627, "community_id": 627, "community_name": "Mole Hill", "community_aliases": "GOONDBUROON", "community_type": "Family Outstation", "main_language": "Not recorded", "local_govt_council": "ROPER GULF", "land_council": "NORTHERN LAND COUNCIL", "ntg_region": "BIG RIVERS", "bushtel_url": "https://bushtel.nt.gov.au/profile/627", "population_count": 2, "population_used_in_index": 2, "population_basis": "risk_dataset", "longitude": 133.83303, "latitude": -14.87499, "risk_rating": "Moderate", "fire_plan": "No", "firebreak": "Yes", "fuel_reduction": "Yes", "has_coverage": false, "coverage_status": "Outside predicted coverage", "nearest_tower_km": 46.8, "nearby_carriers": 0, "carrier_names": "None", "hazard_H": 0.6, "unreachability_U": 0.9787, "exposure_E": 0.139, "wbi_score": 43.4, "wbi_tier": "Moderate", "wbi_rank": 400, "strict_blackspot": false}, "geometry": {"type": "Point", "coordinates": [133.83303, -14.87499]}}, {"type": "Feature", "properties": {"objectid": 827, "community_id": 827, "community_name": "Mobarn", "community_aliases": "BLUE WATER,MORBON", "community_type": "Family Outstation", "main_language": "Not recorded", "local_govt_council": "ROPER GULF", "land_council": "NORTHERN LAND COUNCIL", "ntg_region": "BIG RIVERS", "bushtel_url": "https://bushtel.nt.gov.au/profile/827", "population_count": null, "population_used_in_index": 8, "population_basis": "imputed_type_median", "longitude": 134.35499, "latitude": -13.57939, "risk_rating": "High", "fire_plan": "No", "firebreak": "No", "fuel_reduction": "No", "has_coverage": true, "coverage_status": "Inside predicted coverage", "nearest_tower_km": 10.4, "nearby_carriers": 1, "carrier_names": "Telstra", "hazard_H": 1.0, "unreachability_U": 0.2916, "exposure_E": 0.2779, "wbi_score": 43.3, "wbi_tier": "Moderate", "wbi_rank": 402, "strict_blackspot": false}, "geometry": {"type": "Point", "coordinates": [134.35499, -13.57939]}}, {"type": "Feature", "properties": {"objectid": 976, "community_id": 976, "community_name": "Buni-Inwunbuluk", "community_aliases": "ANNESLEY POINT", "community_type": "Family Outstation", "main_language": "Not recorded", "local_govt_council": "WEST ARNHEM", "land_council": "NORTHERN LAND COUNCIL", "ntg_region": "TOP END", "bushtel_url": "https://bushtel.nt.gov.au/profile/976", "population_count": 5, "population_used_in_index": 5, "population_basis": "risk_dataset", "longitude": 132.82554, "latitude": -11.40613, "risk_rating": "Moderate", "fire_plan": "No", "firebreak": "Yes", "fuel_reduction": "Yes", "has_coverage": true, "coverage_status": "Inside predicted coverage", "nearest_tower_km": 39.7, "nearby_carriers": 0, "carrier_names": "None", "hazard_H": 0.6, "unreachability_U": 0.598, "exposure_E": 0.2266, "wbi_score": 43.3, "wbi_tier": "Moderate", "wbi_rank": 402, "strict_blackspot": false}, "geometry": {"type": "Point", "coordinates": [132.82554, -11.40613]}}, {"type": "Feature", "properties": {"objectid": 174, "community_id": 174, "community_name": "Wallace Rockhole", "community_aliases": "ULANA,URANDA,WALLACE ROCK HOLE", "community_type": "Major", "main_language": "Western Arrernte", "local_govt_council": "MACDONNELL", "land_council": "CENTRAL LAND COUNCIL", "ntg_region": "CENTRAL AUSTRALIA", "bushtel_url": "https://bushtel.nt.gov.au/profile/174", "population_count": 120, "population_used_in_index": 120, "population_basis": "risk_dataset", "longitude": 133.0863, "latitude": -24.1245, "risk_rating": "Moderate", "fire_plan": "Yes", "firebreak": "Yes", "fuel_reduction": "Yes", "has_coverage": true, "coverage_status": "Inside predicted coverage", "nearest_tower_km": 0.1, "nearby_carriers": 1, "carrier_names": "Telstra", "hazard_H": 0.6, "unreachability_U": 0.2229, "exposure_E": 0.6066, "wbi_score": 43.3, "wbi_tier": "Moderate", "wbi_rank": 402, "strict_blackspot": false}, "geometry": {"type": "Point", "coordinates": [133.0863, -24.1245]}}, {"type": "Feature", "properties": {"objectid": 116, "community_id": 116, "community_name": "Karrinyarra", "community_aliases": "CENTRAL MOUNT WEDGE,KARRIYARRA,MOUNT WEDGE,MOUNT WEDGE STATION", "community_type": "Family Outstation", "main_language": "Not recorded", "local_govt_council": "CENTRAL DESERT", "land_council": "CENTRAL LAND COUNCIL", "ntg_region": "CENTRAL AUSTRALIA", "bushtel_url": "https://bushtel.nt.gov.au/profile/116", "population_count": 8, "population_used_in_index": 8, "population_basis": "risk_dataset", "longitude": 131.87876, "latitude": -22.66329, "risk_rating": "Low", "fire_plan": "No", "firebreak": "Yes", "fuel_reduction": "Yes", "has_coverage": false, "coverage_status": "Outside predicted coverage", "nearest_tower_km": 46.5, "nearby_carriers": 0, "carrier_names": "None", "hazard_H": 0.3, "unreachability_U": 0.9767, "exposure_E": 0.2779, "wbi_score": 43.3, "wbi_tier": "Moderate", "wbi_rank": 402, "strict_blackspot": false}, "geometry": {"type": "Point", "coordinates": [131.87876, -22.66329]}}, {"type": "Feature", "properties": {"objectid": 727, "community_id": 727, "community_name": "Iylentye", "community_aliases": "IYIYINTJA,MOSQUITO BORE,PMARA LLINTJA", "community_type": "Family Outstation", "main_language": "Not recorded", "local_govt_council": "BARKLY", "land_council": "CENTRAL LAND COUNCIL", "ntg_region": "BARKLY", "bushtel_url": "https://bushtel.nt.gov.au/profile/727", "population_count": 33, "population_used_in_index": 33, "population_basis": "bushtel", "longitude": 134.72667, "latitude": -21.98676, "risk_rating": "Moderate", "fire_plan": "No", "firebreak": "Yes", "fuel_reduction": "Yes", "has_coverage": true, "coverage_status": "Inside predicted coverage", "nearest_tower_km": 12.2, "nearby_carriers": 1, "carrier_names": "Telstra", "hazard_H": 0.6, "unreachability_U": 0.3036, "exposure_E": 0.446, "wbi_score": 43.3, "wbi_tier": "Moderate", "wbi_rank": 402, "strict_blackspot": false}, "geometry": {"type": "Point", "coordinates": [134.72667, -21.98676]}}, {"type": "Feature", "properties": {"objectid": 308, "community_id": 308, "community_name": "Gumeragi", "community_aliases": "GAMURIGGI,GUMARAGI,REEF POINT", "community_type": "Family Outstation", "main_language": "Not recorded", "local_govt_council": "WEST ARNHEM", "land_council": "NORTHERN LAND COUNCIL", "ntg_region": "TOP END", "bushtel_url": "https://bushtel.nt.gov.au/profile/308", "population_count": 2, "population_used_in_index": 2, "population_basis": "risk_dataset", "longitude": 132.1647, "latitude": -11.1688, "risk_rating": "Moderate", "fire_plan": "No", "firebreak": "Yes", "fuel_reduction": "Yes", "has_coverage": false, "coverage_status": "Outside predicted coverage", "nearest_tower_km": 44.7, "nearby_carriers": 0, "carrier_names": "None", "hazard_H": 0.6, "unreachability_U": 0.9647, "exposure_E": 0.139, "wbi_score": 43.2, "wbi_tier": "Moderate", "wbi_rank": 407, "strict_blackspot": false}, "geometry": {"type": "Point", "coordinates": [132.1647, -11.1688]}}, {"type": "Feature", "properties": {"objectid": 168, "community_id": 168, "community_name": "Arlparra", "community_aliases": "AHALPERE,ANGARAPA,NEW SHOP,URAPUNTJA STORE,UTOPIA NEW STORE", "community_type": "Family Outstation", "main_language": "Alyawarr", "local_govt_council": "BARKLY", "land_council": "CENTRAL LAND COUNCIL", "ntg_region": "BARKLY", "bushtel_url": "https://bushtel.nt.gov.au/profile/168", "population_count": 110, "population_used_in_index": 110, "population_basis": "bushtel", "longitude": 134.77476, "latitude": -22.08779, "risk_rating": "Moderate", "fire_plan": "No", "firebreak": "Yes", "fuel_reduction": "Yes", "has_coverage": true, "coverage_status": "Inside predicted coverage", "nearest_tower_km": 0.2, "nearby_carriers": 1, "carrier_names": "Telstra", "hazard_H": 0.6, "unreachability_U": 0.2236, "exposure_E": 0.5957, "wbi_score": 43.1, "wbi_tier": "Moderate", "wbi_rank": 408, "strict_blackspot": false}, "geometry": {"type": "Point", "coordinates": [134.77476, -22.08779]}}, {"type": "Feature", "properties": {"objectid": 556, "community_id": 556, "community_name": "Waldnarr", "community_aliases": "HARRIS CREEK,WALDARR,WALDHARR", "community_type": "Family Outstation", "main_language": "Not recorded", "local_govt_council": "ROPER GULF", "land_council": "NORTHERN LAND COUNCIL", "ntg_region": "BIG RIVERS", "bushtel_url": "https://bushtel.nt.gov.au/profile/556", "population_count": 8, "population_used_in_index": 8, "population_basis": "risk_dataset", "longitude": 135.80531, "latitude": -13.76563, "risk_rating": "Low", "fire_plan": "No", "firebreak": "Yes", "fuel_reduction": "Yes", "has_coverage": false, "coverage_status": "Outside predicted coverage", "nearest_tower_km": 42.6, "nearby_carriers": 0, "carrier_names": "None", "hazard_H": 0.3, "unreachability_U": 0.9507, "exposure_E": 0.2779, "wbi_score": 43.0, "wbi_tier": "Moderate", "wbi_rank": 409, "strict_blackspot": false}, "geometry": {"type": "Point", "coordinates": [135.80531, -13.76563]}}, {"type": "Feature", "properties": {"objectid": 146, "community_id": 146, "community_name": "Atnarara", "community_aliases": "AHALPERARENYE,ATNARARRA,SOAKAGE BORE", "community_type": "Family Outstation", "main_language": "Not recorded", "local_govt_council": "BARKLY", "land_council": "CENTRAL LAND COUNCIL", "ntg_region": "BARKLY", "bushtel_url": "https://bushtel.nt.gov.au/profile/146", "population_count": 47, "population_used_in_index": 47, "population_basis": "bushtel", "longitude": 134.78721, "latitude": -22.02622, "risk_rating": "Moderate", "fire_plan": "No", "firebreak": "Yes", "fuel_reduction": "Yes", "has_coverage": true, "coverage_status": "Inside predicted coverage", "nearest_tower_km": 6.8, "nearby_carriers": 1, "carrier_names": "Telstra", "hazard_H": 0.6, "unreachability_U": 0.2676, "exposure_E": 0.4897, "wbi_score": 42.8, "wbi_tier": "Moderate", "wbi_rank": 410, "strict_blackspot": false}, "geometry": {"type": "Point", "coordinates": [134.78721, -22.02622]}}, {"type": "Feature", "properties": {"objectid": 24991, "community_id": 24991, "community_name": "Alyarpere", "community_aliases": "SHANNON BORE", "community_type": "Family Outstation", "main_language": "Not recorded", "local_govt_council": "MACDONNELL", "land_council": "CENTRAL LAND COUNCIL", "ntg_region": "CENTRAL AUSTRALIA", "bushtel_url": "https://bushtel.nt.gov.au/profile/24991", "population_count": 4, "population_used_in_index": 4, "population_basis": "bushtel", "longitude": 134.493324, "latitude": -23.707758, "risk_rating": "Moderate", "fire_plan": "No", "firebreak": "Yes", "fuel_reduction": "No", "has_coverage": false, "coverage_status": "Outside predicted coverage", "nearest_tower_km": 12.4, "nearby_carriers": 1, "carrier_names": "Optus", "hazard_H": 0.6, "unreachability_U": 0.6382, "exposure_E": 0.2036, "wbi_score": 42.7, "wbi_tier": "Moderate", "wbi_rank": 411, "strict_blackspot": false}, "geometry": {"type": "Point", "coordinates": [134.493324, -23.707758]}}, {"type": "Feature", "properties": {"objectid": 218, "community_id": 218, "community_name": "Yangulinyina", "community_aliases": "BIDIDA,CALVERT HILLS,SURPRISE CREEK", "community_type": "Family Outstation", "main_language": "Not recorded", "local_govt_council": "ROPER GULF", "land_council": "NORTHERN LAND COUNCIL", "ntg_region": "BIG RIVERS", "bushtel_url": "https://bushtel.nt.gov.au/profile/218", "population_count": 3, "population_used_in_index": 3, "population_basis": "risk_dataset", "longitude": 137.20896, "latitude": -16.88886, "risk_rating": "Moderate", "fire_plan": "No", "firebreak": "Yes", "fuel_reduction": "Yes", "has_coverage": false, "coverage_status": "Outside predicted coverage", "nearest_tower_km": 28.0, "nearby_carriers": 1, "carrier_names": "Telstra", "hazard_H": 0.6, "unreachability_U": 0.7422, "exposure_E": 0.1754, "wbi_score": 42.7, "wbi_tier": "Moderate", "wbi_rank": 411, "strict_blackspot": false}, "geometry": {"type": "Point", "coordinates": [137.20896, -16.88886]}}, {"type": "Feature", "properties": {"objectid": 60, "community_id": 60, "community_name": "Ipolera", "community_aliases": "No aliases recorded with NTG DIPL", "community_type": "Family Outstation", "main_language": "Not recorded", "local_govt_council": "MACDONNELL", "land_council": "CENTRAL LAND COUNCIL", "ntg_region": "CENTRAL AUSTRALIA", "bushtel_url": "https://bushtel.nt.gov.au/profile/60", "population_count": null, "population_used_in_index": 8, "population_basis": "imputed_type_median", "longitude": 132.37407, "latitude": -23.98862, "risk_rating": "Low", "fire_plan": "No", "firebreak": "Yes", "fuel_reduction": "Yes", "has_coverage": false, "coverage_status": "Outside predicted coverage", "nearest_tower_km": 37.9, "nearby_carriers": 0, "carrier_names": "None", "hazard_H": 0.3, "unreachability_U": 0.9193, "exposure_E": 0.2779, "wbi_score": 42.5, "wbi_tier": "Moderate", "wbi_rank": 413, "strict_blackspot": false}, "geometry": {"type": "Point", "coordinates": [132.37407, -23.98862]}}, {"type": "Feature", "properties": {"objectid": 127, "community_id": 127, "community_name": "Nturiya", "community_aliases": "TI TREE,TI TREE STATION", "community_type": "Major", "main_language": "Anmatyerr", "local_govt_council": "CENTRAL DESERT", "land_council": "CENTRAL LAND COUNCIL", "ntg_region": "CENTRAL AUSTRALIA", "bushtel_url": "https://bushtel.nt.gov.au/profile/127", "population_count": 110, "population_used_in_index": 110, "population_basis": "risk_dataset", "longitude": 133.26529, "latitude": -22.12379, "risk_rating": "Moderate", "fire_plan": "Yes", "firebreak": "Yes", "fuel_reduction": "Yes", "has_coverage": true, "coverage_status": "Inside predicted coverage", "nearest_tower_km": 15.6, "nearby_carriers": 2, "carrier_names": "Optus, Telstra", "hazard_H": 0.6, "unreachability_U": 0.2151, "exposure_E": 0.5957, "wbi_score": 42.5, "wbi_tier": "Moderate", "wbi_rank": 413, "strict_blackspot": false}, "geometry": {"type": "Point", "coordinates": [133.26529, -22.12379]}}, {"type": "Feature", "properties": {"objectid": 1001, "community_id": 1001, "community_name": "Muckaty", "community_aliases": "MARNYWUNGU", "community_type": "Family Outstation", "main_language": "Not recorded", "local_govt_council": "BARKLY", "land_council": "NORTHERN LAND COUNCIL", "ntg_region": "BARKLY", "bushtel_url": "https://bushtel.nt.gov.au/profile/1001", "population_count": 2, "population_used_in_index": 2, "population_basis": "risk_dataset", "longitude": 133.895903, "latitude": -18.639319, "risk_rating": "Moderate", "fire_plan": "No", "firebreak": "Yes", "fuel_reduction": "Yes", "has_coverage": false, "coverage_status": "Outside predicted coverage", "nearest_tower_km": 37.2, "nearby_carriers": 0, "carrier_names": "None", "hazard_H": 0.6, "unreachability_U": 0.9147, "exposure_E": 0.139, "wbi_score": 42.4, "wbi_tier": "Moderate", "wbi_rank": 415, "strict_blackspot": false}, "geometry": {"type": "Point", "coordinates": [133.895903, -18.639319]}}, {"type": "Feature", "properties": {"objectid": 529, "community_id": 529, "community_name": "Matamata", "community_aliases": "MATA MATA", "community_type": "Family Outstation", "main_language": "Not recorded", "local_govt_council": "EAST ARNHEM", "land_council": "NORTHERN LAND COUNCIL", "ntg_region": "EAST ARNHEM", "bushtel_url": "https://bushtel.nt.gov.au/profile/529", "population_count": 21, "population_used_in_index": 21, "population_basis": "risk_dataset", "longitude": 136.27125, "latitude": -12.07676, "risk_rating": "Low", "fire_plan": "No", "firebreak": "Yes", "fuel_reduction": "Yes", "has_coverage": false, "coverage_status": "Outside predicted coverage", "nearest_tower_km": 14.2, "nearby_carriers": 1, "carrier_names": "Telstra", "hazard_H": 0.3, "unreachability_U": 0.6502, "exposure_E": 0.391, "wbi_score": 42.4, "wbi_tier": "Moderate", "wbi_rank": 415, "strict_blackspot": false}, "geometry": {"type": "Point", "coordinates": [136.27125, -12.07676]}}, {"type": "Feature", "properties": {"objectid": 696, "community_id": 696, "community_name": "Larrpayanji", "community_aliases": "MT BIRCH", "community_type": "Family Outstation", "main_language": "Not recorded", "local_govt_council": "ROPER GULF", "land_council": "NORTHERN LAND COUNCIL", "ntg_region": "BIG RIVERS", "bushtel_url": "https://bushtel.nt.gov.au/profile/696", "population_count": null, "population_used_in_index": 8, "population_basis": "imputed_type_median", "longitude": 134.68017, "latitude": -14.78334, "risk_rating": "High", "fire_plan": "No", "firebreak": "No", "fuel_reduction": "No", "has_coverage": true, "coverage_status": "Inside predicted coverage", "nearest_tower_km": 7.9, "nearby_carriers": 1, "carrier_names": "Telstra", "hazard_H": 1.0, "unreachability_U": 0.2749, "exposure_E": 0.2779, "wbi_score": 42.4, "wbi_tier": "Moderate", "wbi_rank": 415, "strict_blackspot": false}, "geometry": {"type": "Point", "coordinates": [134.68017, -14.78334]}}, {"type": "Feature", "properties": {"objectid": 24, "community_id": 24, "community_name": "Utily", "community_aliases": "AUTILLY,UTILI", "community_type": "Family Outstation", "main_language": "Not recorded", "local_govt_council": "MACDONNELL", "land_council": "CENTRAL LAND COUNCIL", "ntg_region": "CENTRAL AUSTRALIA", "bushtel_url": "https://bushtel.nt.gov.au/profile/24", "population_count": 12, "population_used_in_index": 12, "population_basis": "risk_dataset", "longitude": 131.87319, "latitude": -23.48877, "risk_rating": "Low", "fire_plan": "No", "firebreak": "Yes", "fuel_reduction": "Yes", "has_coverage": false, "coverage_status": "Outside predicted coverage", "nearest_tower_km": 33.5, "nearby_carriers": 1, "carrier_names": "Telstra", "hazard_H": 0.3, "unreachability_U": 0.7789, "exposure_E": 0.3244, "wbi_score": 42.3, "wbi_tier": "Moderate", "wbi_rank": 418, "strict_blackspot": false}, "geometry": {"type": "Point", "coordinates": [131.87319, -23.48877]}}, {"type": "Feature", "properties": {"objectid": 516, "community_id": 516, "community_name": "Gurkawuy", "community_aliases": "GURKHAWUY,GURRKUWUY NO.2,TRIAL BAY", "community_type": "Family Outstation", "main_language": "Not recorded", "local_govt_council": "EAST ARNHEM", "land_council": "NORTHERN LAND COUNCIL", "ntg_region": "EAST ARNHEM", "bushtel_url": "https://bushtel.nt.gov.au/profile/516", "population_count": 15, "population_used_in_index": 15, "population_basis": "risk_dataset", "longitude": 136.50362, "latitude": -12.97616, "risk_rating": "Low", "fire_plan": "No", "firebreak": "Yes", "fuel_reduction": "Yes", "has_coverage": false, "coverage_status": "Outside predicted coverage", "nearest_tower_km": 24.9, "nearby_carriers": 1, "carrier_names": "Telstra", "hazard_H": 0.3, "unreachability_U": 0.7216, "exposure_E": 0.3507, "wbi_score": 42.3, "wbi_tier": "Moderate", "wbi_rank": 418, "strict_blackspot": false}, "geometry": {"type": "Point", "coordinates": [136.50362, -12.97616]}}, {"type": "Feature", "properties": {"objectid": 24903, "community_id": 24903, "community_name": "Wallaces Lagoon", "community_aliases": "No aliases recorded with NTG DIPL", "community_type": "Family Outstation", "main_language": "Not recorded", "local_govt_council": "ROPER GULF", "land_council": "NORTHERN LAND COUNCIL", "ntg_region": "BIG RIVERS", "bushtel_url": "https://bushtel.nt.gov.au/profile/24903", "population_count": 2, "population_used_in_index": 2, "population_basis": "risk_dataset", "longitude": 136.6356, "latitude": -16.122667, "risk_rating": "Moderate", "fire_plan": "No", "firebreak": "Yes", "fuel_reduction": "Yes", "has_coverage": false, "coverage_status": "Outside predicted coverage", "nearest_tower_km": 36.0, "nearby_carriers": 0, "carrier_names": "None", "hazard_H": 0.6, "unreachability_U": 0.9067, "exposure_E": 0.139, "wbi_score": 42.3, "wbi_tier": "Moderate", "wbi_rank": 418, "strict_blackspot": false}, "geometry": {"type": "Point", "coordinates": [136.6356, -16.122667]}}, {"type": "Feature", "properties": {"objectid": 937, "community_id": 937, "community_name": "Wumirdin", "community_aliases": "No aliases recorded with NTG DIPL", "community_type": "Family Outstation", "main_language": "Not recorded", "local_govt_council": "WEST DALY", "land_council": "NORTHERN LAND COUNCIL", "ntg_region": "TOP END", "bushtel_url": "https://bushtel.nt.gov.au/profile/937", "population_count": null, "population_used_in_index": 8, "population_basis": "imputed_type_median", "longitude": 129.56319, "latitude": -14.18907, "risk_rating": "High", "fire_plan": "No", "firebreak": "No", "fuel_reduction": "No", "has_coverage": true, "coverage_status": "Inside predicted coverage", "nearest_tower_km": 7.4, "nearby_carriers": 1, "carrier_names": "Telstra", "hazard_H": 1.0, "unreachability_U": 0.2716, "exposure_E": 0.2779, "wbi_score": 42.3, "wbi_tier": "Moderate", "wbi_rank": 418, "strict_blackspot": false}, "geometry": {"type": "Point", "coordinates": [129.56319, -14.18907]}}, {"type": "Feature", "properties": {"objectid": 744, "community_id": 744, "community_name": "Pickertaramoor", "community_aliases": "No aliases recorded with NTG DIPL", "community_type": "Minor", "main_language": "Not recorded", "local_govt_council": "TIWI ISLANDS", "land_council": "TIWI LAND COUNCIL", "ntg_region": "TOP END", "bushtel_url": "https://bushtel.nt.gov.au/profile/744", "population_count": null, "population_used_in_index": 78, "population_basis": "imputed_type_median", "longitude": 130.9, "latitude": -11.766666, "risk_rating": "Moderate", "fire_plan": "No", "firebreak": "Yes", "fuel_reduction": "Yes", "has_coverage": true, "coverage_status": "Inside predicted coverage", "nearest_tower_km": 1.0, "nearby_carriers": 1, "carrier_names": "Telstra", "hazard_H": 0.6, "unreachability_U": 0.2289, "exposure_E": 0.5527, "wbi_score": 42.3, "wbi_tier": "Moderate", "wbi_rank": 418, "strict_blackspot": false}, "geometry": {"type": "Point", "coordinates": [130.9, -11.766666]}}, {"type": "Feature", "properties": {"objectid": 446, "community_id": 446, "community_name": "Amirraba", "community_aliases": "8 MILE,EIGHT MILE", "community_type": "Family Outstation", "main_language": "Not recorded", "local_govt_council": "EAST ARNHEM", "land_council": "ANINDILYAKWA LAND COUNCIL", "ntg_region": "EAST ARNHEM", "bushtel_url": "https://bushtel.nt.gov.au/profile/446", "population_count": null, "population_used_in_index": 8, "population_basis": "imputed_type_median", "longitude": 136.85787, "latitude": -13.90868, "risk_rating": "High", "fire_plan": "No", "firebreak": "No", "fuel_reduction": "No", "has_coverage": true, "coverage_status": "Inside predicted coverage", "nearest_tower_km": 7.5, "nearby_carriers": 1, "carrier_names": "Telstra", "hazard_H": 1.0, "unreachability_U": 0.2722, "exposure_E": 0.2779, "wbi_score": 42.3, "wbi_tier": "Moderate", "wbi_rank": 418, "strict_blackspot": false}, "geometry": {"type": "Point", "coordinates": [136.85787, -13.90868]}}, {"type": "Feature", "properties": {"objectid": 466, "community_id": 466, "community_name": "Bukudal", "community_aliases": "No aliases recorded with NTG DIPL", "community_type": "Family Outstation", "main_language": "Not recorded", "local_govt_council": "EAST ARNHEM", "land_council": "NORTHERN LAND COUNCIL", "ntg_region": "EAST ARNHEM", "bushtel_url": "https://bushtel.nt.gov.au/profile/466", "population_count": 15, "population_used_in_index": 15, "population_basis": "risk_dataset", "longitude": 136.613529, "latitude": -12.966471, "risk_rating": "Low", "fire_plan": "No", "firebreak": "Yes", "fuel_reduction": "Yes", "has_coverage": false, "coverage_status": "Outside predicted coverage", "nearest_tower_km": 23.2, "nearby_carriers": 1, "carrier_names": "Telstra", "hazard_H": 0.3, "unreachability_U": 0.7102, "exposure_E": 0.3507, "wbi_score": 42.1, "wbi_tier": "Moderate", "wbi_rank": 424, "strict_blackspot": false}, "geometry": {"type": "Point", "coordinates": [136.613529, -12.966471]}}, {"type": "Feature", "properties": {"objectid": 870, "community_id": 870, "community_name": "Katjutari", "community_aliases": "No aliases recorded with NTG DIPL", "community_type": "Family Outstation", "main_language": "Not recorded", "local_govt_council": "MACDONNELL", "land_council": "CENTRAL LAND COUNCIL", "ntg_region": "CENTRAL AUSTRALIA", "bushtel_url": "https://bushtel.nt.gov.au/profile/870", "population_count": 6, "population_used_in_index": 6, "population_basis": "risk_dataset", "longitude": 132.004736, "latitude": -23.740847, "risk_rating": "Low", "fire_plan": "No", "firebreak": "Yes", "fuel_reduction": "Yes", "has_coverage": false, "coverage_status": "Outside predicted coverage", "nearest_tower_km": 54.6, "nearby_carriers": 0, "carrier_names": "None", "hazard_H": 0.3, "unreachability_U": 1.0, "exposure_E": 0.2461, "wbi_score": 42.0, "wbi_tier": "Moderate", "wbi_rank": 425, "strict_blackspot": false}, "geometry": {"type": "Point", "coordinates": [132.004736, -23.740847]}}, {"type": "Feature", "properties": {"objectid": 716, "community_id": 716, "community_name": "Nemarluk", "community_aliases": "No aliases recorded with NTG DIPL", "community_type": "Family Outstation", "main_language": "Not recorded", "local_govt_council": "WEST DALY", "land_council": "NORTHERN LAND COUNCIL", "ntg_region": "TOP END", "bushtel_url": "https://bushtel.nt.gov.au/profile/716", "population_count": 23, "population_used_in_index": 23, "population_basis": "risk_dataset", "longitude": 130.00325, "latitude": -14.24122, "risk_rating": "Moderate", "fire_plan": "No", "firebreak": "Yes", "fuel_reduction": "Yes", "has_coverage": true, "coverage_status": "Inside predicted coverage", "nearest_tower_km": 12.7, "nearby_carriers": 1, "carrier_names": "Telstra", "hazard_H": 0.6, "unreachability_U": 0.3069, "exposure_E": 0.402, "wbi_score": 42.0, "wbi_tier": "Moderate", "wbi_rank": 425, "strict_blackspot": false}, "geometry": {"type": "Point", "coordinates": [130.00325, -14.24122]}}, {"type": "Feature", "properties": {"objectid": 24898, "community_id": 24898, "community_name": "Sandy Bore", "community_aliases": "ARNAPIPE", "community_type": "Family Outstation", "main_language": "Not recorded", "local_govt_council": "MACDONNELL", "land_council": "CENTRAL LAND COUNCIL", "ntg_region": "CENTRAL AUSTRALIA", "bushtel_url": "https://bushtel.nt.gov.au/profile/24898", "population_count": 6, "population_used_in_index": 6, "population_basis": "risk_dataset", "longitude": 132.524333, "latitude": -24.5575, "risk_rating": "Low", "fire_plan": "Yes", "firebreak": "Yes", "fuel_reduction": "Yes", "has_coverage": false, "coverage_status": "Outside predicted coverage", "nearest_tower_km": 59.9, "nearby_carriers": 0, "carrier_names": "None", "hazard_H": 0.3, "unreachability_U": 1.0, "exposure_E": 0.2461, "wbi_score": 42.0, "wbi_tier": "Moderate", "wbi_rank": 425, "strict_blackspot": false}, "geometry": {"type": "Point", "coordinates": [132.524333, -24.5575]}}, {"type": "Feature", "properties": {"objectid": 536, "community_id": 536, "community_name": "Miwul", "community_aliases": "MIWAL", "community_type": "Family Outstation", "main_language": "Not recorded", "local_govt_council": "ROPER GULF", "land_council": "NORTHERN LAND COUNCIL", "ntg_region": "BIG RIVERS", "bushtel_url": "https://bushtel.nt.gov.au/profile/536", "population_count": null, "population_used_in_index": 8, "population_basis": "imputed_type_median", "longitude": 135.91266, "latitude": -14.03209, "risk_rating": "Moderate", "fire_plan": "No", "firebreak": "No", "fuel_reduction": "No", "has_coverage": true, "coverage_status": "Inside predicted coverage", "nearest_tower_km": 33.2, "nearby_carriers": 1, "carrier_names": "Telstra", "hazard_H": 0.6, "unreachability_U": 0.4436, "exposure_E": 0.2779, "wbi_score": 42.0, "wbi_tier": "Moderate", "wbi_rank": 425, "strict_blackspot": false}, "geometry": {"type": "Point", "coordinates": [135.91266, -14.03209]}}, {"type": "Feature", "properties": {"objectid": 482, "community_id": 482, "community_name": "Djarrakpi", "community_aliases": "CAPE SHIELD,DJARRAPI", "community_type": "Family Outstation", "main_language": "Not recorded", "local_govt_council": "EAST ARNHEM", "land_council": "NORTHERN LAND COUNCIL", "ntg_region": "EAST ARNHEM", "bushtel_url": "https://bushtel.nt.gov.au/profile/482", "population_count": 6, "population_used_in_index": 6, "population_basis": "risk_dataset", "longitude": 136.35162, "latitude": -13.29691, "risk_rating": "Low", "fire_plan": "No", "firebreak": "Yes", "fuel_reduction": "Yes", "has_coverage": false, "coverage_status": "Outside predicted coverage", "nearest_tower_km": 56.6, "nearby_carriers": 0, "carrier_names": "None", "hazard_H": 0.3, "unreachability_U": 1.0, "exposure_E": 0.2461, "wbi_score": 42.0, "wbi_tier": "Moderate", "wbi_rank": 425, "strict_blackspot": false}, "geometry": {"type": "Point", "coordinates": [136.35162, -13.29691]}}, {"type": "Feature", "properties": {"objectid": 992, "community_id": 992, "community_name": "Garawa 2", "community_aliases": "BORROLOOLA TOWN CAMP", "community_type": "Town Camp", "main_language": "Not recorded", "local_govt_council": "ROPER GULF", "land_council": "NORTHERN LAND COUNCIL", "ntg_region": "BIG RIVERS", "bushtel_url": "https://bushtel.nt.gov.au/profile/992", "population_count": 56, "population_used_in_index": 56, "population_basis": "risk_dataset", "longitude": 136.318903, "latitude": -16.073903, "risk_rating": "Moderate", "fire_plan": "No", "firebreak": "Yes", "fuel_reduction": "Yes", "has_coverage": true, "coverage_status": "Inside predicted coverage", "nearest_tower_km": 2.6, "nearby_carriers": 1, "carrier_names": "Telstra", "hazard_H": 0.6, "unreachability_U": 0.2396, "exposure_E": 0.5114, "wbi_score": 41.9, "wbi_tier": "Moderate", "wbi_rank": 430, "strict_blackspot": false}, "geometry": {"type": "Point", "coordinates": [136.318903, -16.073903]}}, {"type": "Feature", "properties": {"objectid": 967, "community_id": 967, "community_name": "Kumurrulu", "community_aliases": "KUMURULU", "community_type": "Family Outstation", "main_language": "Not recorded", "local_govt_council": "WEST ARNHEM", "land_council": "NORTHERN LAND COUNCIL", "ntg_region": "TOP END", "bushtel_url": "https://bushtel.nt.gov.au/profile/967", "population_count": 12, "population_used_in_index": 12, "population_basis": "risk_dataset", "longitude": 134.07048, "latitude": -12.27171, "risk_rating": "Low", "fire_plan": "No", "firebreak": "Yes", "fuel_reduction": "Yes", "has_coverage": false, "coverage_status": "Outside predicted coverage", "nearest_tower_km": 29.7, "nearby_carriers": 1, "carrier_names": "Telstra", "hazard_H": 0.3, "unreachability_U": 0.7536, "exposure_E": 0.3244, "wbi_score": 41.9, "wbi_tier": "Moderate", "wbi_rank": 430, "strict_blackspot": false}, "geometry": {"type": "Point", "coordinates": [134.07048, -12.27171]}}, {"type": "Feature", "properties": {"objectid": 430, "community_id": 430, "community_name": "Ngardinitchi", "community_aliases": "NGARDINITH,WENTEK,WENTES NGANAMI WENTEK", "community_type": "Family Outstation", "main_language": "Not recorded", "local_govt_council": "WEST DALY", "land_council": "NORTHERN LAND COUNCIL", "ntg_region": "TOP END", "bushtel_url": "https://bushtel.nt.gov.au/profile/430", "population_count": null, "population_used_in_index": 8, "population_basis": "imputed_type_median", "longitude": 129.48431, "latitude": -14.19288, "risk_rating": "High", "fire_plan": "No", "firebreak": "No", "fuel_reduction": "No", "has_coverage": true, "coverage_status": "Inside predicted coverage", "nearest_tower_km": 6.5, "nearby_carriers": 1, "carrier_names": "Telstra", "hazard_H": 1.0, "unreachability_U": 0.2656, "exposure_E": 0.2779, "wbi_score": 41.9, "wbi_tier": "Moderate", "wbi_rank": 430, "strict_blackspot": false}, "geometry": {"type": "Point", "coordinates": [129.48431, -14.19288]}}, {"type": "Feature", "properties": {"objectid": 431, "community_id": 431, "community_name": "Wigu", "community_aliases": "GOULBURN ISLAND,SOUTH GOULBURN IS", "community_type": "Family Outstation", "main_language": "Not recorded", "local_govt_council": "WEST ARNHEM", "land_council": "NORTHERN LAND COUNCIL", "ntg_region": "TOP END", "bushtel_url": "https://bushtel.nt.gov.au/profile/431", "population_count": null, "population_used_in_index": 8, "population_basis": "imputed_type_median", "longitude": 133.43225, "latitude": -11.61353, "risk_rating": "High", "fire_plan": "No", "firebreak": "No", "fuel_reduction": "No", "has_coverage": true, "coverage_status": "Inside predicted coverage", "nearest_tower_km": 6.4, "nearby_carriers": 1, "carrier_names": "Telstra", "hazard_H": 1.0, "unreachability_U": 0.2649, "exposure_E": 0.2779, "wbi_score": 41.9, "wbi_tier": "Moderate", "wbi_rank": 430, "strict_blackspot": false}, "geometry": {"type": "Point", "coordinates": [133.43225, -11.61353]}}, {"type": "Feature", "properties": {"objectid": 891, "community_id": 891, "community_name": "Timor Springs", "community_aliases": "No aliases recorded with NTG DIPL", "community_type": "Family Outstation", "main_language": "Not recorded", "local_govt_council": "WEST ARNHEM", "land_council": "NORTHERN LAND COUNCIL", "ntg_region": "TOP END", "bushtel_url": "https://bushtel.nt.gov.au/profile/891", "population_count": null, "population_used_in_index": 8, "population_basis": "imputed_type_median", "longitude": 132.57399, "latitude": -11.09665, "risk_rating": "High", "fire_plan": "No", "firebreak": "No", "fuel_reduction": "No", "has_coverage": true, "coverage_status": "Inside predicted coverage", "nearest_tower_km": 5.7, "nearby_carriers": 1, "carrier_names": "Telstra", "hazard_H": 1.0, "unreachability_U": 0.2602, "exposure_E": 0.2779, "wbi_score": 41.7, "wbi_tier": "Moderate", "wbi_rank": 434, "strict_blackspot": false}, "geometry": {"type": "Point", "coordinates": [132.57399, -11.09665]}}, {"type": "Feature", "properties": {"objectid": 336, "community_id": 336, "community_name": "Injilatparri", "community_aliases": "INJALAPARRA,INJALATPARRI,SOUTH GOULBURN", "community_type": "Family Outstation", "main_language": "Not recorded", "local_govt_council": "WEST ARNHEM", "land_council": "NORTHERN LAND COUNCIL", "ntg_region": "TOP END", "bushtel_url": "https://bushtel.nt.gov.au/profile/336", "population_count": null, "population_used_in_index": 8, "population_basis": "imputed_type_median", "longitude": 133.413625, "latitude": -11.611125, "risk_rating": "High", "fire_plan": "No", "firebreak": "No", "fuel_reduction": "No", "has_coverage": true, "coverage_status": "Inside predicted coverage", "nearest_tower_km": 5.2, "nearby_carriers": 1, "carrier_names": "Telstra", "hazard_H": 1.0, "unreachability_U": 0.2569, "exposure_E": 0.2779, "wbi_score": 41.5, "wbi_tier": "Moderate", "wbi_rank": 435, "strict_blackspot": false}, "geometry": {"type": "Point", "coordinates": [133.413625, -11.611125]}}, {"type": "Feature", "properties": {"objectid": 713, "community_id": 713, "community_name": "Burt Creek", "community_aliases": "RICE'S CAMP,YAMBA-MPWERINGE,YAMBAH-MPWERINGE", "community_type": "Family Outstation", "main_language": "Not recorded", "local_govt_council": "MACDONNELL", "land_council": "CENTRAL LAND COUNCIL", "ntg_region": "CENTRAL AUSTRALIA", "bushtel_url": "https://bushtel.nt.gov.au/profile/713", "population_count": 24, "population_used_in_index": 24, "population_basis": "risk_dataset", "longitude": 133.747591, "latitude": -23.196524, "risk_rating": "Low", "fire_plan": "Yes", "firebreak": "Yes", "fuel_reduction": "Yes", "has_coverage": true, "coverage_status": "Inside predicted coverage", "nearest_tower_km": 37.0, "nearby_carriers": 0, "carrier_names": "None", "hazard_H": 0.3, "unreachability_U": 0.58, "exposure_E": 0.4072, "wbi_score": 41.4, "wbi_tier": "Moderate", "wbi_rank": 436, "strict_blackspot": false}, "geometry": {"type": "Point", "coordinates": [133.747591, -23.196524]}}, {"type": "Feature", "properties": {"objectid": 678, "community_id": 678, "community_name": "Myatt", "community_aliases": "5 MILE,FIVE MILE,GULARDI,JERRY'S", "community_type": "Family Outstation", "main_language": "Not recorded", "local_govt_council": "VICTORIA DALY", "land_council": "NORTHERN LAND COUNCIL", "ntg_region": "BIG RIVERS", "bushtel_url": "https://bushtel.nt.gov.au/profile/678", "population_count": 63, "population_used_in_index": 63, "population_basis": "risk_dataset", "longitude": 130.483347, "latitude": -15.70656, "risk_rating": "Moderate", "fire_plan": "No", "firebreak": "Yes", "fuel_reduction": "Yes", "has_coverage": true, "coverage_status": "Inside predicted coverage", "nearest_tower_km": 0.1, "nearby_carriers": 1, "carrier_names": "Telstra", "hazard_H": 0.6, "unreachability_U": 0.2229, "exposure_E": 0.5261, "wbi_score": 41.3, "wbi_tier": "Moderate", "wbi_rank": 437, "strict_blackspot": false}, "geometry": {"type": "Point", "coordinates": [130.483347, -15.70656]}}, {"type": "Feature", "properties": {"objectid": 256, "community_id": 256, "community_name": "Wandangula", "community_aliases": "POLICE LAGOON,WANDA NGULA,WANDAGULA", "community_type": "Minor", "main_language": "Not recorded", "local_govt_council": "ROPER GULF", "land_council": "NORTHERN LAND COUNCIL", "ntg_region": "BIG RIVERS", "bushtel_url": "https://bushtel.nt.gov.au/profile/256", "population_count": 40, "population_used_in_index": 40, "population_basis": "risk_dataset", "longitude": 136.34558, "latitude": -16.05477, "risk_rating": "Moderate", "fire_plan": "No", "firebreak": "Yes", "fuel_reduction": "Yes", "has_coverage": true, "coverage_status": "Inside predicted coverage", "nearest_tower_km": 4.2, "nearby_carriers": 1, "carrier_names": "Telstra", "hazard_H": 0.6, "unreachability_U": 0.2502, "exposure_E": 0.4697, "wbi_score": 41.3, "wbi_tier": "Moderate", "wbi_rank": 437, "strict_blackspot": false}, "geometry": {"type": "Point", "coordinates": [136.34558, -16.05477]}}, {"type": "Feature", "properties": {"objectid": 844, "community_id": 844, "community_name": "Beer St Bore", "community_aliases": "No aliases recorded with NTG DIPL", "community_type": "Family Outstation", "main_language": "Not recorded", "local_govt_council": "MACDONNELL", "land_council": "CENTRAL LAND COUNCIL", "ntg_region": "CENTRAL AUSTRALIA", "bushtel_url": "https://bushtel.nt.gov.au/profile/844", "population_count": null, "population_used_in_index": 8, "population_basis": "imputed_type_median", "longitude": 134.52565, "latitude": -25.58297, "risk_rating": "High", "fire_plan": "No", "firebreak": "No", "fuel_reduction": "No", "has_coverage": true, "coverage_status": "Inside predicted coverage", "nearest_tower_km": 4.8, "nearby_carriers": 1, "carrier_names": "Telstra", "hazard_H": 1.0, "unreachability_U": 0.2542, "exposure_E": 0.2779, "wbi_score": 41.3, "wbi_tier": "Moderate", "wbi_rank": 437, "strict_blackspot": false}, "geometry": {"type": "Point", "coordinates": [134.52565, -25.58297]}}, {"type": "Feature", "properties": {"objectid": 26, "community_id": 26, "community_name": "Orrtipa-Thurra", "community_aliases": "BAIKAL,BONYA,DORTIPPA-THURRA ASSOC,ORRTIPA THURRA,ORTIPETHERRE,ORTIPPA THURA", "community_type": "Minor", "main_language": "Not recorded", "local_govt_council": "CENTRAL DESERT", "land_council": "CENTRAL LAND COUNCIL", "ntg_region": "CENTRAL AUSTRALIA", "bushtel_url": "https://bushtel.nt.gov.au/profile/26", "population_count": 60, "population_used_in_index": 60, "population_basis": "risk_dataset", "longitude": 136.16829, "latitude": -22.784582, "risk_rating": "Moderate", "fire_plan": "No", "firebreak": "Yes", "fuel_reduction": "Yes", "has_coverage": true, "coverage_status": "Inside predicted coverage", "nearest_tower_km": 0.4, "nearby_carriers": 1, "carrier_names": "Telstra", "hazard_H": 0.6, "unreachability_U": 0.2249, "exposure_E": 0.52, "wbi_score": 41.2, "wbi_tier": "Moderate", "wbi_rank": 440, "strict_blackspot": false}, "geometry": {"type": "Point", "coordinates": [136.16829, -22.784582]}}, {"type": "Feature", "properties": {"objectid": 946, "community_id": 946, "community_name": "Banatjarl", "community_aliases": "KING VALLEY", "community_type": "Family Outstation", "main_language": "Not recorded", "local_govt_council": "ROPER GULF", "land_council": "NORTHERN LAND COUNCIL", "ntg_region": "BIG RIVERS", "bushtel_url": "https://bushtel.nt.gov.au/profile/946", "population_count": 10, "population_used_in_index": 10, "population_basis": "bushtel", "longitude": 132.651402, "latitude": -14.47668, "risk_rating": "Moderate", "fire_plan": "No", "firebreak": "No", "fuel_reduction": "No", "has_coverage": true, "coverage_status": "Inside predicted coverage", "nearest_tower_km": 23.8, "nearby_carriers": 1, "carrier_names": "Telstra", "hazard_H": 0.6, "unreachability_U": 0.3809, "exposure_E": 0.3033, "wbi_score": 41.1, "wbi_tier": "Moderate", "wbi_rank": 441, "strict_blackspot": false}, "geometry": {"type": "Point", "coordinates": [132.651402, -14.47668]}}, {"type": "Feature", "properties": {"objectid": 340, "community_id": 340, "community_name": "Ji-Marda", "community_aliases": "DJIMARDA,JIMARDA", "community_type": "Family Outstation", "main_language": "Not recorded", "local_govt_council": "WEST ARNHEM", "land_council": "NORTHERN LAND COUNCIL", "ntg_region": "TOP END", "bushtel_url": "https://bushtel.nt.gov.au/profile/340", "population_count": 58, "population_used_in_index": 58, "population_basis": "risk_dataset", "longitude": 134.615014, "latitude": -12.056125, "risk_rating": "Moderate", "fire_plan": "No", "firebreak": "Yes", "fuel_reduction": "Yes", "has_coverage": true, "coverage_status": "Inside predicted coverage", "nearest_tower_km": 0.1, "nearby_carriers": 1, "carrier_names": "Telstra", "hazard_H": 0.6, "unreachability_U": 0.2229, "exposure_E": 0.5158, "wbi_score": 41.0, "wbi_tier": "Moderate", "wbi_rank": 442, "strict_blackspot": false}, "geometry": {"type": "Point", "coordinates": [134.615014, -12.056125]}}, {"type": "Feature", "properties": {"objectid": 966, "community_id": 966, "community_name": "Jarramagorndarra", "community_aliases": "JARRAMONGORNDARRA", "community_type": "Family Outstation", "main_language": "Not recorded", "local_govt_council": "WEST ARNHEM", "land_council": "NORTHERN LAND COUNCIL", "ntg_region": "TOP END", "bushtel_url": "https://bushtel.nt.gov.au/profile/966", "population_count": null, "population_used_in_index": 8, "population_basis": "imputed_type_median", "longitude": 134.65311, "latitude": -12.29072, "risk_rating": "High", "fire_plan": "No", "firebreak": "No", "fuel_reduction": "No", "has_coverage": true, "coverage_status": "Inside predicted coverage", "nearest_tower_km": 3.8, "nearby_carriers": 1, "carrier_names": "Telstra", "hazard_H": 1.0, "unreachability_U": 0.2476, "exposure_E": 0.2779, "wbi_score": 41.0, "wbi_tier": "Moderate", "wbi_rank": 442, "strict_blackspot": false}, "geometry": {"type": "Point", "coordinates": [134.65311, -12.29072]}}, {"type": "Feature", "properties": {"objectid": 82, "community_id": 82, "community_name": "Inkwelaye", "community_aliases": "INGKWELAYE,KURRAJONG BORE,NGKULAYA", "community_type": "Family Outstation", "main_language": "Not recorded", "local_govt_council": "BARKLY", "land_council": "CENTRAL LAND COUNCIL", "ntg_region": "BARKLY", "bushtel_url": "https://bushtel.nt.gov.au/profile/82", "population_count": 31, "population_used_in_index": 31, "population_basis": "bushtel", "longitude": 134.83153, "latitude": -22.07951, "risk_rating": "Moderate", "fire_plan": "No", "firebreak": "Yes", "fuel_reduction": "Yes", "has_coverage": true, "coverage_status": "Inside predicted coverage", "nearest_tower_km": 5.8, "nearby_carriers": 1, "carrier_names": "Telstra", "hazard_H": 0.6, "unreachability_U": 0.2609, "exposure_E": 0.4384, "wbi_score": 40.9, "wbi_tier": "Moderate", "wbi_rank": 444, "strict_blackspot": false}, "geometry": {"type": "Point", "coordinates": [134.83153, -22.07951]}}, {"type": "Feature", "properties": {"objectid": 220, "community_id": 220, "community_name": "Corella Creek", "community_aliases": "No aliases recorded with NTG DIPL", "community_type": "Family Outstation", "main_language": "Not recorded", "local_govt_council": "BARKLY", "land_council": "NORTHERN LAND COUNCIL", "ntg_region": "BARKLY", "bushtel_url": "https://bushtel.nt.gov.au/profile/220", "population_count": 56, "population_used_in_index": 56, "population_basis": "risk_dataset", "longitude": 135.85671, "latitude": -18.36685, "risk_rating": "Moderate", "fire_plan": "No", "firebreak": "Yes", "fuel_reduction": "Yes", "has_coverage": true, "coverage_status": "Inside predicted coverage", "nearest_tower_km": 0.1, "nearby_carriers": 1, "carrier_names": "Telstra", "hazard_H": 0.6, "unreachability_U": 0.2229, "exposure_E": 0.5114, "wbi_score": 40.9, "wbi_tier": "Moderate", "wbi_rank": 444, "strict_blackspot": false}, "geometry": {"type": "Point", "coordinates": [135.85671, -18.36685]}}, {"type": "Feature", "properties": {"objectid": 990, "community_id": 990, "community_name": "Mooloowa", "community_aliases": "CAPE VANDERLIN,MULUWA", "community_type": "Family Outstation", "main_language": "Not recorded", "local_govt_council": "ROPER GULF", "land_council": "NORTHERN LAND COUNCIL", "ntg_region": "BIG RIVERS", "bushtel_url": "https://bushtel.nt.gov.au/profile/990", "population_count": 5, "population_used_in_index": 5, "population_basis": "risk_dataset", "longitude": 137.00053, "latitude": -15.62411, "risk_rating": "Low", "fire_plan": "No", "firebreak": "Yes", "fuel_reduction": "Yes", "has_coverage": false, "coverage_status": "Outside predicted coverage", "nearest_tower_km": 88.3, "nearby_carriers": 0, "carrier_names": "None", "hazard_H": 0.3, "unreachability_U": 1.0, "exposure_E": 0.2266, "wbi_score": 40.8, "wbi_tier": "Moderate", "wbi_rank": 446, "strict_blackspot": false}, "geometry": {"type": "Point", "coordinates": [137.00053, -15.62411]}}, {"type": "Feature", "properties": {"objectid": 784, "community_id": 784, "community_name": "Blacktank Bore", "community_aliases": "APMWERRE,BOND SPRINGS", "community_type": "Family Outstation", "main_language": "Not recorded", "local_govt_council": "MACDONNELL", "land_council": "CENTRAL LAND COUNCIL", "ntg_region": "CENTRAL AUSTRALIA", "bushtel_url": "https://bushtel.nt.gov.au/profile/784", "population_count": 18, "population_used_in_index": 18, "population_basis": "risk_dataset", "longitude": 134.02049, "latitude": -23.32352, "risk_rating": "Low", "fire_plan": "No", "firebreak": "Yes", "fuel_reduction": "Yes", "has_coverage": true, "coverage_status": "Inside predicted coverage", "nearest_tower_km": 41.2, "nearby_carriers": 0, "carrier_names": "None", "hazard_H": 0.3, "unreachability_U": 0.608, "exposure_E": 0.3724, "wbi_score": 40.8, "wbi_tier": "Moderate", "wbi_rank": 446, "strict_blackspot": false}, "geometry": {"type": "Point", "coordinates": [134.02049, -23.32352]}}, {"type": "Feature", "properties": {"objectid": 785, "community_id": 693, "community_name": "Turners Camp", "community_aliases": "TURNERS CAMP", "community_type": "Family Outstation", "main_language": "Not recorded", "local_govt_council": "CENTRAL DESERT", "land_council": "CENTRAL LAND COUNCIL", "ntg_region": "CENTRAL AUSTRALIA", "bushtel_url": "https://bushtel.nt.gov.au/profile/693", "population_count": 18, "population_used_in_index": 18, "population_basis": "risk_dataset", "longitude": 134.06937, "latitude": -23.30514, "risk_rating": "Low", "fire_plan": "Yes", "firebreak": "Yes", "fuel_reduction": "Yes", "has_coverage": true, "coverage_status": "Inside predicted coverage", "nearest_tower_km": 41.3, "nearby_carriers": 0, "carrier_names": "None", "hazard_H": 0.3, "unreachability_U": 0.6087, "exposure_E": 0.3724, "wbi_score": 40.8, "wbi_tier": "Moderate", "wbi_rank": 446, "strict_blackspot": false}, "geometry": {"type": "Point", "coordinates": [134.06937, -23.30514]}}, {"type": "Feature", "properties": {"objectid": 257, "community_id": 257, "community_name": "Bujan", "community_aliases": "BUJANA,EAST WYREAN,PUJANA", "community_type": "Family Outstation", "main_language": "Not recorded", "local_govt_council": "ROPER GULF", "land_council": "NORTHERN LAND COUNCIL", "ntg_region": "BIG RIVERS", "bushtel_url": "https://bushtel.nt.gov.au/profile/257", "population_count": 5, "population_used_in_index": 5, "population_basis": "risk_dataset", "longitude": 136.87915, "latitude": -16.26901, "risk_rating": "Low", "fire_plan": "No", "firebreak": "Yes", "fuel_reduction": "Yes", "has_coverage": false, "coverage_status": "Outside predicted coverage", "nearest_tower_km": 55.5, "nearby_carriers": 0, "carrier_names": "None", "hazard_H": 0.3, "unreachability_U": 1.0, "exposure_E": 0.2266, "wbi_score": 40.8, "wbi_tier": "Moderate", "wbi_rank": 446, "strict_blackspot": false}, "geometry": {"type": "Point", "coordinates": [136.87915, -16.26901]}}, {"type": "Feature", "properties": {"objectid": 1011, "community_id": 1011, "community_name": "Babungi", "community_aliases": "VICTORIA BAY", "community_type": "Family Outstation", "main_language": "Not recorded", "local_govt_council": "ROPER GULF", "land_council": "NORTHERN LAND COUNCIL", "ntg_region": "BIG RIVERS", "bushtel_url": "https://bushtel.nt.gov.au/profile/1011", "population_count": 5, "population_used_in_index": 5, "population_basis": "risk_dataset", "longitude": 136.97858, "latitude": -15.74444, "risk_rating": "Low", "fire_plan": "No", "firebreak": "Yes", "fuel_reduction": "Yes", "has_coverage": false, "coverage_status": "Outside predicted coverage", "nearest_tower_km": 79.7, "nearby_carriers": 0, "carrier_names": "None", "hazard_H": 0.3, "unreachability_U": 1.0, "exposure_E": 0.2266, "wbi_score": 40.8, "wbi_tier": "Moderate", "wbi_rank": 446, "strict_blackspot": false}, "geometry": {"type": "Point", "coordinates": [136.97858, -15.74444]}}, {"type": "Feature", "properties": {"objectid": 999, "community_id": 999, "community_name": "Yinyikay", "community_aliases": "NYINIKAY,RHODES POINT", "community_type": "Family Outstation", "main_language": "Not recorded", "local_govt_council": "EAST ARNHEM", "land_council": "NORTHERN LAND COUNCIL", "ntg_region": "EAST ARNHEM", "bushtel_url": "https://bushtel.nt.gov.au/profile/999", "population_count": 18, "population_used_in_index": 18, "population_basis": "risk_dataset", "longitude": 136.22921, "latitude": -12.21024, "risk_rating": "Low", "fire_plan": "No", "firebreak": "Yes", "fuel_reduction": "Yes", "has_coverage": false, "coverage_status": "Outside predicted coverage", "nearest_tower_km": 7.3, "nearby_carriers": 1, "carrier_names": "Telstra", "hazard_H": 0.3, "unreachability_U": 0.6042, "exposure_E": 0.3724, "wbi_score": 40.7, "wbi_tier": "Moderate", "wbi_rank": 451, "strict_blackspot": false}, "geometry": {"type": "Point", "coordinates": [136.22921, -12.21024]}}, {"type": "Feature", "properties": {"objectid": 552, "community_id": 552, "community_name": "Raymangirr", "community_aliases": "RAMANGIRR,RAMUNGIRR", "community_type": "Family Outstation", "main_language": "Not recorded", "local_govt_council": "EAST ARNHEM", "land_council": "NORTHERN LAND COUNCIL", "ntg_region": "EAST ARNHEM", "bushtel_url": "https://bushtel.nt.gov.au/profile/552", "population_count": 10, "population_used_in_index": 10, "population_basis": "risk_dataset", "longitude": 136.00253, "latitude": -12.340305, "risk_rating": "Low", "fire_plan": "No", "firebreak": "Yes", "fuel_reduction": "Yes", "has_coverage": false, "coverage_status": "Outside predicted coverage", "nearest_tower_km": 28.2, "nearby_carriers": 1, "carrier_names": "Telstra", "hazard_H": 0.3, "unreachability_U": 0.7436, "exposure_E": 0.3033, "wbi_score": 40.7, "wbi_tier": "Moderate", "wbi_rank": 451, "strict_blackspot": false}, "geometry": {"type": "Point", "coordinates": [136.00253, -12.340305]}}, {"type": "Feature", "properties": {"objectid": 328, "community_id": 328, "community_name": "Gumarrirnbang", "community_aliases": "GUMARINBARN,GUMARRINBANG,KUMARRINBAN", "community_type": "Family Outstation", "main_language": "Not recorded", "local_govt_council": "WEST ARNHEM", "land_council": "NORTHERN LAND COUNCIL", "ntg_region": "TOP END", "bushtel_url": "https://bushtel.nt.gov.au/profile/328", "population_count": 10, "population_used_in_index": 10, "population_basis": "risk_dataset", "longitude": 133.99695, "latitude": -12.32945, "risk_rating": "Low", "fire_plan": "No", "firebreak": "Yes", "fuel_reduction": "Yes", "has_coverage": false, "coverage_status": "Outside predicted coverage", "nearest_tower_km": 26.6, "nearby_carriers": 1, "carrier_names": "Telstra", "hazard_H": 0.3, "unreachability_U": 0.7329, "exposure_E": 0.3033, "wbi_score": 40.6, "wbi_tier": "Moderate", "wbi_rank": 453, "strict_blackspot": false}, "geometry": {"type": "Point", "coordinates": [133.99695, -12.32945]}}, {"type": "Feature", "properties": {"objectid": 574, "community_id": 574, "community_name": "Yimidarra", "community_aliases": "POLICEMAN'S CROSSING,YIMIDARRI", "community_type": "Family Outstation", "main_language": "Not recorded", "local_govt_council": "ROPER GULF", "land_council": "NORTHERN LAND COUNCIL", "ntg_region": "BIG RIVERS", "bushtel_url": "https://bushtel.nt.gov.au/profile/574", "population_count": 12, "population_used_in_index": 12, "population_basis": "risk_dataset", "longitude": 135.56463, "latitude": -14.21752, "risk_rating": "Low", "fire_plan": "No", "firebreak": "Yes", "fuel_reduction": "Yes", "has_coverage": false, "coverage_status": "Outside predicted coverage", "nearest_tower_km": 20.1, "nearby_carriers": 1, "carrier_names": "Telstra", "hazard_H": 0.3, "unreachability_U": 0.6896, "exposure_E": 0.3244, "wbi_score": 40.6, "wbi_tier": "Moderate", "wbi_rank": 453, "strict_blackspot": false}, "geometry": {"type": "Point", "coordinates": [135.56463, -14.21752]}}, {"type": "Feature", "properties": {"objectid": 512, "community_id": 512, "community_name": "Gulmarri", "community_aliases": "GALMARRI,GULAMARRI,GULMARI,GULUMARRI", "community_type": "Family Outstation", "main_language": "Not recorded", "local_govt_council": "EAST ARNHEM", "land_council": "NORTHERN LAND COUNCIL", "ntg_region": "EAST ARNHEM", "bushtel_url": "https://bushtel.nt.gov.au/profile/512", "population_count": 9, "population_used_in_index": 9, "population_basis": "risk_dataset", "longitude": 135.82229, "latitude": -11.91701, "risk_rating": "Low", "fire_plan": "No", "firebreak": "Yes", "fuel_reduction": "Yes", "has_coverage": false, "coverage_status": "Outside predicted coverage", "nearest_tower_km": 30.4, "nearby_carriers": 1, "carrier_names": "Telstra", "hazard_H": 0.3, "unreachability_U": 0.7582, "exposure_E": 0.2913, "wbi_score": 40.5, "wbi_tier": "Moderate", "wbi_rank": 455, "strict_blackspot": false}, "geometry": {"type": "Point", "coordinates": [135.82229, -11.91701]}}, {"type": "Feature", "properties": {"objectid": 793, "community_id": 793, "community_name": "Ji-Malawa", "community_aliases": "DJIMALAWA,JI-MALOWA,JIMALAWA", "community_type": "Family Outstation", "main_language": "Not recorded", "local_govt_council": "WEST ARNHEM", "land_council": "NORTHERN LAND COUNCIL", "ntg_region": "TOP END", "bushtel_url": "https://bushtel.nt.gov.au/profile/793", "population_count": 20, "population_used_in_index": 20, "population_basis": "risk_dataset", "longitude": 134.67334, "latitude": -12.12168, "risk_rating": "Moderate", "fire_plan": "No", "firebreak": "Yes", "fuel_reduction": "Yes", "has_coverage": true, "coverage_status": "Inside predicted coverage", "nearest_tower_km": 9.7, "nearby_carriers": 1, "carrier_names": "Telstra", "hazard_H": 0.6, "unreachability_U": 0.2869, "exposure_E": 0.3851, "wbi_score": 40.5, "wbi_tier": "Moderate", "wbi_rank": 455, "strict_blackspot": false}, "geometry": {"type": "Point", "coordinates": [134.67334, -12.12168]}}, {"type": "Feature", "properties": {"objectid": 7, "community_id": 7, "community_name": "Alpara", "community_aliases": "No aliases recorded with NTG DIPL", "community_type": "Family Outstation", "main_language": "Not recorded", "local_govt_council": "MACDONNELL", "land_council": "CENTRAL LAND COUNCIL", "ntg_region": "CENTRAL AUSTRALIA", "bushtel_url": "https://bushtel.nt.gov.au/profile/7", "population_count": null, "population_used_in_index": 8, "population_basis": "imputed_type_median", "longitude": 131.21242, "latitude": -25.91526, "risk_rating": "Moderate", "fire_plan": "No", "firebreak": "No", "fuel_reduction": "No", "has_coverage": true, "coverage_status": "Inside predicted coverage", "nearest_tower_km": 26.3, "nearby_carriers": 1, "carrier_names": "Telstra", "hazard_H": 0.6, "unreachability_U": 0.3976, "exposure_E": 0.2779, "wbi_score": 40.5, "wbi_tier": "Moderate", "wbi_rank": 455, "strict_blackspot": false}, "geometry": {"type": "Point", "coordinates": [131.21242, -25.91526]}}, {"type": "Feature", "properties": {"objectid": 264, "community_id": 264, "community_name": "Tara", "community_aliases": "NEUTRAL JUNCTION", "community_type": "Minor", "main_language": "Kayetetye", "local_govt_council": "BARKLY", "land_council": "CENTRAL LAND COUNCIL", "ntg_region": "BARKLY", "bushtel_url": "https://bushtel.nt.gov.au/profile/264", "population_count": 105, "population_used_in_index": 105, "population_basis": "risk_dataset", "longitude": 133.99669, "latitude": -21.50658, "risk_rating": "High", "fire_plan": "No", "firebreak": "Yes", "fuel_reduction": "Yes", "has_coverage": true, "coverage_status": "Inside predicted coverage", "nearest_tower_km": 0.1, "nearby_carriers": 2, "carrier_names": "Optus, Telstra", "hazard_H": 1.0, "unreachability_U": 0.1118, "exposure_E": 0.5899, "wbi_score": 40.4, "wbi_tier": "Moderate", "wbi_rank": 458, "strict_blackspot": false}, "geometry": {"type": "Point", "coordinates": [133.99669, -21.50658]}}, {"type": "Feature", "properties": {"objectid": 166, "community_id": 166, "community_name": "Undurana 1C", "community_aliases": "UNDARANA,UNDERANNA", "community_type": "Family Outstation", "main_language": "Not recorded", "local_govt_council": "MACDONNELL", "land_council": "CENTRAL LAND COUNCIL", "ntg_region": "CENTRAL AUSTRALIA", "bushtel_url": "https://bushtel.nt.gov.au/profile/166", "population_count": 5, "population_used_in_index": 5, "population_basis": "risk_dataset", "longitude": 132.12722, "latitude": -23.75723, "risk_rating": "Low", "fire_plan": "No", "firebreak": "Yes", "fuel_reduction": "Yes", "has_coverage": false, "coverage_status": "Outside predicted coverage", "nearest_tower_km": 43.7, "nearby_carriers": 0, "carrier_names": "None", "hazard_H": 0.3, "unreachability_U": 0.958, "exposure_E": 0.2266, "wbi_score": 40.2, "wbi_tier": "Moderate", "wbi_rank": 459, "strict_blackspot": false}, "geometry": {"type": "Point", "coordinates": [132.12722, -23.75723]}}, {"type": "Feature", "properties": {"objectid": 898, "community_id": 898, "community_name": "Yilila", "community_aliases": "No aliases recorded with NTG DIPL", "community_type": "Family Outstation", "main_language": "Not recorded", "local_govt_council": "ROPER GULF", "land_council": "NORTHERN LAND COUNCIL", "ntg_region": "BIG RIVERS", "bushtel_url": "https://bushtel.nt.gov.au/profile/898", "population_count": 8, "population_used_in_index": 8, "population_basis": "risk_dataset", "longitude": 135.91308, "latitude": -13.68204, "risk_rating": "Low", "fire_plan": "No", "firebreak": "Yes", "fuel_reduction": "Yes", "has_coverage": false, "coverage_status": "Outside predicted coverage", "nearest_tower_km": 32.9, "nearby_carriers": 1, "carrier_names": "Telstra", "hazard_H": 0.3, "unreachability_U": 0.7749, "exposure_E": 0.2779, "wbi_score": 40.1, "wbi_tier": "Moderate", "wbi_rank": 460, "strict_blackspot": false}, "geometry": {"type": "Point", "coordinates": [135.91308, -13.68204]}}, {"type": "Feature", "properties": {"objectid": 13, "community_id": 13, "community_name": "Angas Downs", "community_aliases": "ANGUS DOWNS", "community_type": "Family Outstation", "main_language": "Not recorded", "local_govt_council": "MACDONNELL", "land_council": "CENTRAL LAND COUNCIL", "ntg_region": "CENTRAL AUSTRALIA", "bushtel_url": "https://bushtel.nt.gov.au/profile/13", "population_count": 2, "population_used_in_index": 2, "population_basis": "bushtel", "longitude": 132.27377, "latitude": -25.03447, "risk_rating": "Moderate", "fire_plan": "No", "firebreak": "No", "fuel_reduction": "No", "has_coverage": false, "coverage_status": "Outside predicted coverage", "nearest_tower_km": 31.6, "nearby_carriers": 1, "carrier_names": "Telstra", "hazard_H": 0.6, "unreachability_U": 0.7662, "exposure_E": 0.139, "wbi_score": 40.0, "wbi_tier": "Moderate", "wbi_rank": 461, "strict_blackspot": false}, "geometry": {"type": "Point", "coordinates": [132.27377, -25.03447]}}, {"type": "Feature", "properties": {"objectid": 160, "community_id": 160, "community_name": "Ukatjupu", "community_aliases": "UKATJUPA", "community_type": "Family Outstation", "main_language": "Not recorded", "local_govt_council": "MACDONNELL", "land_council": "CENTRAL LAND COUNCIL", "ntg_region": "CENTRAL AUSTRALIA", "bushtel_url": "https://bushtel.nt.gov.au/profile/160", "population_count": null, "population_used_in_index": 8, "population_basis": "imputed_type_median", "longitude": 129.10549, "latitude": -25.90949, "risk_rating": "Moderate", "fire_plan": "No", "firebreak": "No", "fuel_reduction": "No", "has_coverage": true, "coverage_status": "Inside predicted coverage", "nearest_tower_km": 23.6, "nearby_carriers": 1, "carrier_names": "Telstra", "hazard_H": 0.6, "unreachability_U": 0.3796, "exposure_E": 0.2779, "wbi_score": 39.9, "wbi_tier": "Moderate", "wbi_rank": 462, "strict_blackspot": false}, "geometry": {"type": "Point", "coordinates": [129.10549, -25.90949]}}, {"type": "Feature", "properties": {"objectid": 765, "community_id": 765, "community_name": "Ngankiritja", "community_aliases": "NGANRRITJA", "community_type": "Family Outstation", "main_language": "Not recorded", "local_govt_council": "MACDONNELL", "land_council": "CENTRAL LAND COUNCIL", "ntg_region": "CENTRAL AUSTRALIA", "bushtel_url": "https://bushtel.nt.gov.au/profile/765", "population_count": 8, "population_used_in_index": 8, "population_basis": "risk_dataset", "longitude": 131.87969, "latitude": -23.46459, "risk_rating": "Low", "fire_plan": "No", "firebreak": "Yes", "fuel_reduction": "Yes", "has_coverage": false, "coverage_status": "Outside predicted coverage", "nearest_tower_km": 30.8, "nearby_carriers": 1, "carrier_names": "Telstra", "hazard_H": 0.3, "unreachability_U": 0.7609, "exposure_E": 0.2779, "wbi_score": 39.9, "wbi_tier": "Moderate", "wbi_rank": 462, "strict_blackspot": false}, "geometry": {"type": "Point", "coordinates": [131.87969, -23.46459]}}, {"type": "Feature", "properties": {"objectid": 363, "community_id": 363, "community_name": "Manmoyi", "community_aliases": "MANMOI", "community_type": "Minor", "main_language": "Not recorded", "local_govt_council": "WEST ARNHEM", "land_council": "NORTHERN LAND COUNCIL", "ntg_region": "TOP END", "bushtel_url": "https://bushtel.nt.gov.au/profile/363", "population_count": 40, "population_used_in_index": 40, "population_basis": "risk_dataset", "longitude": 134.110013, "latitude": -12.54064, "risk_rating": "Moderate", "fire_plan": "No", "firebreak": "Yes", "fuel_reduction": "Yes", "has_coverage": true, "coverage_status": "Inside predicted coverage", "nearest_tower_km": 0.1, "nearby_carriers": 1, "carrier_names": "Telstra", "hazard_H": 0.6, "unreachability_U": 0.2229, "exposure_E": 0.4697, "wbi_score": 39.8, "wbi_tier": "Moderate", "wbi_rank": 464, "strict_blackspot": false}, "geometry": {"type": "Point", "coordinates": [134.110013, -12.54064]}}, {"type": "Feature", "properties": {"objectid": 535, "community_id": 535, "community_name": "Mirrnatja", "community_aliases": "MIRRNGATJA", "community_type": "Family Outstation", "main_language": "Not recorded", "local_govt_council": "EAST ARNHEM", "land_council": "NORTHERN LAND COUNCIL", "ntg_region": "EAST ARNHEM", "bushtel_url": "https://bushtel.nt.gov.au/profile/535", "population_count": 5, "population_used_in_index": 5, "population_basis": "risk_dataset", "longitude": 135.193069, "latitude": -12.657792, "risk_rating": "Low", "fire_plan": "No", "firebreak": "Yes", "fuel_reduction": "Yes", "has_coverage": false, "coverage_status": "Outside predicted coverage", "nearest_tower_km": 39.6, "nearby_carriers": 0, "carrier_names": "None", "hazard_H": 0.3, "unreachability_U": 0.9307, "exposure_E": 0.2266, "wbi_score": 39.8, "wbi_tier": "Moderate", "wbi_rank": 464, "strict_blackspot": false}, "geometry": {"type": "Point", "coordinates": [135.193069, -12.657792]}}, {"type": "Feature", "properties": {"objectid": 373, "community_id": 373, "community_name": "Mikginj Valley", "community_aliases": "MIKGIN,MIKGINJ,MIKINJ,MIKINJ VALLEY", "community_type": "Family Outstation", "main_language": "Not recorded", "local_govt_council": "WEST ARNHEM", "land_council": "NORTHERN LAND COUNCIL", "ntg_region": "TOP END", "bushtel_url": "https://bushtel.nt.gov.au/profile/373", "population_count": 6, "population_used_in_index": 6, "population_basis": "risk_dataset", "longitude": 133.07465, "latitude": -12.47966, "risk_rating": "Moderate", "fire_plan": "No", "firebreak": "Yes", "fuel_reduction": "Yes", "has_coverage": false, "coverage_status": "Outside predicted coverage", "nearest_tower_km": 13.9, "nearby_carriers": 3, "carrier_names": "Optus, TPG, Telstra", "hazard_H": 0.6, "unreachability_U": 0.426, "exposure_E": 0.2461, "wbi_score": 39.8, "wbi_tier": "Moderate", "wbi_rank": 464, "strict_blackspot": false}, "geometry": {"type": "Point", "coordinates": [133.07465, -12.47966]}}, {"type": "Feature", "properties": {"objectid": 316, "community_id": 316, "community_name": "Gamargawan", "community_aliases": "GAMARGWAN,GAMARRGAWAN", "community_type": "Family Outstation", "main_language": "Not recorded", "local_govt_council": "WEST ARNHEM", "land_council": "NORTHERN LAND COUNCIL", "ntg_region": "TOP END", "bushtel_url": "https://bushtel.nt.gov.au/profile/316", "population_count": 12, "population_used_in_index": 12, "population_basis": "risk_dataset", "longitude": 134.07646, "latitude": -12.64914, "risk_rating": "Low", "fire_plan": "No", "firebreak": "Yes", "fuel_reduction": "Yes", "has_coverage": false, "coverage_status": "Outside predicted coverage", "nearest_tower_km": 12.5, "nearby_carriers": 1, "carrier_names": "Telstra", "hazard_H": 0.3, "unreachability_U": 0.6389, "exposure_E": 0.3244, "wbi_score": 39.6, "wbi_tier": "Moderate", "wbi_rank": 467, "strict_blackspot": false}, "geometry": {"type": "Point", "coordinates": [134.07646, -12.64914]}}, {"type": "Feature", "properties": {"objectid": 647, "community_id": 647, "community_name": "Mungurrupa", "community_aliases": "MANGKURRUPA,MANGKURRURPA,MONGREL DOWNS,MUNGKURRUPA,TANAMI DOWNS", "community_type": "Family Outstation", "main_language": "Not recorded", "local_govt_council": "CENTRAL DESERT", "land_council": "CENTRAL LAND COUNCIL", "ntg_region": "CENTRAL AUSTRALIA", "bushtel_url": "https://bushtel.nt.gov.au/profile/647", "population_count": null, "population_used_in_index": 8, "population_basis": "imputed_type_median", "longitude": 129.73313, "latitude": -20.58481, "risk_rating": "Moderate", "fire_plan": "No", "firebreak": "No", "fuel_reduction": "No", "has_coverage": true, "coverage_status": "Inside predicted coverage", "nearest_tower_km": 22.0, "nearby_carriers": 1, "carrier_names": "Telstra", "hazard_H": 0.6, "unreachability_U": 0.3689, "exposure_E": 0.2779, "wbi_score": 39.5, "wbi_tier": "Moderate", "wbi_rank": 468, "strict_blackspot": false}, "geometry": {"type": "Point", "coordinates": [129.73313, -20.58481]}}, {"type": "Feature", "properties": {"objectid": 852, "community_id": 852, "community_name": "Alice Well", "community_aliases": "RITJINGKA", "community_type": "Family Outstation", "main_language": "Not recorded", "local_govt_council": "MACDONNELL", "land_council": "CENTRAL LAND COUNCIL", "ntg_region": "CENTRAL AUSTRALIA", "bushtel_url": "https://bushtel.nt.gov.au/profile/852", "population_count": 2, "population_used_in_index": 2, "population_basis": "risk_dataset", "longitude": 134.22962, "latitude": -24.88123, "risk_rating": "Moderate", "fire_plan": "No", "firebreak": "Yes", "fuel_reduction": "Yes", "has_coverage": false, "coverage_status": "Outside predicted coverage", "nearest_tower_km": 27.4, "nearby_carriers": 1, "carrier_names": "Telstra", "hazard_H": 0.6, "unreachability_U": 0.7382, "exposure_E": 0.139, "wbi_score": 39.5, "wbi_tier": "Moderate", "wbi_rank": 468, "strict_blackspot": false}, "geometry": {"type": "Point", "coordinates": [134.22962, -24.88123]}}, {"type": "Feature", "properties": {"objectid": 274, "community_id": 274, "community_name": "West Island", "community_aliases": "WURDIJIYA,WURDILIYA,WURDILYA,YATHUNGA", "community_type": "Family Outstation", "main_language": "Not recorded", "local_govt_council": "ROPER GULF", "land_council": "NORTHERN LAND COUNCIL", "ntg_region": "BIG RIVERS", "bushtel_url": "https://bushtel.nt.gov.au/profile/274", "population_count": 4, "population_used_in_index": 4, "population_basis": "risk_dataset", "longitude": 136.50235, "latitude": -15.64251, "risk_rating": "Low", "fire_plan": "No", "firebreak": "Yes", "fuel_reduction": "Yes", "has_coverage": false, "coverage_status": "Outside predicted coverage", "nearest_tower_km": 50.3, "nearby_carriers": 0, "carrier_names": "None", "hazard_H": 0.3, "unreachability_U": 1.0, "exposure_E": 0.2036, "wbi_score": 39.4, "wbi_tier": "Moderate", "wbi_rank": 470, "strict_blackspot": false}, "geometry": {"type": "Point", "coordinates": [136.50235, -15.64251]}}, {"type": "Feature", "properties": {"objectid": 597, "community_id": 597, "community_name": "Gilwi", "community_aliases": "11 MILE,TWELVE MILE BORE,TWELVE MILE HOLE", "community_type": "Family Outstation", "main_language": "Not recorded", "local_govt_council": "VICTORIA DALY", "land_council": "NORTHERN LAND COUNCIL", "ntg_region": "BIG RIVERS", "bushtel_url": "https://bushtel.nt.gov.au/profile/597", "population_count": 36, "population_used_in_index": 36, "population_basis": "risk_dataset", "longitude": 130.53275, "latitude": -15.78711, "risk_rating": "Moderate", "fire_plan": "No", "firebreak": "Yes", "fuel_reduction": "Yes", "has_coverage": true, "coverage_status": "Inside predicted coverage", "nearest_tower_km": 0.1, "nearby_carriers": 1, "carrier_names": "Telstra", "hazard_H": 0.6, "unreachability_U": 0.2229, "exposure_E": 0.4567, "wbi_score": 39.4, "wbi_tier": "Moderate", "wbi_rank": 470, "strict_blackspot": false}, "geometry": {"type": "Point", "coordinates": [130.53275, -15.78711]}}, {"type": "Feature", "properties": {"objectid": 117, "community_id": 117, "community_name": "Putulu", "community_aliases": "MT. THEO,PITULU,PUTULAI,PUTURLU,WANAYAKA", "community_type": "Family Outstation", "main_language": "Not recorded", "local_govt_council": "CENTRAL DESERT", "land_council": "CENTRAL LAND COUNCIL", "ntg_region": "CENTRAL AUSTRALIA", "bushtel_url": "https://bushtel.nt.gov.au/profile/117", "population_count": 4, "population_used_in_index": 4, "population_basis": "risk_dataset", "longitude": 131.36997, "latitude": -21.34382, "risk_rating": "Low", "fire_plan": "No", "firebreak": "Yes", "fuel_reduction": "Yes", "has_coverage": false, "coverage_status": "Outside predicted coverage", "nearest_tower_km": 110.2, "nearby_carriers": 0, "carrier_names": "None", "hazard_H": 0.3, "unreachability_U": 1.0, "exposure_E": 0.2036, "wbi_score": 39.4, "wbi_tier": "Moderate", "wbi_rank": 470, "strict_blackspot": false}, "geometry": {"type": "Point", "coordinates": [131.36997, -21.34382]}}, {"type": "Feature", "properties": {"objectid": 76, "community_id": 76, "community_name": "Kulpitharra", "community_aliases": "KULPITARA,KULPITARRA", "community_type": "Family Outstation", "main_language": "Not recorded", "local_govt_council": "MACDONNELL", "land_council": "CENTRAL LAND COUNCIL", "ntg_region": "CENTRAL AUSTRALIA", "bushtel_url": "https://bushtel.nt.gov.au/profile/76", "population_count": 4, "population_used_in_index": 4, "population_basis": "risk_dataset", "longitude": 132.002792, "latitude": -23.739736, "risk_rating": "Low", "fire_plan": "No", "firebreak": "Yes", "fuel_reduction": "Yes", "has_coverage": false, "coverage_status": "Outside predicted coverage", "nearest_tower_km": 54.8, "nearby_carriers": 0, "carrier_names": "None", "hazard_H": 0.3, "unreachability_U": 1.0, "exposure_E": 0.2036, "wbi_score": 39.4, "wbi_tier": "Moderate", "wbi_rank": 470, "strict_blackspot": false}, "geometry": {"type": "Point", "coordinates": [132.002792, -23.739736]}}, {"type": "Feature", "properties": {"objectid": 829, "community_id": 829, "community_name": "Blue Bush", "community_aliases": "BLUEBUSH", "community_type": "Family Outstation", "main_language": "Not recorded", "local_govt_council": "BARKLY", "land_council": "CENTRAL LAND COUNCIL", "ntg_region": "BARKLY", "bushtel_url": "https://bushtel.nt.gov.au/profile/829", "population_count": 4, "population_used_in_index": 4, "population_basis": "risk_dataset", "longitude": 133.73583, "latitude": -19.02411, "risk_rating": "Low", "fire_plan": "No", "firebreak": "Yes", "fuel_reduction": "Yes", "has_coverage": false, "coverage_status": "Outside predicted coverage", "nearest_tower_km": 67.6, "nearby_carriers": 0, "carrier_names": "None", "hazard_H": 0.3, "unreachability_U": 1.0, "exposure_E": 0.2036, "wbi_score": 39.4, "wbi_tier": "Moderate", "wbi_rank": 470, "strict_blackspot": false}, "geometry": {"type": "Point", "coordinates": [133.73583, -19.02411]}}, {"type": "Feature", "properties": {"objectid": 815, "community_id": 815, "community_name": "Wada Wadalla", "community_aliases": "BLACKFELLOW CREEK,WADA WADALA", "community_type": "Family Outstation", "main_language": "Not recorded", "local_govt_council": "ROPER GULF", "land_council": "NORTHERN LAND COUNCIL", "ntg_region": "BIG RIVERS", "bushtel_url": "https://bushtel.nt.gov.au/profile/815", "population_count": 3, "population_used_in_index": 3, "population_basis": "bushtel", "longitude": 136.42886, "latitude": -15.92948, "risk_rating": "High", "fire_plan": "No", "firebreak": "No", "fuel_reduction": "No", "has_coverage": true, "coverage_status": "Inside predicted coverage", "nearest_tower_km": 19.0, "nearby_carriers": 1, "carrier_names": "Telstra", "hazard_H": 1.0, "unreachability_U": 0.3489, "exposure_E": 0.1754, "wbi_score": 39.4, "wbi_tier": "Moderate", "wbi_rank": 470, "strict_blackspot": false}, "geometry": {"type": "Point", "coordinates": [136.42886, -15.92948]}}, {"type": "Feature", "properties": {"objectid": 91, "community_id": 91, "community_name": "Little Well", "community_aliases": "ALURALKWA ASSOC,ALURALKWE", "community_type": "Family Outstation", "main_language": "Not recorded", "local_govt_council": "MACDONNELL", "land_council": "CENTRAL LAND COUNCIL", "ntg_region": "CENTRAL AUSTRALIA", "bushtel_url": "https://bushtel.nt.gov.au/profile/91", "population_count": 4, "population_used_in_index": 4, "population_basis": "risk_dataset", "longitude": 135.33314, "latitude": -24.13547, "risk_rating": "Low", "fire_plan": "Yes", "firebreak": "Yes", "fuel_reduction": "Yes", "has_coverage": false, "coverage_status": "Outside predicted coverage", "nearest_tower_km": 97.1, "nearby_carriers": 0, "carrier_names": "None", "hazard_H": 0.3, "unreachability_U": 1.0, "exposure_E": 0.2036, "wbi_score": 39.4, "wbi_tier": "Moderate", "wbi_rank": 470, "strict_blackspot": false}, "geometry": {"type": "Point", "coordinates": [135.33314, -24.13547]}}, {"type": "Feature", "properties": {"objectid": 469, "community_id": 469, "community_name": "Rorruwuy", "community_aliases": "BURRAWUY,RHODES POINT", "community_type": "Minor", "main_language": "Not recorded", "local_govt_council": "EAST ARNHEM", "land_council": "NORTHERN LAND COUNCIL", "ntg_region": "EAST ARNHEM", "bushtel_url": "https://bushtel.nt.gov.au/profile/469", "population_count": 35, "population_used_in_index": 35, "population_basis": "risk_dataset", "longitude": 136.29564, "latitude": -12.20292, "risk_rating": "Moderate", "fire_plan": "No", "firebreak": "Yes", "fuel_reduction": "Yes", "has_coverage": true, "coverage_status": "Inside predicted coverage", "nearest_tower_km": 0.1, "nearby_carriers": 1, "carrier_names": "Telstra", "hazard_H": 0.6, "unreachability_U": 0.2229, "exposure_E": 0.4533, "wbi_score": 39.3, "wbi_tier": "Moderate", "wbi_rank": 477, "strict_blackspot": false}, "geometry": {"type": "Point", "coordinates": [136.29564, -12.20292]}}, {"type": "Feature", "properties": {"objectid": 620, "community_id": 620, "community_name": "Mataranka Town Camp", "community_aliases": "MATARANKA TRANSIENT CAMP", "community_type": "Town Camp", "main_language": "Not recorded", "local_govt_council": "ROPER GULF", "land_council": "NORTHERN LAND COUNCIL", "ntg_region": "BIG RIVERS", "bushtel_url": "https://bushtel.nt.gov.au/profile/620", "population_count": null, "population_used_in_index": 58, "population_basis": "imputed_type_median", "longitude": 133.067375, "latitude": -14.926181, "risk_rating": "High", "fire_plan": "No", "firebreak": "No", "fuel_reduction": "No", "has_coverage": true, "coverage_status": "Inside predicted coverage", "nearest_tower_km": 0.9, "nearby_carriers": 2, "carrier_names": "Optus, Telstra", "hazard_H": 1.0, "unreachability_U": 0.1171, "exposure_E": 0.5158, "wbi_score": 39.2, "wbi_tier": "Moderate", "wbi_rank": 478, "strict_blackspot": false}, "geometry": {"type": "Point", "coordinates": [133.067375, -14.926181]}}, {"type": "Feature", "properties": {"objectid": 909, "community_id": 909, "community_name": "Foxalls Well", "community_aliases": "FOXELLS WELL,FOXHALLS WELL", "community_type": "Family Outstation", "main_language": "Not recorded", "local_govt_council": "CENTRAL DESERT", "land_council": "CENTRAL LAND COUNCIL", "ntg_region": "CENTRAL AUSTRALIA", "bushtel_url": "https://bushtel.nt.gov.au/profile/909", "population_count": 10, "population_used_in_index": 10, "population_basis": "risk_dataset", "longitude": 134.82355, "latitude": -23.07383, "risk_rating": "Low", "fire_plan": "No", "firebreak": "Yes", "fuel_reduction": "Yes", "has_coverage": false, "coverage_status": "Outside predicted coverage", "nearest_tower_km": 16.0, "nearby_carriers": 1, "carrier_names": "Telstra", "hazard_H": 0.3, "unreachability_U": 0.6622, "exposure_E": 0.3033, "wbi_score": 39.2, "wbi_tier": "Moderate", "wbi_rank": 478, "strict_blackspot": false}, "geometry": {"type": "Point", "coordinates": [134.82355, -23.07383]}}, {"type": "Feature", "properties": {"objectid": 1015, "community_id": 1015, "community_name": "Atji Creek", "community_aliases": "No aliases recorded with NTG DIPL", "community_type": "Family Outstation", "main_language": "Not recorded", "local_govt_council": "MACDONNELL", "land_council": "CENTRAL LAND COUNCIL", "ntg_region": "CENTRAL AUSTRALIA", "bushtel_url": "https://bushtel.nt.gov.au/profile/1015", "population_count": 8, "population_used_in_index": 8, "population_basis": "risk_dataset", "longitude": 131.98389, "latitude": -23.399445, "risk_rating": "Low", "fire_plan": "No", "firebreak": "Yes", "fuel_reduction": "Yes", "has_coverage": false, "coverage_status": "Outside predicted coverage", "nearest_tower_km": 24.0, "nearby_carriers": 1, "carrier_names": "Telstra", "hazard_H": 0.3, "unreachability_U": 0.7156, "exposure_E": 0.2779, "wbi_score": 39.1, "wbi_tier": "Moderate", "wbi_rank": 480, "strict_blackspot": false}, "geometry": {"type": "Point", "coordinates": [131.98389, -23.399445]}}, {"type": "Feature", "properties": {"objectid": 883, "community_id": 883, "community_name": "Kelerrk", "community_aliases": "No aliases recorded with NTG DIPL", "community_type": "Family Outstation", "main_language": "Not recorded", "local_govt_council": "WEST DALY", "land_council": "NORTHERN LAND COUNCIL", "ntg_region": "TOP END", "bushtel_url": "https://bushtel.nt.gov.au/profile/883", "population_count": 2, "population_used_in_index": 2, "population_basis": "risk_dataset", "longitude": 130.32647, "latitude": -13.95783, "risk_rating": "Moderate", "fire_plan": "No", "firebreak": "Yes", "fuel_reduction": "Yes", "has_coverage": false, "coverage_status": "Outside predicted coverage", "nearest_tower_km": 23.6, "nearby_carriers": 1, "carrier_names": "Telstra", "hazard_H": 0.6, "unreachability_U": 0.7129, "exposure_E": 0.139, "wbi_score": 39.0, "wbi_tier": "Moderate", "wbi_rank": 481, "strict_blackspot": false}, "geometry": {"type": "Point", "coordinates": [130.32647, -13.95783]}}, {"type": "Feature", "properties": {"objectid": 769, "community_id": 769, "community_name": "Alkngarriintja", "community_aliases": "ALKNGARINTJA,ILKILALAMA NO.2", "community_type": "Family Outstation", "main_language": "Not recorded", "local_govt_council": "MACDONNELL", "land_council": "CENTRAL LAND COUNCIL", "ntg_region": "CENTRAL AUSTRALIA", "bushtel_url": "https://bushtel.nt.gov.au/profile/769", "population_count": 10, "population_used_in_index": 10, "population_basis": "risk_dataset", "longitude": 132.46233, "latitude": -23.95602, "risk_rating": "Low", "fire_plan": "No", "firebreak": "Yes", "fuel_reduction": "Yes", "has_coverage": false, "coverage_status": "Outside predicted coverage", "nearest_tower_km": 30.3, "nearby_carriers": 2, "carrier_names": "Optus, Telstra", "hazard_H": 0.3, "unreachability_U": 0.6464, "exposure_E": 0.3033, "wbi_score": 38.9, "wbi_tier": "Moderate", "wbi_rank": 482, "strict_blackspot": false}, "geometry": {"type": "Point", "coordinates": [132.46233, -23.95602]}}, {"type": "Feature", "properties": {"objectid": 476, "community_id": 476, "community_name": "Dharrni", "community_aliases": "DHARRI,WUYINDHANGAYN", "community_type": "Family Outstation", "main_language": "Not recorded", "local_govt_council": "ROPER GULF", "land_council": "NORTHERN LAND COUNCIL", "ntg_region": "BIG RIVERS", "bushtel_url": "https://bushtel.nt.gov.au/profile/476", "population_count": null, "population_used_in_index": 8, "population_basis": "imputed_type_median", "longitude": 136.02005, "latitude": -13.74983, "risk_rating": "Moderate", "fire_plan": "No", "firebreak": "No", "fuel_reduction": "No", "has_coverage": true, "coverage_status": "Inside predicted coverage", "nearest_tower_km": 19.7, "nearby_carriers": 1, "carrier_names": "Telstra", "hazard_H": 0.6, "unreachability_U": 0.3536, "exposure_E": 0.2779, "wbi_score": 38.9, "wbi_tier": "Moderate", "wbi_rank": 482, "strict_blackspot": false}, "geometry": {"type": "Point", "coordinates": [136.02005, -13.74983]}}, {"type": "Feature", "properties": {"objectid": 903, "community_id": 903, "community_name": "Hatches Creek", "community_aliases": "No aliases recorded with NTG DIPL", "community_type": "Family Outstation", "main_language": "Not recorded", "local_govt_council": "BARKLY", "land_council": "CENTRAL LAND COUNCIL", "ntg_region": "BARKLY", "bushtel_url": "https://bushtel.nt.gov.au/profile/903", "population_count": 4, "population_used_in_index": 4, "population_basis": "risk_dataset", "longitude": 135.21349, "latitude": -20.84606, "risk_rating": "Low", "fire_plan": "No", "firebreak": "Yes", "fuel_reduction": "Yes", "has_coverage": false, "coverage_status": "Outside predicted coverage", "nearest_tower_km": 43.1, "nearby_carriers": 0, "carrier_names": "None", "hazard_H": 0.3, "unreachability_U": 0.954, "exposure_E": 0.2036, "wbi_score": 38.8, "wbi_tier": "Moderate", "wbi_rank": 484, "strict_blackspot": false}, "geometry": {"type": "Point", "coordinates": [135.21349, -20.84606]}}, {"type": "Feature", "properties": {"objectid": 92, "community_id": 92, "community_name": "Ltira", "community_aliases": "No aliases recorded with NTG DIPL", "community_type": "Family Outstation", "main_language": "Not recorded", "local_govt_council": "MACDONNELL", "land_council": "CENTRAL LAND COUNCIL", "ntg_region": "CENTRAL AUSTRALIA", "bushtel_url": "https://bushtel.nt.gov.au/profile/92", "population_count": 15, "population_used_in_index": 15, "population_basis": "risk_dataset", "longitude": 132.90182, "latitude": -24.05709, "risk_rating": "Low", "fire_plan": "No", "firebreak": "Yes", "fuel_reduction": "Yes", "has_coverage": false, "coverage_status": "Outside predicted coverage", "nearest_tower_km": 16.4, "nearby_carriers": 2, "carrier_names": "Optus, Telstra", "hazard_H": 0.3, "unreachability_U": 0.5538, "exposure_E": 0.3507, "wbi_score": 38.8, "wbi_tier": "Moderate", "wbi_rank": 484, "strict_blackspot": false}, "geometry": {"type": "Point", "coordinates": [132.90182, -24.05709]}}, {"type": "Feature", "properties": {"objectid": 980, "community_id": 980, "community_name": "Kapalga", "community_aliases": "NARAMU", "community_type": "Family Outstation", "main_language": "Not recorded", "local_govt_council": "WEST ARNHEM", "land_council": "NORTHERN LAND COUNCIL", "ntg_region": "TOP END", "bushtel_url": "https://bushtel.nt.gov.au/profile/980", "population_count": 12, "population_used_in_index": 12, "population_basis": "risk_dataset", "longitude": 132.371125, "latitude": -12.698764, "risk_rating": "Low", "fire_plan": "No", "firebreak": "Yes", "fuel_reduction": "Yes", "has_coverage": false, "coverage_status": "Outside predicted coverage", "nearest_tower_km": 6.8, "nearby_carriers": 1, "carrier_names": "Telstra", "hazard_H": 0.3, "unreachability_U": 0.6009, "exposure_E": 0.3244, "wbi_score": 38.8, "wbi_tier": "Moderate", "wbi_rank": 484, "strict_blackspot": false}, "geometry": {"type": "Point", "coordinates": [132.371125, -12.698764]}}, {"type": "Feature", "properties": {"objectid": 509, "community_id": 509, "community_name": "Gikal", "community_aliases": "No aliases recorded with NTG DIPL", "community_type": "Family Outstation", "main_language": "Not recorded", "local_govt_council": "EAST ARNHEM", "land_council": "NORTHERN LAND COUNCIL", "ntg_region": "EAST ARNHEM", "bushtel_url": "https://bushtel.nt.gov.au/profile/509", "population_count": 9, "population_used_in_index": 9, "population_basis": "risk_dataset", "longitude": 136.32037, "latitude": -12.05218, "risk_rating": "Low", "fire_plan": "No", "firebreak": "Yes", "fuel_reduction": "Yes", "has_coverage": false, "coverage_status": "Outside predicted coverage", "nearest_tower_km": 16.9, "nearby_carriers": 1, "carrier_names": "Telstra", "hazard_H": 0.3, "unreachability_U": 0.6682, "exposure_E": 0.2913, "wbi_score": 38.8, "wbi_tier": "Moderate", "wbi_rank": 484, "strict_blackspot": false}, "geometry": {"type": "Point", "coordinates": [136.32037, -12.05218]}}, {"type": "Feature", "properties": {"objectid": 786, "community_id": 786, "community_name": "Williams Well", "community_aliases": "PWAYNE,WILLIAMS CAMP", "community_type": "Family Outstation", "main_language": "Not recorded", "local_govt_council": "MACDONNELL", "land_council": "CENTRAL LAND COUNCIL", "ntg_region": "CENTRAL AUSTRALIA", "bushtel_url": "https://bushtel.nt.gov.au/profile/786", "population_count": 8, "population_used_in_index": 8, "population_basis": "risk_dataset", "longitude": 134.27874, "latitude": -23.67327, "risk_rating": "Low", "fire_plan": "Yes", "firebreak": "Yes", "fuel_reduction": "Yes", "has_coverage": false, "coverage_status": "Outside predicted coverage", "nearest_tower_km": 20.7, "nearby_carriers": 1, "carrier_names": "Optus", "hazard_H": 0.3, "unreachability_U": 0.6936, "exposure_E": 0.2779, "wbi_score": 38.7, "wbi_tier": "Moderate", "wbi_rank": 488, "strict_blackspot": false}, "geometry": {"type": "Point", "coordinates": [134.27874, -23.67327]}}, {"type": "Feature", "properties": {"objectid": 355, "community_id": 355, "community_name": "Mamadawerre", "community_aliases": "MAMADAWERRI,SOUTH GUMADEER", "community_type": "Family Outstation", "main_language": "Not recorded", "local_govt_council": "WEST ARNHEM", "land_council": "NORTHERN LAND COUNCIL", "ntg_region": "TOP END", "bushtel_url": "https://bushtel.nt.gov.au/profile/355", "population_count": 30, "population_used_in_index": 30, "population_basis": "risk_dataset", "longitude": 133.65782, "latitude": -12.25629, "risk_rating": "Moderate", "fire_plan": "No", "firebreak": "Yes", "fuel_reduction": "Yes", "has_coverage": true, "coverage_status": "Inside predicted coverage", "nearest_tower_km": 0.0, "nearby_carriers": 1, "carrier_names": "Telstra", "hazard_H": 0.6, "unreachability_U": 0.2222, "exposure_E": 0.4344, "wbi_score": 38.7, "wbi_tier": "Moderate", "wbi_rank": 488, "strict_blackspot": false}, "geometry": {"type": "Point", "coordinates": [133.65782, -12.25629]}}, {"type": "Feature", "properties": {"objectid": 424, "community_id": 424, "community_name": "Taracumbi", "community_aliases": "TARINTIPI,TARRACUMBI,TURACUMBI", "community_type": "Family Outstation", "main_language": "Not recorded", "local_govt_council": "TIWI ISLANDS", "land_council": "TIWI LAND COUNCIL", "ntg_region": "TOP END", "bushtel_url": "https://bushtel.nt.gov.au/profile/424", "population_count": null, "population_used_in_index": 8, "population_basis": "imputed_type_median", "longitude": 130.71131, "latitude": -11.60806, "risk_rating": "Moderate", "fire_plan": "No", "firebreak": "No", "fuel_reduction": "No", "has_coverage": true, "coverage_status": "Inside predicted coverage", "nearest_tower_km": 18.4, "nearby_carriers": 1, "carrier_names": "Telstra", "hazard_H": 0.6, "unreachability_U": 0.3449, "exposure_E": 0.2779, "wbi_score": 38.6, "wbi_tier": "Moderate", "wbi_rank": 490, "strict_blackspot": false}, "geometry": {"type": "Point", "coordinates": [130.71131, -11.60806]}}, {"type": "Feature", "properties": {"objectid": 887, "community_id": 887, "community_name": "Nabbarla Kunindabba", "community_aliases": "NAQARLA,ROCKY POINT", "community_type": "Family Outstation", "main_language": "Not recorded", "local_govt_council": "WEST ARNHEM", "land_council": "NORTHERN LAND COUNCIL", "ntg_region": "TOP END", "bushtel_url": "https://bushtel.nt.gov.au/profile/887", "population_count": null, "population_used_in_index": 8, "population_basis": "imputed_type_median", "longitude": 134.40225, "latitude": -12.06125, "risk_rating": "Moderate", "fire_plan": "No", "firebreak": "No", "fuel_reduction": "No", "has_coverage": true, "coverage_status": "Inside predicted coverage", "nearest_tower_km": 18.6, "nearby_carriers": 1, "carrier_names": "Telstra", "hazard_H": 0.6, "unreachability_U": 0.3462, "exposure_E": 0.2779, "wbi_score": 38.6, "wbi_tier": "Moderate", "wbi_rank": 490, "strict_blackspot": false}, "geometry": {"type": "Point", "coordinates": [134.40225, -12.06125]}}, {"type": "Feature", "properties": {"objectid": 648, "community_id": 648, "community_name": "Muruning", "community_aliases": "DARBY'S,MURINGUNG,MURRUNING,TIMBER CREEK", "community_type": "Family Outstation", "main_language": "Not recorded", "local_govt_council": "VICTORIA DALY", "land_council": "NORTHERN LAND COUNCIL", "ntg_region": "BIG RIVERS", "bushtel_url": "https://bushtel.nt.gov.au/profile/648", "population_count": 23, "population_used_in_index": 23, "population_basis": "risk_dataset", "longitude": 130.48457, "latitude": -15.67527, "risk_rating": "Moderate", "fire_plan": "No", "firebreak": "Yes", "fuel_reduction": "Yes", "has_coverage": true, "coverage_status": "Inside predicted coverage", "nearest_tower_km": 2.2, "nearby_carriers": 1, "carrier_names": "Telstra", "hazard_H": 0.6, "unreachability_U": 0.2369, "exposure_E": 0.402, "wbi_score": 38.5, "wbi_tier": "Moderate", "wbi_rank": 492, "strict_blackspot": false}, "geometry": {"type": "Point", "coordinates": [130.48457, -15.67527]}}, {"type": "Feature", "properties": {"objectid": 996, "community_id": 996, "community_name": "Wundigalla", "community_aliases": "No aliases recorded with NTG DIPL", "community_type": "Family Outstation", "main_language": "Not recorded", "local_govt_council": "ROPER GULF", "land_council": "NORTHERN LAND COUNCIL", "ntg_region": "BIG RIVERS", "bushtel_url": "https://bushtel.nt.gov.au/profile/996", "population_count": 6, "population_used_in_index": 6, "population_basis": "risk_dataset", "longitude": 137.043069, "latitude": -16.475569, "risk_rating": "Low", "fire_plan": "No", "firebreak": "Yes", "fuel_reduction": "Yes", "has_coverage": false, "coverage_status": "Outside predicted coverage", "nearest_tower_km": 32.0, "nearby_carriers": 1, "carrier_names": "Telstra", "hazard_H": 0.3, "unreachability_U": 0.7689, "exposure_E": 0.2461, "wbi_score": 38.4, "wbi_tier": "Moderate", "wbi_rank": 493, "strict_blackspot": false}, "geometry": {"type": "Point", "coordinates": [137.043069, -16.475569]}}, {"type": "Feature", "properties": {"objectid": 43, "community_id": 43, "community_name": "Hermannsburg", "community_aliases": "NTARIA", "community_type": "Major", "main_language": "Western Arrernte", "local_govt_council": "MACDONNELL", "land_council": "CENTRAL LAND COUNCIL", "ntg_region": "CENTRAL AUSTRALIA", "bushtel_url": "https://bushtel.nt.gov.au/profile/43", "population_count": 711, "population_used_in_index": 711, "population_basis": "risk_dataset", "longitude": 132.7787, "latitude": -23.9427, "risk_rating": "Moderate", "fire_plan": "Yes", "firebreak": "Yes", "fuel_reduction": "Yes", "has_coverage": true, "coverage_status": "Inside predicted coverage", "nearest_tower_km": 0.2, "nearby_carriers": 2, "carrier_names": "Optus, Telstra", "hazard_H": 0.6, "unreachability_U": 0.1124, "exposure_E": 0.8308, "wbi_score": 38.3, "wbi_tier": "Moderate", "wbi_rank": 494, "strict_blackspot": false}, "geometry": {"type": "Point", "coordinates": [132.7787, -23.9427]}}, {"type": "Feature", "properties": {"objectid": 894, "community_id": 894, "community_name": "Marramarrani", "community_aliases": "No aliases recorded with NTG DIPL", "community_type": "Family Outstation", "main_language": "Not recorded", "local_govt_council": "WEST ARNHEM", "land_council": "NORTHERN LAND COUNCIL", "ntg_region": "TOP END", "bushtel_url": "https://bushtel.nt.gov.au/profile/894", "population_count": null, "population_used_in_index": 8, "population_basis": "imputed_type_median", "longitude": 132.55341, "latitude": -11.30261, "risk_rating": "Moderate", "fire_plan": "No", "firebreak": "No", "fuel_reduction": "No", "has_coverage": true, "coverage_status": "Inside predicted coverage", "nearest_tower_km": 17.3, "nearby_carriers": 1, "carrier_names": "Telstra", "hazard_H": 0.6, "unreachability_U": 0.3376, "exposure_E": 0.2779, "wbi_score": 38.3, "wbi_tier": "Moderate", "wbi_rank": 494, "strict_blackspot": false}, "geometry": {"type": "Point", "coordinates": [132.55341, -11.30261]}}, {"type": "Feature", "properties": {"objectid": 1007, "community_id": 1007, "community_name": "Kabulwarnamyo", "community_aliases": "NORHNI", "community_type": "Family Outstation", "main_language": "Not recorded", "local_govt_council": "WEST ARNHEM", "land_council": "NORTHERN LAND COUNCIL", "ntg_region": "TOP END", "bushtel_url": "https://bushtel.nt.gov.au/profile/1007", "population_count": 4, "population_used_in_index": 4, "population_basis": "bushtel", "longitude": 133.84472, "latitude": -12.76486, "risk_rating": "Low", "fire_plan": "No", "firebreak": "Yes", "fuel_reduction": "Yes", "has_coverage": false, "coverage_status": "Outside predicted coverage", "nearest_tower_km": 38.1, "nearby_carriers": 0, "carrier_names": "None", "hazard_H": 0.3, "unreachability_U": 0.9207, "exposure_E": 0.2036, "wbi_score": 38.3, "wbi_tier": "Moderate", "wbi_rank": 494, "strict_blackspot": false}, "geometry": {"type": "Point", "coordinates": [133.84472, -12.76486]}}, {"type": "Feature", "properties": {"objectid": 792, "community_id": 792, "community_name": "Barridjowkeng", "community_aliases": "BARRIDJOWEN,BARRIHYOWKENG", "community_type": "Family Outstation", "main_language": "Not recorded", "local_govt_council": "WEST ARNHEM", "land_council": "NORTHERN LAND COUNCIL", "ntg_region": "TOP END", "bushtel_url": "https://bushtel.nt.gov.au/profile/792", "population_count": 7, "population_used_in_index": 7, "population_basis": "risk_dataset", "longitude": 134.17529, "latitude": -12.348625, "risk_rating": "Low", "fire_plan": "No", "firebreak": "Yes", "fuel_reduction": "Yes", "has_coverage": false, "coverage_status": "Outside predicted coverage", "nearest_tower_km": 22.6, "nearby_carriers": 1, "carrier_names": "Telstra", "hazard_H": 0.3, "unreachability_U": 0.7062, "exposure_E": 0.263, "wbi_score": 38.2, "wbi_tier": "Moderate", "wbi_rank": 497, "strict_blackspot": false}, "geometry": {"type": "Point", "coordinates": [134.17529, -12.348625]}}, {"type": "Feature", "properties": {"objectid": 519, "community_id": 519, "community_name": "Langarra", "community_aliases": "HOWARD ISLAND", "community_type": "Family Outstation", "main_language": "Not recorded", "local_govt_council": "EAST ARNHEM", "land_council": "NORTHERN LAND COUNCIL", "ntg_region": "EAST ARNHEM", "bushtel_url": "https://bushtel.nt.gov.au/profile/519", "population_count": 45, "population_used_in_index": 45, "population_basis": "risk_dataset", "longitude": 135.361681, "latitude": -12.099181, "risk_rating": "Low", "fire_plan": "No", "firebreak": "Yes", "fuel_reduction": "Yes", "has_coverage": true, "coverage_status": "Inside predicted coverage", "nearest_tower_km": 23.6, "nearby_carriers": 1, "carrier_names": "Telstra", "hazard_H": 0.3, "unreachability_U": 0.3796, "exposure_E": 0.4843, "wbi_score": 38.1, "wbi_tier": "Moderate", "wbi_rank": 498, "strict_blackspot": false}, "geometry": {"type": "Point", "coordinates": [135.361681, -12.099181]}}, {"type": "Feature", "properties": {"objectid": 24905, "community_id": 24905, "community_name": "Gulardi", "community_aliases": "No aliases recorded with NTG DIPL", "community_type": "Family Outstation", "main_language": "Not recorded", "local_govt_council": "VICTORIA DALY", "land_council": "NORTHERN LAND COUNCIL", "ntg_region": "BIG RIVERS", "bushtel_url": "https://bushtel.nt.gov.au/profile/24905", "population_count": 23, "population_used_in_index": 23, "population_basis": "risk_dataset", "longitude": 130.483989, "latitude": -15.713256, "risk_rating": "Moderate", "fire_plan": "No", "firebreak": "Yes", "fuel_reduction": "Yes", "has_coverage": true, "coverage_status": "Inside predicted coverage", "nearest_tower_km": 0.7, "nearby_carriers": 1, "carrier_names": "Telstra", "hazard_H": 0.6, "unreachability_U": 0.2269, "exposure_E": 0.402, "wbi_score": 38.0, "wbi_tier": "Moderate", "wbi_rank": 499, "strict_blackspot": false}, "geometry": {"type": "Point", "coordinates": [130.483989, -15.713256]}}, {"type": "Feature", "properties": {"objectid": 761, "community_id": 761, "community_name": "Amundurngua", "community_aliases": "No aliases recorded with NTG DIPL", "community_type": "Family Outstation", "main_language": "Not recorded", "local_govt_council": "MACDONNELL", "land_council": "CENTRAL LAND COUNCIL", "ntg_region": "CENTRAL AUSTRALIA", "bushtel_url": "https://bushtel.nt.gov.au/profile/761", "population_count": 8, "population_used_in_index": 8, "population_basis": "risk_dataset", "longitude": 131.42343, "latitude": -23.27143, "risk_rating": "Low", "fire_plan": "No", "firebreak": "Yes", "fuel_reduction": "Yes", "has_coverage": false, "coverage_status": "Outside predicted coverage", "nearest_tower_km": 15.0, "nearby_carriers": 1, "carrier_names": "Telstra", "hazard_H": 0.3, "unreachability_U": 0.6556, "exposure_E": 0.2779, "wbi_score": 38.0, "wbi_tier": "Moderate", "wbi_rank": 499, "strict_blackspot": false}, "geometry": {"type": "Point", "coordinates": [131.42343, -23.27143]}}, {"type": "Feature", "properties": {"objectid": 315, "community_id": 315, "community_name": "Gamardi", "community_aliases": "GAMEDI,JIMARDE", "community_type": "Family Outstation", "main_language": "Not recorded", "local_govt_council": "WEST ARNHEM", "land_council": "NORTHERN LAND COUNCIL", "ntg_region": "TOP END", "bushtel_url": "https://bushtel.nt.gov.au/profile/315", "population_count": 24, "population_used_in_index": 24, "population_basis": "risk_dataset", "longitude": 134.68321, "latitude": -12.27398, "risk_rating": "Moderate", "fire_plan": "No", "firebreak": "Yes", "fuel_reduction": "Yes", "has_coverage": true, "coverage_status": "Inside predicted coverage", "nearest_tower_km": 0.1, "nearby_carriers": 1, "carrier_names": "Telstra", "hazard_H": 0.6, "unreachability_U": 0.2229, "exposure_E": 0.4072, "wbi_score": 37.9, "wbi_tier": "Moderate", "wbi_rank": 501, "strict_blackspot": false}, "geometry": {"type": "Point", "coordinates": [134.68321, -12.27398]}}, {"type": "Feature", "properties": {"objectid": 563, "community_id": 563, "community_name": "Wumajbarr", "community_aliases": "WUMARRDJBARR", "community_type": "Family Outstation", "main_language": "Not recorded", "local_govt_council": "ROPER GULF", "land_council": "NORTHERN LAND COUNCIL", "ntg_region": "BIG RIVERS", "bushtel_url": "https://bushtel.nt.gov.au/profile/563", "population_count": 8, "population_used_in_index": 8, "population_basis": "risk_dataset", "longitude": 135.69241, "latitude": -14.16648, "risk_rating": "Low", "fire_plan": "No", "firebreak": "Yes", "fuel_reduction": "Yes", "has_coverage": false, "coverage_status": "Outside predicted coverage", "nearest_tower_km": 13.5, "nearby_carriers": 1, "carrier_names": "Telstra", "hazard_H": 0.3, "unreachability_U": 0.6456, "exposure_E": 0.2779, "wbi_score": 37.8, "wbi_tier": "Moderate", "wbi_rank": 502, "strict_blackspot": false}, "geometry": {"type": "Point", "coordinates": [135.69241, -14.16648]}}, {"type": "Feature", "properties": {"objectid": 573, "community_id": 573, "community_name": "Yanbakwa", "community_aliases": "YANBAGWA,YENBAGWA,YENBAKWA,YENBAKWAY", "community_type": "Family Outstation", "main_language": "Not recorded", "local_govt_council": "EAST ARNHEM", "land_council": "ANINDILYAKWA LAND COUNCIL", "ntg_region": "EAST ARNHEM", "bushtel_url": "https://bushtel.nt.gov.au/profile/573", "population_count": 5, "population_used_in_index": 5, "population_basis": "risk_dataset", "longitude": 136.456125, "latitude": -14.216681, "risk_rating": "Moderate", "fire_plan": "No", "firebreak": "Yes", "fuel_reduction": "Yes", "has_coverage": true, "coverage_status": "Inside predicted coverage", "nearest_tower_km": 26.1, "nearby_carriers": 1, "carrier_names": "Telstra", "hazard_H": 0.6, "unreachability_U": 0.3962, "exposure_E": 0.2266, "wbi_score": 37.8, "wbi_tier": "Moderate", "wbi_rank": 502, "strict_blackspot": false}, "geometry": {"type": "Point", "coordinates": [136.456125, -14.216681]}}, {"type": "Feature", "properties": {"objectid": 303, "community_id": 303, "community_name": "Yilan", "community_aliases": "BUNBAWA,MU-GANARRA,MUGANARRA,MURGANARRA,Y'LAN", "community_type": "Family Outstation", "main_language": "Not recorded", "local_govt_council": "WEST ARNHEM", "land_council": "NORTHERN LAND COUNCIL", "ntg_region": "TOP END", "bushtel_url": "https://bushtel.nt.gov.au/profile/303", "population_count": 20, "population_used_in_index": 20, "population_basis": "risk_dataset", "longitude": 134.621958, "latitude": -12.042514, "risk_rating": "Moderate", "fire_plan": "No", "firebreak": "Yes", "fuel_reduction": "Yes", "has_coverage": true, "coverage_status": "Inside predicted coverage", "nearest_tower_km": 1.7, "nearby_carriers": 1, "carrier_names": "Telstra", "hazard_H": 0.6, "unreachability_U": 0.2336, "exposure_E": 0.3851, "wbi_score": 37.8, "wbi_tier": "Moderate", "wbi_rank": 502, "strict_blackspot": false}, "geometry": {"type": "Point", "coordinates": [134.621958, -12.042514]}}, {"type": "Feature", "properties": {"objectid": 501, "community_id": 501, "community_name": "Mooronga", "community_aliases": "GARANDJIRRNGURA,GARMALATJIRRINA,MOOROONGGA ISLAND,MOORUNGA ISLAND", "community_type": "Family Outstation", "main_language": "Not recorded", "local_govt_council": "EAST ARNHEM", "land_council": "NORTHERN LAND COUNCIL", "ntg_region": "EAST ARNHEM", "bushtel_url": "https://bushtel.nt.gov.au/profile/501", "population_count": 30, "population_used_in_index": 30, "population_basis": "risk_dataset", "longitude": 135.0749, "latitude": -11.92119, "risk_rating": "Low", "fire_plan": "No", "firebreak": "Yes", "fuel_reduction": "Yes", "has_coverage": true, "coverage_status": "Inside predicted coverage", "nearest_tower_km": 28.7, "nearby_carriers": 1, "carrier_names": "Telstra", "hazard_H": 0.3, "unreachability_U": 0.4136, "exposure_E": 0.4344, "wbi_score": 37.8, "wbi_tier": "Moderate", "wbi_rank": 502, "strict_blackspot": false}, "geometry": {"type": "Point", "coordinates": [135.0749, -11.92119]}}, {"type": "Feature", "properties": {"objectid": 1009, "community_id": 1009, "community_name": "Corkwood Bore", "community_aliases": "AULPERENGE,MORRIS DAM", "community_type": "Family Outstation", "main_language": "Not recorded", "local_govt_council": "MACDONNELL", "land_council": "CENTRAL LAND COUNCIL", "ntg_region": "CENTRAL AUSTRALIA", "bushtel_url": "https://bushtel.nt.gov.au/profile/1009", "population_count": 27, "population_used_in_index": 27, "population_basis": "risk_dataset", "longitude": 133.86792, "latitude": -23.31225, "risk_rating": "Low", "fire_plan": "Yes", "firebreak": "Yes", "fuel_reduction": "Yes", "has_coverage": true, "coverage_status": "Inside predicted coverage", "nearest_tower_km": 30.3, "nearby_carriers": 1, "carrier_names": "Telstra", "hazard_H": 0.3, "unreachability_U": 0.4242, "exposure_E": 0.4215, "wbi_score": 37.7, "wbi_tier": "Moderate", "wbi_rank": 506, "strict_blackspot": false}, "geometry": {"type": "Point", "coordinates": [133.86792, -23.31225]}}, {"type": "Feature", "properties": {"objectid": 45, "community_id": 45, "community_name": "Ilkarralalama", "community_aliases": "ILKARILALAMA", "community_type": "Family Outstation", "main_language": "Not recorded", "local_govt_council": "MACDONNELL", "land_council": "CENTRAL LAND COUNCIL", "ntg_region": "CENTRAL AUSTRALIA", "bushtel_url": "https://bushtel.nt.gov.au/profile/45", "population_count": 2, "population_used_in_index": 2, "population_basis": "bushtel", "longitude": 132.46504, "latitude": -23.96461, "risk_rating": "Moderate", "fire_plan": "No", "firebreak": "No", "fuel_reduction": "No", "has_coverage": false, "coverage_status": "Outside predicted coverage", "nearest_tower_km": 29.7, "nearby_carriers": 2, "carrier_names": "Optus, Telstra", "hazard_H": 0.6, "unreachability_U": 0.6424, "exposure_E": 0.139, "wbi_score": 37.7, "wbi_tier": "Moderate", "wbi_rank": 506, "strict_blackspot": false}, "geometry": {"type": "Point", "coordinates": [132.46504, -23.96461]}}, {"type": "Feature", "properties": {"objectid": 640, "community_id": 640, "community_name": "Pine Creek Compound", "community_aliases": "STOCKADE CAMP", "community_type": "Town Camp", "main_language": "Not recorded", "local_govt_council": "VICTORIA DALY", "land_council": "NORTHERN LAND COUNCIL", "ntg_region": "BIG RIVERS", "bushtel_url": "https://bushtel.nt.gov.au/profile/640", "population_count": 20, "population_used_in_index": 20, "population_basis": "risk_dataset", "longitude": 131.83106, "latitude": -13.81601, "risk_rating": "Moderate", "fire_plan": "No", "firebreak": "Yes", "fuel_reduction": "Yes", "has_coverage": true, "coverage_status": "Inside predicted coverage", "nearest_tower_km": 1.3, "nearby_carriers": 1, "carrier_names": "Telstra", "hazard_H": 0.6, "unreachability_U": 0.2309, "exposure_E": 0.3851, "wbi_score": 37.6, "wbi_tier": "Moderate", "wbi_rank": 508, "strict_blackspot": false}, "geometry": {"type": "Point", "coordinates": [131.83106, -13.81601]}}, {"type": "Feature", "properties": {"objectid": 953, "community_id": 953, "community_name": "Spotted Tiger", "community_aliases": "UNPEYEKENHE", "community_type": "Family Outstation", "main_language": "Not recorded", "local_govt_council": "CENTRAL DESERT", "land_council": "CENTRAL LAND COUNCIL", "ntg_region": "CENTRAL AUSTRALIA", "bushtel_url": "https://bushtel.nt.gov.au/profile/953", "population_count": 9, "population_used_in_index": 9, "population_basis": "risk_dataset", "longitude": 134.91761, "latitude": -23.04308, "risk_rating": "Low", "fire_plan": "No", "firebreak": "Yes", "fuel_reduction": "Yes", "has_coverage": false, "coverage_status": "Outside predicted coverage", "nearest_tower_km": 7.8, "nearby_carriers": 1, "carrier_names": "Telstra", "hazard_H": 0.3, "unreachability_U": 0.6076, "exposure_E": 0.2913, "wbi_score": 37.6, "wbi_tier": "Moderate", "wbi_rank": 508, "strict_blackspot": false}, "geometry": {"type": "Point", "coordinates": [134.91761, -23.04308]}}, {"type": "Feature", "properties": {"objectid": 23746, "community_id": 23746, "community_name": "Ngarilikirlangu", "community_aliases": "No aliases recorded with NTG DIPL", "community_type": "Family Outstation", "main_language": "Not recorded", "local_govt_council": "CENTRAL DESERT", "land_council": "CENTRAL LAND COUNCIL", "ntg_region": "CENTRAL AUSTRALIA", "bushtel_url": "https://bushtel.nt.gov.au/profile/23746", "population_count": null, "population_used_in_index": 8, "population_basis": "imputed_type_median", "longitude": 131.77302, "latitude": -22.12594, "risk_rating": "Moderate", "fire_plan": "No", "firebreak": "No", "fuel_reduction": "No", "has_coverage": true, "coverage_status": "Inside predicted coverage", "nearest_tower_km": 14.2, "nearby_carriers": 1, "carrier_names": "Telstra", "hazard_H": 0.6, "unreachability_U": 0.3169, "exposure_E": 0.2779, "wbi_score": 37.5, "wbi_tier": "Moderate", "wbi_rank": 510, "strict_blackspot": false}, "geometry": {"type": "Point", "coordinates": [131.77302, -22.12594]}}, {"type": "Feature", "properties": {"objectid": 709, "community_id": 709, "community_name": "Ilperle", "community_aliases": "DEAD HORSE SOAK,ILPARLE,JINKA", "community_type": "Family Outstation", "main_language": "Not recorded", "local_govt_council": "CENTRAL DESERT", "land_council": "CENTRAL LAND COUNCIL", "ntg_region": "CENTRAL AUSTRALIA", "bushtel_url": "https://bushtel.nt.gov.au/profile/709", "population_count": 3, "population_used_in_index": 3, "population_basis": "risk_dataset", "longitude": 135.71575, "latitude": -22.92737, "risk_rating": "Low", "fire_plan": "No", "firebreak": "Yes", "fuel_reduction": "Yes", "has_coverage": false, "coverage_status": "Outside predicted coverage", "nearest_tower_km": 48.9, "nearby_carriers": 0, "carrier_names": "None", "hazard_H": 0.3, "unreachability_U": 0.9927, "exposure_E": 0.1754, "wbi_score": 37.4, "wbi_tier": "Moderate", "wbi_rank": 511, "strict_blackspot": false}, "geometry": {"type": "Point", "coordinates": [135.71575, -22.92737]}}, {"type": "Feature", "properties": {"objectid": 712, "community_id": 712, "community_name": "Artekerre", "community_aliases": "ARTERRE,HARRY CREEK,MCGRATH FLAT", "community_type": "Family Outstation", "main_language": "Not recorded", "local_govt_council": "MACDONNELL", "land_council": "CENTRAL LAND COUNCIL", "ntg_region": "CENTRAL AUSTRALIA", "bushtel_url": "https://bushtel.nt.gov.au/profile/712", "population_count": 24, "population_used_in_index": 24, "population_basis": "risk_dataset", "longitude": 133.766604, "latitude": -23.257387, "risk_rating": "Low", "fire_plan": "Yes", "firebreak": "Yes", "fuel_reduction": "Yes", "has_coverage": true, "coverage_status": "Inside predicted coverage", "nearest_tower_km": 30.9, "nearby_carriers": 1, "carrier_names": "Telstra", "hazard_H": 0.3, "unreachability_U": 0.4282, "exposure_E": 0.4072, "wbi_score": 37.4, "wbi_tier": "Moderate", "wbi_rank": 511, "strict_blackspot": false}, "geometry": {"type": "Point", "coordinates": [133.766604, -23.257387]}}, {"type": "Feature", "properties": {"objectid": 896, "community_id": 896, "community_name": "Dhambala", "community_aliases": "No aliases recorded with NTG DIPL", "community_type": "Family Outstation", "main_language": "Not recorded", "local_govt_council": "EAST ARNHEM", "land_council": "NORTHERN LAND COUNCIL", "ntg_region": "EAST ARNHEM", "bushtel_url": "https://bushtel.nt.gov.au/profile/896", "population_count": 16, "population_used_in_index": 16, "population_basis": "risk_dataset", "longitude": 135.5609, "latitude": -12.0526, "risk_rating": "Moderate", "fire_plan": "No", "firebreak": "No", "fuel_reduction": "Yes", "has_coverage": true, "coverage_status": "Inside predicted coverage", "nearest_tower_km": 3.1, "nearby_carriers": 1, "carrier_names": "Telstra", "hazard_H": 0.6, "unreachability_U": 0.2429, "exposure_E": 0.3584, "wbi_score": 37.4, "wbi_tier": "Moderate", "wbi_rank": 511, "strict_blackspot": false}, "geometry": {"type": "Point", "coordinates": [135.5609, -12.0526]}}, {"type": "Feature", "properties": {"objectid": 499, "community_id": 457, "community_name": "Ganpura", "community_aliases": "BAN'TALA,BANDHULA,BANT'THULA,GAMPURA,GANPURA", "community_type": "Family Outstation", "main_language": "Not recorded", "local_govt_council": "EAST ARNHEM", "land_council": "NORTHERN LAND COUNCIL", "ntg_region": "EAST ARNHEM", "bushtel_url": "https://bushtel.nt.gov.au/profile/457", "population_count": 5, "population_used_in_index": 5, "population_basis": "risk_dataset", "longitude": 135.812353, "latitude": -11.885225, "risk_rating": "Low", "fire_plan": "No", "firebreak": "Yes", "fuel_reduction": "Yes", "has_coverage": false, "coverage_status": "Outside predicted coverage", "nearest_tower_km": 31.1, "nearby_carriers": 1, "carrier_names": "Telstra", "hazard_H": 0.3, "unreachability_U": 0.7629, "exposure_E": 0.2266, "wbi_score": 37.3, "wbi_tier": "Moderate", "wbi_rank": 514, "strict_blackspot": false}, "geometry": {"type": "Point", "coordinates": [135.812353, -11.885225]}}, {"type": "Feature", "properties": {"objectid": 335, "community_id": 335, "community_name": "Ararlagu", "community_aliases": "ILLIARU,NORTH GOULBURN,NORTH GOULBURN ISLAND,WEIRA", "community_type": "Family Outstation", "main_language": "Not recorded", "local_govt_council": "WEST ARNHEM", "land_council": "NORTHERN LAND COUNCIL", "ntg_region": "TOP END", "bushtel_url": "https://bushtel.nt.gov.au/profile/335", "population_count": null, "population_used_in_index": 8, "population_basis": "imputed_type_median", "longitude": 133.39848, "latitude": -11.52722, "risk_rating": "Moderate", "fire_plan": "No", "firebreak": "No", "fuel_reduction": "No", "has_coverage": true, "coverage_status": "Inside predicted coverage", "nearest_tower_km": 13.5, "nearby_carriers": 1, "carrier_names": "Telstra", "hazard_H": 0.6, "unreachability_U": 0.3122, "exposure_E": 0.2779, "wbi_score": 37.3, "wbi_tier": "Moderate", "wbi_rank": 514, "strict_blackspot": false}, "geometry": {"type": "Point", "coordinates": [133.39848, -11.52722]}}, {"type": "Feature", "properties": {"objectid": 4, "community_id": 4, "community_name": "Alkipi", "community_aliases": "ALKIPIE,ALKPIE,MOUNT LARRY,YALKIPI", "community_type": "Family Outstation", "main_language": "Not recorded", "local_govt_council": "MACDONNELL", "land_council": "CENTRAL LAND COUNCIL", "ntg_region": "CENTRAL AUSTRALIA", "bushtel_url": "https://bushtel.nt.gov.au/profile/4", "population_count": null, "population_used_in_index": 8, "population_basis": "imputed_type_median", "longitude": 131.82924, "latitude": -23.27356, "risk_rating": "Moderate", "fire_plan": "No", "firebreak": "No", "fuel_reduction": "No", "has_coverage": true, "coverage_status": "Inside predicted coverage", "nearest_tower_km": 13.3, "nearby_carriers": 1, "carrier_names": "Telstra", "hazard_H": 0.6, "unreachability_U": 0.3109, "exposure_E": 0.2779, "wbi_score": 37.3, "wbi_tier": "Moderate", "wbi_rank": 514, "strict_blackspot": false}, "geometry": {"type": "Point", "coordinates": [131.82924, -23.27356]}}, {"type": "Feature", "properties": {"objectid": 803, "community_id": 803, "community_name": "Buymarr", "community_aliases": "BUYMARRWUY", "community_type": "Family Outstation", "main_language": "Not recorded", "local_govt_council": "EAST ARNHEM", "land_council": "NORTHERN LAND COUNCIL", "ntg_region": "EAST ARNHEM", "bushtel_url": "https://bushtel.nt.gov.au/profile/803", "population_count": 8, "population_used_in_index": 8, "population_basis": "risk_dataset", "longitude": 136.63653, "latitude": -12.69827, "risk_rating": "Low", "fire_plan": "No", "firebreak": "Yes", "fuel_reduction": "Yes", "has_coverage": false, "coverage_status": "Outside predicted coverage", "nearest_tower_km": 10.1, "nearby_carriers": 1, "carrier_names": "Telstra", "hazard_H": 0.3, "unreachability_U": 0.6229, "exposure_E": 0.2779, "wbi_score": 37.3, "wbi_tier": "Moderate", "wbi_rank": 514, "strict_blackspot": false}, "geometry": {"type": "Point", "coordinates": [136.63653, -12.69827]}}, {"type": "Feature", "properties": {"objectid": 428, "community_id": 428, "community_name": "Waminari", "community_aliases": "WAMANARI,WAMINARA,WAMINARRA BAY", "community_type": "Family Outstation", "main_language": "Not recorded", "local_govt_council": "WEST ARNHEM", "land_council": "NORTHERN LAND COUNCIL", "ntg_region": "TOP END", "bushtel_url": "https://bushtel.nt.gov.au/profile/428", "population_count": null, "population_used_in_index": 8, "population_basis": "imputed_type_median", "longitude": 133.39754, "latitude": -11.768607, "risk_rating": "Moderate", "fire_plan": "No", "firebreak": "No", "fuel_reduction": "No", "has_coverage": true, "coverage_status": "Inside predicted coverage", "nearest_tower_km": 13.5, "nearby_carriers": 1, "carrier_names": "Telstra", "hazard_H": 0.6, "unreachability_U": 0.3122, "exposure_E": 0.2779, "wbi_score": 37.3, "wbi_tier": "Moderate", "wbi_rank": 514, "strict_blackspot": false}, "geometry": {"type": "Point", "coordinates": [133.39754, -11.768607]}}, {"type": "Feature", "properties": {"objectid": 468, "community_id": 468, "community_name": "Bundatharri", "community_aliases": "BUNDADHARRI", "community_type": "Family Outstation", "main_language": "Not recorded", "local_govt_council": "EAST ARNHEM", "land_council": "NORTHERN LAND COUNCIL", "ntg_region": "EAST ARNHEM", "bushtel_url": "https://bushtel.nt.gov.au/profile/468", "population_count": null, "population_used_in_index": 8, "population_basis": "imputed_type_median", "longitude": 134.84672, "latitude": -12.23568, "risk_rating": "Moderate", "fire_plan": "No", "firebreak": "No", "fuel_reduction": "No", "has_coverage": true, "coverage_status": "Inside predicted coverage", "nearest_tower_km": 13.5, "nearby_carriers": 1, "carrier_names": "Telstra", "hazard_H": 0.6, "unreachability_U": 0.3122, "exposure_E": 0.2779, "wbi_score": 37.3, "wbi_tier": "Moderate", "wbi_rank": 514, "strict_blackspot": false}, "geometry": {"type": "Point", "coordinates": [134.84672, -12.23568]}}, {"type": "Feature", "properties": {"objectid": 985, "community_id": 985, "community_name": "Undurana 2A", "community_aliases": "No aliases recorded with NTG DIPL", "community_type": "Family Outstation", "main_language": "Not recorded", "local_govt_council": "MACDONNELL", "land_council": "CENTRAL LAND COUNCIL", "ntg_region": "CENTRAL AUSTRALIA", "bushtel_url": "https://bushtel.nt.gov.au/profile/985", "population_count": 1, "population_used_in_index": 1, "population_basis": "risk_dataset", "longitude": 132.105292, "latitude": -23.759181, "risk_rating": "Moderate", "fire_plan": "No", "firebreak": "Yes", "fuel_reduction": "Yes", "has_coverage": false, "coverage_status": "Outside predicted coverage", "nearest_tower_km": 45.8, "nearby_carriers": 0, "carrier_names": "None", "hazard_H": 0.6, "unreachability_U": 0.972, "exposure_E": 0.0877, "wbi_score": 37.1, "wbi_tier": "Moderate", "wbi_rank": 520, "strict_blackspot": false}, "geometry": {"type": "Point", "coordinates": [132.105292, -23.759181]}}, {"type": "Feature", "properties": {"objectid": 360, "community_id": 360, "community_name": "Mankorlod", "community_aliases": "MANGALOD,NGANKDRLORD,NGANKORLOUD", "community_type": "Family Outstation", "main_language": "Not recorded", "local_govt_council": "WEST ARNHEM", "land_council": "NORTHERN LAND COUNCIL", "ntg_region": "TOP END", "bushtel_url": "https://bushtel.nt.gov.au/profile/360", "population_count": 6, "population_used_in_index": 6, "population_basis": "risk_dataset", "longitude": 134.27067, "latitude": -12.56501, "risk_rating": "Low", "fire_plan": "No", "firebreak": "Yes", "fuel_reduction": "Yes", "has_coverage": false, "coverage_status": "Outside predicted coverage", "nearest_tower_km": 17.6, "nearby_carriers": 1, "carrier_names": "Telstra", "hazard_H": 0.3, "unreachability_U": 0.6729, "exposure_E": 0.2461, "wbi_score": 36.8, "wbi_tier": "Moderate", "wbi_rank": 521, "strict_blackspot": false}, "geometry": {"type": "Point", "coordinates": [134.27067, -12.56501]}}, {"type": "Feature", "properties": {"objectid": 959, "community_id": 959, "community_name": "Akwalirrumanja", "community_aliases": "4 MILE,FOUR MILE", "community_type": "Family Outstation", "main_language": "Not recorded", "local_govt_council": "EAST ARNHEM", "land_council": "ANINDILYAKWA LAND COUNCIL", "ntg_region": "EAST ARNHEM", "bushtel_url": "https://bushtel.nt.gov.au/profile/959", "population_count": 13, "population_used_in_index": 13, "population_basis": "risk_dataset", "longitude": 136.77866, "latitude": -13.86346, "risk_rating": "Moderate", "fire_plan": "No", "firebreak": "Yes", "fuel_reduction": "Yes", "has_coverage": true, "coverage_status": "Inside predicted coverage", "nearest_tower_km": 3.7, "nearby_carriers": 1, "carrier_names": "Telstra", "hazard_H": 0.6, "unreachability_U": 0.2469, "exposure_E": 0.3338, "wbi_score": 36.7, "wbi_tier": "Moderate", "wbi_rank": 522, "strict_blackspot": false}, "geometry": {"type": "Point", "coordinates": [136.77866, -13.86346]}}, {"type": "Feature", "properties": {"objectid": 481, "community_id": 481, "community_name": "Borogomarra", "community_aliases": "DJAKALAJIRAPURRA,DJAKALAJIRIPURRA,MANGBIRR,MANGBIRRI", "community_type": "Family Outstation", "main_language": "Not recorded", "local_govt_council": "EAST ARNHEM", "land_council": "NORTHERN LAND COUNCIL", "ntg_region": "EAST ARNHEM", "bushtel_url": "https://bushtel.nt.gov.au/profile/481", "population_count": null, "population_used_in_index": 8, "population_basis": "imputed_type_median", "longitude": 134.97834, "latitude": -12.24159, "risk_rating": "Moderate", "fire_plan": "No", "firebreak": "No", "fuel_reduction": "No", "has_coverage": true, "coverage_status": "Inside predicted coverage", "nearest_tower_km": 11.2, "nearby_carriers": 1, "carrier_names": "Telstra", "hazard_H": 0.6, "unreachability_U": 0.2969, "exposure_E": 0.2779, "wbi_score": 36.7, "wbi_tier": "Moderate", "wbi_rank": 522, "strict_blackspot": false}, "geometry": {"type": "Point", "coordinates": [134.97834, -12.24159]}}, {"type": "Feature", "properties": {"objectid": 895, "community_id": 895, "community_name": "Adjamarragu", "community_aliases": "No aliases recorded with NTG DIPL", "community_type": "Family Outstation", "main_language": "Not recorded", "local_govt_council": "WEST ARNHEM", "land_council": "NORTHERN LAND COUNCIL", "ntg_region": "TOP END", "bushtel_url": "https://bushtel.nt.gov.au/profile/895", "population_count": null, "population_used_in_index": 8, "population_basis": "imputed_type_median", "longitude": 132.47559, "latitude": -11.15182, "risk_rating": "Moderate", "fire_plan": "No", "firebreak": "No", "fuel_reduction": "No", "has_coverage": true, "coverage_status": "Inside predicted coverage", "nearest_tower_km": 10.7, "nearby_carriers": 1, "carrier_names": "Telstra", "hazard_H": 0.6, "unreachability_U": 0.2936, "exposure_E": 0.2779, "wbi_score": 36.6, "wbi_tier": "Moderate", "wbi_rank": 524, "strict_blackspot": false}, "geometry": {"type": "Point", "coordinates": [132.47559, -11.15182]}}, {"type": "Feature", "properties": {"objectid": 590, "community_id": 590, "community_name": "Costello", "community_aliases": "CASTELLO,JILWILI,KASTELLO", "community_type": "Family Outstation", "main_language": "Not recorded", "local_govt_council": "ROPER GULF", "land_council": "NORTHERN LAND COUNCIL", "ntg_region": "BIG RIVERS", "bushtel_url": "https://bushtel.nt.gov.au/profile/590", "population_count": 5, "population_used_in_index": 5, "population_basis": "risk_dataset", "longitude": 134.88289, "latitude": -14.56453, "risk_rating": "Low", "fire_plan": "No", "firebreak": "Yes", "fuel_reduction": "Yes", "has_coverage": false, "coverage_status": "Outside predicted coverage", "nearest_tower_km": 24.8, "nearby_carriers": 1, "carrier_names": "Telstra", "hazard_H": 0.3, "unreachability_U": 0.7209, "exposure_E": 0.2266, "wbi_score": 36.6, "wbi_tier": "Moderate", "wbi_rank": 524, "strict_blackspot": false}, "geometry": {"type": "Point", "coordinates": [134.88289, -14.56453]}}, {"type": "Feature", "properties": {"objectid": 138, "community_id": 138, "community_name": "Pmara Jutunta", "community_aliases": "SIX MILE,TI TREE SIX MILE", "community_type": "Major", "main_language": "Anmatyerr / Warlpiri", "local_govt_council": "CENTRAL DESERT", "land_council": "CENTRAL LAND COUNCIL", "ntg_region": "CENTRAL AUSTRALIA", "bushtel_url": "https://bushtel.nt.gov.au/profile/138", "population_count": 207, "population_used_in_index": 207, "population_basis": "risk_dataset", "longitude": 133.43073, "latitude": -22.20878, "risk_rating": "Moderate", "fire_plan": "Yes", "firebreak": "Yes", "fuel_reduction": "Yes", "has_coverage": true, "coverage_status": "Inside predicted coverage", "nearest_tower_km": 1.3, "nearby_carriers": 2, "carrier_names": "Optus, Telstra", "hazard_H": 0.6, "unreachability_U": 0.1198, "exposure_E": 0.6751, "wbi_score": 36.5, "wbi_tier": "Moderate", "wbi_rank": 526, "strict_blackspot": false}, "geometry": {"type": "Point", "coordinates": [133.43073, -22.20878]}}, {"type": "Feature", "properties": {"objectid": 24899, "community_id": 24899, "community_name": "Black Rock Landing", "community_aliases": "No aliases recorded with NTG DIPL", "community_type": "Family Outstation", "main_language": "Not recorded", "local_govt_council": "ROPER GULF", "land_council": "NORTHERN LAND COUNCIL", "ntg_region": "BIG RIVERS", "bushtel_url": "https://bushtel.nt.gov.au/profile/24899", "population_count": 4, "population_used_in_index": 4, "population_basis": "risk_dataset", "longitude": 136.510417, "latitude": -15.920617, "risk_rating": "Moderate", "fire_plan": "No", "firebreak": "Yes", "fuel_reduction": "Yes", "has_coverage": true, "coverage_status": "Inside predicted coverage", "nearest_tower_km": 26.4, "nearby_carriers": 1, "carrier_names": "Telstra", "hazard_H": 0.6, "unreachability_U": 0.3982, "exposure_E": 0.2036, "wbi_score": 36.5, "wbi_tier": "Moderate", "wbi_rank": 526, "strict_blackspot": false}, "geometry": {"type": "Point", "coordinates": [136.510417, -15.920617]}}, {"type": "Feature", "properties": {"objectid": 776, "community_id": 776, "community_name": "Kuwuma", "community_aliases": "DJUDIN,KUAMA,KWARMA", "community_type": "Family Outstation", "main_language": "Not recorded", "local_govt_council": "WEST DALY", "land_council": "NORTHERN LAND COUNCIL", "ntg_region": "TOP END", "bushtel_url": "https://bushtel.nt.gov.au/profile/776", "population_count": 1, "population_used_in_index": 1, "population_basis": "risk_dataset", "longitude": 130.36991, "latitude": -13.59805, "risk_rating": "Moderate", "fire_plan": "No", "firebreak": "Yes", "fuel_reduction": "Yes", "has_coverage": false, "coverage_status": "Outside predicted coverage", "nearest_tower_km": 38.5, "nearby_carriers": 0, "carrier_names": "None", "hazard_H": 0.6, "unreachability_U": 0.9233, "exposure_E": 0.0877, "wbi_score": 36.5, "wbi_tier": "Moderate", "wbi_rank": 526, "strict_blackspot": false}, "geometry": {"type": "Point", "coordinates": [130.36991, -13.59805]}}, {"type": "Feature", "properties": {"objectid": 750, "community_id": 750, "community_name": "Walkalba", "community_aliases": "ROCK HILL,WAKALBA,WAKALPA,WAKURLPA,WALKURBLA", "community_type": "Family Outstation", "main_language": "Not recorded", "local_govt_council": "CENTRAL DESERT", "land_council": "CENTRAL LAND COUNCIL", "ntg_region": "CENTRAL AUSTRALIA", "bushtel_url": "https://bushtel.nt.gov.au/profile/750", "population_count": null, "population_used_in_index": 8, "population_basis": "imputed_type_median", "longitude": 131.81991, "latitude": -22.16249, "risk_rating": "Moderate", "fire_plan": "No", "firebreak": "No", "fuel_reduction": "No", "has_coverage": true, "coverage_status": "Inside predicted coverage", "nearest_tower_km": 10.1, "nearby_carriers": 1, "carrier_names": "Telstra", "hazard_H": 0.6, "unreachability_U": 0.2896, "exposure_E": 0.2779, "wbi_score": 36.4, "wbi_tier": "Moderate", "wbi_rank": 529, "strict_blackspot": false}, "geometry": {"type": "Point", "coordinates": [131.81991, -22.16249]}}, {"type": "Feature", "properties": {"objectid": 914, "community_id": 914, "community_name": "Old Mission", "community_aliases": "WUNDAKUNNY", "community_type": "Family Outstation", "main_language": "Not recorded", "local_govt_council": "WEST DALY", "land_council": "NORTHERN LAND COUNCIL", "ntg_region": "TOP END", "bushtel_url": "https://bushtel.nt.gov.au/profile/914", "population_count": 7, "population_used_in_index": 7, "population_basis": "risk_dataset", "longitude": 129.498069, "latitude": -14.129181, "risk_rating": "Moderate", "fire_plan": "No", "firebreak": "Yes", "fuel_reduction": "Yes", "has_coverage": true, "coverage_status": "Inside predicted coverage", "nearest_tower_km": 12.6, "nearby_carriers": 1, "carrier_names": "Telstra", "hazard_H": 0.6, "unreachability_U": 0.3062, "exposure_E": 0.263, "wbi_score": 36.4, "wbi_tier": "Moderate", "wbi_rank": 529, "strict_blackspot": false}, "geometry": {"type": "Point", "coordinates": [129.498069, -14.129181]}}, {"type": "Feature", "properties": {"objectid": 148, "community_id": 148, "community_name": "Titjikala", "community_aliases": "MARYVALE", "community_type": "Major", "main_language": "Southern Luritja / Pitjantjatjara", "local_govt_council": "MACDONNELL", "land_council": "CENTRAL LAND COUNCIL", "ntg_region": "CENTRAL AUSTRALIA", "bushtel_url": "https://bushtel.nt.gov.au/profile/148", "population_count": 267, "population_used_in_index": 267, "population_basis": "risk_dataset", "longitude": 134.07584, "latitude": -24.67389, "risk_rating": "Moderate", "fire_plan": "Yes", "firebreak": "Yes", "fuel_reduction": "Yes", "has_coverage": true, "coverage_status": "Inside predicted coverage", "nearest_tower_km": 0.4, "nearby_carriers": 2, "carrier_names": "Optus, Telstra", "hazard_H": 0.6, "unreachability_U": 0.1138, "exposure_E": 0.7072, "wbi_score": 36.4, "wbi_tier": "Moderate", "wbi_rank": 529, "strict_blackspot": false}, "geometry": {"type": "Point", "coordinates": [134.07584, -24.67389]}}, {"type": "Feature", "properties": {"objectid": 1008, "community_id": 1008, "community_name": "Leichardt", "community_aliases": "No aliases recorded with NTG DIPL", "community_type": "Family Outstation", "main_language": "Not recorded", "local_govt_council": "WEST DALY", "land_council": "NORTHERN LAND COUNCIL", "ntg_region": "TOP END", "bushtel_url": "https://bushtel.nt.gov.au/profile/1008", "population_count": 1, "population_used_in_index": 1, "population_basis": "risk_dataset", "longitude": 130.27907, "latitude": -13.84806, "risk_rating": "Moderate", "fire_plan": "No", "firebreak": "Yes", "fuel_reduction": "Yes", "has_coverage": false, "coverage_status": "Outside predicted coverage", "nearest_tower_km": 36.2, "nearby_carriers": 0, "carrier_names": "None", "hazard_H": 0.6, "unreachability_U": 0.908, "exposure_E": 0.0877, "wbi_score": 36.3, "wbi_tier": "Moderate", "wbi_rank": 532, "strict_blackspot": false}, "geometry": {"type": "Point", "coordinates": [130.27907, -13.84806]}}, {"type": "Feature", "properties": {"objectid": 721, "community_id": 721, "community_name": "Likkaparta", "community_aliases": "LIKAPARRTA,LIKIPARTA,MARAPURN", "community_type": "Minor", "main_language": "Not recorded", "local_govt_council": "BARKLY", "land_council": "CENTRAL LAND COUNCIL", "ntg_region": "BARKLY", "bushtel_url": "https://bushtel.nt.gov.au/profile/721", "population_count": 8, "population_used_in_index": 8, "population_basis": "risk_dataset", "longitude": 134.53799, "latitude": -19.34336, "risk_rating": "Low", "fire_plan": "No", "firebreak": "Yes", "fuel_reduction": "Yes", "has_coverage": true, "coverage_status": "Inside predicted coverage", "nearest_tower_km": 36.1, "nearby_carriers": 0, "carrier_names": "None", "hazard_H": 0.3, "unreachability_U": 0.574, "exposure_E": 0.2779, "wbi_score": 36.3, "wbi_tier": "Moderate", "wbi_rank": 532, "strict_blackspot": false}, "geometry": {"type": "Point", "coordinates": [134.53799, -19.34336]}}, {"type": "Feature", "properties": {"objectid": 530, "community_id": 530, "community_name": "Mawulyumanja", "community_aliases": "MANULYUMANJA,MAWALYUMANTTJA,THOMPSON BAY,THOMPSON'S BAY", "community_type": "Family Outstation", "main_language": "Not recorded", "local_govt_council": "EAST ARNHEM", "land_council": "ANINDILYAKWA LAND COUNCIL", "ntg_region": "EAST ARNHEM", "bushtel_url": "https://bushtel.nt.gov.au/profile/530", "population_count": 10, "population_used_in_index": 10, "population_basis": "risk_dataset", "longitude": 136.72335, "latitude": -13.84278, "risk_rating": "Moderate", "fire_plan": "No", "firebreak": "Yes", "fuel_reduction": "Yes", "has_coverage": true, "coverage_status": "Inside predicted coverage", "nearest_tower_km": 6.1, "nearby_carriers": 1, "carrier_names": "Telstra", "hazard_H": 0.6, "unreachability_U": 0.2629, "exposure_E": 0.3033, "wbi_score": 36.3, "wbi_tier": "Moderate", "wbi_rank": 532, "strict_blackspot": false}, "geometry": {"type": "Point", "coordinates": [136.72335, -13.84278]}}, {"type": "Feature", "properties": {"objectid": 802, "community_id": 802, "community_name": "Ngipin", "community_aliases": "NGIJBIN,NGIJIPIN,SOUTH GOULBURN", "community_type": "Family Outstation", "main_language": "Not recorded", "local_govt_council": "WEST ARNHEM", "land_council": "NORTHERN LAND COUNCIL", "ntg_region": "TOP END", "bushtel_url": "https://bushtel.nt.gov.au/profile/802", "population_count": null, "population_used_in_index": 8, "population_basis": "imputed_type_median", "longitude": 133.45832, "latitude": -11.60003, "risk_rating": "Moderate", "fire_plan": "No", "firebreak": "No", "fuel_reduction": "No", "has_coverage": true, "coverage_status": "Inside predicted coverage", "nearest_tower_km": 9.6, "nearby_carriers": 1, "carrier_names": "Telstra", "hazard_H": 0.6, "unreachability_U": 0.2862, "exposure_E": 0.2779, "wbi_score": 36.3, "wbi_tier": "Moderate", "wbi_rank": 532, "strict_blackspot": false}, "geometry": {"type": "Point", "coordinates": [133.45832, -11.60003]}}, {"type": "Feature", "properties": {"objectid": 419, "community_id": 419, "community_name": "Spring Peak", "community_aliases": "URGDURR", "community_type": "Family Outstation", "main_language": "Not recorded", "local_govt_council": "WEST ARNHEM", "land_council": "NORTHERN LAND COUNCIL", "ntg_region": "TOP END", "bushtel_url": "https://bushtel.nt.gov.au/profile/419", "population_count": 8, "population_used_in_index": 8, "population_basis": "risk_dataset", "longitude": 132.45424, "latitude": -12.96266, "risk_rating": "Moderate", "fire_plan": "No", "firebreak": "Yes", "fuel_reduction": "Yes", "has_coverage": true, "coverage_status": "Inside predicted coverage", "nearest_tower_km": 9.7, "nearby_carriers": 1, "carrier_names": "Telstra", "hazard_H": 0.6, "unreachability_U": 0.2869, "exposure_E": 0.2779, "wbi_score": 36.3, "wbi_tier": "Moderate", "wbi_rank": 532, "strict_blackspot": false}, "geometry": {"type": "Point", "coordinates": [132.45424, -12.96266]}}, {"type": "Feature", "properties": {"objectid": 282, "community_id": 282, "community_name": "Amatjatpalk", "community_aliases": "AMADJI BALK,AMADJIBAL,AMADJIBALK,GOULBURN ISLAND,SOUTH GOULBURN", "community_type": "Family Outstation", "main_language": "Not recorded", "local_govt_council": "WEST ARNHEM", "land_council": "NORTHERN LAND COUNCIL", "ntg_region": "TOP END", "bushtel_url": "https://bushtel.nt.gov.au/profile/282", "population_count": null, "population_used_in_index": 8, "population_basis": "imputed_type_median", "longitude": 133.45508, "latitude": -11.59488, "risk_rating": "Moderate", "fire_plan": "No", "firebreak": "Yes", "fuel_reduction": "No", "has_coverage": true, "coverage_status": "Inside predicted coverage", "nearest_tower_km": 9.7, "nearby_carriers": 1, "carrier_names": "Telstra", "hazard_H": 0.6, "unreachability_U": 0.2869, "exposure_E": 0.2779, "wbi_score": 36.3, "wbi_tier": "Moderate", "wbi_rank": 532, "strict_blackspot": false}, "geometry": {"type": "Point", "coordinates": [133.45508, -11.59488]}}, {"type": "Feature", "properties": {"objectid": 225, "community_id": 225, "community_name": "Elliott North Camp", "community_aliases": "ELLIOTT,GURUNGU,NORTH CAMP", "community_type": "Town Camp", "main_language": "Not recorded", "local_govt_council": "BARKLY", "land_council": "NORTHERN LAND COUNCIL", "ntg_region": "BARKLY", "bushtel_url": "https://bushtel.nt.gov.au/profile/225", "population_count": 197, "population_used_in_index": 197, "population_basis": "risk_dataset", "longitude": 133.53597, "latitude": -17.54989, "risk_rating": "Moderate", "fire_plan": "No", "firebreak": "Yes", "fuel_reduction": "Yes", "has_coverage": true, "coverage_status": "Inside predicted coverage", "nearest_tower_km": 1.1, "nearby_carriers": 2, "carrier_names": "Optus, Telstra", "hazard_H": 0.6, "unreachability_U": 0.1184, "exposure_E": 0.6689, "wbi_score": 36.2, "wbi_tier": "Moderate", "wbi_rank": 538, "strict_blackspot": false}, "geometry": {"type": "Point", "coordinates": [133.53597, -17.54989]}}, {"type": "Feature", "properties": {"objectid": 475, "community_id": 475, "community_name": "Dhamiyaka", "community_aliases": "No aliases recorded with NTG DIPL", "community_type": "Family Outstation", "main_language": "Not recorded", "local_govt_council": "EAST ARNHEM", "land_council": "NORTHERN LAND COUNCIL", "ntg_region": "EAST ARNHEM", "bushtel_url": "https://bushtel.nt.gov.au/profile/475", "population_count": 2, "population_used_in_index": 2, "population_basis": "bushtel", "longitude": 135.855569, "latitude": -12.656403, "risk_rating": "High", "fire_plan": "No", "firebreak": "No", "fuel_reduction": "No", "has_coverage": true, "coverage_status": "Inside predicted coverage", "nearest_tower_km": 17.9, "nearby_carriers": 1, "carrier_names": "Telstra", "hazard_H": 1.0, "unreachability_U": 0.3416, "exposure_E": 0.139, "wbi_score": 36.2, "wbi_tier": "Moderate", "wbi_rank": 538, "strict_blackspot": false}, "geometry": {"type": "Point", "coordinates": [135.855569, -12.656403]}}, {"type": "Feature", "properties": {"objectid": 110, "community_id": 110, "community_name": "Kurippi", "community_aliases": "JONESY'S CAMP,MOUNT DENISON", "community_type": "Family Outstation", "main_language": "Not recorded", "local_govt_council": "CENTRAL DESERT", "land_council": "CENTRAL LAND COUNCIL", "ntg_region": "CENTRAL AUSTRALIA", "bushtel_url": "https://bushtel.nt.gov.au/profile/110", "population_count": 5, "population_used_in_index": 5, "population_basis": "risk_dataset", "longitude": 132.05316, "latitude": -22.14211, "risk_rating": "Low", "fire_plan": "No", "firebreak": "Yes", "fuel_reduction": "Yes", "has_coverage": false, "coverage_status": "Outside predicted coverage", "nearest_tower_km": 20.3, "nearby_carriers": 1, "carrier_names": "Telstra", "hazard_H": 0.3, "unreachability_U": 0.6909, "exposure_E": 0.2266, "wbi_score": 36.1, "wbi_tier": "Moderate", "wbi_rank": 540, "strict_blackspot": false}, "geometry": {"type": "Point", "coordinates": [132.05316, -22.14211]}}, {"type": "Feature", "properties": {"objectid": 864, "community_id": 864, "community_name": "Yalukun", "community_aliases": "YALAKUN,YALLIQUIN", "community_type": "Family Outstation", "main_language": "Not recorded", "local_govt_council": "EAST ARNHEM", "land_council": "NORTHERN LAND COUNCIL", "ntg_region": "EAST ARNHEM", "bushtel_url": "https://bushtel.nt.gov.au/profile/864", "population_count": 4, "population_used_in_index": 4, "population_basis": "risk_dataset", "longitude": 136.005847, "latitude": -12.262514, "risk_rating": "Low", "fire_plan": "No", "firebreak": "Yes", "fuel_reduction": "Yes", "has_coverage": false, "coverage_status": "Outside predicted coverage", "nearest_tower_km": 32.2, "nearby_carriers": 1, "carrier_names": "Telstra", "hazard_H": 0.3, "unreachability_U": 0.7702, "exposure_E": 0.2036, "wbi_score": 36.1, "wbi_tier": "Moderate", "wbi_rank": 540, "strict_blackspot": false}, "geometry": {"type": "Point", "coordinates": [136.005847, -12.262514]}}, {"type": "Feature", "properties": {"objectid": 890, "community_id": 890, "community_name": "Wanakutja", "community_aliases": "No aliases recorded with NTG DIPL", "community_type": "Family Outstation", "main_language": "Not recorded", "local_govt_council": "WEST ARNHEM", "land_council": "NORTHERN LAND COUNCIL", "ntg_region": "TOP END", "bushtel_url": "https://bushtel.nt.gov.au/profile/890", "population_count": null, "population_used_in_index": 8, "population_basis": "imputed_type_median", "longitude": 132.51106, "latitude": -11.10539, "risk_rating": "Moderate", "fire_plan": "No", "firebreak": "No", "fuel_reduction": "No", "has_coverage": true, "coverage_status": "Inside predicted coverage", "nearest_tower_km": 8.3, "nearby_carriers": 1, "carrier_names": "Telstra", "hazard_H": 0.6, "unreachability_U": 0.2776, "exposure_E": 0.2779, "wbi_score": 35.9, "wbi_tier": "Moderate", "wbi_rank": 542, "strict_blackspot": false}, "geometry": {"type": "Point", "coordinates": [132.51106, -11.10539]}}, {"type": "Feature", "properties": {"objectid": 810, "community_id": 810, "community_name": "Bishops Bore", "community_aliases": "No aliases recorded with NTG DIPL", "community_type": "Family Outstation", "main_language": "Not recorded", "local_govt_council": "ROPER GULF", "land_council": "NORTHERN LAND COUNCIL", "ntg_region": "BIG RIVERS", "bushtel_url": "https://bushtel.nt.gov.au/profile/810", "population_count": null, "population_used_in_index": 8, "population_basis": "imputed_type_median", "longitude": 133.07053, "latitude": -14.61452, "risk_rating": "High", "fire_plan": "No", "firebreak": "No", "fuel_reduction": "No", "has_coverage": true, "coverage_status": "Inside predicted coverage", "nearest_tower_km": 8.4, "nearby_carriers": 2, "carrier_names": "Optus, Telstra", "hazard_H": 1.0, "unreachability_U": 0.1671, "exposure_E": 0.2779, "wbi_score": 35.9, "wbi_tier": "Moderate", "wbi_rank": 542, "strict_blackspot": false}, "geometry": {"type": "Point", "coordinates": [133.07053, -14.61452]}}, {"type": "Feature", "properties": {"objectid": 65, "community_id": 65, "community_name": "Iwupataka", "community_aliases": "JAY CREEK", "community_type": "Minor", "main_language": "Not recorded", "local_govt_council": "MACDONNELL", "land_council": "CENTRAL LAND COUNCIL", "ntg_region": "CENTRAL AUSTRALIA", "bushtel_url": "https://bushtel.nt.gov.au/profile/65", "population_count": null, "population_used_in_index": 78, "population_basis": "imputed_type_median", "longitude": 133.50327, "latitude": -23.79061, "risk_rating": "Low", "fire_plan": "Yes", "firebreak": "Yes", "fuel_reduction": "Yes", "has_coverage": true, "coverage_status": "Inside predicted coverage", "nearest_tower_km": 8.4, "nearby_carriers": 1, "carrier_names": "Telstra", "hazard_H": 0.3, "unreachability_U": 0.2782, "exposure_E": 0.5527, "wbi_score": 35.9, "wbi_tier": "Moderate", "wbi_rank": 542, "strict_blackspot": false}, "geometry": {"type": "Point", "coordinates": [133.50327, -23.79061]}}, {"type": "Feature", "properties": {"objectid": 409, "community_id": 409, "community_name": "Patonga (Airstrip)", "community_aliases": "MURDUJUL", "community_type": "Family Outstation", "main_language": "Not recorded", "local_govt_council": "WEST ARNHEM", "land_council": "NORTHERN LAND COUNCIL", "ntg_region": "TOP END", "bushtel_url": "https://bushtel.nt.gov.au/profile/409", "population_count": 12, "population_used_in_index": 12, "population_basis": "risk_dataset", "longitude": 132.56901, "latitude": -12.94826, "risk_rating": "Moderate", "fire_plan": "No", "firebreak": "No", "fuel_reduction": "Yes", "has_coverage": true, "coverage_status": "Inside predicted coverage", "nearest_tower_km": 1.6, "nearby_carriers": 1, "carrier_names": "Telstra", "hazard_H": 0.6, "unreachability_U": 0.2329, "exposure_E": 0.3244, "wbi_score": 35.7, "wbi_tier": "Moderate", "wbi_rank": 545, "strict_blackspot": false}, "geometry": {"type": "Point", "coordinates": [132.56901, -12.94826]}}, {"type": "Feature", "properties": {"objectid": 341, "community_id": 341, "community_name": "Ndjudda", "community_aliases": "NDJUDDA POINT,NJUDDA,NJUDDA POINT", "community_type": "Family Outstation", "main_language": "Not recorded", "local_govt_council": "WEST ARNHEM", "land_council": "NORTHERN LAND COUNCIL", "ntg_region": "TOP END", "bushtel_url": "https://bushtel.nt.gov.au/profile/341", "population_count": null, "population_used_in_index": 8, "population_basis": "imputed_type_median", "longitude": 134.247725, "latitude": -11.98809, "risk_rating": "Moderate", "fire_plan": "No", "firebreak": "No", "fuel_reduction": "No", "has_coverage": true, "coverage_status": "Inside predicted coverage", "nearest_tower_km": 7.7, "nearby_carriers": 1, "carrier_names": "Telstra", "hazard_H": 0.6, "unreachability_U": 0.2736, "exposure_E": 0.2779, "wbi_score": 35.7, "wbi_tier": "Moderate", "wbi_rank": 545, "strict_blackspot": false}, "geometry": {"type": "Point", "coordinates": [134.247725, -11.98809]}}, {"type": "Feature", "properties": {"objectid": 547, "community_id": 547, "community_name": "Nikawu", "community_aliases": "HOWARD ISLAND,NIKAWUNGYURA", "community_type": "Family Outstation", "main_language": "Not recorded", "local_govt_council": "EAST ARNHEM", "land_council": "NORTHERN LAND COUNCIL", "ntg_region": "EAST ARNHEM", "bushtel_url": "https://bushtel.nt.gov.au/profile/547", "population_count": null, "population_used_in_index": 8, "population_basis": "imputed_type_median", "longitude": 135.545453, "latitude": -12.089619, "risk_rating": "Moderate", "fire_plan": "No", "firebreak": "No", "fuel_reduction": "No", "has_coverage": true, "coverage_status": "Inside predicted coverage", "nearest_tower_km": 7.5, "nearby_carriers": 1, "carrier_names": "Telstra", "hazard_H": 0.6, "unreachability_U": 0.2722, "exposure_E": 0.2779, "wbi_score": 35.7, "wbi_tier": "Moderate", "wbi_rank": 545, "strict_blackspot": false}, "geometry": {"type": "Point", "coordinates": [135.545453, -12.089619]}}, {"type": "Feature", "properties": {"objectid": 970, "community_id": 970, "community_name": "Tommyhawk Swamp", "community_aliases": "No aliases recorded with NTG DIPL", "community_type": "Family Outstation", "main_language": "Not recorded", "local_govt_council": "BARKLY", "land_council": "CENTRAL LAND COUNCIL", "ntg_region": "BARKLY", "bushtel_url": "https://bushtel.nt.gov.au/profile/970", "population_count": 4, "population_used_in_index": 4, "population_basis": "bushtel", "longitude": 134.592739, "latitude": -22.194306, "risk_rating": "Moderate", "fire_plan": "No", "firebreak": "Yes", "fuel_reduction": "Yes", "has_coverage": true, "coverage_status": "Inside predicted coverage", "nearest_tower_km": 22.3, "nearby_carriers": 1, "carrier_names": "Telstra", "hazard_H": 0.6, "unreachability_U": 0.3709, "exposure_E": 0.2036, "wbi_score": 35.6, "wbi_tier": "Moderate", "wbi_rank": 548, "strict_blackspot": false}, "geometry": {"type": "Point", "coordinates": [134.592739, -22.194306]}}, {"type": "Feature", "properties": {"objectid": 703, "community_id": 703, "community_name": "Irrerlirre", "community_aliases": "MACDONALD DOWNS,MOUNT SWAN,NO 5", "community_type": "Family Outstation", "main_language": "Not recorded", "local_govt_council": "CENTRAL DESERT", "land_council": "CENTRAL LAND COUNCIL", "ntg_region": "CENTRAL AUSTRALIA", "bushtel_url": "https://bushtel.nt.gov.au/profile/703", "population_count": 20, "population_used_in_index": 20, "population_basis": "risk_dataset", "longitude": 135.1345, "latitude": -22.8462, "risk_rating": "Low", "fire_plan": "No", "firebreak": "Yes", "fuel_reduction": "Yes", "has_coverage": true, "coverage_status": "Inside predicted coverage", "nearest_tower_km": 24.7, "nearby_carriers": 1, "carrier_names": "Telstra", "hazard_H": 0.3, "unreachability_U": 0.3869, "exposure_E": 0.3851, "wbi_score": 35.5, "wbi_tier": "Moderate", "wbi_rank": 549, "strict_blackspot": false}, "geometry": {"type": "Point", "coordinates": [135.1345, -22.8462]}}, {"type": "Feature", "properties": {"objectid": 33, "community_id": 33, "community_name": "Engawala", "community_aliases": "ALCOOTA", "community_type": "Minor", "main_language": "Eastern Arrente, Alyawarr", "local_govt_council": "CENTRAL DESERT", "land_council": "CENTRAL LAND COUNCIL", "ntg_region": "CENTRAL AUSTRALIA", "bushtel_url": "https://bushtel.nt.gov.au/profile/33", "population_count": 181, "population_used_in_index": 181, "population_basis": "risk_dataset", "longitude": 134.45547, "latitude": -22.80257, "risk_rating": "Moderate", "fire_plan": "Yes", "firebreak": "Yes", "fuel_reduction": "Yes", "has_coverage": true, "coverage_status": "Inside predicted coverage", "nearest_tower_km": 0.2, "nearby_carriers": 2, "carrier_names": "Optus, Telstra", "hazard_H": 0.6, "unreachability_U": 0.1124, "exposure_E": 0.6583, "wbi_score": 35.4, "wbi_tier": "Moderate", "wbi_rank": 550, "strict_blackspot": false}, "geometry": {"type": "Point", "coordinates": [134.45547, -22.80257]}}, {"type": "Feature", "properties": {"objectid": 997, "community_id": 997, "community_name": "Pantharrpilenhe", "community_aliases": "AMBALINDUM,PANEL WELL", "community_type": "Family Outstation", "main_language": "Not recorded", "local_govt_council": "CENTRAL DESERT", "land_council": "CENTRAL LAND COUNCIL", "ntg_region": "CENTRAL AUSTRALIA", "bushtel_url": "https://bushtel.nt.gov.au/profile/997", "population_count": 5, "population_used_in_index": 5, "population_basis": "risk_dataset", "longitude": 134.78921, "latitude": -23.37058, "risk_rating": "Low", "fire_plan": "Yes", "firebreak": "Yes", "fuel_reduction": "Yes", "has_coverage": false, "coverage_status": "Outside predicted coverage", "nearest_tower_km": 14.1, "nearby_carriers": 1, "carrier_names": "Optus", "hazard_H": 0.3, "unreachability_U": 0.6496, "exposure_E": 0.2266, "wbi_score": 35.3, "wbi_tier": "Moderate", "wbi_rank": 551, "strict_blackspot": false}, "geometry": {"type": "Point", "coordinates": [134.78921, -23.37058]}}, {"type": "Feature", "properties": {"objectid": 971, "community_id": 971, "community_name": "Mulggan", "community_aliases": "MATARANKA TOWN CAMP,MULGAN,MULGARN", "community_type": "Town Camp", "main_language": "Not recorded", "local_govt_council": "ROPER GULF", "land_council": "NORTHERN LAND COUNCIL", "ntg_region": "BIG RIVERS", "bushtel_url": "https://bushtel.nt.gov.au/profile/971", "population_count": 150, "population_used_in_index": 150, "population_basis": "risk_dataset", "longitude": 133.073903, "latitude": -14.920042, "risk_rating": "Moderate", "fire_plan": "No", "firebreak": "Yes", "fuel_reduction": "Yes", "has_coverage": true, "coverage_status": "Inside predicted coverage", "nearest_tower_km": 0.5, "nearby_carriers": 2, "carrier_names": "Optus, Telstra", "hazard_H": 0.6, "unreachability_U": 0.1144, "exposure_E": 0.6346, "wbi_score": 35.2, "wbi_tier": "Moderate", "wbi_rank": 552, "strict_blackspot": false}, "geometry": {"type": "Point", "coordinates": [133.073903, -14.920042]}}, {"type": "Feature", "properties": {"objectid": 442, "community_id": 442, "community_name": "Alyingberrma", "community_aliases": "ALYINGBARRUMA,QANTAS", "community_type": "Family Outstation", "main_language": "Not recorded", "local_govt_council": "EAST ARNHEM", "land_council": "ANINDILYAKWA LAND COUNCIL", "ntg_region": "EAST ARNHEM", "bushtel_url": "https://bushtel.nt.gov.au/profile/442", "population_count": null, "population_used_in_index": 8, "population_basis": "imputed_type_median", "longitude": 136.81691, "latitude": -13.80934, "risk_rating": "Moderate", "fire_plan": "No", "firebreak": "No", "fuel_reduction": "No", "has_coverage": true, "coverage_status": "Inside predicted coverage", "nearest_tower_km": 5.3, "nearby_carriers": 1, "carrier_names": "Telstra", "hazard_H": 0.6, "unreachability_U": 0.2576, "exposure_E": 0.2779, "wbi_score": 35.0, "wbi_tier": "Moderate", "wbi_rank": 553, "strict_blackspot": false}, "geometry": {"type": "Point", "coordinates": [136.81691, -13.80934]}}, {"type": "Feature", "properties": {"objectid": 1006, "community_id": 1006, "community_name": "4 Mile Camp", "community_aliases": "FOUR MILE CAMP,NGUIU 4 MILE CAMP", "community_type": "Family Outstation", "main_language": "Not recorded", "local_govt_council": "TIWI ISLANDS", "land_council": "TIWI LAND COUNCIL", "ntg_region": "TOP END", "bushtel_url": "https://bushtel.nt.gov.au/profile/1006", "population_count": 8, "population_used_in_index": 8, "population_basis": "risk_dataset", "longitude": 130.59548, "latitude": -11.77798, "risk_rating": "Moderate", "fire_plan": "No", "firebreak": "Yes", "fuel_reduction": "Yes", "has_coverage": true, "coverage_status": "Inside predicted coverage", "nearest_tower_km": 5.1, "nearby_carriers": 1, "carrier_names": "Telstra", "hazard_H": 0.6, "unreachability_U": 0.2562, "exposure_E": 0.2779, "wbi_score": 35.0, "wbi_tier": "Moderate", "wbi_rank": 553, "strict_blackspot": false}, "geometry": {"type": "Point", "coordinates": [130.59548, -11.77798]}}, {"type": "Feature", "properties": {"objectid": 368, "community_id": 368, "community_name": "Marrkolidjban", "community_aliases": "MARRGOLIDJBAN,MARRKILIDBAN,MARRKOLIDBAN", "community_type": "Family Outstation", "main_language": "Not recorded", "local_govt_council": "WEST ARNHEM", "land_council": "NORTHERN LAND COUNCIL", "ntg_region": "TOP END", "bushtel_url": "https://bushtel.nt.gov.au/profile/368", "population_count": 15, "population_used_in_index": 15, "population_basis": "risk_dataset", "longitude": 134.064458, "latitude": -12.237514, "risk_rating": "Low", "fire_plan": "No", "firebreak": "Yes", "fuel_reduction": "Yes", "has_coverage": true, "coverage_status": "Inside predicted coverage", "nearest_tower_km": 27.2, "nearby_carriers": 1, "carrier_names": "Telstra", "hazard_H": 0.3, "unreachability_U": 0.4036, "exposure_E": 0.3507, "wbi_score": 34.9, "wbi_tier": "Low", "wbi_rank": 555, "strict_blackspot": false}, "geometry": {"type": "Point", "coordinates": [134.064458, -12.237514]}}, {"type": "Feature", "properties": {"objectid": 893, "community_id": 893, "community_name": "Arrgamurrmur", "community_aliases": "KEITH WILLIAMS", "community_type": "Family Outstation", "main_language": "Not recorded", "local_govt_council": "WEST ARNHEM", "land_council": "NORTHERN LAND COUNCIL", "ntg_region": "TOP END", "bushtel_url": "https://bushtel.nt.gov.au/profile/893", "population_count": null, "population_used_in_index": 8, "population_basis": "imputed_type_median", "longitude": 132.61015, "latitude": -11.17399, "risk_rating": "Moderate", "fire_plan": "No", "firebreak": "No", "fuel_reduction": "No", "has_coverage": true, "coverage_status": "Inside predicted coverage", "nearest_tower_km": 4.9, "nearby_carriers": 1, "carrier_names": "Telstra", "hazard_H": 0.6, "unreachability_U": 0.2549, "exposure_E": 0.2779, "wbi_score": 34.9, "wbi_tier": "Low", "wbi_rank": 555, "strict_blackspot": false}, "geometry": {"type": "Point", "coordinates": [132.61015, -11.17399]}}, {"type": "Feature", "properties": {"objectid": 965, "community_id": 965, "community_name": "Djinkarr", "community_aliases": "No aliases recorded with NTG DIPL", "community_type": "Family Outstation", "main_language": "Not recorded", "local_govt_council": "WEST ARNHEM", "land_council": "NORTHERN LAND COUNCIL", "ntg_region": "TOP END", "bushtel_url": "https://bushtel.nt.gov.au/profile/965", "population_count": 4, "population_used_in_index": 4, "population_basis": "risk_dataset", "longitude": 134.29626, "latitude": -12.21287, "risk_rating": "Moderate", "fire_plan": "No", "firebreak": "Yes", "fuel_reduction": "Yes", "has_coverage": true, "coverage_status": "Inside predicted coverage", "nearest_tower_km": 18.9, "nearby_carriers": 1, "carrier_names": "Telstra", "hazard_H": 0.6, "unreachability_U": 0.3482, "exposure_E": 0.2036, "wbi_score": 34.9, "wbi_tier": "Low", "wbi_rank": 555, "strict_blackspot": false}, "geometry": {"type": "Point", "coordinates": [134.29626, -12.21287]}}, {"type": "Feature", "properties": {"objectid": 886, "community_id": 886, "community_name": "Nadilmuk", "community_aliases": "NDJUDDA POINT", "community_type": "Family Outstation", "main_language": "Not recorded", "local_govt_council": "WEST ARNHEM", "land_council": "NORTHERN LAND COUNCIL", "ntg_region": "TOP END", "bushtel_url": "https://bushtel.nt.gov.au/profile/886", "population_count": 5, "population_used_in_index": 5, "population_basis": "risk_dataset", "longitude": 134.29454, "latitude": -11.99384, "risk_rating": "Low", "fire_plan": "No", "firebreak": "Yes", "fuel_reduction": "Yes", "has_coverage": false, "coverage_status": "Outside predicted coverage", "nearest_tower_km": 9.7, "nearby_carriers": 1, "carrier_names": "Telstra", "hazard_H": 0.3, "unreachability_U": 0.6202, "exposure_E": 0.2266, "wbi_score": 34.8, "wbi_tier": "Low", "wbi_rank": 558, "strict_blackspot": false}, "geometry": {"type": "Point", "coordinates": [134.29454, -11.99384]}}, {"type": "Feature", "properties": {"objectid": 291, "community_id": 291, "community_name": "Walka", "community_aliases": "BARGE LANDING,WALKAA", "community_type": "Family Outstation", "main_language": "Not recorded", "local_govt_council": "WEST ARNHEM", "land_council": "NORTHERN LAND COUNCIL", "ntg_region": "TOP END", "bushtel_url": "https://bushtel.nt.gov.au/profile/291", "population_count": null, "population_used_in_index": 8, "population_basis": "imputed_type_median", "longitude": 132.58843, "latitude": -11.17957, "risk_rating": "Moderate", "fire_plan": "No", "firebreak": "No", "fuel_reduction": "No", "has_coverage": true, "coverage_status": "Inside predicted coverage", "nearest_tower_km": 3.9, "nearby_carriers": 1, "carrier_names": "Telstra", "hazard_H": 0.6, "unreachability_U": 0.2482, "exposure_E": 0.2779, "wbi_score": 34.6, "wbi_tier": "Low", "wbi_rank": 559, "strict_blackspot": false}, "geometry": {"type": "Point", "coordinates": [132.58843, -11.17957]}}, {"type": "Feature", "properties": {"objectid": 330, "community_id": 330, "community_name": "Gupanga", "community_aliases": "KOPUNGA", "community_type": "Family Outstation", "main_language": "Not recorded", "local_govt_council": "WEST ARNHEM", "land_council": "NORTHERN LAND COUNCIL", "ntg_region": "TOP END", "bushtel_url": "https://bushtel.nt.gov.au/profile/330", "population_count": null, "population_used_in_index": 8, "population_basis": "imputed_type_median", "longitude": 134.5843, "latitude": -12.0752, "risk_rating": "Moderate", "fire_plan": "No", "firebreak": "No", "fuel_reduction": "No", "has_coverage": true, "coverage_status": "Inside predicted coverage", "nearest_tower_km": 4.0, "nearby_carriers": 1, "carrier_names": "Telstra", "hazard_H": 0.6, "unreachability_U": 0.2489, "exposure_E": 0.2779, "wbi_score": 34.6, "wbi_tier": "Low", "wbi_rank": 559, "strict_blackspot": false}, "geometry": {"type": "Point", "coordinates": [134.5843, -12.0752]}}, {"type": "Feature", "properties": {"objectid": 187, "community_id": 187, "community_name": "Wilora", "community_aliases": "STIRLING STATION", "community_type": "Minor", "main_language": "Alyawarr", "local_govt_council": "CENTRAL DESERT", "land_council": "CENTRAL LAND COUNCIL", "ntg_region": "CENTRAL AUSTRALIA", "bushtel_url": "https://bushtel.nt.gov.au/profile/187", "population_count": 112, "population_used_in_index": 112, "population_basis": "risk_dataset", "longitude": 133.7311, "latitude": -21.7411, "risk_rating": "Moderate", "fire_plan": "Yes", "firebreak": "Yes", "fuel_reduction": "Yes", "has_coverage": true, "coverage_status": "Inside predicted coverage", "nearest_tower_km": 0.2, "nearby_carriers": 2, "carrier_names": "Optus, Telstra", "hazard_H": 0.6, "unreachability_U": 0.1124, "exposure_E": 0.598, "wbi_score": 34.3, "wbi_tier": "Low", "wbi_rank": 561, "strict_blackspot": false}, "geometry": {"type": "Point", "coordinates": [133.7311, -21.7411]}}, {"type": "Feature", "properties": {"objectid": 326, "community_id": 326, "community_name": "Kakodbabuldi", "community_aliases": "GUGODBABULDI,KUKOTBUBULDI", "community_type": "Family Outstation", "main_language": "Not recorded", "local_govt_council": "WEST ARNHEM", "land_council": "NORTHERN LAND COUNCIL", "ntg_region": "TOP END", "bushtel_url": "https://bushtel.nt.gov.au/profile/326", "population_count": 4, "population_used_in_index": 4, "population_basis": "risk_dataset", "longitude": 134.157792, "latitude": -12.407792, "risk_rating": "Low", "fire_plan": "No", "firebreak": "Yes", "fuel_reduction": "Yes", "has_coverage": false, "coverage_status": "Outside predicted coverage", "nearest_tower_km": 15.7, "nearby_carriers": 1, "carrier_names": "Telstra", "hazard_H": 0.3, "unreachability_U": 0.6602, "exposure_E": 0.2036, "wbi_score": 34.3, "wbi_tier": "Low", "wbi_rank": 561, "strict_blackspot": false}, "geometry": {"type": "Point", "coordinates": [134.157792, -12.407792]}}, {"type": "Feature", "properties": {"objectid": 988, "community_id": 988, "community_name": "Sandridge", "community_aliases": "POLICE LAGOON", "community_type": "Family Outstation", "main_language": "Not recorded", "local_govt_council": "ROPER GULF", "land_council": "NORTHERN LAND COUNCIL", "ntg_region": "BIG RIVERS", "bushtel_url": "https://bushtel.nt.gov.au/profile/988", "population_count": 7, "population_used_in_index": 7, "population_basis": "risk_dataset", "longitude": 136.34854, "latitude": -16.04184, "risk_rating": "Moderate", "fire_plan": "No", "firebreak": "No", "fuel_reduction": "Yes", "has_coverage": true, "coverage_status": "Inside predicted coverage", "nearest_tower_km": 4.7, "nearby_carriers": 1, "carrier_names": "Telstra", "hazard_H": 0.6, "unreachability_U": 0.2536, "exposure_E": 0.263, "wbi_score": 34.2, "wbi_tier": "Low", "wbi_rank": 563, "strict_blackspot": false}, "geometry": {"type": "Point", "coordinates": [136.34854, -16.04184]}}, {"type": "Feature", "properties": {"objectid": 753, "community_id": 753, "community_name": "Kurrurldul", "community_aliases": "KURRURLOUL,KURULDU", "community_type": "Family Outstation", "main_language": "Not recorded", "local_govt_council": "WEST ARNHEM", "land_council": "NORTHERN LAND COUNCIL", "ntg_region": "TOP END", "bushtel_url": "https://bushtel.nt.gov.au/profile/753", "population_count": 4, "population_used_in_index": 4, "population_basis": "risk_dataset", "longitude": 134.24012, "latitude": -12.48806, "risk_rating": "Low", "fire_plan": "No", "firebreak": "Yes", "fuel_reduction": "Yes", "has_coverage": false, "coverage_status": "Outside predicted coverage", "nearest_tower_km": 15.3, "nearby_carriers": 1, "carrier_names": "Telstra", "hazard_H": 0.3, "unreachability_U": 0.6576, "exposure_E": 0.2036, "wbi_score": 34.2, "wbi_tier": "Low", "wbi_rank": 563, "strict_blackspot": false}, "geometry": {"type": "Point", "coordinates": [134.24012, -12.48806]}}, {"type": "Feature", "properties": {"objectid": 878, "community_id": 878, "community_name": "Oondaloo", "community_aliases": "No aliases recorded with NTG DIPL", "community_type": "Family Outstation", "main_language": "Not recorded", "local_govt_council": "MACDONNELL", "land_council": "CENTRAL LAND COUNCIL", "ntg_region": "CENTRAL AUSTRALIA", "bushtel_url": "https://bushtel.nt.gov.au/profile/878", "population_count": null, "population_used_in_index": 8, "population_basis": "imputed_type_median", "longitude": 129.06454, "latitude": -24.88715, "risk_rating": "Moderate", "fire_plan": "No", "firebreak": "No", "fuel_reduction": "No", "has_coverage": true, "coverage_status": "Inside predicted coverage", "nearest_tower_km": 2.3, "nearby_carriers": 1, "carrier_names": "Telstra", "hazard_H": 0.6, "unreachability_U": 0.2376, "exposure_E": 0.2779, "wbi_score": 34.1, "wbi_tier": "Low", "wbi_rank": 565, "strict_blackspot": false}, "geometry": {"type": "Point", "coordinates": [129.06454, -24.88715]}}, {"type": "Feature", "properties": {"objectid": 465, "community_id": 465, "community_name": "Bodia", "community_aliases": "No aliases recorded with NTG DIPL", "community_type": "Family Outstation", "main_language": "Not recorded", "local_govt_council": "EAST ARNHEM", "land_council": "NORTHERN LAND COUNCIL", "ntg_region": "EAST ARNHEM", "bushtel_url": "https://bushtel.nt.gov.au/profile/465", "population_count": 55, "population_used_in_index": 55, "population_basis": "risk_dataset", "longitude": 134.89628, "latitude": -12.07688, "risk_rating": "Low", "fire_plan": "No", "firebreak": "Yes", "fuel_reduction": "Yes", "has_coverage": true, "coverage_status": "Inside predicted coverage", "nearest_tower_km": 5.3, "nearby_carriers": 1, "carrier_names": "Telstra", "hazard_H": 0.3, "unreachability_U": 0.2576, "exposure_E": 0.5092, "wbi_score": 34.0, "wbi_tier": "Low", "wbi_rank": 566, "strict_blackspot": false}, "geometry": {"type": "Point", "coordinates": [134.89628, -12.07688]}}, {"type": "Feature", "properties": {"objectid": 252, "community_id": 252, "community_name": "Marlinja", "community_aliases": "NEWCASTLE WATERS", "community_type": "Minor", "main_language": "Not recorded", "local_govt_council": "BARKLY", "land_council": "NORTHERN LAND COUNCIL", "ntg_region": "BARKLY", "bushtel_url": "https://bushtel.nt.gov.au/profile/252", "population_count": 80, "population_used_in_index": 80, "population_basis": "risk_dataset", "longitude": 133.40305, "latitude": -17.37111, "risk_rating": "Moderate", "fire_plan": "No", "firebreak": "Yes", "fuel_reduction": "Yes", "has_coverage": true, "coverage_status": "Inside predicted coverage", "nearest_tower_km": 0.7, "nearby_carriers": 2, "carrier_names": "Optus, Telstra", "hazard_H": 0.6, "unreachability_U": 0.1158, "exposure_E": 0.5559, "wbi_score": 33.8, "wbi_tier": "Low", "wbi_rank": 567, "strict_blackspot": false}, "geometry": {"type": "Point", "coordinates": [133.40305, -17.37111]}}, {"type": "Feature", "properties": {"objectid": 507, "community_id": 507, "community_name": "Gatji", "community_aliases": "GADJI,GARTJI", "community_type": "Family Outstation", "main_language": "Not recorded", "local_govt_council": "EAST ARNHEM", "land_council": "NORTHERN LAND COUNCIL", "ntg_region": "EAST ARNHEM", "bushtel_url": "https://bushtel.nt.gov.au/profile/507", "population_count": 4, "population_used_in_index": 4, "population_basis": "bushtel", "longitude": 134.82029, "latitude": -12.27306, "risk_rating": "Moderate", "fire_plan": "No", "firebreak": "No", "fuel_reduction": "No", "has_coverage": true, "coverage_status": "Inside predicted coverage", "nearest_tower_km": 13.1, "nearby_carriers": 1, "carrier_names": "Telstra", "hazard_H": 0.6, "unreachability_U": 0.3096, "exposure_E": 0.2036, "wbi_score": 33.6, "wbi_tier": "Low", "wbi_rank": 568, "strict_blackspot": false}, "geometry": {"type": "Point", "coordinates": [134.82029, -12.27306]}}, {"type": "Feature", "properties": {"objectid": 838, "community_id": 838, "community_name": "Wulkabimirri", "community_aliases": "WULKUBIMIRRI", "community_type": "Family Outstation", "main_language": "Not recorded", "local_govt_council": "EAST ARNHEM", "land_council": "NORTHERN LAND COUNCIL", "ntg_region": "EAST ARNHEM", "bushtel_url": "https://bushtel.nt.gov.au/profile/838", "population_count": 55, "population_used_in_index": 55, "population_basis": "risk_dataset", "longitude": 134.90591, "latitude": -12.35538, "risk_rating": "Low", "fire_plan": "No", "firebreak": "Yes", "fuel_reduction": "Yes", "has_coverage": true, "coverage_status": "Inside predicted coverage", "nearest_tower_km": 3.7, "nearby_carriers": 1, "carrier_names": "Telstra", "hazard_H": 0.3, "unreachability_U": 0.2469, "exposure_E": 0.5092, "wbi_score": 33.5, "wbi_tier": "Low", "wbi_rank": 569, "strict_blackspot": false}, "geometry": {"type": "Point", "coordinates": [134.90591, -12.35538]}}, {"type": "Feature", "properties": {"objectid": 359, "community_id": 359, "community_name": "Mandilbarreng", "community_aliases": "MANDALBARENG,MANDILBARENG", "community_type": "Family Outstation", "main_language": "Not recorded", "local_govt_council": "WEST ARNHEM", "land_council": "NORTHERN LAND COUNCIL", "ntg_region": "TOP END", "bushtel_url": "https://bushtel.nt.gov.au/profile/359", "population_count": 4, "population_used_in_index": 4, "population_basis": "risk_dataset", "longitude": 133.58456, "latitude": -12.27402, "risk_rating": "Low", "fire_plan": "No", "firebreak": "Yes", "fuel_reduction": "Yes", "has_coverage": false, "coverage_status": "Outside predicted coverage", "nearest_tower_km": 8.2, "nearby_carriers": 1, "carrier_names": "Telstra", "hazard_H": 0.3, "unreachability_U": 0.6102, "exposure_E": 0.2036, "wbi_score": 33.4, "wbi_tier": "Low", "wbi_rank": 570, "strict_blackspot": false}, "geometry": {"type": "Point", "coordinates": [133.58456, -12.27402]}}, {"type": "Feature", "properties": {"objectid": 874, "community_id": 874, "community_name": "Rarangantjuta", "community_aliases": "No aliases recorded with NTG DIPL", "community_type": "Family Outstation", "main_language": "Not recorded", "local_govt_council": "MACDONNELL", "land_council": "CENTRAL LAND COUNCIL", "ntg_region": "CENTRAL AUSTRALIA", "bushtel_url": "https://bushtel.nt.gov.au/profile/874", "population_count": null, "population_used_in_index": 8, "population_basis": "imputed_type_median", "longitude": 133.14814, "latitude": -23.98488, "risk_rating": "Moderate", "fire_plan": "No", "firebreak": "No", "fuel_reduction": "No", "has_coverage": true, "coverage_status": "Inside predicted coverage", "nearest_tower_km": 16.7, "nearby_carriers": 2, "carrier_names": "Optus, Telstra", "hazard_H": 0.6, "unreachability_U": 0.2224, "exposure_E": 0.2779, "wbi_score": 33.3, "wbi_tier": "Low", "wbi_rank": 571, "strict_blackspot": false}, "geometry": {"type": "Point", "coordinates": [133.14814, -23.98488]}}, {"type": "Feature", "properties": {"objectid": 224, "community_id": 224, "community_name": "Elliott South Camp", "community_aliases": "SOUTH CAMP,WILYUGH,WILYUGOO,WILYUGU", "community_type": "Town Camp", "main_language": "Not recorded", "local_govt_council": "BARKLY", "land_council": "NORTHERN LAND COUNCIL", "ntg_region": "BARKLY", "bushtel_url": "https://bushtel.nt.gov.au/profile/224", "population_count": 56, "population_used_in_index": 56, "population_basis": "risk_dataset", "longitude": 133.55746, "latitude": -17.56218, "risk_rating": "Moderate", "fire_plan": "No", "firebreak": "Yes", "fuel_reduction": "Yes", "has_coverage": true, "coverage_status": "Inside predicted coverage", "nearest_tower_km": 1.2, "nearby_carriers": 2, "carrier_names": "Optus, Telstra", "hazard_H": 0.6, "unreachability_U": 0.1191, "exposure_E": 0.5114, "wbi_score": 33.2, "wbi_tier": "Low", "wbi_rank": 572, "strict_blackspot": false}, "geometry": {"type": "Point", "coordinates": [133.55746, -17.56218]}}, {"type": "Feature", "properties": {"objectid": 773, "community_id": 773, "community_name": "Palm Paddock", "community_aliases": "INTIYA MANGAMA,INTIYAMANGAMA,INTYAMANGAMA,PALM VALLEY", "community_type": "Family Outstation", "main_language": "Not recorded", "local_govt_council": "MACDONNELL", "land_council": "CENTRAL LAND COUNCIL", "ntg_region": "CENTRAL AUSTRALIA", "bushtel_url": "https://bushtel.nt.gov.au/profile/773", "population_count": 6, "population_used_in_index": 6, "population_basis": "risk_dataset", "longitude": 132.68126, "latitude": -24.08534, "risk_rating": "Low", "fire_plan": "No", "firebreak": "Yes", "fuel_reduction": "Yes", "has_coverage": false, "coverage_status": "Outside predicted coverage", "nearest_tower_km": 6.8, "nearby_carriers": 2, "carrier_names": "Optus, Telstra", "hazard_H": 0.3, "unreachability_U": 0.4898, "exposure_E": 0.2461, "wbi_score": 33.1, "wbi_tier": "Low", "wbi_rank": 573, "strict_blackspot": false}, "geometry": {"type": "Point", "coordinates": [132.68126, -24.08534]}}, {"type": "Feature", "properties": {"objectid": 572, "community_id": 572, "community_name": "Yedikba", "community_aliases": "EMERALD RIVER", "community_type": "Family Outstation", "main_language": "Not recorded", "local_govt_council": "EAST ARNHEM", "land_council": "ANINDILYAKWA LAND COUNCIL", "ntg_region": "EAST ARNHEM", "bushtel_url": "https://bushtel.nt.gov.au/profile/572", "population_count": 4, "population_used_in_index": 4, "population_basis": "risk_dataset", "longitude": 136.45703, "latitude": -14.08056, "risk_rating": "Moderate", "fire_plan": "No", "firebreak": "Yes", "fuel_reduction": "Yes", "has_coverage": true, "coverage_status": "Inside predicted coverage", "nearest_tower_km": 11.1, "nearby_carriers": 1, "carrier_names": "Telstra", "hazard_H": 0.6, "unreachability_U": 0.2962, "exposure_E": 0.2036, "wbi_score": 33.1, "wbi_tier": "Low", "wbi_rank": 573, "strict_blackspot": false}, "geometry": {"type": "Point", "coordinates": [136.45703, -14.08056]}}, {"type": "Feature", "properties": {"objectid": 873, "community_id": 873, "community_name": "Natjitnama", "community_aliases": "No aliases recorded with NTG DIPL", "community_type": "Family Outstation", "main_language": "Not recorded", "local_govt_council": "MACDONNELL", "land_council": "CENTRAL LAND COUNCIL", "ntg_region": "CENTRAL AUSTRALIA", "bushtel_url": "https://bushtel.nt.gov.au/profile/873", "population_count": null, "population_used_in_index": 8, "population_basis": "imputed_type_median", "longitude": 132.981125, "latitude": -24.021125, "risk_rating": "Moderate", "fire_plan": "No", "firebreak": "No", "fuel_reduction": "No", "has_coverage": true, "coverage_status": "Inside predicted coverage", "nearest_tower_km": 15.8, "nearby_carriers": 2, "carrier_names": "Optus, Telstra", "hazard_H": 0.6, "unreachability_U": 0.2164, "exposure_E": 0.2779, "wbi_score": 33.0, "wbi_tier": "Low", "wbi_rank": 575, "strict_blackspot": false}, "geometry": {"type": "Point", "coordinates": [132.981125, -24.021125]}}, {"type": "Feature", "properties": {"objectid": 759, "community_id": 759, "community_name": "5 Mile Bore", "community_aliases": "5 MILE", "community_type": "Family Outstation", "main_language": "Not recorded", "local_govt_council": "MACDONNELL", "land_council": "CENTRAL LAND COUNCIL", "ntg_region": "CENTRAL AUSTRALIA", "bushtel_url": "https://bushtel.nt.gov.au/profile/759", "population_count": 27, "population_used_in_index": 27, "population_basis": "risk_dataset", "longitude": 131.98296, "latitude": -23.23265, "risk_rating": "Low", "fire_plan": "No", "firebreak": "Yes", "fuel_reduction": "Yes", "has_coverage": true, "coverage_status": "Inside predicted coverage", "nearest_tower_km": 7.7, "nearby_carriers": 1, "carrier_names": "Telstra", "hazard_H": 0.3, "unreachability_U": 0.2736, "exposure_E": 0.4215, "wbi_score": 32.6, "wbi_tier": "Low", "wbi_rank": 576, "strict_blackspot": false}, "geometry": {"type": "Point", "coordinates": [131.98296, -23.23265]}}, {"type": "Feature", "properties": {"objectid": 987, "community_id": 987, "community_name": "Milibunthurra", "community_aliases": "MILLIBUNTHURRA", "community_type": "Family Outstation", "main_language": "Not recorded", "local_govt_council": "ROPER GULF", "land_council": "NORTHERN LAND COUNCIL", "ntg_region": "BIG RIVERS", "bushtel_url": "https://bushtel.nt.gov.au/profile/987", "population_count": 3, "population_used_in_index": 3, "population_basis": "risk_dataset", "longitude": 136.42333, "latitude": -15.96231, "risk_rating": "Moderate", "fire_plan": "No", "firebreak": "Yes", "fuel_reduction": "Yes", "has_coverage": true, "coverage_status": "Inside predicted coverage", "nearest_tower_km": 16.1, "nearby_carriers": 1, "carrier_names": "Telstra", "hazard_H": 0.6, "unreachability_U": 0.3296, "exposure_E": 0.1754, "wbi_score": 32.6, "wbi_tier": "Low", "wbi_rank": 576, "strict_blackspot": false}, "geometry": {"type": "Point", "coordinates": [136.42333, -15.96231]}}, {"type": "Feature", "properties": {"objectid": 701, "community_id": 701, "community_name": "Policemans Hole", "community_aliases": "LITTLE POLICEMANS HOLE,NYAWANYAWAN DAWANG", "community_type": "Family Outstation", "main_language": "Not recorded", "local_govt_council": "VICTORIA DALY", "land_council": "NORTHERN LAND COUNCIL", "ntg_region": "BIG RIVERS", "bushtel_url": "https://bushtel.nt.gov.au/profile/701", "population_count": null, "population_used_in_index": 8, "population_basis": "imputed_type_median", "longitude": 129.106541, "latitude": -15.77853, "risk_rating": "High", "fire_plan": "No", "firebreak": "No", "fuel_reduction": "No", "has_coverage": true, "coverage_status": "Inside predicted coverage", "nearest_tower_km": 1.7, "nearby_carriers": 2, "carrier_names": "Optus, Telstra", "hazard_H": 1.0, "unreachability_U": 0.1224, "exposure_E": 0.2779, "wbi_score": 32.4, "wbi_tier": "Low", "wbi_rank": 578, "strict_blackspot": false}, "geometry": {"type": "Point", "coordinates": [129.106541, -15.77853]}}, {"type": "Feature", "properties": {"objectid": 632, "community_id": 632, "community_name": "Nulawan", "community_aliases": "NALAWAN,NALLAWAN,NALLAWUN,NALLOWA", "community_type": "Family Outstation", "main_language": "Not recorded", "local_govt_council": "ROPER GULF", "land_council": "NORTHERN LAND COUNCIL", "ntg_region": "BIG RIVERS", "bushtel_url": "https://bushtel.nt.gov.au/profile/632", "population_count": 10, "population_used_in_index": 10, "population_basis": "risk_dataset", "longitude": 134.93128, "latitude": -14.78729, "risk_rating": "Low", "fire_plan": "No", "firebreak": "Yes", "fuel_reduction": "Yes", "has_coverage": true, "coverage_status": "Inside predicted coverage", "nearest_tower_km": 22.2, "nearby_carriers": 1, "carrier_names": "Telstra", "hazard_H": 0.3, "unreachability_U": 0.3702, "exposure_E": 0.3033, "wbi_score": 32.3, "wbi_tier": "Low", "wbi_rank": 579, "strict_blackspot": false}, "geometry": {"type": "Point", "coordinates": [134.93128, -14.78729]}}, {"type": "Feature", "properties": {"objectid": 24992, "community_id": 24992, "community_name": "Urrermerne", "community_aliases": "No aliases recorded with NTG DIPL", "community_type": "Family Outstation", "main_language": "Not recorded", "local_govt_council": "MACDONNELL", "land_council": "CENTRAL LAND COUNCIL", "ntg_region": "CENTRAL AUSTRALIA", "bushtel_url": "https://bushtel.nt.gov.au/profile/24992", "population_count": 14, "population_used_in_index": 14, "population_basis": "bushtel", "longitude": 134.069133, "latitude": -23.9629, "risk_rating": "Moderate", "fire_plan": "No", "firebreak": "No", "fuel_reduction": "No", "has_coverage": true, "coverage_status": "Inside predicted coverage", "nearest_tower_km": 24.6, "nearby_carriers": 3, "carrier_names": "Optus, TPG, Telstra", "hazard_H": 0.6, "unreachability_U": 0.164, "exposure_E": 0.3425, "wbi_score": 32.3, "wbi_tier": "Low", "wbi_rank": 579, "strict_blackspot": false}, "geometry": {"type": "Point", "coordinates": [134.069133, -23.9629]}}, {"type": "Feature", "properties": {"objectid": 505, "community_id": 505, "community_name": "Garrthalala", "community_aliases": "GARRTBALALA", "community_type": "Family Outstation", "main_language": "Not recorded", "local_govt_council": "EAST ARNHEM", "land_council": "NORTHERN LAND COUNCIL", "ntg_region": "EAST ARNHEM", "bushtel_url": "https://bushtel.nt.gov.au/profile/505", "population_count": 50, "population_used_in_index": 50, "population_basis": "risk_dataset", "longitude": 136.56918, "latitude": -12.76305, "risk_rating": "Low", "fire_plan": "No", "firebreak": "Yes", "fuel_reduction": "Yes", "has_coverage": true, "coverage_status": "Inside predicted coverage", "nearest_tower_km": 0.1, "nearby_carriers": 1, "carrier_names": "Telstra", "hazard_H": 0.3, "unreachability_U": 0.2229, "exposure_E": 0.4973, "wbi_score": 32.2, "wbi_tier": "Low", "wbi_rank": 581, "strict_blackspot": false}, "geometry": {"type": "Point", "coordinates": [136.56918, -12.76305]}}, {"type": "Feature", "properties": {"objectid": 613, "community_id": 613, "community_name": "Lingara", "community_aliases": "LINGARRA,OLD HUMBERT RIVER,WALANGERI", "community_type": "Family Outstation", "main_language": "Not recorded", "local_govt_council": "VICTORIA DALY", "land_council": "NORTHERN LAND COUNCIL", "ntg_region": "BIG RIVERS", "bushtel_url": "https://bushtel.nt.gov.au/profile/613", "population_count": 52, "population_used_in_index": 52, "population_basis": "risk_dataset", "longitude": 130.64333, "latitude": -16.486944, "risk_rating": "Moderate", "fire_plan": "No", "firebreak": "Yes", "fuel_reduction": "Yes", "has_coverage": true, "coverage_status": "Inside predicted coverage", "nearest_tower_km": 0.0, "nearby_carriers": 2, "carrier_names": "Optus, Telstra", "hazard_H": 0.6, "unreachability_U": 0.1111, "exposure_E": 0.5022, "wbi_score": 32.2, "wbi_tier": "Low", "wbi_rank": 581, "strict_blackspot": false}, "geometry": {"type": "Point", "coordinates": [130.64333, -16.486944]}}, {"type": "Feature", "properties": {"objectid": 626, "community_id": 626, "community_name": "Mistake Creek", "community_aliases": "MOONDABIJERRA", "community_type": "Family Outstation", "main_language": "Not recorded", "local_govt_council": "VICTORIA DALY", "land_council": "CENTRAL LAND COUNCIL", "ntg_region": "BIG RIVERS", "bushtel_url": "https://bushtel.nt.gov.au/profile/626", "population_count": 4, "population_used_in_index": 4, "population_basis": "risk_dataset", "longitude": 129.04319, "latitude": -17.10927, "risk_rating": "Moderate", "fire_plan": "No", "firebreak": "Yes", "fuel_reduction": "Yes", "has_coverage": true, "coverage_status": "Inside predicted coverage", "nearest_tower_km": 7.2, "nearby_carriers": 1, "carrier_names": "Telstra", "hazard_H": 0.6, "unreachability_U": 0.2702, "exposure_E": 0.2036, "wbi_score": 32.1, "wbi_tier": "Low", "wbi_rank": 583, "strict_blackspot": false}, "geometry": {"type": "Point", "coordinates": [129.04319, -17.10927]}}, {"type": "Feature", "properties": {"objectid": 799, "community_id": 799, "community_name": "Red Lily", "community_aliases": "GIINDA,GINA", "community_type": "Family Outstation", "main_language": "Not recorded", "local_govt_council": "WEST ARNHEM", "land_council": "NORTHERN LAND COUNCIL", "ntg_region": "TOP END", "bushtel_url": "https://bushtel.nt.gov.au/profile/799", "population_count": 4, "population_used_in_index": 4, "population_basis": "risk_dataset", "longitude": 132.56967, "latitude": -12.86449, "risk_rating": "Moderate", "fire_plan": "No", "firebreak": "Yes", "fuel_reduction": "Yes", "has_coverage": true, "coverage_status": "Inside predicted coverage", "nearest_tower_km": 6.9, "nearby_carriers": 1, "carrier_names": "Telstra", "hazard_H": 0.6, "unreachability_U": 0.2682, "exposure_E": 0.2036, "wbi_score": 32.0, "wbi_tier": "Low", "wbi_rank": 584, "strict_blackspot": false}, "geometry": {"type": "Point", "coordinates": [132.56967, -12.86449]}}, {"type": "Feature", "properties": {"objectid": 892, "community_id": 892, "community_name": "Sandy Bay", "community_aliases": "No aliases recorded with NTG DIPL", "community_type": "Family Outstation", "main_language": "Not recorded", "local_govt_council": "WEST ARNHEM", "land_council": "NORTHERN LAND COUNCIL", "ntg_region": "TOP END", "bushtel_url": "https://bushtel.nt.gov.au/profile/892", "population_count": 4, "population_used_in_index": 4, "population_basis": "risk_dataset", "longitude": 132.58027, "latitude": -11.20719, "risk_rating": "Moderate", "fire_plan": "No", "firebreak": "Yes", "fuel_reduction": "Yes", "has_coverage": true, "coverage_status": "Inside predicted coverage", "nearest_tower_km": 6.6, "nearby_carriers": 1, "carrier_names": "Telstra", "hazard_H": 0.6, "unreachability_U": 0.2662, "exposure_E": 0.2036, "wbi_score": 31.9, "wbi_tier": "Low", "wbi_rank": 585, "strict_blackspot": false}, "geometry": {"type": "Point", "coordinates": [132.58027, -11.20719]}}, {"type": "Feature", "properties": {"objectid": 25, "community_id": 25, "community_name": "Blackwater", "community_aliases": "ATURU", "community_type": "Family Outstation", "main_language": "Not recorded", "local_govt_council": "MACDONNELL", "land_council": "CENTRAL LAND COUNCIL", "ntg_region": "CENTRAL AUSTRALIA", "bushtel_url": "https://bushtel.nt.gov.au/profile/25", "population_count": 21, "population_used_in_index": 21, "population_basis": "risk_dataset", "longitude": 131.89688, "latitude": -23.26181, "risk_rating": "Low", "fire_plan": "No", "firebreak": "Yes", "fuel_reduction": "Yes", "has_coverage": true, "coverage_status": "Inside predicted coverage", "nearest_tower_km": 8.3, "nearby_carriers": 1, "carrier_names": "Telstra", "hazard_H": 0.3, "unreachability_U": 0.2776, "exposure_E": 0.391, "wbi_score": 31.9, "wbi_tier": "Low", "wbi_rank": 585, "strict_blackspot": false}, "geometry": {"type": "Point", "coordinates": [131.89688, -23.26181]}}, {"type": "Feature", "properties": {"objectid": 121, "community_id": 121, "community_name": "New Bore", "community_aliases": "WADIYAWANU", "community_type": "Family Outstation", "main_language": "Not recorded", "local_govt_council": "MACDONNELL", "land_council": "CENTRAL LAND COUNCIL", "ntg_region": "CENTRAL AUSTRALIA", "bushtel_url": "https://bushtel.nt.gov.au/profile/121", "population_count": 4, "population_used_in_index": 4, "population_basis": "risk_dataset", "longitude": 131.32769, "latitude": -23.22172, "risk_rating": "Moderate", "fire_plan": "No", "firebreak": "No", "fuel_reduction": "No", "has_coverage": true, "coverage_status": "Inside predicted coverage", "nearest_tower_km": 6.3, "nearby_carriers": 1, "carrier_names": "Telstra", "hazard_H": 0.6, "unreachability_U": 0.2642, "exposure_E": 0.2036, "wbi_score": 31.8, "wbi_tier": "Low", "wbi_rank": 587, "strict_blackspot": false}, "geometry": {"type": "Point", "coordinates": [131.32769, -23.22172]}}, {"type": "Feature", "properties": {"objectid": 823, "community_id": 823, "community_name": "Ankweleyelengkwe", "community_aliases": "AMARELENGKWE,WILD PLUM", "community_type": "Family Outstation", "main_language": "Not recorded", "local_govt_council": "CENTRAL DESERT", "land_council": "CENTRAL LAND COUNCIL", "ntg_region": "CENTRAL AUSTRALIA", "bushtel_url": "https://bushtel.nt.gov.au/profile/823", "population_count": 6, "population_used_in_index": 6, "population_basis": "bushtel", "longitude": 133.75517, "latitude": -21.59675, "risk_rating": "Moderate", "fire_plan": "No", "firebreak": "No", "fuel_reduction": "No", "has_coverage": true, "coverage_status": "Inside predicted coverage", "nearest_tower_km": 15.7, "nearby_carriers": 2, "carrier_names": "Optus, Telstra", "hazard_H": 0.6, "unreachability_U": 0.2158, "exposure_E": 0.2461, "wbi_score": 31.7, "wbi_tier": "Low", "wbi_rank": 588, "strict_blackspot": false}, "geometry": {"type": "Point", "coordinates": [133.75517, -21.59675]}}, {"type": "Feature", "properties": {"objectid": 304, "community_id": 304, "community_name": "Cannon Hill", "community_aliases": "EAST ALLIGATOR,MEL", "community_type": "Family Outstation", "main_language": "Not recorded", "local_govt_council": "WEST ARNHEM", "land_council": "NORTHERN LAND COUNCIL", "ntg_region": "TOP END", "bushtel_url": "https://bushtel.nt.gov.au/profile/304", "population_count": 12, "population_used_in_index": 12, "population_basis": "risk_dataset", "longitude": 132.94593, "latitude": -12.35758, "risk_rating": "Moderate", "fire_plan": "No", "firebreak": "Yes", "fuel_reduction": "Yes", "has_coverage": true, "coverage_status": "Inside predicted coverage", "nearest_tower_km": 7.8, "nearby_carriers": 2, "carrier_names": "Optus, Telstra", "hazard_H": 0.6, "unreachability_U": 0.1631, "exposure_E": 0.3244, "wbi_score": 31.7, "wbi_tier": "Low", "wbi_rank": 588, "strict_blackspot": false}, "geometry": {"type": "Point", "coordinates": [132.94593, -12.35758]}}, {"type": "Feature", "properties": {"objectid": 1004, "community_id": 1004, "community_name": "10 Mile Outstation", "community_aliases": "TEN MILE OUTSTATION", "community_type": "Family Outstation", "main_language": "Not recorded", "local_govt_council": "CENTRAL DESERT", "land_council": "CENTRAL LAND COUNCIL", "ntg_region": "CENTRAL AUSTRALIA", "bushtel_url": "https://bushtel.nt.gov.au/profile/1004", "population_count": 2, "population_used_in_index": 2, "population_basis": "risk_dataset", "longitude": 132.37658, "latitude": -22.466667, "risk_rating": "Low", "fire_plan": "No", "firebreak": "Yes", "fuel_reduction": "Yes", "has_coverage": false, "coverage_status": "Outside predicted coverage", "nearest_tower_km": 29.1, "nearby_carriers": 1, "carrier_names": "Telstra", "hazard_H": 0.3, "unreachability_U": 0.7496, "exposure_E": 0.139, "wbi_score": 31.5, "wbi_tier": "Low", "wbi_rank": 590, "strict_blackspot": false}, "geometry": {"type": "Point", "coordinates": [132.37658, -22.466667]}}, {"type": "Feature", "properties": {"objectid": 441, "community_id": 441, "community_name": "Alharrgan", "community_aliases": "CAPE BARROW", "community_type": "Family Outstation", "main_language": "Not recorded", "local_govt_council": "ROPER GULF", "land_council": "NORTHERN LAND COUNCIL", "ntg_region": "BIG RIVERS", "bushtel_url": "https://bushtel.nt.gov.au/profile/441", "population_count": 9, "population_used_in_index": 9, "population_basis": "risk_dataset", "longitude": 136.05261, "latitude": -13.67507, "risk_rating": "Low", "fire_plan": "No", "firebreak": "Yes", "fuel_reduction": "Yes", "has_coverage": true, "coverage_status": "Inside predicted coverage", "nearest_tower_km": 19.9, "nearby_carriers": 1, "carrier_names": "Telstra", "hazard_H": 0.3, "unreachability_U": 0.3549, "exposure_E": 0.2913, "wbi_score": 31.4, "wbi_tier": "Low", "wbi_rank": 591, "strict_blackspot": false}, "geometry": {"type": "Point", "coordinates": [136.05261, -13.67507]}}, {"type": "Feature", "properties": {"objectid": 707, "community_id": 707, "community_name": "Wunara", "community_aliases": "ARRAWARRA,ARRUWURRA,WUNARRA,WUNURRA", "community_type": "Family Outstation", "main_language": "Not recorded", "local_govt_council": "BARKLY", "land_council": "CENTRAL LAND COUNCIL", "ntg_region": "BARKLY", "bushtel_url": "https://bushtel.nt.gov.au/profile/707", "population_count": 5, "population_used_in_index": 5, "population_basis": "risk_dataset", "longitude": 136.6181, "latitude": -19.9898, "risk_rating": "Moderate", "fire_plan": "No", "firebreak": "Yes", "fuel_reduction": "Yes", "has_coverage": true, "coverage_status": "Inside predicted coverage", "nearest_tower_km": 0.1, "nearby_carriers": 1, "carrier_names": "Telstra", "hazard_H": 0.6, "unreachability_U": 0.2229, "exposure_E": 0.2266, "wbi_score": 31.2, "wbi_tier": "Low", "wbi_rank": 592, "strict_blackspot": false}, "geometry": {"type": "Point", "coordinates": [136.6181, -19.9898]}}, {"type": "Feature", "properties": {"objectid": 949, "community_id": 949, "community_name": "Bunhanura", "community_aliases": "No aliases recorded with NTG DIPL", "community_type": "Family Outstation", "main_language": "Not recorded", "local_govt_council": "EAST ARNHEM", "land_council": "NORTHERN LAND COUNCIL", "ntg_region": "EAST ARNHEM", "bushtel_url": "https://bushtel.nt.gov.au/profile/949", "population_count": 10, "population_used_in_index": 10, "population_basis": "risk_dataset", "longitude": 135.72221, "latitude": -12.37449, "risk_rating": "Low", "fire_plan": "No", "firebreak": "Yes", "fuel_reduction": "Yes", "has_coverage": true, "coverage_status": "Inside predicted coverage", "nearest_tower_km": 16.8, "nearby_carriers": 1, "carrier_names": "Telstra", "hazard_H": 0.3, "unreachability_U": 0.3342, "exposure_E": 0.3033, "wbi_score": 31.2, "wbi_tier": "Low", "wbi_rank": 592, "strict_blackspot": false}, "geometry": {"type": "Point", "coordinates": [135.72221, -12.37449]}}, {"type": "Feature", "properties": {"objectid": 538, "community_id": 538, "community_name": "Mulgurram", "community_aliases": "MANGU,MULGURRUM", "community_type": "Family Outstation", "main_language": "Not recorded", "local_govt_council": "EAST ARNHEM", "land_council": "NORTHERN LAND COUNCIL", "ntg_region": "EAST ARNHEM", "bushtel_url": "https://bushtel.nt.gov.au/profile/538", "population_count": 3, "population_used_in_index": 3, "population_basis": "risk_dataset", "longitude": 134.960847, "latitude": -12.401958, "risk_rating": "Moderate", "fire_plan": "No", "firebreak": "Yes", "fuel_reduction": "Yes", "has_coverage": true, "coverage_status": "Inside predicted coverage", "nearest_tower_km": 9.0, "nearby_carriers": 1, "carrier_names": "Telstra", "hazard_H": 0.6, "unreachability_U": 0.2822, "exposure_E": 0.1754, "wbi_score": 31.0, "wbi_tier": "Low", "wbi_rank": 594, "strict_blackspot": false}, "geometry": {"type": "Point", "coordinates": [134.960847, -12.401958]}}, {"type": "Feature", "properties": {"objectid": 951, "community_id": 951, "community_name": "Menngen", "community_aliases": "DJALIBANG,INNESVALE STATION,JALIJBANG", "community_type": "Family Outstation", "main_language": "Not recorded", "local_govt_council": "VICTORIA DALY", "land_council": "NORTHERN LAND COUNCIL", "ntg_region": "BIG RIVERS", "bushtel_url": "https://bushtel.nt.gov.au/profile/951", "population_count": 30, "population_used_in_index": 30, "population_basis": "risk_dataset", "longitude": 131.273069, "latitude": -15.356958, "risk_rating": "Moderate", "fire_plan": "No", "firebreak": "Yes", "fuel_reduction": "Yes", "has_coverage": true, "coverage_status": "Inside predicted coverage", "nearest_tower_km": 0.1, "nearby_carriers": 2, "carrier_names": "Optus, Telstra", "hazard_H": 0.6, "unreachability_U": 0.1118, "exposure_E": 0.4344, "wbi_score": 30.8, "wbi_tier": "Low", "wbi_rank": 595, "strict_blackspot": false}, "geometry": {"type": "Point", "coordinates": [131.273069, -15.356958]}}, {"type": "Feature", "properties": {"objectid": 806, "community_id": 806, "community_name": "Dhayirri", "community_aliases": "No aliases recorded with NTG DIPL", "community_type": "Family Outstation", "main_language": "Not recorded", "local_govt_council": "EAST ARNHEM", "land_council": "NORTHERN LAND COUNCIL", "ntg_region": "EAST ARNHEM", "bushtel_url": "https://bushtel.nt.gov.au/profile/806", "population_count": 14, "population_used_in_index": 14, "population_basis": "risk_dataset", "longitude": 135.6187, "latitude": -11.9612, "risk_rating": "Low", "fire_plan": "No", "firebreak": "Yes", "fuel_reduction": "Yes", "has_coverage": true, "coverage_status": "Inside predicted coverage", "nearest_tower_km": 9.2, "nearby_carriers": 1, "carrier_names": "Telstra", "hazard_H": 0.3, "unreachability_U": 0.2836, "exposure_E": 0.3425, "wbi_score": 30.8, "wbi_tier": "Low", "wbi_rank": 595, "strict_blackspot": false}, "geometry": {"type": "Point", "coordinates": [135.6187, -11.9612]}}, {"type": "Feature", "properties": {"objectid": 715, "community_id": 715, "community_name": "Wooliana", "community_aliases": "No aliases recorded with NTG DIPL", "community_type": "Family Outstation", "main_language": "Not recorded", "local_govt_council": "VICTORIA DALY", "land_council": "NORTHERN LAND COUNCIL", "ntg_region": "TOP END", "bushtel_url": "https://bushtel.nt.gov.au/profile/715", "population_count": 12, "population_used_in_index": 12, "population_basis": "risk_dataset", "longitude": 130.64275, "latitude": -13.674833, "risk_rating": "Low", "fire_plan": "No", "firebreak": "Yes", "fuel_reduction": "Yes", "has_coverage": true, "coverage_status": "Inside predicted coverage", "nearest_tower_km": 9.8, "nearby_carriers": 1, "carrier_names": "Telstra", "hazard_H": 0.3, "unreachability_U": 0.2876, "exposure_E": 0.3244, "wbi_score": 30.4, "wbi_tier": "Low", "wbi_rank": 597, "strict_blackspot": false}, "geometry": {"type": "Point", "coordinates": [130.64275, -13.674833]}}, {"type": "Feature", "properties": {"objectid": 545, "community_id": 545, "community_name": "Ngadumiyerrka", "community_aliases": "LITTLE PARADISE,NGADUMI TERRN", "community_type": "Family Outstation", "main_language": "Not recorded", "local_govt_council": "EAST ARNHEM", "land_council": "ANINDILYAKWA LAND COUNCIL", "ntg_region": "EAST ARNHEM", "bushtel_url": "https://bushtel.nt.gov.au/profile/545", "population_count": 19, "population_used_in_index": 19, "population_basis": "risk_dataset", "longitude": 136.456403, "latitude": -13.820014, "risk_rating": "Low", "fire_plan": "No", "firebreak": "Yes", "fuel_reduction": "Yes", "has_coverage": true, "coverage_status": "Inside predicted coverage", "nearest_tower_km": 3.9, "nearby_carriers": 1, "carrier_names": "Telstra", "hazard_H": 0.3, "unreachability_U": 0.2482, "exposure_E": 0.3789, "wbi_score": 30.4, "wbi_tier": "Low", "wbi_rank": 597, "strict_blackspot": false}, "geometry": {"type": "Point", "coordinates": [136.456403, -13.820014]}}, {"type": "Feature", "properties": {"objectid": 44, "community_id": 44, "community_name": "Green Valley", "community_aliases": "ILILLI,KUMANJAYE", "community_type": "Family Outstation", "main_language": "Not recorded", "local_govt_council": "MACDONNELL", "land_council": "CENTRAL LAND COUNCIL", "ntg_region": "CENTRAL AUSTRALIA", "bushtel_url": "https://bushtel.nt.gov.au/profile/44", "population_count": 7, "population_used_in_index": 7, "population_basis": "risk_dataset", "longitude": 131.73817, "latitude": -23.15051, "risk_rating": "Low", "fire_plan": "No", "firebreak": "Yes", "fuel_reduction": "Yes", "has_coverage": true, "coverage_status": "Inside predicted coverage", "nearest_tower_km": 19.5, "nearby_carriers": 1, "carrier_names": "Telstra", "hazard_H": 0.3, "unreachability_U": 0.3522, "exposure_E": 0.263, "wbi_score": 30.3, "wbi_tier": "Low", "wbi_rank": 599, "strict_blackspot": false}, "geometry": {"type": "Point", "coordinates": [131.73817, -23.15051]}}, {"type": "Feature", "properties": {"objectid": 485, "community_id": 485, "community_name": "Donydji", "community_aliases": "DOINDJI,DONIDJI,DOYNDJI", "community_type": "Family Outstation", "main_language": "Not recorded", "local_govt_council": "EAST ARNHEM", "land_council": "NORTHERN LAND COUNCIL", "ntg_region": "EAST ARNHEM", "bushtel_url": "https://bushtel.nt.gov.au/profile/485", "population_count": 25, "population_used_in_index": 25, "population_basis": "risk_dataset", "longitude": 135.47028, "latitude": -12.89045, "risk_rating": "Low", "fire_plan": "No", "firebreak": "Yes", "fuel_reduction": "Yes", "has_coverage": true, "coverage_status": "Inside predicted coverage", "nearest_tower_km": 0.1, "nearby_carriers": 1, "carrier_names": "Telstra", "hazard_H": 0.3, "unreachability_U": 0.2229, "exposure_E": 0.4121, "wbi_score": 30.2, "wbi_tier": "Low", "wbi_rank": 600, "strict_blackspot": false}, "geometry": {"type": "Point", "coordinates": [135.47028, -12.89045]}}, {"type": "Feature", "properties": {"objectid": 968, "community_id": 968, "community_name": "Armorran", "community_aliases": "No aliases recorded with NTG DIPL", "community_type": "Family Outstation", "main_language": "Not recorded", "local_govt_council": "WEST ARNHEM", "land_council": "NORTHERN LAND COUNCIL", "ntg_region": "TOP END", "bushtel_url": "https://bushtel.nt.gov.au/profile/968", "population_count": 10, "population_used_in_index": 10, "population_basis": "risk_dataset", "longitude": 133.38142, "latitude": -11.75575, "risk_rating": "Low", "fire_plan": "No", "firebreak": "Yes", "fuel_reduction": "Yes", "has_coverage": true, "coverage_status": "Inside predicted coverage", "nearest_tower_km": 12.0, "nearby_carriers": 1, "carrier_names": "Telstra", "hazard_H": 0.3, "unreachability_U": 0.3022, "exposure_E": 0.3033, "wbi_score": 30.2, "wbi_tier": "Low", "wbi_rank": 600, "strict_blackspot": false}, "geometry": {"type": "Point", "coordinates": [133.38142, -11.75575]}}, {"type": "Feature", "properties": {"objectid": 162, "community_id": 162, "community_name": "Ulpanyali", "community_aliases": "OCHRE HILL", "community_type": "Family Outstation", "main_language": "Not recorded", "local_govt_council": "MACDONNELL", "land_council": "CENTRAL LAND COUNCIL", "ntg_region": "CENTRAL AUSTRALIA", "bushtel_url": "https://bushtel.nt.gov.au/profile/162", "population_count": 15, "population_used_in_index": 15, "population_basis": "risk_dataset", "longitude": 131.50075, "latitude": -24.23091, "risk_rating": "Moderate", "fire_plan": "No", "firebreak": "Yes", "fuel_reduction": "Yes", "has_coverage": true, "coverage_status": "Inside predicted coverage", "nearest_tower_km": 2.5, "nearby_carriers": 2, "carrier_names": "Optus, Telstra", "hazard_H": 0.6, "unreachability_U": 0.1278, "exposure_E": 0.3507, "wbi_score": 30.0, "wbi_tier": "Low", "wbi_rank": 602, "strict_blackspot": false}, "geometry": {"type": "Point", "coordinates": [131.50075, -24.23091]}}, {"type": "Feature", "properties": {"objectid": 760, "community_id": 760, "community_name": "Ulambara", "community_aliases": "ULAMBAURA,ULLUMBARA", "community_type": "Family Outstation", "main_language": "Not recorded", "local_govt_council": "MACDONNELL", "land_council": "CENTRAL LAND COUNCIL", "ntg_region": "CENTRAL AUSTRALIA", "bushtel_url": "https://bushtel.nt.gov.au/profile/760", "population_count": 11, "population_used_in_index": 11, "population_basis": "risk_dataset", "longitude": 131.92748, "latitude": -23.27715, "risk_rating": "Low", "fire_plan": "No", "firebreak": "Yes", "fuel_reduction": "Yes", "has_coverage": true, "coverage_status": "Inside predicted coverage", "nearest_tower_km": 9.6, "nearby_carriers": 1, "carrier_names": "Telstra", "hazard_H": 0.3, "unreachability_U": 0.2862, "exposure_E": 0.3143, "wbi_score": 30.0, "wbi_tier": "Low", "wbi_rank": 602, "strict_blackspot": false}, "geometry": {"type": "Point", "coordinates": [131.92748, -23.27715]}}, {"type": "Feature", "properties": {"objectid": 275, "community_id": 275, "community_name": "Wollogorang", "community_aliases": "BRANCH CREEK,DJANGALINA,JUNGALINA", "community_type": "Family Outstation", "main_language": "Not recorded", "local_govt_council": "ROPER GULF", "land_council": "NORTHERN LAND COUNCIL", "ntg_region": "BIG RIVERS", "bushtel_url": "https://bushtel.nt.gov.au/profile/275", "population_count": 3, "population_used_in_index": 3, "population_basis": "risk_dataset", "longitude": 137.98884, "latitude": -17.21828, "risk_rating": "Moderate", "fire_plan": "No", "firebreak": "Yes", "fuel_reduction": "Yes", "has_coverage": true, "coverage_status": "Inside predicted coverage", "nearest_tower_km": 4.6, "nearby_carriers": 1, "carrier_names": "Telstra", "hazard_H": 0.6, "unreachability_U": 0.2529, "exposure_E": 0.1754, "wbi_score": 29.9, "wbi_tier": "Low", "wbi_rank": 604, "strict_blackspot": false}, "geometry": {"type": "Point", "coordinates": [137.98884, -17.21828]}}, {"type": "Feature", "properties": {"objectid": 797, "community_id": 797, "community_name": "Yikarrakkal", "community_aliases": "KUBUMI,YIKARRAKAL", "community_type": "Family Outstation", "main_language": "Not recorded", "local_govt_council": "WEST ARNHEM", "land_council": "NORTHERN LAND COUNCIL", "ntg_region": "TOP END", "bushtel_url": "https://bushtel.nt.gov.au/profile/797", "population_count": 15, "population_used_in_index": 15, "population_basis": "risk_dataset", "longitude": 134.111403, "latitude": -12.503625, "risk_rating": "Low", "fire_plan": "No", "firebreak": "Yes", "fuel_reduction": "Yes", "has_coverage": true, "coverage_status": "Inside predicted coverage", "nearest_tower_km": 4.2, "nearby_carriers": 1, "carrier_names": "Telstra", "hazard_H": 0.3, "unreachability_U": 0.2502, "exposure_E": 0.3507, "wbi_score": 29.7, "wbi_tier": "Low", "wbi_rank": 605, "strict_blackspot": false}, "geometry": {"type": "Point", "coordinates": [134.111403, -12.503625]}}, {"type": "Feature", "properties": {"objectid": 156, "community_id": 156, "community_name": "Urlampe", "community_aliases": "TOBERMOREY", "community_type": "Family Outstation", "main_language": "Not recorded", "local_govt_council": "CENTRAL DESERT", "land_council": "CENTRAL LAND COUNCIL", "ntg_region": "CENTRAL AUSTRALIA", "bushtel_url": "https://bushtel.nt.gov.au/profile/156", "population_count": 20, "population_used_in_index": 20, "population_basis": "risk_dataset", "longitude": 137.74252, "latitude": -22.49317, "risk_rating": "Moderate", "fire_plan": "No", "firebreak": "Yes", "fuel_reduction": "Yes", "has_coverage": true, "coverage_status": "Inside predicted coverage", "nearest_tower_km": 0.1, "nearby_carriers": 2, "carrier_names": "Optus, Telstra", "hazard_H": 0.6, "unreachability_U": 0.1118, "exposure_E": 0.3851, "wbi_score": 29.6, "wbi_tier": "Low", "wbi_rank": 606, "strict_blackspot": false}, "geometry": {"type": "Point", "coordinates": [137.74252, -22.49317]}}, {"type": "Feature", "properties": {"objectid": 489, "community_id": 489, "community_name": "Galawdjapin", "community_aliases": "GALADJAPIN,GALATJAPAN", "community_type": "Family Outstation", "main_language": "Not recorded", "local_govt_council": "EAST ARNHEM", "land_council": "NORTHERN LAND COUNCIL", "ntg_region": "EAST ARNHEM", "bushtel_url": "https://bushtel.nt.gov.au/profile/489", "population_count": 8, "population_used_in_index": 8, "population_basis": "risk_dataset", "longitude": 134.81751, "latitude": -12.28695, "risk_rating": "Low", "fire_plan": "No", "firebreak": "Yes", "fuel_reduction": "Yes", "has_coverage": true, "coverage_status": "Inside predicted coverage", "nearest_tower_km": 12.7, "nearby_carriers": 1, "carrier_names": "Telstra", "hazard_H": 0.3, "unreachability_U": 0.3069, "exposure_E": 0.2779, "wbi_score": 29.5, "wbi_tier": "Low", "wbi_rank": 607, "strict_blackspot": false}, "geometry": {"type": "Point", "coordinates": [134.81751, -12.28695]}}, {"type": "Feature", "properties": {"objectid": 523, "community_id": 523, "community_name": "Malnjangarnak", "community_aliases": "MALANGANAK,MALNYANGANAK", "community_type": "Family Outstation", "main_language": "Not recorded", "local_govt_council": "WEST ARNHEM", "land_council": "NORTHERN LAND COUNCIL", "ntg_region": "TOP END", "bushtel_url": "https://bushtel.nt.gov.au/profile/523", "population_count": 1, "population_used_in_index": 1, "population_basis": "risk_dataset", "longitude": 134.773347, "latitude": -12.660569, "risk_rating": "Low", "fire_plan": "No", "firebreak": "Yes", "fuel_reduction": "Yes", "has_coverage": false, "coverage_status": "Outside predicted coverage", "nearest_tower_km": 40.5, "nearby_carriers": 0, "carrier_names": "None", "hazard_H": 0.3, "unreachability_U": 0.9367, "exposure_E": 0.0877, "wbi_score": 29.1, "wbi_tier": "Low", "wbi_rank": 608, "strict_blackspot": false}, "geometry": {"type": "Point", "coordinates": [134.773347, -12.660569]}}, {"type": "Feature", "properties": {"objectid": 484, "community_id": 484, "community_name": "Djurranalpi", "community_aliases": "DJANALPI", "community_type": "Family Outstation", "main_language": "Not recorded", "local_govt_council": "EAST ARNHEM", "land_council": "NORTHERN LAND COUNCIL", "ntg_region": "EAST ARNHEM", "bushtel_url": "https://bushtel.nt.gov.au/profile/484", "population_count": 1, "population_used_in_index": 1, "population_basis": "risk_dataset", "longitude": 135.87292, "latitude": -11.84684, "risk_rating": "Low", "fire_plan": "No", "firebreak": "Yes", "fuel_reduction": "Yes", "has_coverage": false, "coverage_status": "Outside predicted coverage", "nearest_tower_km": 38.9, "nearby_carriers": 0, "carrier_names": "None", "hazard_H": 0.3, "unreachability_U": 0.926, "exposure_E": 0.0877, "wbi_score": 29.0, "wbi_tier": "Low", "wbi_rank": 609, "strict_blackspot": false}, "geometry": {"type": "Point", "coordinates": [135.87292, -11.84684]}}, {"type": "Feature", "properties": {"objectid": 179, "community_id": 179, "community_name": "Warren Creek", "community_aliases": "No aliases recorded with NTG DIPL", "community_type": "Family Outstation", "main_language": "Not recorded", "local_govt_council": "MACDONNELL", "land_council": "CENTRAL LAND COUNCIL", "ntg_region": "CENTRAL AUSTRALIA", "bushtel_url": "https://bushtel.nt.gov.au/profile/179", "population_count": 8, "population_used_in_index": 8, "population_basis": "risk_dataset", "longitude": 131.17868, "latitude": -23.26572, "risk_rating": "Low", "fire_plan": "No", "firebreak": "Yes", "fuel_reduction": "Yes", "has_coverage": true, "coverage_status": "Inside predicted coverage", "nearest_tower_km": 10.2, "nearby_carriers": 1, "carrier_names": "Telstra", "hazard_H": 0.3, "unreachability_U": 0.2902, "exposure_E": 0.2779, "wbi_score": 28.9, "wbi_tier": "Low", "wbi_rank": 610, "strict_blackspot": false}, "geometry": {"type": "Point", "coordinates": [131.17868, -23.26572]}}, {"type": "Feature", "properties": {"objectid": 281, "community_id": 281, "community_name": "Paradise Farm", "community_aliases": "ALDERSON,ALDERSON STATION,JIM JIM PARK HQ,JIM JIM RANGER STATION", "community_type": "Family Outstation", "main_language": "Not recorded", "local_govt_council": "WEST ARNHEM", "land_council": "NORTHERN LAND COUNCIL", "ntg_region": "TOP END", "bushtel_url": "https://bushtel.nt.gov.au/profile/281", "population_count": 12, "population_used_in_index": 12, "population_basis": "risk_dataset", "longitude": 132.532708, "latitude": -12.939097, "risk_rating": "Low", "fire_plan": "No", "firebreak": "Yes", "fuel_reduction": "Yes", "has_coverage": true, "coverage_status": "Inside predicted coverage", "nearest_tower_km": 3.8, "nearby_carriers": 1, "carrier_names": "Telstra", "hazard_H": 0.3, "unreachability_U": 0.2476, "exposure_E": 0.3244, "wbi_score": 28.9, "wbi_tier": "Low", "wbi_rank": 610, "strict_blackspot": false}, "geometry": {"type": "Point", "coordinates": [132.532708, -12.939097]}}, {"type": "Feature", "properties": {"objectid": 807, "community_id": 807, "community_name": "Galawarra", "community_aliases": "No aliases recorded with NTG DIPL", "community_type": "Family Outstation", "main_language": "Not recorded", "local_govt_council": "EAST ARNHEM", "land_council": "NORTHERN LAND COUNCIL", "ntg_region": "EAST ARNHEM", "bushtel_url": "https://bushtel.nt.gov.au/profile/807", "population_count": 12, "population_used_in_index": 12, "population_basis": "risk_dataset", "longitude": 135.59373, "latitude": -12.0444, "risk_rating": "Low", "fire_plan": "No", "firebreak": "Yes", "fuel_reduction": "Yes", "has_coverage": true, "coverage_status": "Inside predicted coverage", "nearest_tower_km": 3.8, "nearby_carriers": 1, "carrier_names": "Telstra", "hazard_H": 0.3, "unreachability_U": 0.2476, "exposure_E": 0.3244, "wbi_score": 28.9, "wbi_tier": "Low", "wbi_rank": 610, "strict_blackspot": false}, "geometry": {"type": "Point", "coordinates": [135.59373, -12.0444]}}, {"type": "Feature", "properties": {"objectid": 734, "community_id": 734, "community_name": "Junkaji", "community_aliases": "GREENWOOD,JUNGKAGU,JUNGKAJI", "community_type": "Family Outstation", "main_language": "Not recorded", "local_govt_council": "BARKLY", "land_council": "CENTRAL LAND COUNCIL", "ntg_region": "BARKLY", "bushtel_url": "https://bushtel.nt.gov.au/profile/734", "population_count": 2, "population_used_in_index": 2, "population_basis": "risk_dataset", "longitude": 134.14149, "latitude": -20.44656, "risk_rating": "Low", "fire_plan": "No", "firebreak": "Yes", "fuel_reduction": "Yes", "has_coverage": false, "coverage_status": "Outside predicted coverage", "nearest_tower_km": 18.0, "nearby_carriers": 2, "carrier_names": "Optus, Telstra", "hazard_H": 0.3, "unreachability_U": 0.5644, "exposure_E": 0.139, "wbi_score": 28.7, "wbi_tier": "Low", "wbi_rank": 613, "strict_blackspot": false}, "geometry": {"type": "Point", "coordinates": [134.14149, -20.44656]}}, {"type": "Feature", "properties": {"objectid": 824, "community_id": 824, "community_name": "Jemelke", "community_aliases": "BARROW CREEK", "community_type": "Family Outstation", "main_language": "Not recorded", "local_govt_council": "BARKLY", "land_council": "CENTRAL LAND COUNCIL", "ntg_region": "BARKLY", "bushtel_url": "https://bushtel.nt.gov.au/profile/824", "population_count": 12, "population_used_in_index": 12, "population_basis": "risk_dataset", "longitude": 133.87473, "latitude": -21.533888, "risk_rating": "Moderate", "fire_plan": "No", "firebreak": "Yes", "fuel_reduction": "Yes", "has_coverage": true, "coverage_status": "Inside predicted coverage", "nearest_tower_km": 1.5, "nearby_carriers": 2, "carrier_names": "Optus, Telstra", "hazard_H": 0.6, "unreachability_U": 0.1211, "exposure_E": 0.3244, "wbi_score": 28.7, "wbi_tier": "Low", "wbi_rank": 613, "strict_blackspot": false}, "geometry": {"type": "Point", "coordinates": [133.87473, -21.533888]}}, {"type": "Feature", "properties": {"objectid": 865, "community_id": 865, "community_name": "Bardalumba", "community_aliases": "BARTALUMBA BAY,BARTELUMBA", "community_type": "Family Outstation", "main_language": "Not recorded", "local_govt_council": "EAST ARNHEM", "land_council": "ANINDILYAKWA LAND COUNCIL", "ntg_region": "EAST ARNHEM", "bushtel_url": "https://bushtel.nt.gov.au/profile/865", "population_count": 12, "population_used_in_index": 12, "population_basis": "risk_dataset", "longitude": 136.4489, "latitude": -13.82445, "risk_rating": "Low", "fire_plan": "No", "firebreak": "Yes", "fuel_reduction": "Yes", "has_coverage": true, "coverage_status": "Inside predicted coverage", "nearest_tower_km": 3.0, "nearby_carriers": 1, "carrier_names": "Telstra", "hazard_H": 0.3, "unreachability_U": 0.2422, "exposure_E": 0.3244, "wbi_score": 28.7, "wbi_tier": "Low", "wbi_rank": 613, "strict_blackspot": false}, "geometry": {"type": "Point", "coordinates": [136.4489, -13.82445]}}, {"type": "Feature", "properties": {"objectid": 900, "community_id": 900, "community_name": "Patonga (Homestead)", "community_aliases": "No aliases recorded with NTG DIPL", "community_type": "Family Outstation", "main_language": "Not recorded", "local_govt_council": "WEST ARNHEM", "land_council": "NORTHERN LAND COUNCIL", "ntg_region": "TOP END", "bushtel_url": "https://bushtel.nt.gov.au/profile/900", "population_count": 12, "population_used_in_index": 12, "population_basis": "risk_dataset", "longitude": 132.58047, "latitude": -12.95803, "risk_rating": "Low", "fire_plan": "No", "firebreak": "Yes", "fuel_reduction": "Yes", "has_coverage": true, "coverage_status": "Inside predicted coverage", "nearest_tower_km": 2.8, "nearby_carriers": 1, "carrier_names": "Telstra", "hazard_H": 0.3, "unreachability_U": 0.2409, "exposure_E": 0.3244, "wbi_score": 28.6, "wbi_tier": "Low", "wbi_rank": 616, "strict_blackspot": false}, "geometry": {"type": "Point", "coordinates": [132.58047, -12.95803]}}, {"type": "Feature", "properties": {"objectid": 180, "community_id": 180, "community_name": "Warumpi", "community_aliases": "3 MILE,3 MILE BORE,3 MILES,THREE MILE,THREE MILE BORE,THREE MILES", "community_type": "Family Outstation", "main_language": "Not recorded", "local_govt_council": "MACDONNELL", "land_council": "CENTRAL LAND COUNCIL", "ntg_region": "CENTRAL AUSTRALIA", "bushtel_url": "https://bushtel.nt.gov.au/profile/180", "population_count": 10, "population_used_in_index": 10, "population_basis": "risk_dataset", "longitude": 131.975143, "latitude": -23.185099, "risk_rating": "Low", "fire_plan": "No", "firebreak": "Yes", "fuel_reduction": "Yes", "has_coverage": true, "coverage_status": "Inside predicted coverage", "nearest_tower_km": 5.3, "nearby_carriers": 1, "carrier_names": "Telstra", "hazard_H": 0.3, "unreachability_U": 0.2576, "exposure_E": 0.3033, "wbi_score": 28.6, "wbi_tier": "Low", "wbi_rank": 616, "strict_blackspot": false}, "geometry": {"type": "Point", "coordinates": [131.975143, -23.185099]}}, {"type": "Feature", "properties": {"objectid": 978, "community_id": 978, "community_name": "Irgul Point", "community_aliases": "URGUL", "community_type": "Family Outstation", "main_language": "Not recorded", "local_govt_council": "WEST ARNHEM", "land_council": "NORTHERN LAND COUNCIL", "ntg_region": "TOP END", "bushtel_url": "https://bushtel.nt.gov.au/profile/978", "population_count": 4, "population_used_in_index": 4, "population_basis": "risk_dataset", "longitude": 132.52876, "latitude": -11.34201, "risk_rating": "Low", "fire_plan": "No", "firebreak": "Yes", "fuel_reduction": "Yes", "has_coverage": true, "coverage_status": "Inside predicted coverage", "nearest_tower_km": 22.1, "nearby_carriers": 1, "carrier_names": "Telstra", "hazard_H": 0.3, "unreachability_U": 0.3696, "exposure_E": 0.2036, "wbi_score": 28.3, "wbi_tier": "Low", "wbi_rank": 618, "strict_blackspot": false}, "geometry": {"type": "Point", "coordinates": [132.52876, -11.34201]}}, {"type": "Feature", "properties": {"objectid": 811, "community_id": 811, "community_name": "Baghetti", "community_aliases": "No aliases recorded with NTG DIPL", "community_type": "Family Outstation", "main_language": "Not recorded", "local_govt_council": "ROPER GULF", "land_council": "NORTHERN LAND COUNCIL", "ntg_region": "BIG RIVERS", "bushtel_url": "https://bushtel.nt.gov.au/profile/811", "population_count": 5, "population_used_in_index": 5, "population_basis": "risk_dataset", "longitude": 134.46372, "latitude": -13.75874, "risk_rating": "Low", "fire_plan": "No", "firebreak": "Yes", "fuel_reduction": "Yes", "has_coverage": true, "coverage_status": "Inside predicted coverage", "nearest_tower_km": 16.4, "nearby_carriers": 1, "carrier_names": "Telstra", "hazard_H": 0.3, "unreachability_U": 0.3316, "exposure_E": 0.2266, "wbi_score": 28.3, "wbi_tier": "Low", "wbi_rank": 618, "strict_blackspot": false}, "geometry": {"type": "Point", "coordinates": [134.46372, -13.75874]}}, {"type": "Feature", "properties": {"objectid": 860, "community_id": 860, "community_name": "Petyale", "community_aliases": "No aliases recorded with NTG DIPL", "community_type": "Family Outstation", "main_language": "Not recorded", "local_govt_council": "CENTRAL DESERT", "land_council": "CENTRAL LAND COUNCIL", "ntg_region": "CENTRAL AUSTRALIA", "bushtel_url": "https://bushtel.nt.gov.au/profile/860", "population_count": 16, "population_used_in_index": 16, "population_basis": "risk_dataset", "longitude": 133.43363, "latitude": -21.99972, "risk_rating": "Low", "fire_plan": "No", "firebreak": "Yes", "fuel_reduction": "Yes", "has_coverage": true, "coverage_status": "Inside predicted coverage", "nearest_tower_km": 14.9, "nearby_carriers": 2, "carrier_names": "Optus, Telstra", "hazard_H": 0.3, "unreachability_U": 0.2104, "exposure_E": 0.3584, "wbi_score": 28.3, "wbi_tier": "Low", "wbi_rank": 618, "strict_blackspot": false}, "geometry": {"type": "Point", "coordinates": [133.43363, -21.99972]}}, {"type": "Feature", "properties": {"objectid": 801, "community_id": 801, "community_name": "Mumukala", "community_aliases": "MAMUKALA,MUMAKALA", "community_type": "Family Outstation", "main_language": "Not recorded", "local_govt_council": "WEST ARNHEM", "land_council": "NORTHERN LAND COUNCIL", "ntg_region": "TOP END", "bushtel_url": "https://bushtel.nt.gov.au/profile/801", "population_count": 9, "population_used_in_index": 9, "population_basis": "risk_dataset", "longitude": 132.66648, "latitude": -12.61137, "risk_rating": "Moderate", "fire_plan": "No", "firebreak": "Yes", "fuel_reduction": "Yes", "has_coverage": true, "coverage_status": "Inside predicted coverage", "nearest_tower_km": 19.3, "nearby_carriers": 3, "carrier_names": "Optus, TPG, Telstra", "hazard_H": 0.6, "unreachability_U": 0.1287, "exposure_E": 0.2913, "wbi_score": 28.2, "wbi_tier": "Low", "wbi_rank": 621, "strict_blackspot": false}, "geometry": {"type": "Point", "coordinates": [132.66648, -12.61137]}}, {"type": "Feature", "properties": {"objectid": 917, "community_id": 917, "community_name": "Angkerle Arrenge (A)", "community_aliases": "No aliases recorded with NTG DIPL", "community_type": "Family Outstation", "main_language": "Not recorded", "local_govt_council": "MACDONNELL", "land_council": "CENTRAL LAND COUNCIL", "ntg_region": "CENTRAL AUSTRALIA", "bushtel_url": "https://bushtel.nt.gov.au/profile/917", "population_count": 10, "population_used_in_index": 10, "population_basis": "risk_dataset", "longitude": 133.48008, "latitude": -23.74599, "risk_rating": "Low", "fire_plan": "Yes", "firebreak": "Yes", "fuel_reduction": "Yes", "has_coverage": true, "coverage_status": "Inside predicted coverage", "nearest_tower_km": 2.9, "nearby_carriers": 1, "carrier_names": "Telstra", "hazard_H": 0.3, "unreachability_U": 0.2416, "exposure_E": 0.3033, "wbi_score": 28.0, "wbi_tier": "Low", "wbi_rank": 622, "strict_blackspot": false}, "geometry": {"type": "Point", "coordinates": [133.48008, -23.74599]}}, {"type": "Feature", "properties": {"objectid": 867, "community_id": 867, "community_name": "Gulngarring", "community_aliases": "No aliases recorded with NTG DIPL", "community_type": "Family Outstation", "main_language": "Not recorded", "local_govt_council": "COOMALIE", "land_council": "NORTHERN LAND COUNCIL", "ntg_region": "TOP END", "bushtel_url": "https://bushtel.nt.gov.au/profile/867", "population_count": null, "population_used_in_index": 8, "population_basis": "imputed_type_median", "longitude": 131.09811, "latitude": -13.13876, "risk_rating": "High", "fire_plan": "No", "firebreak": "No", "fuel_reduction": "No", "has_coverage": true, "coverage_status": "Inside predicted coverage", "nearest_tower_km": 11.5, "nearby_carriers": 3, "carrier_names": "Optus, TPG, Telstra", "hazard_H": 1.0, "unreachability_U": 0.0767, "exposure_E": 0.2779, "wbi_score": 27.7, "wbi_tier": "Low", "wbi_rank": 623, "strict_blackspot": false}, "geometry": {"type": "Point", "coordinates": [131.09811, -13.13876]}}, {"type": "Feature", "properties": {"objectid": 56, "community_id": 56, "community_name": "Intjartnama", "community_aliases": "COOK'S OUTSTATION,INTJARRTNAMA", "community_type": "Family Outstation", "main_language": "Not recorded", "local_govt_council": "MACDONNELL", "land_council": "CENTRAL LAND COUNCIL", "ntg_region": "CENTRAL AUSTRALIA", "bushtel_url": "https://bushtel.nt.gov.au/profile/56", "population_count": 10, "population_used_in_index": 10, "population_basis": "risk_dataset", "longitude": 132.92056, "latitude": -24.06292, "risk_rating": "Low", "fire_plan": "No", "firebreak": "Yes", "fuel_reduction": "Yes", "has_coverage": true, "coverage_status": "Inside predicted coverage", "nearest_tower_km": 18.3, "nearby_carriers": 2, "carrier_names": "Optus, Telstra", "hazard_H": 0.3, "unreachability_U": 0.2331, "exposure_E": 0.3033, "wbi_score": 27.7, "wbi_tier": "Low", "wbi_rank": 623, "strict_blackspot": false}, "geometry": {"type": "Point", "coordinates": [132.92056, -24.06292]}}, {"type": "Feature", "properties": {"objectid": 664, "community_id": 664, "community_name": "Dhudupu", "community_aliases": "No aliases recorded with NTG DIPL", "community_type": "Family Outstation", "main_language": "Not recorded", "local_govt_council": "EAST ARNHEM", "land_council": "NORTHERN LAND COUNCIL", "ntg_region": "EAST ARNHEM", "bushtel_url": "https://bushtel.nt.gov.au/profile/664", "population_count": 9, "population_used_in_index": 9, "population_basis": "risk_dataset", "longitude": 135.5692, "latitude": -12.0033, "risk_rating": "Low", "fire_plan": "No", "firebreak": "Yes", "fuel_reduction": "Yes", "has_coverage": true, "coverage_status": "Inside predicted coverage", "nearest_tower_km": 2.4, "nearby_carriers": 1, "carrier_names": "Telstra", "hazard_H": 0.3, "unreachability_U": 0.2382, "exposure_E": 0.2913, "wbi_score": 27.5, "wbi_tier": "Low", "wbi_rank": 625, "strict_blackspot": false}, "geometry": {"type": "Point", "coordinates": [135.5692, -12.0033]}}, {"type": "Feature", "properties": {"objectid": 185, "community_id": 185, "community_name": "West Waterhouse", "community_aliases": "WEST WATER HOUSE NO.2", "community_type": "Family Outstation", "main_language": "Not recorded", "local_govt_council": "MACDONNELL", "land_council": "CENTRAL LAND COUNCIL", "ntg_region": "CENTRAL AUSTRALIA", "bushtel_url": "https://bushtel.nt.gov.au/profile/185", "population_count": 12, "population_used_in_index": 12, "population_basis": "risk_dataset", "longitude": 133.11339, "latitude": -23.99573, "risk_rating": "Low", "fire_plan": "No", "firebreak": "Yes", "fuel_reduction": "Yes", "has_coverage": true, "coverage_status": "Inside predicted coverage", "nearest_tower_km": 14.6, "nearby_carriers": 2, "carrier_names": "Optus, Telstra", "hazard_H": 0.3, "unreachability_U": 0.2084, "exposure_E": 0.3244, "wbi_score": 27.3, "wbi_tier": "Low", "wbi_rank": 626, "strict_blackspot": false}, "geometry": {"type": "Point", "coordinates": [133.11339, -23.99573]}}, {"type": "Feature", "properties": {"objectid": 178, "community_id": 178, "community_name": "Wanmarra", "community_aliases": "BAGOT SPRINGS", "community_type": "Family Outstation", "main_language": "Not recorded", "local_govt_council": "MACDONNELL", "land_council": "CENTRAL LAND COUNCIL", "ntg_region": "CENTRAL AUSTRALIA", "bushtel_url": "https://bushtel.nt.gov.au/profile/178", "population_count": 10, "population_used_in_index": 10, "population_basis": "risk_dataset", "longitude": 131.803467, "latitude": -24.388406, "risk_rating": "Moderate", "fire_plan": "No", "firebreak": "Yes", "fuel_reduction": "Yes", "has_coverage": true, "coverage_status": "Inside predicted coverage", "nearest_tower_km": 0.1, "nearby_carriers": 2, "carrier_names": "Optus, Telstra", "hazard_H": 0.6, "unreachability_U": 0.1118, "exposure_E": 0.3033, "wbi_score": 27.3, "wbi_tier": "Low", "wbi_rank": 626, "strict_blackspot": false}, "geometry": {"type": "Point", "coordinates": [131.803467, -24.388406]}}, {"type": "Feature", "properties": {"objectid": 85, "community_id": 85, "community_name": "Labrapuntja", "community_aliases": "No aliases recorded with NTG DIPL", "community_type": "Family Outstation", "main_language": "Not recorded", "local_govt_council": "MACDONNELL", "land_council": "CENTRAL LAND COUNCIL", "ntg_region": "CENTRAL AUSTRALIA", "bushtel_url": "https://bushtel.nt.gov.au/profile/85", "population_count": 10, "population_used_in_index": 10, "population_basis": "risk_dataset", "longitude": 132.93926, "latitude": -23.91184, "risk_rating": "Low", "fire_plan": "No", "firebreak": "Yes", "fuel_reduction": "Yes", "has_coverage": true, "coverage_status": "Inside predicted coverage", "nearest_tower_km": 16.9, "nearby_carriers": 2, "carrier_names": "Optus, Telstra", "hazard_H": 0.3, "unreachability_U": 0.2238, "exposure_E": 0.3033, "wbi_score": 27.3, "wbi_tier": "Low", "wbi_rank": 626, "strict_blackspot": false}, "geometry": {"type": "Point", "coordinates": [132.93926, -23.91184]}}, {"type": "Feature", "properties": {"objectid": 950, "community_id": 950, "community_name": "Fitzroy Station", "community_aliases": "No aliases recorded with NTG DIPL", "community_type": "Family Outstation", "main_language": "Not recorded", "local_govt_council": "VICTORIA DALY", "land_council": "NORTHERN LAND COUNCIL", "ntg_region": "BIG RIVERS", "bushtel_url": "https://bushtel.nt.gov.au/profile/950", "population_count": 10, "population_used_in_index": 10, "population_basis": "risk_dataset", "longitude": 130.93431, "latitude": -15.56298, "risk_rating": "Moderate", "fire_plan": "No", "firebreak": "Yes", "fuel_reduction": "Yes", "has_coverage": true, "coverage_status": "Inside predicted coverage", "nearest_tower_km": 0.1, "nearby_carriers": 2, "carrier_names": "Optus, Telstra", "hazard_H": 0.6, "unreachability_U": 0.1118, "exposure_E": 0.3033, "wbi_score": 27.3, "wbi_tier": "Low", "wbi_rank": 626, "strict_blackspot": false}, "geometry": {"type": "Point", "coordinates": [130.93431, -15.56298]}}, {"type": "Feature", "properties": {"objectid": 983, "community_id": 983, "community_name": "Walangurrminy", "community_aliases": "FINNISS RIVER", "community_type": "Family Outstation", "main_language": "Not recorded", "local_govt_council": "UN-INCORPORATED (COX-DALY)", "land_council": "NORTHERN LAND COUNCIL", "ntg_region": "TOP END", "bushtel_url": "https://bushtel.nt.gov.au/profile/983", "population_count": 13, "population_used_in_index": 13, "population_basis": "risk_dataset", "longitude": 130.77614, "latitude": -12.97482, "risk_rating": "Moderate", "fire_plan": "No", "firebreak": "Yes", "fuel_reduction": "Yes", "has_coverage": true, "coverage_status": "Inside predicted coverage", "nearest_tower_km": 15.1, "nearby_carriers": 3, "carrier_names": "Optus, TPG, Telstra", "hazard_H": 0.6, "unreachability_U": 0.1007, "exposure_E": 0.3338, "wbi_score": 27.2, "wbi_tier": "Low", "wbi_rank": 630, "strict_blackspot": false}, "geometry": {"type": "Point", "coordinates": [130.77614, -12.97482]}}, {"type": "Feature", "properties": {"objectid": 718, "community_id": 718, "community_name": "Kuy", "community_aliases": "No aliases recorded with NTG DIPL", "community_type": "Family Outstation", "main_language": "Not recorded", "local_govt_council": "WEST DALY", "land_council": "NORTHERN LAND COUNCIL", "ntg_region": "TOP END", "bushtel_url": "https://bushtel.nt.gov.au/profile/718", "population_count": 1, "population_used_in_index": 1, "population_basis": "risk_dataset", "longitude": 129.59784, "latitude": -14.03546, "risk_rating": "Moderate", "fire_plan": "No", "firebreak": "Yes", "fuel_reduction": "Yes", "has_coverage": true, "coverage_status": "Inside predicted coverage", "nearest_tower_km": 24.3, "nearby_carriers": 1, "carrier_names": "Telstra", "hazard_H": 0.6, "unreachability_U": 0.3842, "exposure_E": 0.0877, "wbi_score": 27.2, "wbi_tier": "Low", "wbi_rank": 630, "strict_blackspot": false}, "geometry": {"type": "Point", "coordinates": [129.59784, -14.03546]}}, {"type": "Feature", "properties": {"objectid": 856, "community_id": 856, "community_name": "Lizard Bore", "community_aliases": "No aliases recorded with NTG DIPL", "community_type": "Family Outstation", "main_language": "Not recorded", "local_govt_council": "MACDONNELL", "land_council": "CENTRAL LAND COUNCIL", "ntg_region": "CENTRAL AUSTRALIA", "bushtel_url": "https://bushtel.nt.gov.au/profile/856", "population_count": 4, "population_used_in_index": 4, "population_basis": "risk_dataset", "longitude": 131.13465, "latitude": -23.30034, "risk_rating": "Low", "fire_plan": "No", "firebreak": "Yes", "fuel_reduction": "Yes", "has_coverage": true, "coverage_status": "Inside predicted coverage", "nearest_tower_km": 15.4, "nearby_carriers": 1, "carrier_names": "Telstra", "hazard_H": 0.3, "unreachability_U": 0.3249, "exposure_E": 0.2036, "wbi_score": 27.1, "wbi_tier": "Low", "wbi_rank": 632, "strict_blackspot": false}, "geometry": {"type": "Point", "coordinates": [131.13465, -23.30034]}}, {"type": "Feature", "properties": {"objectid": 956, "community_id": 956, "community_name": "Daliwuy Bay", "community_aliases": "DALYWOI", "community_type": "Family Outstation", "main_language": "Not recorded", "local_govt_council": "EAST ARNHEM", "land_council": "NORTHERN LAND COUNCIL", "ntg_region": "EAST ARNHEM", "bushtel_url": "https://bushtel.nt.gov.au/profile/956", "population_count": null, "population_used_in_index": 8, "population_basis": "imputed_type_median", "longitude": 136.918347, "latitude": -12.340847, "risk_rating": "High", "fire_plan": "No", "firebreak": "No", "fuel_reduction": "No", "has_coverage": true, "coverage_status": "Inside predicted coverage", "nearest_tower_km": 10.3, "nearby_carriers": 3, "carrier_names": "Optus, TPG, Telstra", "hazard_H": 1.0, "unreachability_U": 0.0687, "exposure_E": 0.2779, "wbi_score": 26.7, "wbi_tier": "Low", "wbi_rank": 633, "strict_blackspot": false}, "geometry": {"type": "Point", "coordinates": [136.918347, -12.340847]}}, {"type": "Feature", "properties": {"objectid": 46, "community_id": 46, "community_name": "Dons Bore", "community_aliases": "ILBPILLA,ILLIPUNU,ILLIPUNY,MT ALLAN", "community_type": "Family Outstation", "main_language": "Not recorded", "local_govt_council": "CENTRAL DESERT", "land_council": "CENTRAL LAND COUNCIL", "ntg_region": "CENTRAL AUSTRALIA", "bushtel_url": "https://bushtel.nt.gov.au/profile/46", "population_count": 4, "population_used_in_index": 4, "population_basis": "risk_dataset", "longitude": 131.92027, "latitude": -22.26233, "risk_rating": "Low", "fire_plan": "No", "firebreak": "Yes", "fuel_reduction": "Yes", "has_coverage": true, "coverage_status": "Inside predicted coverage", "nearest_tower_km": 12.6, "nearby_carriers": 1, "carrier_names": "Telstra", "hazard_H": 0.3, "unreachability_U": 0.3062, "exposure_E": 0.2036, "wbi_score": 26.5, "wbi_tier": "Low", "wbi_rank": 634, "strict_blackspot": false}, "geometry": {"type": "Point", "coordinates": [131.92027, -22.26233]}}, {"type": "Feature", "properties": {"objectid": 544, "community_id": 544, "community_name": "Ngayawilli", "community_aliases": "FIRST CREEK,NAYAWILLI", "community_type": "Family Outstation", "main_language": "Not recorded", "local_govt_council": "EAST ARNHEM", "land_council": "NORTHERN LAND COUNCIL", "ntg_region": "EAST ARNHEM", "bushtel_url": "https://bushtel.nt.gov.au/profile/544", "population_count": 6, "population_used_in_index": 6, "population_basis": "risk_dataset", "longitude": 135.5745, "latitude": -11.9943, "risk_rating": "Low", "fire_plan": "No", "firebreak": "Yes", "fuel_reduction": "Yes", "has_coverage": true, "coverage_status": "Inside predicted coverage", "nearest_tower_km": 3.5, "nearby_carriers": 1, "carrier_names": "Telstra", "hazard_H": 0.3, "unreachability_U": 0.2456, "exposure_E": 0.2461, "wbi_score": 26.3, "wbi_tier": "Low", "wbi_rank": 635, "strict_blackspot": false}, "geometry": {"type": "Point", "coordinates": [135.5745, -11.9943]}}, {"type": "Feature", "properties": {"objectid": 762, "community_id": 762, "community_name": "Tjintirtjintirpa", "community_aliases": "TJINTITJIWTIPA,WILLYWAGTAIL", "community_type": "Family Outstation", "main_language": "Not recorded", "local_govt_council": "MACDONNELL", "land_council": "CENTRAL LAND COUNCIL", "ntg_region": "CENTRAL AUSTRALIA", "bushtel_url": "https://bushtel.nt.gov.au/profile/762", "population_count": 6, "population_used_in_index": 6, "population_basis": "risk_dataset", "longitude": 131.27059, "latitude": -23.28522, "risk_rating": "Low", "fire_plan": "No", "firebreak": "Yes", "fuel_reduction": "Yes", "has_coverage": true, "coverage_status": "Inside predicted coverage", "nearest_tower_km": 3.5, "nearby_carriers": 1, "carrier_names": "Telstra", "hazard_H": 0.3, "unreachability_U": 0.2456, "exposure_E": 0.2461, "wbi_score": 26.3, "wbi_tier": "Low", "wbi_rank": 635, "strict_blackspot": false}, "geometry": {"type": "Point", "coordinates": [131.27059, -23.28522]}}, {"type": "Feature", "properties": {"objectid": 939, "community_id": 939, "community_name": "Yartalu Yartalu", "community_aliases": "BOGARDEE,GRANITES,THE GRANITES,YARDULYUYARDULYU", "community_type": "Family Outstation", "main_language": "Not recorded", "local_govt_council": "CENTRAL DESERT", "land_council": "CENTRAL LAND COUNCIL", "ntg_region": "CENTRAL AUSTRALIA", "bushtel_url": "https://bushtel.nt.gov.au/profile/939", "population_count": 6, "population_used_in_index": 6, "population_basis": "risk_dataset", "longitude": 130.35528, "latitude": -20.57253, "risk_rating": "Low", "fire_plan": "No", "firebreak": "Yes", "fuel_reduction": "Yes", "has_coverage": true, "coverage_status": "Inside predicted coverage", "nearest_tower_km": 3.4, "nearby_carriers": 1, "carrier_names": "Telstra", "hazard_H": 0.3, "unreachability_U": 0.2449, "exposure_E": 0.2461, "wbi_score": 26.2, "wbi_tier": "Low", "wbi_rank": 637, "strict_blackspot": false}, "geometry": {"type": "Point", "coordinates": [130.35528, -20.57253]}}, {"type": "Feature", "properties": {"objectid": 981, "community_id": 981, "community_name": "Djirrbiyak", "community_aliases": "WHISTLE DUCK DREAMING", "community_type": "Family Outstation", "main_language": "Not recorded", "local_govt_council": "WEST ARNHEM", "land_council": "NORTHERN LAND COUNCIL", "ntg_region": "TOP END", "bushtel_url": "https://bushtel.nt.gov.au/profile/981", "population_count": 30, "population_used_in_index": 30, "population_basis": "risk_dataset", "longitude": 132.763625, "latitude": -12.72945, "risk_rating": "Moderate", "fire_plan": "No", "firebreak": "Yes", "fuel_reduction": "Yes", "has_coverage": true, "coverage_status": "Inside predicted coverage", "nearest_tower_km": 10.2, "nearby_carriers": 3, "carrier_names": "Optus, TPG, Telstra", "hazard_H": 0.6, "unreachability_U": 0.068, "exposure_E": 0.4344, "wbi_score": 26.1, "wbi_tier": "Low", "wbi_rank": 638, "strict_blackspot": false}, "geometry": {"type": "Point", "coordinates": [132.763625, -12.72945]}}, {"type": "Feature", "properties": {"objectid": 1005, "community_id": 1005, "community_name": "Ileparratye", "community_aliases": "ILLAPAREYE,WOODS CAMP", "community_type": "Family Outstation", "main_language": "Not recorded", "local_govt_council": "CENTRAL DESERT", "land_council": "CENTRAL LAND COUNCIL", "ntg_region": "CENTRAL AUSTRALIA", "bushtel_url": "https://bushtel.nt.gov.au/profile/1005", "population_count": 10, "population_used_in_index": 10, "population_basis": "risk_dataset", "longitude": 133.42931, "latitude": -22.02145, "risk_rating": "Low", "fire_plan": "No", "firebreak": "Yes", "fuel_reduction": "Yes", "has_coverage": true, "coverage_status": "Inside predicted coverage", "nearest_tower_km": 12.5, "nearby_carriers": 2, "carrier_names": "Optus, Telstra", "hazard_H": 0.3, "unreachability_U": 0.1944, "exposure_E": 0.3033, "wbi_score": 26.1, "wbi_tier": "Low", "wbi_rank": 638, "strict_blackspot": false}, "geometry": {"type": "Point", "coordinates": [133.42931, -22.02145]}}, {"type": "Feature", "properties": {"objectid": 711, "community_id": 711, "community_name": "Undoolya Bore", "community_aliases": "MOUNT UNDOOLYA,UNDOOLYA", "community_type": "Family Outstation", "main_language": "Not recorded", "local_govt_council": "MACDONNELL", "land_council": "CENTRAL LAND COUNCIL", "ntg_region": "CENTRAL AUSTRALIA", "bushtel_url": "https://bushtel.nt.gov.au/profile/711", "population_count": 20, "population_used_in_index": 20, "population_basis": "risk_dataset", "longitude": 134.11762, "latitude": -23.74762, "risk_rating": "Low", "fire_plan": "Yes", "firebreak": "Yes", "fuel_reduction": "Yes", "has_coverage": true, "coverage_status": "Inside predicted coverage", "nearest_tower_km": 22.7, "nearby_carriers": 3, "carrier_names": "Optus, TPG, Telstra", "hazard_H": 0.3, "unreachability_U": 0.1513, "exposure_E": 0.3851, "wbi_score": 26.0, "wbi_tier": "Low", "wbi_rank": 640, "strict_blackspot": false}, "geometry": {"type": "Point", "coordinates": [134.11762, -23.74762]}}, {"type": "Feature", "properties": {"objectid": 93, "community_id": 93, "community_name": "Liltjera", "community_aliases": "LILTJIRA,LILTSERE,LJILJERA,LYILTJARA,LYILTJERA", "community_type": "Family Outstation", "main_language": "Not recorded", "local_govt_council": "MACDONNELL", "land_council": "CENTRAL LAND COUNCIL", "ntg_region": "CENTRAL AUSTRALIA", "bushtel_url": "https://bushtel.nt.gov.au/profile/93", "population_count": 8, "population_used_in_index": 8, "population_basis": "risk_dataset", "longitude": 132.63779, "latitude": -23.9364, "risk_rating": "Low", "fire_plan": "No", "firebreak": "Yes", "fuel_reduction": "Yes", "has_coverage": true, "coverage_status": "Inside predicted coverage", "nearest_tower_km": 14.1, "nearby_carriers": 2, "carrier_names": "Optus, Telstra", "hazard_H": 0.3, "unreachability_U": 0.2051, "exposure_E": 0.2779, "wbi_score": 25.8, "wbi_tier": "Low", "wbi_rank": 641, "strict_blackspot": false}, "geometry": {"type": "Point", "coordinates": [132.63779, -23.9364]}}, {"type": "Feature", "properties": {"objectid": 770, "community_id": 770, "community_name": "Ntakarra", "community_aliases": "No aliases recorded with NTG DIPL", "community_type": "Family Outstation", "main_language": "Not recorded", "local_govt_council": "MACDONNELL", "land_council": "CENTRAL LAND COUNCIL", "ntg_region": "CENTRAL AUSTRALIA", "bushtel_url": "https://bushtel.nt.gov.au/profile/770", "population_count": 10, "population_used_in_index": 10, "population_basis": "risk_dataset", "longitude": 132.680014, "latitude": -23.895014, "risk_rating": "Low", "fire_plan": "No", "firebreak": "Yes", "fuel_reduction": "Yes", "has_coverage": true, "coverage_status": "Inside predicted coverage", "nearest_tower_km": 11.1, "nearby_carriers": 2, "carrier_names": "Optus, Telstra", "hazard_H": 0.3, "unreachability_U": 0.1851, "exposure_E": 0.3033, "wbi_score": 25.6, "wbi_tier": "Low", "wbi_rank": 642, "strict_blackspot": false}, "geometry": {"type": "Point", "coordinates": [132.680014, -23.895014]}}, {"type": "Feature", "properties": {"objectid": 5, "community_id": 5, "community_name": "Red Sandhill", "community_aliases": "INTJIRRANGA", "community_type": "Family Outstation", "main_language": "Not recorded", "local_govt_council": "MACDONNELL", "land_council": "CENTRAL LAND COUNCIL", "ntg_region": "CENTRAL AUSTRALIA", "bushtel_url": "https://bushtel.nt.gov.au/profile/5", "population_count": 10, "population_used_in_index": 10, "population_basis": "risk_dataset", "longitude": 132.852792, "latitude": -24.009736, "risk_rating": "Low", "fire_plan": "No", "firebreak": "Yes", "fuel_reduction": "Yes", "has_coverage": true, "coverage_status": "Inside predicted coverage", "nearest_tower_km": 10.8, "nearby_carriers": 2, "carrier_names": "Optus, Telstra", "hazard_H": 0.3, "unreachability_U": 0.1831, "exposure_E": 0.3033, "wbi_score": 25.5, "wbi_tier": "Low", "wbi_rank": 643, "strict_blackspot": false}, "geometry": {"type": "Point", "coordinates": [132.852792, -24.009736]}}, {"type": "Feature", "properties": {"objectid": 100, "community_id": 100, "community_name": "Old Station", "community_aliases": "MBAKUPUTA,MPAKAPUTA,PMAKAPUTA", "community_type": "Family Outstation", "main_language": "Not recorded", "local_govt_council": "MACDONNELL", "land_council": "CENTRAL LAND COUNCIL", "ntg_region": "CENTRAL AUSTRALIA", "bushtel_url": "https://bushtel.nt.gov.au/profile/100", "population_count": 8, "population_used_in_index": 8, "population_basis": "risk_dataset", "longitude": 132.86345, "latitude": -24.01911, "risk_rating": "Low", "fire_plan": "No", "firebreak": "Yes", "fuel_reduction": "Yes", "has_coverage": true, "coverage_status": "Inside predicted coverage", "nearest_tower_km": 12.3, "nearby_carriers": 2, "carrier_names": "Optus, Telstra", "hazard_H": 0.3, "unreachability_U": 0.1931, "exposure_E": 0.2779, "wbi_score": 25.3, "wbi_tier": "Low", "wbi_rank": 644, "strict_blackspot": false}, "geometry": {"type": "Point", "coordinates": [132.86345, -24.01911]}}, {"type": "Feature", "properties": {"objectid": 155, "community_id": 155, "community_name": "Tnyimipurta", "community_aliases": "TNJIMIPUTA,TNYIMIPIRTA,TNYIMIPUTA,TNYIMPIRTA", "community_type": "Family Outstation", "main_language": "Not recorded", "local_govt_council": "MACDONNELL", "land_council": "CENTRAL LAND COUNCIL", "ntg_region": "CENTRAL AUSTRALIA", "bushtel_url": "https://bushtel.nt.gov.au/profile/155", "population_count": 8, "population_used_in_index": 8, "population_basis": "risk_dataset", "longitude": 132.671125, "latitude": -23.887792, "risk_rating": "Low", "fire_plan": "No", "firebreak": "Yes", "fuel_reduction": "Yes", "has_coverage": true, "coverage_status": "Inside predicted coverage", "nearest_tower_km": 12.3, "nearby_carriers": 2, "carrier_names": "Optus, Telstra", "hazard_H": 0.3, "unreachability_U": 0.1931, "exposure_E": 0.2779, "wbi_score": 25.3, "wbi_tier": "Low", "wbi_rank": 644, "strict_blackspot": false}, "geometry": {"type": "Point", "coordinates": [132.671125, -23.887792]}}, {"type": "Feature", "properties": {"objectid": 79, "community_id": 79, "community_name": "Armstrongs", "community_aliases": "ARMSTRONG'S CAMP,KUNOTH,KUNOTHS,KUNOTHS' CAMP", "community_type": "Family Outstation", "main_language": "Not recorded", "local_govt_council": "MACDONNELL", "land_council": "CENTRAL LAND COUNCIL", "ntg_region": "CENTRAL AUSTRALIA", "bushtel_url": "https://bushtel.nt.gov.au/profile/79", "population_count": 8, "population_used_in_index": 8, "population_basis": "risk_dataset", "longitude": 132.68001, "latitude": -23.87918, "risk_rating": "Low", "fire_plan": "No", "firebreak": "Yes", "fuel_reduction": "Yes", "has_coverage": true, "coverage_status": "Inside predicted coverage", "nearest_tower_km": 12.1, "nearby_carriers": 2, "carrier_names": "Optus, Telstra", "hazard_H": 0.3, "unreachability_U": 0.1918, "exposure_E": 0.2779, "wbi_score": 25.2, "wbi_tier": "Low", "wbi_rank": 646, "strict_blackspot": false}, "geometry": {"type": "Point", "coordinates": [132.68001, -23.87918]}}, {"type": "Feature", "properties": {"objectid": 1013, "community_id": 1013, "community_name": "Takapimiliyi", "community_aliases": "No aliases recorded with NTG DIPL", "community_type": "Family Outstation", "main_language": "Not recorded", "local_govt_council": "TIWI ISLANDS", "land_council": "TIWI LAND COUNCIL", "ntg_region": "TOP END", "bushtel_url": "https://bushtel.nt.gov.au/profile/1013", "population_count": 3, "population_used_in_index": 3, "population_basis": "risk_dataset", "longitude": 130.80161, "latitude": -11.81528, "risk_rating": "Low", "fire_plan": "No", "firebreak": "Yes", "fuel_reduction": "Yes", "has_coverage": true, "coverage_status": "Inside predicted coverage", "nearest_tower_km": 11.0, "nearby_carriers": 1, "carrier_names": "Telstra", "hazard_H": 0.3, "unreachability_U": 0.2956, "exposure_E": 0.1754, "wbi_score": 25.0, "wbi_tier": "Low", "wbi_rank": 647, "strict_blackspot": false}, "geometry": {"type": "Point", "coordinates": [130.80161, -11.81528]}}, {"type": "Feature", "properties": {"objectid": 407, "community_id": 407, "community_name": "Paru", "community_aliases": "No aliases recorded with NTG DIPL", "community_type": "Family Outstation", "main_language": "Not recorded", "local_govt_council": "TIWI ISLANDS", "land_council": "TIWI LAND COUNCIL", "ntg_region": "TOP END", "bushtel_url": "https://bushtel.nt.gov.au/profile/407", "population_count": 5, "population_used_in_index": 5, "population_basis": "risk_dataset", "longitude": 130.64642, "latitude": -11.74982, "risk_rating": "Low", "fire_plan": "No", "firebreak": "Yes", "fuel_reduction": "Yes", "has_coverage": true, "coverage_status": "Inside predicted coverage", "nearest_tower_km": 1.3, "nearby_carriers": 1, "carrier_names": "Telstra", "hazard_H": 0.3, "unreachability_U": 0.2309, "exposure_E": 0.2266, "wbi_score": 25.0, "wbi_tier": "Low", "wbi_rank": 647, "strict_blackspot": false}, "geometry": {"type": "Point", "coordinates": [130.64642, -11.74982]}}, {"type": "Feature", "properties": {"objectid": 391, "community_id": 391, "community_name": "Kungarrewarl", "community_aliases": "CLANCY'S CAMP,DJAYHGURRNGA,NAMARRING KARRAJI,NAMARRINGKARRAYI,OENPELLI CAMP", "community_type": "Family Outstation", "main_language": "Not recorded", "local_govt_council": "WEST ARNHEM", "land_council": "NORTHERN LAND COUNCIL", "ntg_region": "TOP END", "bushtel_url": "https://bushtel.nt.gov.au/profile/391", "population_count": 4, "population_used_in_index": 4, "population_basis": "risk_dataset", "longitude": 133.05617, "latitude": -12.34346, "risk_rating": "Moderate", "fire_plan": "No", "firebreak": "Yes", "fuel_reduction": "Yes", "has_coverage": true, "coverage_status": "Inside predicted coverage", "nearest_tower_km": 2.2, "nearby_carriers": 2, "carrier_names": "Optus, Telstra", "hazard_H": 0.6, "unreachability_U": 0.1258, "exposure_E": 0.2036, "wbi_score": 24.9, "wbi_tier": "Low", "wbi_rank": 649, "strict_blackspot": false}, "geometry": {"type": "Point", "coordinates": [133.05617, -12.34346]}}, {"type": "Feature", "properties": {"objectid": 9, "community_id": 9, "community_name": "Amoonguna", "community_aliases": "No aliases recorded with NTG DIPL", "community_type": "Major", "main_language": "Eastern Arrente", "local_govt_council": "MACDONNELL", "land_council": "CENTRAL LAND COUNCIL", "ntg_region": "CENTRAL AUSTRALIA", "bushtel_url": "https://bushtel.nt.gov.au/profile/9", "population_count": 281, "population_used_in_index": 281, "population_basis": "risk_dataset", "longitude": 133.935986, "latitude": -23.766319, "risk_rating": "Moderate", "fire_plan": "Yes", "firebreak": "Yes", "fuel_reduction": "Yes", "has_coverage": true, "coverage_status": "Inside predicted coverage", "nearest_tower_km": 5.2, "nearby_carriers": 3, "carrier_names": "Optus, TPG, Telstra", "hazard_H": 0.6, "unreachability_U": 0.0347, "exposure_E": 0.7136, "wbi_score": 24.6, "wbi_tier": "Low", "wbi_rank": 650, "strict_blackspot": false}, "geometry": {"type": "Point", "coordinates": [133.935986, -23.766319]}}, {"type": "Feature", "properties": {"objectid": 984, "community_id": 984, "community_name": "Yakala", "community_aliases": "No aliases recorded with NTG DIPL", "community_type": "Family Outstation", "main_language": "Not recorded", "local_govt_council": "MACDONNELL", "land_council": "CENTRAL LAND COUNCIL", "ntg_region": "CENTRAL AUSTRALIA", "bushtel_url": "https://bushtel.nt.gov.au/profile/984", "population_count": 6, "population_used_in_index": 6, "population_basis": "risk_dataset", "longitude": 132.663903, "latitude": -23.886681, "risk_rating": "Low", "fire_plan": "No", "firebreak": "Yes", "fuel_reduction": "Yes", "has_coverage": true, "coverage_status": "Inside predicted coverage", "nearest_tower_km": 13.0, "nearby_carriers": 2, "carrier_names": "Optus, Telstra", "hazard_H": 0.3, "unreachability_U": 0.1978, "exposure_E": 0.2461, "wbi_score": 24.4, "wbi_tier": "Low", "wbi_rank": 651, "strict_blackspot": false}, "geometry": {"type": "Point", "coordinates": [132.663903, -23.886681]}}, {"type": "Feature", "properties": {"objectid": 369, "community_id": 369, "community_name": "Pandayal", "community_aliases": "MCCALLUM CREEK,MCCULLUM,TWIN HILL,TWO SISTERS HILLS", "community_type": "Family Outstation", "main_language": "Not recorded", "local_govt_council": "UN-INCORPORATED (COX-DALY)", "land_council": "NORTHERN LAND COUNCIL", "ntg_region": "TOP END", "bushtel_url": "https://bushtel.nt.gov.au/profile/369", "population_count": 5, "population_used_in_index": 5, "population_basis": "risk_dataset", "longitude": 130.55589, "latitude": -13.07478, "risk_rating": "Moderate", "fire_plan": "No", "firebreak": "Yes", "fuel_reduction": "Yes", "has_coverage": true, "coverage_status": "Inside predicted coverage", "nearest_tower_km": 16.1, "nearby_carriers": 3, "carrier_names": "Optus, TPG, Telstra", "hazard_H": 0.6, "unreachability_U": 0.1073, "exposure_E": 0.2266, "wbi_score": 24.4, "wbi_tier": "Low", "wbi_rank": 651, "strict_blackspot": false}, "geometry": {"type": "Point", "coordinates": [130.55589, -13.07478]}}, {"type": "Feature", "properties": {"objectid": 918, "community_id": 918, "community_name": "Angkerle Arrenge (B)", "community_aliases": "No aliases recorded with NTG DIPL", "community_type": "Family Outstation", "main_language": "Not recorded", "local_govt_council": "MACDONNELL", "land_council": "CENTRAL LAND COUNCIL", "ntg_region": "CENTRAL AUSTRALIA", "bushtel_url": "https://bushtel.nt.gov.au/profile/918", "population_count": 4, "population_used_in_index": 4, "population_basis": "risk_dataset", "longitude": 133.47969, "latitude": -23.73894, "risk_rating": "Low", "fire_plan": "Yes", "firebreak": "Yes", "fuel_reduction": "Yes", "has_coverage": true, "coverage_status": "Inside predicted coverage", "nearest_tower_km": 2.1, "nearby_carriers": 1, "carrier_names": "Telstra", "hazard_H": 0.3, "unreachability_U": 0.2362, "exposure_E": 0.2036, "wbi_score": 24.3, "wbi_tier": "Low", "wbi_rank": 653, "strict_blackspot": false}, "geometry": {"type": "Point", "coordinates": [133.47969, -23.73894]}}, {"type": "Feature", "properties": {"objectid": 935, "community_id": 935, "community_name": "Itchy Koo Park", "community_aliases": "TYWENPE (E)", "community_type": "Family Outstation", "main_language": "Not recorded", "local_govt_council": "MACDONNELL", "land_council": "CENTRAL LAND COUNCIL", "ntg_region": "CENTRAL AUSTRALIA", "bushtel_url": "https://bushtel.nt.gov.au/profile/935", "population_count": 30, "population_used_in_index": 30, "population_basis": "risk_dataset", "longitude": 133.65816, "latitude": -23.766666, "risk_rating": "Low", "fire_plan": "Yes", "firebreak": "Yes", "fuel_reduction": "Yes", "has_coverage": true, "coverage_status": "Inside predicted coverage", "nearest_tower_km": 16.1, "nearby_carriers": 3, "carrier_names": "Optus, TPG, Telstra", "hazard_H": 0.3, "unreachability_U": 0.1073, "exposure_E": 0.4344, "wbi_score": 24.1, "wbi_tier": "Low", "wbi_rank": 654, "strict_blackspot": false}, "geometry": {"type": "Point", "coordinates": [133.65816, -23.766666]}}, {"type": "Feature", "properties": {"objectid": 83, "community_id": 83, "community_name": "Kwala", "community_aliases": "ELLERY CREEK", "community_type": "Family Outstation", "main_language": "Not recorded", "local_govt_council": "MACDONNELL", "land_council": "CENTRAL LAND COUNCIL", "ntg_region": "CENTRAL AUSTRALIA", "bushtel_url": "https://bushtel.nt.gov.au/profile/83", "population_count": 6, "population_used_in_index": 6, "population_basis": "risk_dataset", "longitude": 132.889736, "latitude": -23.927236, "risk_rating": "Low", "fire_plan": "No", "firebreak": "Yes", "fuel_reduction": "Yes", "has_coverage": true, "coverage_status": "Inside predicted coverage", "nearest_tower_km": 11.6, "nearby_carriers": 2, "carrier_names": "Optus, Telstra", "hazard_H": 0.3, "unreachability_U": 0.1884, "exposure_E": 0.2461, "wbi_score": 24.1, "wbi_tier": "Low", "wbi_rank": 654, "strict_blackspot": false}, "geometry": {"type": "Point", "coordinates": [132.889736, -23.927236]}}, {"type": "Feature", "properties": {"objectid": 34, "community_id": 446, "community_name": "Eight Mile", "community_aliases": "8 MILE,EIGHT MILE", "community_type": "Family Outstation", "main_language": "Not recorded", "local_govt_council": "EAST ARNHEM", "land_council": "ANINDILYAKWA LAND COUNCIL", "ntg_region": "EAST ARNHEM", "bushtel_url": "https://bushtel.nt.gov.au/profile/446", "population_count": 6, "population_used_in_index": 6, "population_basis": "risk_dataset", "longitude": 132.68279, "latitude": -23.88699, "risk_rating": "Low", "fire_plan": "No", "firebreak": "Yes", "fuel_reduction": "Yes", "has_coverage": true, "coverage_status": "Inside predicted coverage", "nearest_tower_km": 11.4, "nearby_carriers": 2, "carrier_names": "Optus, Telstra", "hazard_H": 0.3, "unreachability_U": 0.1871, "exposure_E": 0.2461, "wbi_score": 24.0, "wbi_tier": "Low", "wbi_rank": 656, "strict_blackspot": false}, "geometry": {"type": "Point", "coordinates": [132.68279, -23.88699]}}, {"type": "Feature", "properties": {"objectid": 67, "community_id": 67, "community_name": "Kaporilya", "community_aliases": "KAPORILJA,KAPORILYA SPRINGS,KAPRILYA", "community_type": "Family Outstation", "main_language": "Not recorded", "local_govt_council": "MACDONNELL", "land_council": "CENTRAL LAND COUNCIL", "ntg_region": "CENTRAL AUSTRALIA", "bushtel_url": "https://bushtel.nt.gov.au/profile/67", "population_count": 10, "population_used_in_index": 10, "population_basis": "risk_dataset", "longitude": 132.720292, "latitude": -23.939736, "risk_rating": "Low", "fire_plan": "No", "firebreak": "Yes", "fuel_reduction": "Yes", "has_coverage": true, "coverage_status": "Inside predicted coverage", "nearest_tower_km": 5.7, "nearby_carriers": 2, "carrier_names": "Optus, Telstra", "hazard_H": 0.3, "unreachability_U": 0.1491, "exposure_E": 0.3033, "wbi_score": 23.9, "wbi_tier": "Low", "wbi_rank": 657, "strict_blackspot": false}, "geometry": {"type": "Point", "coordinates": [132.720292, -23.939736]}}, {"type": "Feature", "properties": {"objectid": 771, "community_id": 771, "community_name": "Ipalala", "community_aliases": "No aliases recorded with NTG DIPL", "community_type": "Family Outstation", "main_language": "Not recorded", "local_govt_council": "MACDONNELL", "land_council": "CENTRAL LAND COUNCIL", "ntg_region": "CENTRAL AUSTRALIA", "bushtel_url": "https://bushtel.nt.gov.au/profile/771", "population_count": 6, "population_used_in_index": 6, "population_basis": "risk_dataset", "longitude": 132.67808, "latitude": -23.92556, "risk_rating": "Low", "fire_plan": "No", "firebreak": "Yes", "fuel_reduction": "Yes", "has_coverage": true, "coverage_status": "Inside predicted coverage", "nearest_tower_km": 10.2, "nearby_carriers": 2, "carrier_names": "Optus, Telstra", "hazard_H": 0.3, "unreachability_U": 0.1791, "exposure_E": 0.2461, "wbi_score": 23.6, "wbi_tier": "Low", "wbi_rank": 658, "strict_blackspot": false}, "geometry": {"type": "Point", "coordinates": [132.67808, -23.92556]}}, {"type": "Feature", "properties": {"objectid": 783, "community_id": 783, "community_name": "16 Mile Camp", "community_aliases": "ATHENGE-LHERE,BOND SPRINGS", "community_type": "Family Outstation", "main_language": "Not recorded", "local_govt_council": "MACDONNELL", "land_council": "CENTRAL LAND COUNCIL", "ntg_region": "CENTRAL AUSTRALIA", "bushtel_url": "https://bushtel.nt.gov.au/profile/783", "population_count": 20, "population_used_in_index": 20, "population_basis": "risk_dataset", "longitude": 133.83248, "latitude": -23.45764, "risk_rating": "Low", "fire_plan": "Yes", "firebreak": "Yes", "fuel_reduction": "Yes", "has_coverage": true, "coverage_status": "Inside predicted coverage", "nearest_tower_km": 17.1, "nearby_carriers": 3, "carrier_names": "Optus, TPG, Telstra", "hazard_H": 0.3, "unreachability_U": 0.114, "exposure_E": 0.3851, "wbi_score": 23.6, "wbi_tier": "Low", "wbi_rank": 658, "strict_blackspot": false}, "geometry": {"type": "Point", "coordinates": [133.83248, -23.45764]}}, {"type": "Feature", "properties": {"objectid": 21, "community_id": 21, "community_name": "Arrkapa", "community_aliases": "ARKANAPUTA,ARRKARNKAPUTA", "community_type": "Family Outstation", "main_language": "Not recorded", "local_govt_council": "MACDONNELL", "land_council": "CENTRAL LAND COUNCIL", "ntg_region": "CENTRAL AUSTRALIA", "bushtel_url": "https://bushtel.nt.gov.au/profile/21", "population_count": 8, "population_used_in_index": 8, "population_basis": "risk_dataset", "longitude": 132.82937, "latitude": -23.98248, "risk_rating": "Low", "fire_plan": "No", "firebreak": "Yes", "fuel_reduction": "Yes", "has_coverage": true, "coverage_status": "Inside predicted coverage", "nearest_tower_km": 7.0, "nearby_carriers": 2, "carrier_names": "Optus, Telstra", "hazard_H": 0.3, "unreachability_U": 0.1578, "exposure_E": 0.2779, "wbi_score": 23.6, "wbi_tier": "Low", "wbi_rank": 658, "strict_blackspot": false}, "geometry": {"type": "Point", "coordinates": [132.82937, -23.98248]}}, {"type": "Feature", "properties": {"objectid": 772, "community_id": 772, "community_name": "Ulpunda", "community_aliases": "MARCUS'S CAMP", "community_type": "Family Outstation", "main_language": "Not recorded", "local_govt_council": "MACDONNELL", "land_council": "CENTRAL LAND COUNCIL", "ntg_region": "CENTRAL AUSTRALIA", "bushtel_url": "https://bushtel.nt.gov.au/profile/772", "population_count": 15, "population_used_in_index": 15, "population_basis": "risk_dataset", "longitude": 132.766, "latitude": -23.9546, "risk_rating": "Low", "fire_plan": "No", "firebreak": "Yes", "fuel_reduction": "Yes", "has_coverage": true, "coverage_status": "Inside predicted coverage", "nearest_tower_km": 1.8, "nearby_carriers": 2, "carrier_names": "Optus, Telstra", "hazard_H": 0.3, "unreachability_U": 0.1231, "exposure_E": 0.3507, "wbi_score": 23.5, "wbi_tier": "Low", "wbi_rank": 661, "strict_blackspot": false}, "geometry": {"type": "Point", "coordinates": [132.766, -23.9546]}}, {"type": "Feature", "properties": {"objectid": 1028, "community_id": 1028, "community_name": "Hawk Dreaming", "community_aliases": "AWARCANARJU", "community_type": "Family Outstation", "main_language": "Not recorded", "local_govt_council": "WEST ARNHEM", "land_council": "NORTHERN LAND COUNCIL", "ntg_region": "TOP END", "bushtel_url": "https://bushtel.nt.gov.au/profile/1028", "population_count": 2, "population_used_in_index": 2, "population_basis": "risk_dataset", "longitude": 132.93914, "latitude": -12.37053, "risk_rating": "Moderate", "fire_plan": "No", "firebreak": "Yes", "fuel_reduction": "Yes", "has_coverage": true, "coverage_status": "Inside predicted coverage", "nearest_tower_km": 6.6, "nearby_carriers": 2, "carrier_names": "Optus, Telstra", "hazard_H": 0.6, "unreachability_U": 0.1551, "exposure_E": 0.139, "wbi_score": 23.5, "wbi_tier": "Low", "wbi_rank": 661, "strict_blackspot": false}, "geometry": {"type": "Point", "coordinates": [132.93914, -12.37053]}}, {"type": "Feature", "properties": {"objectid": 817, "community_id": 817, "community_name": "Wurlbu", "community_aliases": "OOLBOUGH,WULBU", "community_type": "Family Outstation", "main_language": "Not recorded", "local_govt_council": "ROPER GULF", "land_council": "NORTHERN LAND COUNCIL", "ntg_region": "BIG RIVERS", "bushtel_url": "https://bushtel.nt.gov.au/profile/817", "population_count": 1, "population_used_in_index": 1, "population_basis": "risk_dataset", "longitude": 136.28415, "latitude": -16.07464, "risk_rating": "Moderate", "fire_plan": "No", "firebreak": "Yes", "fuel_reduction": "Yes", "has_coverage": true, "coverage_status": "Inside predicted coverage", "nearest_tower_km": 3.3, "nearby_carriers": 1, "carrier_names": "Telstra", "hazard_H": 0.6, "unreachability_U": 0.2442, "exposure_E": 0.0877, "wbi_score": 23.4, "wbi_tier": "Low", "wbi_rank": 663, "strict_blackspot": false}, "geometry": {"type": "Point", "coordinates": [136.28415, -16.07464]}}, {"type": "Feature", "properties": {"objectid": 423, "community_id": 423, "community_name": "Tree Point", "community_aliases": "DURDUGU", "community_type": "Family Outstation", "main_language": "Not recorded", "local_govt_council": "LITCHFIELD", "land_council": "NORTHERN LAND COUNCIL", "ntg_region": "DARWIN, PALMERSTON, LITCHFIELD", "bushtel_url": "https://bushtel.nt.gov.au/profile/423", "population_count": null, "population_used_in_index": 8, "population_basis": "imputed_type_median", "longitude": 131.01819, "latitude": -12.30839, "risk_rating": "High", "fire_plan": "No", "firebreak": "No", "fuel_reduction": "No", "has_coverage": true, "coverage_status": "Inside predicted coverage", "nearest_tower_km": 6.9, "nearby_carriers": 3, "carrier_names": "Optus, TPG, Telstra", "hazard_H": 1.0, "unreachability_U": 0.046, "exposure_E": 0.2779, "wbi_score": 23.4, "wbi_tier": "Low", "wbi_rank": 663, "strict_blackspot": false}, "geometry": {"type": "Point", "coordinates": [131.01819, -12.30839]}}, {"type": "Feature", "properties": {"objectid": 24900, "community_id": 24900, "community_name": "Ngunga", "community_aliases": "No aliases recorded with NTG DIPL", "community_type": "Family Outstation", "main_language": "Not recorded", "local_govt_council": "MACDONNELL", "land_council": "CENTRAL LAND COUNCIL", "ntg_region": "CENTRAL AUSTRALIA", "bushtel_url": "https://bushtel.nt.gov.au/profile/24900", "population_count": 3, "population_used_in_index": 3, "population_basis": "risk_dataset", "longitude": 131.254497, "latitude": -23.264842, "risk_rating": "Low", "fire_plan": "No", "firebreak": "Yes", "fuel_reduction": "Yes", "has_coverage": true, "coverage_status": "Inside predicted coverage", "nearest_tower_km": 2.6, "nearby_carriers": 1, "carrier_names": "Telstra", "hazard_H": 0.3, "unreachability_U": 0.2396, "exposure_E": 0.1754, "wbi_score": 23.3, "wbi_tier": "Low", "wbi_rank": 665, "strict_blackspot": false}, "geometry": {"type": "Point", "coordinates": [131.254497, -23.264842]}}, {"type": "Feature", "properties": {"objectid": 794, "community_id": 794, "community_name": "Kabalyarra", "community_aliases": "No aliases recorded with NTG DIPL", "community_type": "Family Outstation", "main_language": "Not recorded", "local_govt_council": "WEST ARNHEM", "land_council": "NORTHERN LAND COUNCIL", "ntg_region": "TOP END", "bushtel_url": "https://bushtel.nt.gov.au/profile/794", "population_count": 1, "population_used_in_index": 1, "population_basis": "risk_dataset", "longitude": 134.212792, "latitude": -12.069458, "risk_rating": "Moderate", "fire_plan": "No", "firebreak": "Yes", "fuel_reduction": "Yes", "has_coverage": true, "coverage_status": "Inside predicted coverage", "nearest_tower_km": 2.5, "nearby_carriers": 1, "carrier_names": "Telstra", "hazard_H": 0.6, "unreachability_U": 0.2389, "exposure_E": 0.0877, "wbi_score": 23.2, "wbi_tier": "Low", "wbi_rank": 666, "strict_blackspot": false}, "geometry": {"type": "Point", "coordinates": [134.212792, -12.069458]}}, {"type": "Feature", "properties": {"objectid": 927, "community_id": 927, "community_name": "Perte Therre", "community_aliases": "No aliases recorded with NTG DIPL", "community_type": "Family Outstation", "main_language": "Not recorded", "local_govt_council": "MACDONNELL", "land_council": "CENTRAL LAND COUNCIL", "ntg_region": "CENTRAL AUSTRALIA", "bushtel_url": "https://bushtel.nt.gov.au/profile/927", "population_count": 15, "population_used_in_index": 15, "population_basis": "risk_dataset", "longitude": 133.64573, "latitude": -23.75818, "risk_rating": "Low", "fire_plan": "Yes", "firebreak": "Yes", "fuel_reduction": "Yes", "has_coverage": true, "coverage_status": "Inside predicted coverage", "nearest_tower_km": 17.3, "nearby_carriers": 3, "carrier_names": "Optus, TPG, Telstra", "hazard_H": 0.3, "unreachability_U": 0.1153, "exposure_E": 0.3507, "wbi_score": 23.0, "wbi_tier": "Low", "wbi_rank": 667, "strict_blackspot": false}, "geometry": {"type": "Point", "coordinates": [133.64573, -23.75818]}}, {"type": "Feature", "properties": {"objectid": 280, "community_id": 280, "community_name": "Alamirra", "community_aliases": "ALAMIRR", "community_type": "Family Outstation", "main_language": "Not recorded", "local_govt_council": "WEST ARNHEM", "land_council": "NORTHERN LAND COUNCIL", "ntg_region": "TOP END", "bushtel_url": "https://bushtel.nt.gov.au/profile/280", "population_count": 2, "population_used_in_index": 2, "population_basis": "risk_dataset", "longitude": 132.52835, "latitude": -11.06745, "risk_rating": "Low", "fire_plan": "No", "firebreak": "Yes", "fuel_reduction": "Yes", "has_coverage": true, "coverage_status": "Inside predicted coverage", "nearest_tower_km": 10.2, "nearby_carriers": 1, "carrier_names": "Telstra", "hazard_H": 0.3, "unreachability_U": 0.2902, "exposure_E": 0.139, "wbi_score": 23.0, "wbi_tier": "Low", "wbi_rank": 667, "strict_blackspot": false}, "geometry": {"type": "Point", "coordinates": [132.52835, -11.06745]}}, {"type": "Feature", "properties": {"objectid": 2, "community_id": 2, "community_name": "Alyuen", "community_aliases": "AILERON,ALUM,ALUM CAMP", "community_type": "Family Outstation", "main_language": "Not recorded", "local_govt_council": "CENTRAL DESERT", "land_council": "CENTRAL LAND COUNCIL", "ntg_region": "CENTRAL AUSTRALIA", "bushtel_url": "https://bushtel.nt.gov.au/profile/2", "population_count": 10, "population_used_in_index": 10, "population_basis": "risk_dataset", "longitude": 133.35147, "latitude": -22.66949, "risk_rating": "Low", "fire_plan": "No", "firebreak": "Yes", "fuel_reduction": "Yes", "has_coverage": true, "coverage_status": "Inside predicted coverage", "nearest_tower_km": 2.8, "nearby_carriers": 2, "carrier_names": "Optus, Telstra", "hazard_H": 0.3, "unreachability_U": 0.1298, "exposure_E": 0.3033, "wbi_score": 22.8, "wbi_tier": "Low", "wbi_rank": 669, "strict_blackspot": false}, "geometry": {"type": "Point", "coordinates": [133.35147, -22.66949]}}, {"type": "Feature", "properties": {"objectid": 1020, "community_id": 1020, "community_name": "Putjamirra", "community_aliases": "PITJAMIRRA", "community_type": "Family Outstation", "main_language": "Not recorded", "local_govt_council": "TIWI ISLANDS", "land_council": "TIWI LAND COUNCIL", "ntg_region": "TOP END", "bushtel_url": "https://bushtel.nt.gov.au/profile/1020", "population_count": 3, "population_used_in_index": 3, "population_basis": "risk_dataset", "longitude": 130.36849, "latitude": -11.22457, "risk_rating": "Low", "fire_plan": "No", "firebreak": "Yes", "fuel_reduction": "Yes", "has_coverage": true, "coverage_status": "Inside predicted coverage", "nearest_tower_km": 0.1, "nearby_carriers": 1, "carrier_names": "Telstra", "hazard_H": 0.3, "unreachability_U": 0.2229, "exposure_E": 0.1754, "wbi_score": 22.7, "wbi_tier": "Low", "wbi_rank": 670, "strict_blackspot": false}, "geometry": {"type": "Point", "coordinates": [130.36849, -11.22457]}}, {"type": "Feature", "properties": {"objectid": 923, "community_id": 923, "community_name": "Iteyepintye", "community_aliases": "No aliases recorded with NTG DIPL", "community_type": "Family Outstation", "main_language": "Not recorded", "local_govt_council": "MACDONNELL", "land_council": "CENTRAL LAND COUNCIL", "ntg_region": "CENTRAL AUSTRALIA", "bushtel_url": "https://bushtel.nt.gov.au/profile/923", "population_count": 24, "population_used_in_index": 24, "population_basis": "risk_dataset", "longitude": 133.59994, "latitude": -23.76466, "risk_rating": "Low", "fire_plan": "Yes", "firebreak": "Yes", "fuel_reduction": "Yes", "has_coverage": true, "coverage_status": "Inside predicted coverage", "nearest_tower_km": 14.0, "nearby_carriers": 3, "carrier_names": "Optus, TPG, Telstra", "hazard_H": 0.3, "unreachability_U": 0.0933, "exposure_E": 0.4072, "wbi_score": 22.5, "wbi_tier": "Low", "wbi_rank": 671, "strict_blackspot": false}, "geometry": {"type": "Point", "coordinates": [133.59994, -23.76466]}}, {"type": "Feature", "properties": {"objectid": 872, "community_id": 872, "community_name": "Merral Ntarrakala", "community_aliases": "MERRALNTARRAKALA", "community_type": "Family Outstation", "main_language": "Not recorded", "local_govt_council": "MACDONNELL", "land_council": "CENTRAL LAND COUNCIL", "ntg_region": "CENTRAL AUSTRALIA", "bushtel_url": "https://bushtel.nt.gov.au/profile/872", "population_count": 6, "population_used_in_index": 6, "population_basis": "risk_dataset", "longitude": 132.82865, "latitude": -23.91418, "risk_rating": "Low", "fire_plan": "No", "firebreak": "Yes", "fuel_reduction": "Yes", "has_coverage": true, "coverage_status": "Inside predicted coverage", "nearest_tower_km": 6.1, "nearby_carriers": 2, "carrier_names": "Optus, Telstra", "hazard_H": 0.3, "unreachability_U": 0.1518, "exposure_E": 0.2461, "wbi_score": 22.4, "wbi_tier": "Low", "wbi_rank": 672, "strict_blackspot": false}, "geometry": {"type": "Point", "coordinates": [132.82865, -23.91418]}}, {"type": "Feature", "properties": {"objectid": 614, "community_id": 614, "community_name": "Lul-tju", "community_aliases": "LUL'TJU,LUTTJU", "community_type": "Family Outstation", "main_language": "Not recorded", "local_govt_council": "CENTRAL DESERT", "land_council": "CENTRAL LAND COUNCIL", "ntg_region": "BIG RIVERS", "bushtel_url": "https://bushtel.nt.gov.au/profile/614", "population_count": 2, "population_used_in_index": 2, "population_basis": "risk_dataset", "longitude": 130.59313, "latitude": -18.37671, "risk_rating": "Low", "fire_plan": "No", "firebreak": "Yes", "fuel_reduction": "Yes", "has_coverage": true, "coverage_status": "Inside predicted coverage", "nearest_tower_km": 6.6, "nearby_carriers": 1, "carrier_names": "Telstra", "hazard_H": 0.3, "unreachability_U": 0.2662, "exposure_E": 0.139, "wbi_score": 22.3, "wbi_tier": "Low", "wbi_rank": 673, "strict_blackspot": false}, "geometry": {"type": "Point", "coordinates": [130.59313, -18.37671]}}, {"type": "Feature", "properties": {"objectid": 133, "community_id": 133, "community_name": "Phillipson Bore", "community_aliases": "PHILIPSON BORE", "community_type": "Family Outstation", "main_language": "Not recorded", "local_govt_council": "MACDONNELL", "land_council": "CENTRAL LAND COUNCIL", "ntg_region": "CENTRAL AUSTRALIA", "bushtel_url": "https://bushtel.nt.gov.au/profile/133", "population_count": 2, "population_used_in_index": 2, "population_basis": "risk_dataset", "longitude": 134.43038, "latitude": -24.09593, "risk_rating": "Low", "fire_plan": "No", "firebreak": "Yes", "fuel_reduction": "Yes", "has_coverage": true, "coverage_status": "Inside predicted coverage", "nearest_tower_km": 6.7, "nearby_carriers": 1, "carrier_names": "Telstra", "hazard_H": 0.3, "unreachability_U": 0.2669, "exposure_E": 0.139, "wbi_score": 22.3, "wbi_tier": "Low", "wbi_rank": 673, "strict_blackspot": false}, "geometry": {"type": "Point", "coordinates": [134.43038, -24.09593]}}, {"type": "Feature", "properties": {"objectid": 57, "community_id": 57, "community_name": "Five Mile", "community_aliases": "5 MILE,INTJARRANGA,RUTJINKA", "community_type": "Family Outstation", "main_language": "Not recorded", "local_govt_council": "MACDONNELL", "land_council": "CENTRAL LAND COUNCIL", "ntg_region": "CENTRAL AUSTRALIA", "bushtel_url": "https://bushtel.nt.gov.au/profile/57", "population_count": 5, "population_used_in_index": 5, "population_basis": "risk_dataset", "longitude": 132.84834, "latitude": -23.91848, "risk_rating": "Low", "fire_plan": "No", "firebreak": "Yes", "fuel_reduction": "Yes", "has_coverage": true, "coverage_status": "Inside predicted coverage", "nearest_tower_km": 7.7, "nearby_carriers": 2, "carrier_names": "Optus, Telstra", "hazard_H": 0.3, "unreachability_U": 0.1624, "exposure_E": 0.2266, "wbi_score": 22.3, "wbi_tier": "Low", "wbi_rank": 673, "strict_blackspot": false}, "geometry": {"type": "Point", "coordinates": [132.84834, -23.91848]}}, {"type": "Feature", "properties": {"objectid": 582, "community_id": 582, "community_name": "Binjari", "community_aliases": "BINJARRI,WYLUNBA", "community_type": "Minor", "main_language": "Kriol", "local_govt_council": "KATHERINE", "land_council": "NORTHERN LAND COUNCIL", "ntg_region": "BIG RIVERS", "bushtel_url": "https://bushtel.nt.gov.au/profile/582", "population_count": 223, "population_used_in_index": 223, "population_basis": "risk_dataset", "longitude": 132.1815, "latitude": -14.5502, "risk_rating": "Moderate", "fire_plan": "No", "firebreak": "Yes", "fuel_reduction": "Yes", "has_coverage": true, "coverage_status": "Inside predicted coverage", "nearest_tower_km": 4.0, "nearby_carriers": 3, "carrier_names": "Optus, TPG, Telstra", "hazard_H": 0.6, "unreachability_U": 0.0267, "exposure_E": 0.6845, "wbi_score": 22.2, "wbi_tier": "Low", "wbi_rank": 676, "strict_blackspot": false}, "geometry": {"type": "Point", "coordinates": [132.1815, -14.5502]}}, {"type": "Feature", "properties": {"objectid": 279, "community_id": 279, "community_name": "Acacia Larrakia", "community_aliases": "ACACIA GAP", "community_type": "Family Outstation", "main_language": "Kriol", "local_govt_council": "LITCHFIELD", "land_council": "NORTHERN LAND COUNCIL", "ntg_region": "DARWIN, PALMERSTON, LITCHFIELD", "bushtel_url": "https://bushtel.nt.gov.au/profile/279", "population_count": 34, "population_used_in_index": 34, "population_basis": "risk_dataset", "longitude": 131.1715, "latitude": -12.8142, "risk_rating": "Moderate", "fire_plan": "No", "firebreak": "Yes", "fuel_reduction": "Yes", "has_coverage": true, "coverage_status": "Inside predicted coverage", "nearest_tower_km": 6.0, "nearby_carriers": 3, "carrier_names": "Optus, TPG, Telstra", "hazard_H": 0.6, "unreachability_U": 0.04, "exposure_E": 0.4497, "wbi_score": 22.1, "wbi_tier": "Low", "wbi_rank": 677, "strict_blackspot": false}, "geometry": {"type": "Point", "coordinates": [131.1715, -12.8142]}}, {"type": "Feature", "properties": {"objectid": 933, "community_id": 933, "community_name": "Tywenpe (C)", "community_aliases": "TWENPE(C),TYWENPE(C)", "community_type": "Family Outstation", "main_language": "Not recorded", "local_govt_council": "MACDONNELL", "land_council": "CENTRAL LAND COUNCIL", "ntg_region": "CENTRAL AUSTRALIA", "bushtel_url": "https://bushtel.nt.gov.au/profile/933", "population_count": 25, "population_used_in_index": 25, "population_basis": "risk_dataset", "longitude": 133.68787, "latitude": -23.74426, "risk_rating": "Low", "fire_plan": "Yes", "firebreak": "Yes", "fuel_reduction": "Yes", "has_coverage": true, "coverage_status": "Inside predicted coverage", "nearest_tower_km": 13.0, "nearby_carriers": 3, "carrier_names": "Optus, TPG, Telstra", "hazard_H": 0.3, "unreachability_U": 0.0867, "exposure_E": 0.4121, "wbi_score": 22.0, "wbi_tier": "Low", "wbi_rank": 678, "strict_blackspot": false}, "geometry": {"type": "Point", "coordinates": [133.68787, -23.74426]}}, {"type": "Feature", "properties": {"objectid": 924, "community_id": 924, "community_name": "Itperlyenge", "community_aliases": "No aliases recorded with NTG DIPL", "community_type": "Family Outstation", "main_language": "Not recorded", "local_govt_council": "MACDONNELL", "land_council": "CENTRAL LAND COUNCIL", "ntg_region": "CENTRAL AUSTRALIA", "bushtel_url": "https://bushtel.nt.gov.au/profile/924", "population_count": 15, "population_used_in_index": 15, "population_basis": "risk_dataset", "longitude": 133.61103, "latitude": -23.76361, "risk_rating": "Low", "fire_plan": "Yes", "firebreak": "Yes", "fuel_reduction": "Yes", "has_coverage": true, "coverage_status": "Inside predicted coverage", "nearest_tower_km": 15.1, "nearby_carriers": 3, "carrier_names": "Optus, TPG, Telstra", "hazard_H": 0.3, "unreachability_U": 0.1007, "exposure_E": 0.3507, "wbi_score": 22.0, "wbi_tier": "Low", "wbi_rank": 678, "strict_blackspot": false}, "geometry": {"type": "Point", "coordinates": [133.61103, -23.76361]}}, {"type": "Feature", "properties": {"objectid": 569, "community_id": 569, "community_name": "Yanungbi", "community_aliases": "YANGUMBI,YANGUNBI", "community_type": "Family Outstation", "main_language": "Not recorded", "local_govt_council": "EAST ARNHEM", "land_council": "NORTHERN LAND COUNCIL", "ntg_region": "EAST ARNHEM", "bushtel_url": "https://bushtel.nt.gov.au/profile/569", "population_count": 6, "population_used_in_index": 6, "population_basis": "risk_dataset", "longitude": 136.65787, "latitude": -12.27975, "risk_rating": "Moderate", "fire_plan": "No", "firebreak": "Yes", "fuel_reduction": "Yes", "has_coverage": true, "coverage_status": "Inside predicted coverage", "nearest_tower_km": 10.5, "nearby_carriers": 3, "carrier_names": "Optus, TPG, Telstra", "hazard_H": 0.6, "unreachability_U": 0.07, "exposure_E": 0.2461, "wbi_score": 21.8, "wbi_tier": "Low", "wbi_rank": 680, "strict_blackspot": false}, "geometry": {"type": "Point", "coordinates": [136.65787, -12.27975]}}, {"type": "Feature", "properties": {"objectid": 920, "community_id": 920, "community_name": "Elitjia", "community_aliases": "ALKIMILYA", "community_type": "Family Outstation", "main_language": "Not recorded", "local_govt_council": "MACDONNELL", "land_council": "CENTRAL LAND COUNCIL", "ntg_region": "CENTRAL AUSTRALIA", "bushtel_url": "https://bushtel.nt.gov.au/profile/920", "population_count": 12, "population_used_in_index": 12, "population_basis": "risk_dataset", "longitude": 133.61583, "latitude": -23.77677, "risk_rating": "Low", "fire_plan": "No", "firebreak": "Yes", "fuel_reduction": "Yes", "has_coverage": true, "coverage_status": "Inside predicted coverage", "nearest_tower_km": 16.0, "nearby_carriers": 3, "carrier_names": "Optus, TPG, Telstra", "hazard_H": 0.3, "unreachability_U": 0.1067, "exposure_E": 0.3244, "wbi_score": 21.8, "wbi_tier": "Low", "wbi_rank": 680, "strict_blackspot": false}, "geometry": {"type": "Point", "coordinates": [133.61583, -23.77677]}}, {"type": "Feature", "properties": {"objectid": 877, "community_id": 877, "community_name": "Wataru", "community_aliases": "No aliases recorded with NTG DIPL", "community_type": "Family Outstation", "main_language": "Not recorded", "local_govt_council": "MACDONNELL", "land_council": "CENTRAL LAND COUNCIL", "ntg_region": "CENTRAL AUSTRALIA", "bushtel_url": "https://bushtel.nt.gov.au/profile/877", "population_count": 2, "population_used_in_index": 2, "population_basis": "risk_dataset", "longitude": 129.05936, "latitude": -24.85858, "risk_rating": "Low", "fire_plan": "No", "firebreak": "Yes", "fuel_reduction": "Yes", "has_coverage": true, "coverage_status": "Inside predicted coverage", "nearest_tower_km": 2.6, "nearby_carriers": 1, "carrier_names": "Telstra", "hazard_H": 0.3, "unreachability_U": 0.2396, "exposure_E": 0.139, "wbi_score": 21.5, "wbi_tier": "Low", "wbi_rank": 682, "strict_blackspot": false}, "geometry": {"type": "Point", "coordinates": [129.05936, -24.85858]}}, {"type": "Feature", "properties": {"objectid": 908, "community_id": 908, "community_name": "Wakurlpu", "community_aliases": "WAUCHOPE", "community_type": "Family Outstation", "main_language": "Not recorded", "local_govt_council": "BARKLY", "land_council": "CENTRAL LAND COUNCIL", "ntg_region": "BARKLY", "bushtel_url": "https://bushtel.nt.gov.au/profile/908", "population_count": 7, "population_used_in_index": 7, "population_basis": "risk_dataset", "longitude": 134.21688, "latitude": -20.63229, "risk_rating": "Low", "fire_plan": "No", "firebreak": "Yes", "fuel_reduction": "Yes", "has_coverage": true, "coverage_status": "Inside predicted coverage", "nearest_tower_km": 1.1, "nearby_carriers": 2, "carrier_names": "Optus, Telstra", "hazard_H": 0.3, "unreachability_U": 0.1184, "exposure_E": 0.263, "wbi_score": 21.1, "wbi_tier": "Low", "wbi_rank": 683, "strict_blackspot": false}, "geometry": {"type": "Point", "coordinates": [134.21688, -20.63229]}}, {"type": "Feature", "properties": {"objectid": 149, "community_id": 149, "community_name": "Tjamangkurra", "community_aliases": "TJAMANGKURA", "community_type": "Family Outstation", "main_language": "Not recorded", "local_govt_council": "MACDONNELL", "land_council": "CENTRAL LAND COUNCIL", "ntg_region": "CENTRAL AUSTRALIA", "bushtel_url": "https://bushtel.nt.gov.au/profile/149", "population_count": 5, "population_used_in_index": 5, "population_basis": "risk_dataset", "longitude": 132.805292, "latitude": -23.968903, "risk_rating": "Low", "fire_plan": "No", "firebreak": "Yes", "fuel_reduction": "Yes", "has_coverage": true, "coverage_status": "Inside predicted coverage", "nearest_tower_km": 4.2, "nearby_carriers": 2, "carrier_names": "Optus, Telstra", "hazard_H": 0.3, "unreachability_U": 0.1391, "exposure_E": 0.2266, "wbi_score": 21.1, "wbi_tier": "Low", "wbi_rank": 683, "strict_blackspot": false}, "geometry": {"type": "Point", "coordinates": [132.805292, -23.968903]}}, {"type": "Feature", "properties": {"objectid": 380, "community_id": 380, "community_name": "Mudginberri", "community_aliases": "No aliases recorded with NTG DIPL", "community_type": "Family Outstation", "main_language": "Not recorded", "local_govt_council": "WEST ARNHEM", "land_council": "NORTHERN LAND COUNCIL", "ntg_region": "TOP END", "bushtel_url": "https://bushtel.nt.gov.au/profile/380", "population_count": 60, "population_used_in_index": 60, "population_basis": "risk_dataset", "longitude": 132.87334, "latitude": -12.59772, "risk_rating": "Low", "fire_plan": "No", "firebreak": "Yes", "fuel_reduction": "Yes", "has_coverage": true, "coverage_status": "Inside predicted coverage", "nearest_tower_km": 9.0, "nearby_carriers": 3, "carrier_names": "Optus, TPG, Telstra", "hazard_H": 0.3, "unreachability_U": 0.06, "exposure_E": 0.52, "wbi_score": 21.1, "wbi_tier": "Low", "wbi_rank": 683, "strict_blackspot": false}, "geometry": {"type": "Point", "coordinates": [132.87334, -12.59772]}}, {"type": "Feature", "properties": {"objectid": 804, "community_id": 804, "community_name": "Gutjangan", "community_aliases": "BREMER ISLAND NORTH", "community_type": "Family Outstation", "main_language": "Not recorded", "local_govt_council": "EAST ARNHEM", "land_council": "NORTHERN LAND COUNCIL", "ntg_region": "EAST ARNHEM", "bushtel_url": "https://bushtel.nt.gov.au/profile/804", "population_count": 25, "population_used_in_index": 25, "population_basis": "risk_dataset", "longitude": 136.80857, "latitude": -12.0839, "risk_rating": "Low", "fire_plan": "No", "firebreak": "Yes", "fuel_reduction": "Yes", "has_coverage": true, "coverage_status": "Inside predicted coverage", "nearest_tower_km": 11.4, "nearby_carriers": 3, "carrier_names": "Optus, TPG, Telstra", "hazard_H": 0.3, "unreachability_U": 0.076, "exposure_E": 0.4121, "wbi_score": 21.1, "wbi_tier": "Low", "wbi_rank": 683, "strict_blackspot": false}, "geometry": {"type": "Point", "coordinates": [136.80857, -12.0839]}}, {"type": "Feature", "properties": {"objectid": 930, "community_id": 930, "community_name": "Twetye (B)", "community_aliases": "No aliases recorded with NTG DIPL", "community_type": "Family Outstation", "main_language": "Not recorded", "local_govt_council": "MACDONNELL", "land_council": "CENTRAL LAND COUNCIL", "ntg_region": "CENTRAL AUSTRALIA", "bushtel_url": "https://bushtel.nt.gov.au/profile/930", "population_count": 20, "population_used_in_index": 20, "population_basis": "risk_dataset", "longitude": 133.69633, "latitude": -23.74292, "risk_rating": "Low", "fire_plan": "Yes", "firebreak": "Yes", "fuel_reduction": "Yes", "has_coverage": true, "coverage_status": "Inside predicted coverage", "nearest_tower_km": 12.1, "nearby_carriers": 3, "carrier_names": "Optus, TPG, Telstra", "hazard_H": 0.3, "unreachability_U": 0.0807, "exposure_E": 0.3851, "wbi_score": 21.0, "wbi_tier": "Low", "wbi_rank": 687, "strict_blackspot": false}, "geometry": {"type": "Point", "coordinates": [133.69633, -23.74292]}}, {"type": "Feature", "properties": {"objectid": 672, "community_id": 672, "community_name": "Yudu Yudu", "community_aliases": "YUDUYUDU", "community_type": "Family Outstation", "main_language": "Not recorded", "local_govt_council": "EAST ARNHEM", "land_council": "NORTHERN LAND COUNCIL", "ntg_region": "EAST ARNHEM", "bushtel_url": "https://bushtel.nt.gov.au/profile/672", "population_count": 10, "population_used_in_index": 10, "population_basis": "risk_dataset", "longitude": 136.637236, "latitude": -12.233347, "risk_rating": "Moderate", "fire_plan": "No", "firebreak": "No", "fuel_reduction": "No", "has_coverage": true, "coverage_status": "Inside predicted coverage", "nearest_tower_km": 7.6, "nearby_carriers": 3, "carrier_names": "Optus, TPG, Telstra", "hazard_H": 0.6, "unreachability_U": 0.0507, "exposure_E": 0.3033, "wbi_score": 21.0, "wbi_tier": "Low", "wbi_rank": 687, "strict_blackspot": false}, "geometry": {"type": "Point", "coordinates": [136.637236, -12.233347]}}, {"type": "Feature", "properties": {"objectid": 925, "community_id": 925, "community_name": "Kwale Kwale", "community_aliases": "PAYEPERRENTYE (A)", "community_type": "Family Outstation", "main_language": "Not recorded", "local_govt_council": "MACDONNELL", "land_council": "CENTRAL LAND COUNCIL", "ntg_region": "CENTRAL AUSTRALIA", "bushtel_url": "https://bushtel.nt.gov.au/profile/925", "population_count": 20, "population_used_in_index": 20, "population_basis": "risk_dataset", "longitude": 133.57451, "latitude": -23.76972, "risk_rating": "Low", "fire_plan": "Yes", "firebreak": "Yes", "fuel_reduction": "Yes", "has_coverage": true, "coverage_status": "Inside predicted coverage", "nearest_tower_km": 11.9, "nearby_carriers": 3, "carrier_names": "Optus, TPG, Telstra", "hazard_H": 0.3, "unreachability_U": 0.0793, "exposure_E": 0.3851, "wbi_score": 20.9, "wbi_tier": "Low", "wbi_rank": 689, "strict_blackspot": false}, "geometry": {"type": "Point", "coordinates": [133.57451, -23.76972]}}, {"type": "Feature", "properties": {"objectid": 514, "community_id": 514, "community_name": "Gunyangara", "community_aliases": "DRIMMIE HEAD,MARNGARR,SKI BEACH", "community_type": "Minor", "main_language": "Yolgnu Matha(Gumatj)", "local_govt_council": "EAST ARNHEM", "land_council": "NORTHERN LAND COUNCIL", "ntg_region": "EAST ARNHEM", "bushtel_url": "https://bushtel.nt.gov.au/profile/514", "population_count": 282, "population_used_in_index": 282, "population_basis": "risk_dataset", "longitude": 136.70569, "latitude": -12.215417, "risk_rating": "Moderate", "fire_plan": "No", "firebreak": "Yes", "fuel_reduction": "Yes", "has_coverage": true, "coverage_status": "Inside predicted coverage", "nearest_tower_km": 3.1, "nearby_carriers": 3, "carrier_names": "Optus, TPG, Telstra", "hazard_H": 0.6, "unreachability_U": 0.0207, "exposure_E": 0.7141, "wbi_score": 20.7, "wbi_tier": "Low", "wbi_rank": 690, "strict_blackspot": false}, "geometry": {"type": "Point", "coordinates": [136.70569, -12.215417]}}, {"type": "Feature", "properties": {"objectid": 861, "community_id": 861, "community_name": "Rutjingka", "community_aliases": "No aliases recorded with NTG DIPL", "community_type": "Family Outstation", "main_language": "Not recorded", "local_govt_council": "MACDONNELL", "land_council": "CENTRAL LAND COUNCIL", "ntg_region": "CENTRAL AUSTRALIA", "bushtel_url": "https://bushtel.nt.gov.au/profile/861", "population_count": 4, "population_used_in_index": 4, "population_basis": "risk_dataset", "longitude": 132.81527, "latitude": -23.91581, "risk_rating": "Low", "fire_plan": "No", "firebreak": "Yes", "fuel_reduction": "Yes", "has_coverage": true, "coverage_status": "Inside predicted coverage", "nearest_tower_km": 4.9, "nearby_carriers": 2, "carrier_names": "Optus, Telstra", "hazard_H": 0.3, "unreachability_U": 0.1438, "exposure_E": 0.2036, "wbi_score": 20.6, "wbi_tier": "Low", "wbi_rank": 691, "strict_blackspot": false}, "geometry": {"type": "Point", "coordinates": [132.81527, -23.91581]}}, {"type": "Feature", "properties": {"objectid": 106, "community_id": 106, "community_name": "Motnas", "community_aliases": "MOTNA'S CAMP", "community_type": "Family Outstation", "main_language": "Not recorded", "local_govt_council": "MACDONNELL", "land_council": "CENTRAL LAND COUNCIL", "ntg_region": "CENTRAL AUSTRALIA", "bushtel_url": "https://bushtel.nt.gov.au/profile/106", "population_count": 6, "population_used_in_index": 6, "population_basis": "risk_dataset", "longitude": 132.769458, "latitude": -23.949736, "risk_rating": "Low", "fire_plan": "No", "firebreak": "Yes", "fuel_reduction": "Yes", "has_coverage": true, "coverage_status": "Inside predicted coverage", "nearest_tower_km": 1.1, "nearby_carriers": 2, "carrier_names": "Optus, Telstra", "hazard_H": 0.3, "unreachability_U": 0.1184, "exposure_E": 0.2461, "wbi_score": 20.6, "wbi_tier": "Low", "wbi_rank": 691, "strict_blackspot": false}, "geometry": {"type": "Point", "coordinates": [132.769458, -23.949736]}}, {"type": "Feature", "properties": {"objectid": 863, "community_id": 863, "community_name": "Yulara Pulka", "community_aliases": "No aliases recorded with NTG DIPL", "community_type": "Family Outstation", "main_language": "Not recorded", "local_govt_council": "MACDONNELL", "land_council": "CENTRAL LAND COUNCIL", "ntg_region": "CENTRAL AUSTRALIA", "bushtel_url": "https://bushtel.nt.gov.au/profile/863", "population_count": 5, "population_used_in_index": 5, "population_basis": "bushtel", "longitude": 130.89108, "latitude": -25.25455, "risk_rating": "Moderate", "fire_plan": "No", "firebreak": "No", "fuel_reduction": "No", "has_coverage": true, "coverage_status": "Inside predicted coverage", "nearest_tower_km": 9.4, "nearby_carriers": 3, "carrier_names": "Optus, TPG, Telstra", "hazard_H": 0.6, "unreachability_U": 0.0627, "exposure_E": 0.2266, "wbi_score": 20.4, "wbi_tier": "Low", "wbi_rank": 693, "strict_blackspot": false}, "geometry": {"type": "Point", "coordinates": [130.89108, -25.25455]}}, {"type": "Feature", "properties": {"objectid": 963, "community_id": 963, "community_name": "Garanydjirr", "community_aliases": "No aliases recorded with NTG DIPL", "community_type": "Family Outstation", "main_language": "Not recorded", "local_govt_council": "EAST ARNHEM", "land_council": "NORTHERN LAND COUNCIL", "ntg_region": "EAST ARNHEM", "bushtel_url": "https://bushtel.nt.gov.au/profile/963", "population_count": 1, "population_used_in_index": 1, "population_basis": "risk_dataset", "longitude": 135.02095, "latitude": -12.28204, "risk_rating": "Low", "fire_plan": "No", "firebreak": "Yes", "fuel_reduction": "Yes", "has_coverage": true, "coverage_status": "Inside predicted coverage", "nearest_tower_km": 11.5, "nearby_carriers": 1, "carrier_names": "Telstra", "hazard_H": 0.3, "unreachability_U": 0.2989, "exposure_E": 0.0877, "wbi_score": 19.9, "wbi_tier": "Low", "wbi_rank": 694, "strict_blackspot": false}, "geometry": {"type": "Point", "coordinates": [135.02095, -12.28204]}}, {"type": "Feature", "properties": {"objectid": 929, "community_id": 929, "community_name": "Twetye (A)", "community_aliases": "No aliases recorded with NTG DIPL", "community_type": "Family Outstation", "main_language": "Not recorded", "local_govt_council": "MACDONNELL", "land_council": "CENTRAL LAND COUNCIL", "ntg_region": "CENTRAL AUSTRALIA", "bushtel_url": "https://bushtel.nt.gov.au/profile/929", "population_count": 15, "population_used_in_index": 15, "population_basis": "risk_dataset", "longitude": 133.70539, "latitude": -23.74034, "risk_rating": "Low", "fire_plan": "Yes", "firebreak": "Yes", "fuel_reduction": "Yes", "has_coverage": true, "coverage_status": "Inside predicted coverage", "nearest_tower_km": 11.2, "nearby_carriers": 3, "carrier_names": "Optus, TPG, Telstra", "hazard_H": 0.3, "unreachability_U": 0.0747, "exposure_E": 0.3507, "wbi_score": 19.9, "wbi_tier": "Low", "wbi_rank": 694, "strict_blackspot": false}, "geometry": {"type": "Point", "coordinates": [133.70539, -23.74034]}}, {"type": "Feature", "properties": {"objectid": 922, "community_id": 922, "community_name": "Irriltyere (B)", "community_aliases": "No aliases recorded with NTG DIPL", "community_type": "Family Outstation", "main_language": "Not recorded", "local_govt_council": "MACDONNELL", "land_council": "CENTRAL LAND COUNCIL", "ntg_region": "CENTRAL AUSTRALIA", "bushtel_url": "https://bushtel.nt.gov.au/profile/922", "population_count": 8, "population_used_in_index": 8, "population_basis": "risk_dataset", "longitude": 133.68564, "latitude": -23.76105, "risk_rating": "Low", "fire_plan": "Yes", "firebreak": "Yes", "fuel_reduction": "Yes", "has_coverage": true, "coverage_status": "Inside predicted coverage", "nearest_tower_km": 13.3, "nearby_carriers": 3, "carrier_names": "Optus, TPG, Telstra", "hazard_H": 0.3, "unreachability_U": 0.0887, "exposure_E": 0.2779, "wbi_score": 19.5, "wbi_tier": "Low", "wbi_rank": 696, "strict_blackspot": false}, "geometry": {"type": "Point", "coordinates": [133.68564, -23.76105]}}, {"type": "Feature", "properties": {"objectid": 101, "community_id": 101, "community_name": "Mbalkanaka", "community_aliases": "SALT HOLE", "community_type": "Family Outstation", "main_language": "Not recorded", "local_govt_council": "MACDONNELL", "land_council": "CENTRAL LAND COUNCIL", "ntg_region": "CENTRAL AUSTRALIA", "bushtel_url": "https://bushtel.nt.gov.au/profile/101", "population_count": 2, "population_used_in_index": 2, "population_basis": "risk_dataset", "longitude": 132.87547, "latitude": -23.95349, "risk_rating": "Low", "fire_plan": "No", "firebreak": "Yes", "fuel_reduction": "Yes", "has_coverage": true, "coverage_status": "Inside predicted coverage", "nearest_tower_km": 10.1, "nearby_carriers": 2, "carrier_names": "Optus, Telstra", "hazard_H": 0.3, "unreachability_U": 0.1784, "exposure_E": 0.139, "wbi_score": 19.5, "wbi_tier": "Low", "wbi_rank": 696, "strict_blackspot": false}, "geometry": {"type": "Point", "coordinates": [132.87547, -23.95349]}}, {"type": "Feature", "properties": {"objectid": 642, "community_id": 642, "community_name": "Rockhole", "community_aliases": "ROCHOLE", "community_type": "Minor", "main_language": "Not recorded", "local_govt_council": "KATHERINE", "land_council": "NORTHERN LAND COUNCIL", "ntg_region": "BIG RIVERS", "bushtel_url": "https://bushtel.nt.gov.au/profile/642", "population_count": 170, "population_used_in_index": 170, "population_basis": "risk_dataset", "longitude": 132.18633, "latitude": -14.51935, "risk_rating": "Moderate", "fire_plan": "No", "firebreak": "Yes", "fuel_reduction": "Yes", "has_coverage": true, "coverage_status": "Inside predicted coverage", "nearest_tower_km": 2.8, "nearby_carriers": 3, "carrier_names": "Optus, TPG, Telstra", "hazard_H": 0.6, "unreachability_U": 0.0187, "exposure_E": 0.6504, "wbi_score": 19.4, "wbi_tier": "Low", "wbi_rank": 698, "strict_blackspot": false}, "geometry": {"type": "Point", "coordinates": [132.18633, -14.51935]}}, {"type": "Feature", "properties": {"objectid": 934, "community_id": 934, "community_name": "Tywenpe (D)", "community_aliases": "TWENPE(D)", "community_type": "Family Outstation", "main_language": "Not recorded", "local_govt_council": "MACDONNELL", "land_council": "CENTRAL LAND COUNCIL", "ntg_region": "CENTRAL AUSTRALIA", "bushtel_url": "https://bushtel.nt.gov.au/profile/934", "population_count": 6, "population_used_in_index": 6, "population_basis": "risk_dataset", "longitude": 133.67226, "latitude": -23.7648, "risk_rating": "Low", "fire_plan": "Yes", "firebreak": "Yes", "fuel_reduction": "Yes", "has_coverage": true, "coverage_status": "Inside predicted coverage", "nearest_tower_km": 14.7, "nearby_carriers": 3, "carrier_names": "Optus, TPG, Telstra", "hazard_H": 0.3, "unreachability_U": 0.098, "exposure_E": 0.2461, "wbi_score": 19.3, "wbi_tier": "Low", "wbi_rank": 699, "strict_blackspot": false}, "geometry": {"type": "Point", "coordinates": [133.67226, -23.7648]}}, {"type": "Feature", "properties": {"objectid": 52, "community_id": 52, "community_name": "Importna", "community_aliases": "IMPOTNA,NAMATJIRA'S CAMP,NAMATYIRAS COTTAGE", "community_type": "Family Outstation", "main_language": "Not recorded", "local_govt_council": "MACDONNELL", "land_council": "CENTRAL LAND COUNCIL", "ntg_region": "CENTRAL AUSTRALIA", "bushtel_url": "https://bushtel.nt.gov.au/profile/52", "population_count": 3, "population_used_in_index": 3, "population_basis": "risk_dataset", "longitude": 132.74341, "latitude": -23.94048, "risk_rating": "Low", "fire_plan": "No", "firebreak": "Yes", "fuel_reduction": "Yes", "has_coverage": true, "coverage_status": "Inside predicted coverage", "nearest_tower_km": 3.4, "nearby_carriers": 2, "carrier_names": "Optus, Telstra", "hazard_H": 0.3, "unreachability_U": 0.1338, "exposure_E": 0.1754, "wbi_score": 19.2, "wbi_tier": "Low", "wbi_rank": 700, "strict_blackspot": false}, "geometry": {"type": "Point", "coordinates": [132.74341, -23.94048]}}, {"type": "Feature", "properties": {"objectid": 154, "community_id": 154, "community_name": "Tnawurta", "community_aliases": "KWATJINMARRA,TNUWURTA", "community_type": "Family Outstation", "main_language": "Not recorded", "local_govt_council": "MACDONNELL", "land_council": "CENTRAL LAND COUNCIL", "ntg_region": "CENTRAL AUSTRALIA", "bushtel_url": "https://bushtel.nt.gov.au/profile/154", "population_count": 2, "population_used_in_index": 2, "population_basis": "risk_dataset", "longitude": 132.838347, "latitude": -23.998903, "risk_rating": "Low", "fire_plan": "No", "firebreak": "Yes", "fuel_reduction": "Yes", "has_coverage": true, "coverage_status": "Inside predicted coverage", "nearest_tower_km": 8.9, "nearby_carriers": 2, "carrier_names": "Optus, Telstra", "hazard_H": 0.3, "unreachability_U": 0.1704, "exposure_E": 0.139, "wbi_score": 19.2, "wbi_tier": "Low", "wbi_rank": 700, "strict_blackspot": false}, "geometry": {"type": "Point", "coordinates": [132.838347, -23.998903]}}, {"type": "Feature", "properties": {"objectid": 928, "community_id": 928, "community_name": "Tnerte", "community_aliases": "No aliases recorded with NTG DIPL", "community_type": "Family Outstation", "main_language": "Not recorded", "local_govt_council": "MACDONNELL", "land_council": "CENTRAL LAND COUNCIL", "ntg_region": "CENTRAL AUSTRALIA", "bushtel_url": "https://bushtel.nt.gov.au/profile/928", "population_count": 16, "population_used_in_index": 16, "population_basis": "risk_dataset", "longitude": 133.72011, "latitude": -23.74715, "risk_rating": "Low", "fire_plan": "Yes", "firebreak": "Yes", "fuel_reduction": "Yes", "has_coverage": true, "coverage_status": "Inside predicted coverage", "nearest_tower_km": 9.7, "nearby_carriers": 3, "carrier_names": "Optus, TPG, Telstra", "hazard_H": 0.3, "unreachability_U": 0.0647, "exposure_E": 0.3584, "wbi_score": 19.1, "wbi_tier": "Low", "wbi_rank": 702, "strict_blackspot": false}, "geometry": {"type": "Point", "coordinates": [133.72011, -23.74715]}}, {"type": "Feature", "properties": {"objectid": 921, "community_id": 921, "community_name": "Irriltyere (A)", "community_aliases": "No aliases recorded with NTG DIPL", "community_type": "Family Outstation", "main_language": "Not recorded", "local_govt_council": "MACDONNELL", "land_council": "CENTRAL LAND COUNCIL", "ntg_region": "CENTRAL AUSTRALIA", "bushtel_url": "https://bushtel.nt.gov.au/profile/921", "population_count": 8, "population_used_in_index": 8, "population_basis": "risk_dataset", "longitude": 133.69467, "latitude": -23.75129, "risk_rating": "Low", "fire_plan": "Yes", "firebreak": "Yes", "fuel_reduction": "Yes", "has_coverage": true, "coverage_status": "Inside predicted coverage", "nearest_tower_km": 12.3, "nearby_carriers": 3, "carrier_names": "Optus, TPG, Telstra", "hazard_H": 0.3, "unreachability_U": 0.082, "exposure_E": 0.2779, "wbi_score": 19.0, "wbi_tier": "Low", "wbi_rank": 703, "strict_blackspot": false}, "geometry": {"type": "Point", "coordinates": [133.69467, -23.75129]}}, {"type": "Feature", "properties": {"objectid": 975, "community_id": 975, "community_name": "Pakulki", "community_aliases": "No aliases recorded with NTG DIPL", "community_type": "Family Outstation", "main_language": "Not recorded", "local_govt_council": "BARKLY", "land_council": "CENTRAL LAND COUNCIL", "ntg_region": "BARKLY", "bushtel_url": "https://bushtel.nt.gov.au/profile/975", "population_count": 2, "population_used_in_index": 2, "population_basis": "risk_dataset", "longitude": 134.41846, "latitude": -19.50438, "risk_rating": "Low", "fire_plan": "No", "firebreak": "Yes", "fuel_reduction": "Yes", "has_coverage": true, "coverage_status": "Inside predicted coverage", "nearest_tower_km": 23.3, "nearby_carriers": 3, "carrier_names": "Optus, TPG, Telstra", "hazard_H": 0.3, "unreachability_U": 0.1553, "exposure_E": 0.139, "wbi_score": 18.6, "wbi_tier": "Low", "wbi_rank": 704, "strict_blackspot": false}, "geometry": {"type": "Point", "coordinates": [134.41846, -19.50438]}}, {"type": "Feature", "properties": {"objectid": 916, "community_id": 916, "community_name": "Angatyepe", "community_aliases": "No aliases recorded with NTG DIPL", "community_type": "Family Outstation", "main_language": "Not recorded", "local_govt_council": "MACDONNELL", "land_council": "CENTRAL LAND COUNCIL", "ntg_region": "CENTRAL AUSTRALIA", "bushtel_url": "https://bushtel.nt.gov.au/profile/916", "population_count": 16, "population_used_in_index": 16, "population_basis": "risk_dataset", "longitude": 133.7275, "latitude": -23.745, "risk_rating": "Low", "fire_plan": "Yes", "firebreak": "Yes", "fuel_reduction": "Yes", "has_coverage": true, "coverage_status": "Inside predicted coverage", "nearest_tower_km": 9.0, "nearby_carriers": 3, "carrier_names": "Optus, TPG, Telstra", "hazard_H": 0.3, "unreachability_U": 0.06, "exposure_E": 0.3584, "wbi_score": 18.6, "wbi_tier": "Low", "wbi_rank": 704, "strict_blackspot": false}, "geometry": {"type": "Point", "coordinates": [133.7275, -23.745]}}, {"type": "Feature", "properties": {"objectid": 931, "community_id": 931, "community_name": "Tywenpe (A)", "community_aliases": "TWENPE (A)", "community_type": "Family Outstation", "main_language": "Not recorded", "local_govt_council": "MACDONNELL", "land_council": "CENTRAL LAND COUNCIL", "ntg_region": "CENTRAL AUSTRALIA", "bushtel_url": "https://bushtel.nt.gov.au/profile/931", "population_count": 15, "population_used_in_index": 15, "population_basis": "risk_dataset", "longitude": 133.72928, "latitude": -23.72634, "risk_rating": "Low", "fire_plan": "Yes", "firebreak": "Yes", "fuel_reduction": "Yes", "has_coverage": true, "coverage_status": "Inside predicted coverage", "nearest_tower_km": 9.1, "nearby_carriers": 3, "carrier_names": "Optus, TPG, Telstra", "hazard_H": 0.3, "unreachability_U": 0.0607, "exposure_E": 0.3507, "wbi_score": 18.6, "wbi_tier": "Low", "wbi_rank": 704, "strict_blackspot": false}, "geometry": {"type": "Point", "coordinates": [133.72928, -23.72634]}}, {"type": "Feature", "properties": {"objectid": 919, "community_id": 919, "community_name": "Arrillhjere", "community_aliases": "ARRLIHJERE", "community_type": "Family Outstation", "main_language": "Not recorded", "local_govt_council": "MACDONNELL", "land_council": "CENTRAL LAND COUNCIL", "ntg_region": "CENTRAL AUSTRALIA", "bushtel_url": "https://bushtel.nt.gov.au/profile/919", "population_count": 3, "population_used_in_index": 3, "population_basis": "risk_dataset", "longitude": 133.62608, "latitude": -23.77981, "risk_rating": "Low", "fire_plan": "Yes", "firebreak": "Yes", "fuel_reduction": "Yes", "has_coverage": true, "coverage_status": "Inside predicted coverage", "nearest_tower_km": 17.1, "nearby_carriers": 3, "carrier_names": "Optus, TPG, Telstra", "hazard_H": 0.3, "unreachability_U": 0.114, "exposure_E": 0.1754, "wbi_score": 18.2, "wbi_tier": "Low", "wbi_rank": 707, "strict_blackspot": false}, "geometry": {"type": "Point", "coordinates": [133.62608, -23.77981]}}, {"type": "Feature", "properties": {"objectid": 932, "community_id": 932, "community_name": "Inbina Atwatye", "community_aliases": "TYWENPE (B)", "community_type": "Family Outstation", "main_language": "Not recorded", "local_govt_council": "MACDONNELL", "land_council": "CENTRAL LAND COUNCIL", "ntg_region": "CENTRAL AUSTRALIA", "bushtel_url": "https://bushtel.nt.gov.au/profile/932", "population_count": 8, "population_used_in_index": 8, "population_basis": "risk_dataset", "longitude": 133.71324, "latitude": -23.74118, "risk_rating": "Low", "fire_plan": "Yes", "firebreak": "Yes", "fuel_reduction": "Yes", "has_coverage": true, "coverage_status": "Inside predicted coverage", "nearest_tower_km": 10.4, "nearby_carriers": 3, "carrier_names": "Optus, TPG, Telstra", "hazard_H": 0.3, "unreachability_U": 0.0693, "exposure_E": 0.2779, "wbi_score": 17.9, "wbi_tier": "Low", "wbi_rank": 708, "strict_blackspot": false}, "geometry": {"type": "Point", "coordinates": [133.71324, -23.74118]}}, {"type": "Feature", "properties": {"objectid": 334, "community_id": 334, "community_name": "Humpty Doo", "community_aliases": "KOOLPINYAH,LIMILNGAN,WARIUK ASSOC.", "community_type": "Family Outstation", "main_language": "Not recorded", "local_govt_council": "LITCHFIELD", "land_council": "NORTHERN LAND COUNCIL", "ntg_region": "DARWIN, PALMERSTON, LITCHFIELD", "bushtel_url": "https://bushtel.nt.gov.au/profile/334", "population_count": 7, "population_used_in_index": 7, "population_basis": "risk_dataset", "longitude": 131.26078, "latitude": -12.63105, "risk_rating": "Moderate", "fire_plan": "No", "firebreak": "Yes", "fuel_reduction": "Yes", "has_coverage": true, "coverage_status": "Inside predicted coverage", "nearest_tower_km": 5.4, "nearby_carriers": 3, "carrier_names": "Optus, TPG, Telstra", "hazard_H": 0.6, "unreachability_U": 0.036, "exposure_E": 0.263, "wbi_score": 17.8, "wbi_tier": "Low", "wbi_rank": 709, "strict_blackspot": false}, "geometry": {"type": "Point", "coordinates": [131.26078, -12.63105]}}, {"type": "Feature", "properties": {"objectid": 94, "community_id": 94, "community_name": "Lyilyalanama", "community_aliases": "IYNGIYNYALA", "community_type": "Family Outstation", "main_language": "Not recorded", "local_govt_council": "MACDONNELL", "land_council": "CENTRAL LAND COUNCIL", "ntg_region": "CENTRAL AUSTRALIA", "bushtel_url": "https://bushtel.nt.gov.au/profile/94", "population_count": 2, "population_used_in_index": 2, "population_basis": "risk_dataset", "longitude": 132.744736, "latitude": -23.947236, "risk_rating": "Low", "fire_plan": "No", "firebreak": "Yes", "fuel_reduction": "Yes", "has_coverage": true, "coverage_status": "Inside predicted coverage", "nearest_tower_km": 3.3, "nearby_carriers": 2, "carrier_names": "Optus, Telstra", "hazard_H": 0.3, "unreachability_U": 0.1331, "exposure_E": 0.139, "wbi_score": 17.7, "wbi_tier": "Low", "wbi_rank": 710, "strict_blackspot": false}, "geometry": {"type": "Point", "coordinates": [132.744736, -23.947236]}}, {"type": "Feature", "properties": {"objectid": 1027, "community_id": 1027, "community_name": "Buffalo Farm", "community_aliases": "No aliases recorded with NTG DIPL", "community_type": "Family Outstation", "main_language": "Not recorded", "local_govt_council": "WEST ARNHEM", "land_council": "NORTHERN LAND COUNCIL", "ntg_region": "TOP END", "bushtel_url": "https://bushtel.nt.gov.au/profile/1027", "population_count": 4, "population_used_in_index": 4, "population_basis": "risk_dataset", "longitude": 132.59382, "latitude": -12.81369, "risk_rating": "Low", "fire_plan": "No", "firebreak": "Yes", "fuel_reduction": "Yes", "has_coverage": true, "coverage_status": "Inside predicted coverage", "nearest_tower_km": 12.9, "nearby_carriers": 3, "carrier_names": "Optus, TPG, Telstra", "hazard_H": 0.3, "unreachability_U": 0.086, "exposure_E": 0.2036, "wbi_score": 17.4, "wbi_tier": "Low", "wbi_rank": 711, "strict_blackspot": false}, "geometry": {"type": "Point", "coordinates": [132.59382, -12.81369]}}, {"type": "Feature", "properties": {"objectid": 822, "community_id": 822, "community_name": "Kurraya", "community_aliases": "GOOSE RIVER", "community_type": "Family Outstation", "main_language": "Not recorded", "local_govt_council": "BARKLY", "land_council": "CENTRAL LAND COUNCIL", "ntg_region": "BARKLY", "bushtel_url": "https://bushtel.nt.gov.au/profile/822", "population_count": 1, "population_used_in_index": 1, "population_basis": "risk_dataset", "longitude": 134.47545, "latitude": -19.76559, "risk_rating": "Low", "fire_plan": "No", "firebreak": "Yes", "fuel_reduction": "Yes", "has_coverage": true, "coverage_status": "Inside predicted coverage", "nearest_tower_km": 30.1, "nearby_carriers": 3, "carrier_names": "Optus, TPG, Telstra", "hazard_H": 0.3, "unreachability_U": 0.2007, "exposure_E": 0.0877, "wbi_score": 17.4, "wbi_tier": "Low", "wbi_rank": 711, "strict_blackspot": false}, "geometry": {"type": "Point", "coordinates": [134.47545, -19.76559]}}, {"type": "Feature", "properties": {"objectid": 697, "community_id": 697, "community_name": "Woolaning", "community_aliases": "No aliases recorded with NTG DIPL", "community_type": "Family Outstation", "main_language": "Not recorded", "local_govt_council": "UN-INCORPORATED (COX-DALY)", "land_council": "NORTHERN LAND COUNCIL", "ntg_region": "TOP END", "bushtel_url": "https://bushtel.nt.gov.au/profile/697", "population_count": 9, "population_used_in_index": 9, "population_basis": "risk_dataset", "longitude": 130.658903, "latitude": -13.105208, "risk_rating": "Moderate", "fire_plan": "No", "firebreak": "Yes", "fuel_reduction": "Yes", "has_coverage": true, "coverage_status": "Inside predicted coverage", "nearest_tower_km": 4.4, "nearby_carriers": 3, "carrier_names": "Optus, TPG, Telstra", "hazard_H": 0.6, "unreachability_U": 0.0293, "exposure_E": 0.2913, "wbi_score": 17.2, "wbi_tier": "Low", "wbi_rank": 713, "strict_blackspot": false}, "geometry": {"type": "Point", "coordinates": [130.658903, -13.105208]}}, {"type": "Feature", "properties": {"objectid": 875, "community_id": 875, "community_name": "Mount Twellar", "community_aliases": "No aliases recorded with NTG DIPL", "community_type": "Family Outstation", "main_language": "Not recorded", "local_govt_council": "MACDONNELL", "land_council": "CENTRAL LAND COUNCIL", "ntg_region": "CENTRAL AUSTRALIA", "bushtel_url": "https://bushtel.nt.gov.au/profile/875", "population_count": 20, "population_used_in_index": 20, "population_basis": "risk_dataset", "longitude": 133.62279, "latitude": -23.54198, "risk_rating": "Low", "fire_plan": "Yes", "firebreak": "Yes", "fuel_reduction": "Yes", "has_coverage": true, "coverage_status": "Inside predicted coverage", "nearest_tower_km": 6.3, "nearby_carriers": 3, "carrier_names": "Optus, TPG, Telstra", "hazard_H": 0.3, "unreachability_U": 0.042, "exposure_E": 0.3851, "wbi_score": 16.9, "wbi_tier": "Low", "wbi_rank": 714, "strict_blackspot": false}, "geometry": {"type": "Point", "coordinates": [133.62279, -23.54198]}}, {"type": "Feature", "properties": {"objectid": 1025, "community_id": 1025, "community_name": "Irklancha Atwacha", "community_aliases": "ALICE SPRINGS TOWN CAMP", "community_type": "Town Camp", "main_language": "Not recorded", "local_govt_council": "ALICE SPRINGS", "land_council": "CENTRAL LAND COUNCIL", "ntg_region": "CENTRAL AUSTRALIA", "bushtel_url": "https://bushtel.nt.gov.au/profile/1025", "population_count": null, "population_used_in_index": 58, "population_basis": "imputed_type_median", "longitude": 133.9052, "latitude": -23.6941, "risk_rating": "High", "fire_plan": "No", "firebreak": "No", "fuel_reduction": "No", "has_coverage": true, "coverage_status": "Inside predicted coverage", "nearest_tower_km": 1.3, "nearby_carriers": 3, "carrier_names": "Optus, TPG, Telstra", "hazard_H": 1.0, "unreachability_U": 0.0087, "exposure_E": 0.5158, "wbi_score": 16.5, "wbi_tier": "Low", "wbi_rank": 715, "strict_blackspot": false}, "geometry": {"type": "Point", "coordinates": [133.9052, -23.6941]}}, {"type": "Feature", "properties": {"objectid": 24994, "community_id": 24994, "community_name": "Bushcamp", "community_aliases": "KALYWANPA", "community_type": "Family Outstation", "main_language": "Not recorded", "local_govt_council": "BARKLY", "land_council": "CENTRAL LAND COUNCIL", "ntg_region": "BARKLY", "bushtel_url": "https://bushtel.nt.gov.au/profile/24994", "population_count": null, "population_used_in_index": 8, "population_basis": "imputed_type_median", "longitude": 134.15408, "latitude": -19.717111, "risk_rating": "Low", "fire_plan": "No", "firebreak": "Yes", "fuel_reduction": "No", "has_coverage": true, "coverage_status": "Inside predicted coverage", "nearest_tower_km": 8.0, "nearby_carriers": 3, "carrier_names": "Optus, TPG, Telstra", "hazard_H": 0.3, "unreachability_U": 0.0533, "exposure_E": 0.2779, "wbi_score": 16.4, "wbi_tier": "Low", "wbi_rank": 716, "strict_blackspot": false}, "geometry": {"type": "Point", "coordinates": [134.15408, -19.717111]}}, {"type": "Feature", "properties": {"objectid": 926, "community_id": 926, "community_name": "Payeperrentye (B)", "community_aliases": "No aliases recorded with NTG DIPL", "community_type": "Family Outstation", "main_language": "Not recorded", "local_govt_council": "MACDONNELL", "land_council": "CENTRAL LAND COUNCIL", "ntg_region": "CENTRAL AUSTRALIA", "bushtel_url": "https://bushtel.nt.gov.au/profile/926", "population_count": 4, "population_used_in_index": 4, "population_basis": "risk_dataset", "longitude": 133.55621, "latitude": -23.77074, "risk_rating": "Low", "fire_plan": "Yes", "firebreak": "Yes", "fuel_reduction": "Yes", "has_coverage": true, "coverage_status": "Inside predicted coverage", "nearest_tower_km": 10.3, "nearby_carriers": 3, "carrier_names": "Optus, TPG, Telstra", "hazard_H": 0.3, "unreachability_U": 0.0687, "exposure_E": 0.2036, "wbi_score": 16.1, "wbi_tier": "Low", "wbi_rank": 717, "strict_blackspot": false}, "geometry": {"type": "Point", "coordinates": [133.55621, -23.77074]}}, {"type": "Feature", "properties": {"objectid": 598, "community_id": 598, "community_name": "Jodetluk", "community_aliases": "GORGE CAMP,KATHERINE TOWN CAMP,MAUDE CREEK CAMP", "community_type": "Family Outstation", "main_language": "Not recorded", "local_govt_council": "ROPER GULF", "land_council": "NORTHERN LAND COUNCIL", "ntg_region": "BIG RIVERS", "bushtel_url": "https://bushtel.nt.gov.au/profile/598", "population_count": 40, "population_used_in_index": 40, "population_basis": "risk_dataset", "longitude": 132.43333, "latitude": -14.360001, "risk_rating": "Low", "fire_plan": "No", "firebreak": "Yes", "fuel_reduction": "Yes", "has_coverage": true, "coverage_status": "Inside predicted coverage", "nearest_tower_km": 4.2, "nearby_carriers": 3, "carrier_names": "Optus, TPG, Telstra", "hazard_H": 0.3, "unreachability_U": 0.028, "exposure_E": 0.4697, "wbi_score": 15.8, "wbi_tier": "Low", "wbi_rank": 718, "strict_blackspot": false}, "geometry": {"type": "Point", "coordinates": [132.43333, -14.360001]}}, {"type": "Feature", "properties": {"objectid": 1002, "community_id": 1002, "community_name": "Yirra Bandoo", "community_aliases": "ELIZABETH RIVER,VIRGINIA", "community_type": "Family Outstation", "main_language": "Not recorded", "local_govt_council": "LITCHFIELD", "land_council": "NORTHERN LAND COUNCIL", "ntg_region": "DARWIN, PALMERSTON, LITCHFIELD", "bushtel_url": "https://bushtel.nt.gov.au/profile/1002", "population_count": null, "population_used_in_index": 8, "population_basis": "imputed_type_median", "longitude": 131.022375, "latitude": -12.572931, "risk_rating": "High", "fire_plan": "No", "firebreak": "No", "fuel_reduction": "No", "has_coverage": true, "coverage_status": "Inside predicted coverage", "nearest_tower_km": 2.1, "nearby_carriers": 3, "carrier_names": "Optus, TPG, Telstra", "hazard_H": 1.0, "unreachability_U": 0.014, "exposure_E": 0.2779, "wbi_score": 15.7, "wbi_tier": "Low", "wbi_rank": 719, "strict_blackspot": false}, "geometry": {"type": "Point", "coordinates": [131.022375, -12.572931]}}, {"type": "Feature", "properties": {"objectid": 621, "community_id": 621, "community_name": "Miali Brumby", "community_aliases": "KALAMO,KALAMO-MALI BRUMBY,KALANO,KALANO FARM,MIALLI", "community_type": "Town Camp", "main_language": "Not recorded", "local_govt_council": "KATHERINE", "land_council": "NORTHERN LAND COUNCIL", "ntg_region": "BIG RIVERS", "bushtel_url": "https://bushtel.nt.gov.au/profile/621", "population_count": 192, "population_used_in_index": 192, "population_basis": "risk_dataset", "longitude": 132.2589, "latitude": -14.455833, "risk_rating": "High", "fire_plan": "No", "firebreak": "Yes", "fuel_reduction": "Yes", "has_coverage": true, "coverage_status": "Inside predicted coverage", "nearest_tower_km": 0.8, "nearby_carriers": 3, "carrier_names": "Optus, TPG, Telstra", "hazard_H": 1.0, "unreachability_U": 0.0053, "exposure_E": 0.6657, "wbi_score": 15.2, "wbi_tier": "Low", "wbi_rank": 720, "strict_blackspot": false}, "geometry": {"type": "Point", "coordinates": [132.2589, -14.455833]}}, {"type": "Feature", "properties": {"objectid": 496, "community_id": 496, "community_name": "Galaru", "community_aliases": "EAST WOODY,GALURU", "community_type": "Family Outstation", "main_language": "Not recorded", "local_govt_council": "EAST ARNHEM", "land_council": "NORTHERN LAND COUNCIL", "ntg_region": "EAST ARNHEM", "bushtel_url": "https://bushtel.nt.gov.au/profile/496", "population_count": null, "population_used_in_index": 8, "population_basis": "imputed_type_median", "longitude": 136.75732, "latitude": -12.16601, "risk_rating": "Moderate", "fire_plan": "No", "firebreak": "No", "fuel_reduction": "No", "has_coverage": true, "coverage_status": "Inside predicted coverage", "nearest_tower_km": 2.7, "nearby_carriers": 3, "carrier_names": "Optus, TPG, Telstra", "hazard_H": 0.6, "unreachability_U": 0.018, "exposure_E": 0.2779, "wbi_score": 14.4, "wbi_tier": "Low", "wbi_rank": 721, "strict_blackspot": false}, "geometry": {"type": "Point", "coordinates": [136.75732, -12.16601]}}, {"type": "Feature", "properties": {"objectid": 708, "community_id": 708, "community_name": "Werre-Therre", "community_aliases": "DAVIS CAMP,HAMILTON DOWNS,KUPULA URBALA,KUPUTA URBALA,MCCORMACKS CAMP,THAKAPERTE,WERE-THERRE", "community_type": "Family Outstation", "main_language": "Not recorded", "local_govt_council": "MACDONNELL", "land_council": "CENTRAL LAND COUNCIL", "ntg_region": "CENTRAL AUSTRALIA", "bushtel_url": "https://bushtel.nt.gov.au/profile/708", "population_count": 2, "population_used_in_index": 2, "population_basis": "bushtel", "longitude": 133.63473, "latitude": -23.54265, "risk_rating": "Moderate", "fire_plan": "No", "firebreak": "No", "fuel_reduction": "No", "has_coverage": true, "coverage_status": "Inside predicted coverage", "nearest_tower_km": 5.1, "nearby_carriers": 3, "carrier_names": "Optus, TPG, Telstra", "hazard_H": 0.6, "unreachability_U": 0.034, "exposure_E": 0.139, "wbi_score": 14.2, "wbi_tier": "Low", "wbi_rank": 722, "strict_blackspot": false}, "geometry": {"type": "Point", "coordinates": [133.63473, -23.54265]}}, {"type": "Feature", "properties": {"objectid": 576, "community_id": 576, "community_name": "Yirrkala", "community_aliases": "No aliases recorded with NTG DIPL", "community_type": "Major", "main_language": "Yolngu Matha(Djambarrpuyngu)", "local_govt_council": "EAST ARNHEM", "land_council": "NORTHERN LAND COUNCIL", "ntg_region": "EAST ARNHEM", "bushtel_url": "https://bushtel.nt.gov.au/profile/576", "population_count": 951, "population_used_in_index": 951, "population_basis": "risk_dataset", "longitude": 136.891681, "latitude": -12.252792, "risk_rating": "High", "fire_plan": "No", "firebreak": "Yes", "fuel_reduction": "Yes", "has_coverage": true, "coverage_status": "Inside predicted coverage", "nearest_tower_km": 0.5, "nearby_carriers": 3, "carrier_names": "Optus, TPG, Telstra", "hazard_H": 1.0, "unreachability_U": 0.0033, "exposure_E": 0.8675, "wbi_score": 14.2, "wbi_tier": "Low", "wbi_rank": 722, "strict_blackspot": false}, "geometry": {"type": "Point", "coordinates": [136.891681, -12.252792]}}, {"type": "Feature", "properties": {"objectid": 69, "community_id": 69, "community_name": "Karnte", "community_aliases": "ALICE SPRINGS TOWN CAMP", "community_type": "Town Camp", "main_language": "Not recorded", "local_govt_council": "ALICE SPRINGS", "land_council": "CENTRAL LAND COUNCIL", "ntg_region": "CENTRAL AUSTRALIA", "bushtel_url": "https://bushtel.nt.gov.au/profile/69", "population_count": 36, "population_used_in_index": 36, "population_basis": "risk_dataset", "longitude": 133.864736, "latitude": -23.764375, "risk_rating": "Moderate", "fire_plan": "No", "firebreak": "Yes", "fuel_reduction": "Yes", "has_coverage": true, "coverage_status": "Inside predicted coverage", "nearest_tower_km": 1.5, "nearby_carriers": 3, "carrier_names": "Optus, TPG, Telstra", "hazard_H": 0.6, "unreachability_U": 0.01, "exposure_E": 0.4567, "wbi_score": 14.0, "wbi_tier": "Low", "wbi_rank": 724, "strict_blackspot": false}, "geometry": {"type": "Point", "coordinates": [133.864736, -23.764375]}}, {"type": "Feature", "properties": {"objectid": 655, "community_id": 655, "community_name": "Werenbun", "community_aliases": "EDITH FALLS ROAD", "community_type": "Family Outstation", "main_language": "Not recorded", "local_govt_council": "ROPER GULF", "land_council": "NORTHERN LAND COUNCIL", "ntg_region": "BIG RIVERS", "bushtel_url": "https://bushtel.nt.gov.au/profile/655", "population_count": 40, "population_used_in_index": 40, "population_basis": "risk_dataset", "longitude": 132.1611, "latitude": -14.18255, "risk_rating": "Low", "fire_plan": "No", "firebreak": "Yes", "fuel_reduction": "Yes", "has_coverage": true, "coverage_status": "Inside predicted coverage", "nearest_tower_km": 2.8, "nearby_carriers": 3, "carrier_names": "Optus, TPG, Telstra", "hazard_H": 0.3, "unreachability_U": 0.0187, "exposure_E": 0.4697, "wbi_score": 13.8, "wbi_tier": "Low", "wbi_rank": 725, "strict_blackspot": false}, "geometry": {"type": "Point", "coordinates": [132.1611, -14.18255]}}, {"type": "Feature", "properties": {"objectid": 129, "community_id": 113, "community_name": "Nyewente", "community_aliases": "NYEWENTE", "community_type": "Town Camp", "main_language": "Not recorded", "local_govt_council": "ALICE SPRINGS", "land_council": "CENTRAL LAND COUNCIL", "ntg_region": "CENTRAL AUSTRALIA", "bushtel_url": "https://bushtel.nt.gov.au/profile/113", "population_count": 104, "population_used_in_index": 104, "population_basis": "risk_dataset", "longitude": 133.862847, "latitude": -23.687792, "risk_rating": "Moderate", "fire_plan": "Yes", "firebreak": "Yes", "fuel_reduction": "Yes", "has_coverage": true, "coverage_status": "Inside predicted coverage", "nearest_tower_km": 1.1, "nearby_carriers": 3, "carrier_names": "Optus, TPG, Telstra", "hazard_H": 0.6, "unreachability_U": 0.0073, "exposure_E": 0.5887, "wbi_score": 13.7, "wbi_tier": "Low", "wbi_rank": 726, "strict_blackspot": false}, "geometry": {"type": "Point", "coordinates": [133.862847, -23.687792]}}, {"type": "Feature", "properties": {"objectid": 825, "community_id": 825, "community_name": "Minmarama Park", "community_aliases": "No aliases recorded with NTG DIPL", "community_type": "Town Camp", "main_language": "Not recorded", "local_govt_council": "DARWIN", "land_council": "NORTHERN LAND COUNCIL", "ntg_region": "DARWIN, PALMERSTON, LITCHFIELD", "bushtel_url": "https://bushtel.nt.gov.au/profile/825", "population_count": null, "population_used_in_index": 58, "population_basis": "imputed_type_median", "longitude": 130.849181, "latitude": -12.411181, "risk_rating": "Moderate", "fire_plan": "No", "firebreak": "Yes", "fuel_reduction": "Yes", "has_coverage": true, "coverage_status": "Inside predicted coverage", "nearest_tower_km": 1.2, "nearby_carriers": 3, "carrier_names": "Optus, TPG, Telstra", "hazard_H": 0.6, "unreachability_U": 0.008, "exposure_E": 0.5158, "wbi_score": 13.5, "wbi_tier": "Low", "wbi_rank": 727, "strict_blackspot": false}, "geometry": {"type": "Point", "coordinates": [130.849181, -12.411181]}}, {"type": "Feature", "properties": {"objectid": 290, "community_id": 290, "community_name": "Bagot", "community_aliases": "No aliases recorded with NTG DIPL", "community_type": "Town Camp", "main_language": "Not recorded", "local_govt_council": "DARWIN", "land_council": "NORTHERN LAND COUNCIL", "ntg_region": "DARWIN, PALMERSTON, LITCHFIELD", "bushtel_url": "https://bushtel.nt.gov.au/profile/290", "population_count": 193, "population_used_in_index": 193, "population_basis": "risk_dataset", "longitude": 130.855153, "latitude": -12.416125, "risk_rating": "Moderate", "fire_plan": "No", "firebreak": "Yes", "fuel_reduction": "Yes", "has_coverage": true, "coverage_status": "Inside predicted coverage", "nearest_tower_km": 0.9, "nearby_carriers": 3, "carrier_names": "Optus, TPG, Telstra", "hazard_H": 0.6, "unreachability_U": 0.006, "exposure_E": 0.6663, "wbi_score": 13.4, "wbi_tier": "Low", "wbi_rank": 728, "strict_blackspot": false}, "geometry": {"type": "Point", "coordinates": [130.855153, -12.416125]}}, {"type": "Feature", "properties": {"objectid": 35, "community_id": 35, "community_name": "Ewyenper Atwatye", "community_aliases": "HIDDEN VALLEY,ILPEA ILPEA", "community_type": "Town Camp", "main_language": "Not recorded", "local_govt_council": "ALICE SPRINGS", "land_council": "CENTRAL LAND COUNCIL", "ntg_region": "CENTRAL AUSTRALIA", "bushtel_url": "https://bushtel.nt.gov.au/profile/35", "population_count": 113, "population_used_in_index": 113, "population_basis": "risk_dataset", "longitude": 133.899736, "latitude": -23.708097, "risk_rating": "Moderate", "fire_plan": "No", "firebreak": "Yes", "fuel_reduction": "Yes", "has_coverage": true, "coverage_status": "Inside predicted coverage", "nearest_tower_km": 1.0, "nearby_carriers": 3, "carrier_names": "Optus, TPG, Telstra", "hazard_H": 0.6, "unreachability_U": 0.0067, "exposure_E": 0.5991, "wbi_score": 13.4, "wbi_tier": "Low", "wbi_rank": 728, "strict_blackspot": false}, "geometry": {"type": "Point", "coordinates": [133.899736, -23.708097]}}, {"type": "Feature", "properties": {"objectid": 1003, "community_id": 1003, "community_name": "Darrandarra", "community_aliases": "SOUTHPORT", "community_type": "Family Outstation", "main_language": "Not recorded", "local_govt_council": "LITCHFIELD", "land_council": "NORTHERN LAND COUNCIL", "ntg_region": "DARWIN, PALMERSTON, LITCHFIELD", "bushtel_url": "https://bushtel.nt.gov.au/profile/1003", "population_count": null, "population_used_in_index": 8, "population_basis": "imputed_type_median", "longitude": 130.95462, "latitude": -12.74098, "risk_rating": "High", "fire_plan": "No", "firebreak": "No", "fuel_reduction": "No", "has_coverage": true, "coverage_status": "Inside predicted coverage", "nearest_tower_km": 1.2, "nearby_carriers": 3, "carrier_names": "Optus, TPG, Telstra", "hazard_H": 1.0, "unreachability_U": 0.008, "exposure_E": 0.2779, "wbi_score": 13.1, "wbi_tier": "Low", "wbi_rank": 730, "strict_blackspot": false}, "geometry": {"type": "Point", "coordinates": [130.95462, -12.74098]}}, {"type": "Feature", "properties": {"objectid": 606, "community_id": 48, "community_name": "Walpiri", "community_aliases": "LLBILI TJATJA,MOTOR REGISTRY,WALPIRI,WARLPIRI CAMP", "community_type": "Town Camp", "main_language": "Not recorded", "local_govt_council": "ALICE SPRINGS", "land_council": "CENTRAL LAND COUNCIL", "ntg_region": "CENTRAL AUSTRALIA", "bushtel_url": "https://bushtel.nt.gov.au/profile/48", "population_count": 60, "population_used_in_index": 60, "population_basis": "risk_dataset", "longitude": 132.2693, "latitude": -14.473611, "risk_rating": "Moderate", "fire_plan": "No", "firebreak": "Yes", "fuel_reduction": "Yes", "has_coverage": true, "coverage_status": "Inside predicted coverage", "nearest_tower_km": 1.0, "nearby_carriers": 3, "carrier_names": "Optus, TPG, Telstra", "hazard_H": 0.6, "unreachability_U": 0.0067, "exposure_E": 0.52, "wbi_score": 12.8, "wbi_tier": "Low", "wbi_rank": 731, "strict_blackspot": false}, "geometry": {"type": "Point", "coordinates": [132.2693, -14.473611]}}, {"type": "Feature", "properties": {"objectid": 403, "community_id": 403, "community_name": "Palmerston Indigenous Village", "community_aliases": "16 MILE,PALMERSTON TOWN CAMP", "community_type": "Town Camp", "main_language": "Not recorded", "local_govt_council": "PALMERSTON", "land_council": "NORTHERN LAND COUNCIL", "ntg_region": "DARWIN, PALMERSTON, LITCHFIELD", "bushtel_url": "https://bushtel.nt.gov.au/profile/403", "population_count": 62, "population_used_in_index": 62, "population_basis": "risk_dataset", "longitude": 131.011681, "latitude": -12.488097, "risk_rating": "Moderate", "fire_plan": "No", "firebreak": "Yes", "fuel_reduction": "Yes", "has_coverage": true, "coverage_status": "Inside predicted coverage", "nearest_tower_km": 1.0, "nearby_carriers": 3, "carrier_names": "Optus, TPG, Telstra", "hazard_H": 0.6, "unreachability_U": 0.0067, "exposure_E": 0.5241, "wbi_score": 12.8, "wbi_tier": "Low", "wbi_rank": 731, "strict_blackspot": false}, "geometry": {"type": "Point", "coordinates": [131.011681, -12.488097]}}, {"type": "Feature", "properties": {"objectid": 344, "community_id": 344, "community_name": "Knuckey Lagoon Indigenous Village", "community_aliases": "11 MILE,ELEVEN MILE,KNUCKEY LAGOON COMMUNITY,KNUCKEY LAGOON TOWN CAMP", "community_type": "Town Camp", "main_language": "Not recorded", "local_govt_council": "LITCHFIELD", "land_council": "NORTHERN LAND COUNCIL", "ntg_region": "DARWIN, PALMERSTON, LITCHFIELD", "bushtel_url": "https://bushtel.nt.gov.au/profile/344", "population_count": 54, "population_used_in_index": 54, "population_basis": "risk_dataset", "longitude": 130.937486, "latitude": -12.436542, "risk_rating": "Moderate", "fire_plan": "No", "firebreak": "Yes", "fuel_reduction": "Yes", "has_coverage": true, "coverage_status": "Inside predicted coverage", "nearest_tower_km": 1.0, "nearby_carriers": 3, "carrier_names": "Optus, TPG, Telstra", "hazard_H": 0.6, "unreachability_U": 0.0067, "exposure_E": 0.5069, "wbi_score": 12.7, "wbi_tier": "Low", "wbi_rank": 733, "strict_blackspot": false}, "geometry": {"type": "Point", "coordinates": [130.937486, -12.436542]}}, {"type": "Feature", "properties": {"objectid": 687, "community_id": 687, "community_name": "Manaburdurma", "community_aliases": "JABIRU TOWN CAMP,MANABADURMA,MANABURDUMA", "community_type": "Town Camp", "main_language": "Not recorded", "local_govt_council": "WEST ARNHEM", "land_council": "NORTHERN LAND COUNCIL", "ntg_region": "TOP END", "bushtel_url": "https://bushtel.nt.gov.au/profile/687", "population_count": 45, "population_used_in_index": 45, "population_basis": "risk_dataset", "longitude": 132.84319, "latitude": -12.66638, "risk_rating": "Moderate", "fire_plan": "No", "firebreak": "Yes", "fuel_reduction": "Yes", "has_coverage": true, "coverage_status": "Inside predicted coverage", "nearest_tower_km": 1.0, "nearby_carriers": 3, "carrier_names": "Optus, TPG, Telstra", "hazard_H": 0.6, "unreachability_U": 0.0067, "exposure_E": 0.4843, "wbi_score": 12.5, "wbi_tier": "Low", "wbi_rank": 734, "strict_blackspot": false}, "geometry": {"type": "Point", "coordinates": [132.84319, -12.66638]}}, {"type": "Feature", "properties": {"objectid": 87, "community_id": 87, "community_name": "Larapinta Valley", "community_aliases": "ALICE SPRINGS TOWN CAMP,YARINTJA ASSOC,YARRENTY ALTERE,YARRENYTY-ARLTERE", "community_type": "Town Camp", "main_language": "Not recorded", "local_govt_council": "ALICE SPRINGS", "land_council": "CENTRAL LAND COUNCIL", "ntg_region": "CENTRAL AUSTRALIA", "bushtel_url": "https://bushtel.nt.gov.au/profile/87", "population_count": 90, "population_used_in_index": 90, "population_basis": "risk_dataset", "longitude": 133.851403, "latitude": -23.711042, "risk_rating": "Moderate", "fire_plan": "No", "firebreak": "Yes", "fuel_reduction": "Yes", "has_coverage": true, "coverage_status": "Inside predicted coverage", "nearest_tower_km": 0.8, "nearby_carriers": 3, "carrier_names": "Optus, TPG, Telstra", "hazard_H": 0.6, "unreachability_U": 0.0053, "exposure_E": 0.5706, "wbi_score": 12.2, "wbi_tier": "Low", "wbi_rank": 735, "strict_blackspot": false}, "geometry": {"type": "Point", "coordinates": [133.851403, -23.711042]}}, {"type": "Feature", "properties": {"objectid": 800, "community_id": 800, "community_name": "Hunters Camp", "community_aliases": "KURRAJONG FLATS", "community_type": "Family Outstation", "main_language": "Not recorded", "local_govt_council": "WEST ARNHEM", "land_council": "NORTHERN LAND COUNCIL", "ntg_region": "TOP END", "bushtel_url": "https://bushtel.nt.gov.au/profile/800", "population_count": 4, "population_used_in_index": 4, "population_basis": "risk_dataset", "longitude": 132.8291, "latitude": -12.65001, "risk_rating": "Moderate", "fire_plan": "No", "firebreak": "Yes", "fuel_reduction": "Yes", "has_coverage": true, "coverage_status": "Inside predicted coverage", "nearest_tower_km": 2.2, "nearby_carriers": 3, "carrier_names": "Optus, TPG, Telstra", "hazard_H": 0.6, "unreachability_U": 0.0147, "exposure_E": 0.2036, "wbi_score": 12.2, "wbi_tier": "Low", "wbi_rank": 735, "strict_blackspot": false}, "geometry": {"type": "Point", "coordinates": [132.8291, -12.65001]}}, {"type": "Feature", "properties": {"objectid": 952, "community_id": 952, "community_name": "Wiitin", "community_aliases": "TENNANT CREEK TELEGRAPH STN", "community_type": "Family Outstation", "main_language": "Not recorded", "local_govt_council": "BARKLY", "land_council": "CENTRAL LAND COUNCIL", "ntg_region": "BARKLY", "bushtel_url": "https://bushtel.nt.gov.au/profile/952", "population_count": 1, "population_used_in_index": 1, "population_basis": "risk_dataset", "longitude": 134.236569, "latitude": -19.544931, "risk_rating": "Low", "fire_plan": "No", "firebreak": "Yes", "fuel_reduction": "Yes", "has_coverage": true, "coverage_status": "Inside predicted coverage", "nearest_tower_km": 10.0, "nearby_carriers": 3, "carrier_names": "Optus, TPG, Telstra", "hazard_H": 0.3, "unreachability_U": 0.0667, "exposure_E": 0.0877, "wbi_score": 12.1, "wbi_tier": "Low", "wbi_rank": 737, "strict_blackspot": false}, "geometry": {"type": "Point", "coordinates": [134.236569, -19.544931]}}, {"type": "Feature", "properties": {"objectid": 246, "community_id": 246, "community_name": "Ngalpa Ngalpa", "community_aliases": "MULGA CAMP", "community_type": "Town Camp", "main_language": "Not recorded", "local_govt_council": "BARKLY", "land_council": "CENTRAL LAND COUNCIL", "ntg_region": "BARKLY", "bushtel_url": "https://bushtel.nt.gov.au/profile/246", "population_count": 67, "population_used_in_index": 67, "population_basis": "risk_dataset", "longitude": 134.193625, "latitude": -19.635292, "risk_rating": "Low", "fire_plan": "No", "firebreak": "Yes", "fuel_reduction": "Yes", "has_coverage": true, "coverage_status": "Inside predicted coverage", "nearest_tower_km": 1.4, "nearby_carriers": 3, "carrier_names": "Optus, TPG, Telstra", "hazard_H": 0.3, "unreachability_U": 0.0093, "exposure_E": 0.5337, "wbi_score": 11.4, "wbi_tier": "Low", "wbi_rank": 738, "strict_blackspot": false}, "geometry": {"type": "Point", "coordinates": [134.193625, -19.635292]}}, {"type": "Feature", "properties": {"objectid": 973, "community_id": 973, "community_name": "Hingstons Place", "community_aliases": "CROW DOWNS", "community_type": "Family Outstation", "main_language": "Not recorded", "local_govt_council": "BARKLY", "land_council": "CENTRAL LAND COUNCIL", "ntg_region": "BARKLY", "bushtel_url": "https://bushtel.nt.gov.au/profile/973", "population_count": 5, "population_used_in_index": 5, "population_basis": "risk_dataset", "longitude": 134.19703, "latitude": -19.61773, "risk_rating": "Low", "fire_plan": "No", "firebreak": "Yes", "fuel_reduction": "Yes", "has_coverage": true, "coverage_status": "Inside predicted coverage", "nearest_tower_km": 3.3, "nearby_carriers": 3, "carrier_names": "Optus, TPG, Telstra", "hazard_H": 0.3, "unreachability_U": 0.022, "exposure_E": 0.2266, "wbi_score": 11.4, "wbi_tier": "Low", "wbi_rank": 738, "strict_blackspot": false}, "geometry": {"type": "Point", "coordinates": [134.19703, -19.61773]}}, {"type": "Feature", "properties": {"objectid": 681, "community_id": 681, "community_name": "Tinkarli", "community_aliases": "TINGKARLI", "community_type": "Town Camp", "main_language": "Not recorded", "local_govt_council": "BARKLY", "land_council": "CENTRAL LAND COUNCIL", "ntg_region": "BARKLY", "bushtel_url": "https://bushtel.nt.gov.au/profile/681", "population_count": 66, "population_used_in_index": 66, "population_basis": "risk_dataset", "longitude": 134.202514, "latitude": -19.637236, "risk_rating": "Low", "fire_plan": "No", "firebreak": "Yes", "fuel_reduction": "Yes", "has_coverage": true, "coverage_status": "Inside predicted coverage", "nearest_tower_km": 1.3, "nearby_carriers": 3, "carrier_names": "Optus, TPG, Telstra", "hazard_H": 0.3, "unreachability_U": 0.0087, "exposure_E": 0.5318, "wbi_score": 11.2, "wbi_tier": "Low", "wbi_rank": 740, "strict_blackspot": false}, "geometry": {"type": "Point", "coordinates": [134.202514, -19.637236]}}, {"type": "Feature", "properties": {"objectid": 47, "community_id": 47, "community_name": "New Ilparpa", "community_aliases": "ALICE SPRINGS TOWN CAMP,ILPARPA", "community_type": "Town Camp", "main_language": "Not recorded", "local_govt_council": "ALICE SPRINGS", "land_council": "CENTRAL LAND COUNCIL", "ntg_region": "CENTRAL AUSTRALIA", "bushtel_url": "https://bushtel.nt.gov.au/profile/47", "population_count": 52, "population_used_in_index": 52, "population_basis": "risk_dataset", "longitude": 133.870681, "latitude": -23.765764, "risk_rating": "Low", "fire_plan": "Yes", "firebreak": "Yes", "fuel_reduction": "Yes", "has_coverage": true, "coverage_status": "Inside predicted coverage", "nearest_tower_km": 1.4, "nearby_carriers": 3, "carrier_names": "Optus, TPG, Telstra", "hazard_H": 0.3, "unreachability_U": 0.0093, "exposure_E": 0.5022, "wbi_score": 11.2, "wbi_tier": "Low", "wbi_rank": 740, "strict_blackspot": false}, "geometry": {"type": "Point", "coordinates": [133.870681, -23.765764]}}, {"type": "Feature", "properties": {"objectid": 676, "community_id": 676, "community_name": "Ilpeye Ilpeye Estate", "community_aliases": "ALICE SPRINGS TOWN CAMP,GOLDERS CAMP,ILPEYE ILPEYE,ILPEYE-ILPEYE,ILPIYE ILPIYE,ILPIYE-ILPIYE", "community_type": "Town Camp", "main_language": "Not recorded", "local_govt_council": "ALICE SPRINGS", "land_council": "CENTRAL LAND COUNCIL", "ntg_region": "CENTRAL AUSTRALIA", "bushtel_url": "https://bushtel.nt.gov.au/profile/676", "population_count": 60, "population_used_in_index": 60, "population_basis": "risk_dataset", "longitude": 133.906986, "latitude": -23.699931, "risk_rating": "Low", "fire_plan": "Yes", "firebreak": "Yes", "fuel_reduction": "Yes", "has_coverage": true, "coverage_status": "Inside predicted coverage", "nearest_tower_km": 1.3, "nearby_carriers": 3, "carrier_names": "Optus, TPG, Telstra", "hazard_H": 0.3, "unreachability_U": 0.0087, "exposure_E": 0.52, "wbi_score": 11.1, "wbi_tier": "Low", "wbi_rank": 742, "strict_blackspot": false}, "geometry": {"type": "Point", "coordinates": [133.906986, -23.699931]}}, {"type": "Feature", "properties": {"objectid": 684, "community_id": 684, "community_name": "Wuppa", "community_aliases": "WAPPA", "community_type": "Town Camp", "main_language": "Not recorded", "local_govt_council": "BARKLY", "land_council": "CENTRAL LAND COUNCIL", "ntg_region": "BARKLY", "bushtel_url": "https://bushtel.nt.gov.au/profile/684", "population_count": 69, "population_used_in_index": 69, "population_basis": "risk_dataset", "longitude": 134.199181, "latitude": -19.636958, "risk_rating": "Low", "fire_plan": "No", "firebreak": "Yes", "fuel_reduction": "Yes", "has_coverage": true, "coverage_status": "Inside predicted coverage", "nearest_tower_km": 1.2, "nearby_carriers": 3, "carrier_names": "Optus, TPG, Telstra", "hazard_H": 0.3, "unreachability_U": 0.008, "exposure_E": 0.5374, "wbi_score": 10.9, "wbi_tier": "Low", "wbi_rank": 743, "strict_blackspot": false}, "geometry": {"type": "Point", "coordinates": [134.199181, -19.636958]}}, {"type": "Feature", "properties": {"objectid": 120, "community_id": 120, "community_name": "Mutitjulu", "community_aliases": "AYERS ROCK,MUTITJULA", "community_type": "Major", "main_language": "Pitjantjatjara", "local_govt_council": "MACDONNELL", "land_council": "CENTRAL LAND COUNCIL", "ntg_region": "CENTRAL AUSTRALIA", "bushtel_url": "https://bushtel.nt.gov.au/profile/120", "population_count": 380, "population_used_in_index": 380, "population_basis": "risk_dataset", "longitude": 131.0667, "latitude": -25.3523, "risk_rating": "Moderate", "fire_plan": "No", "firebreak": "Yes", "fuel_reduction": "Yes", "has_coverage": true, "coverage_status": "Inside predicted coverage", "nearest_tower_km": 0.4, "nearby_carriers": 3, "carrier_names": "Optus, TPG, Telstra", "hazard_H": 0.6, "unreachability_U": 0.0027, "exposure_E": 0.7517, "wbi_score": 10.7, "wbi_tier": "Low", "wbi_rank": 744, "strict_blackspot": false}, "geometry": {"type": "Point", "coordinates": [131.0667, -25.3523]}}, {"type": "Feature", "properties": {"objectid": 238, "community_id": 238, "community_name": "Kargaru", "community_aliases": "EAST SIDE CAMP,KARGARU CAMP,TENNANT CREEK TOWN CAMP,WARTILPUNGARA", "community_type": "Town Camp", "main_language": "Not recorded", "local_govt_council": "BARKLY", "land_council": "CENTRAL LAND COUNCIL", "ntg_region": "BARKLY", "bushtel_url": "https://bushtel.nt.gov.au/profile/238", "population_count": 49, "population_used_in_index": 49, "population_basis": "risk_dataset", "longitude": 134.19806, "latitude": -19.658611, "risk_rating": "Low", "fire_plan": "No", "firebreak": "Yes", "fuel_reduction": "Yes", "has_coverage": true, "coverage_status": "Inside predicted coverage", "nearest_tower_km": 1.2, "nearby_carriers": 3, "carrier_names": "Optus, TPG, Telstra", "hazard_H": 0.3, "unreachability_U": 0.008, "exposure_E": 0.4948, "wbi_score": 10.6, "wbi_tier": "Low", "wbi_rank": 745, "strict_blackspot": false}, "geometry": {"type": "Point", "coordinates": [134.19806, -19.658611]}}, {"type": "Feature", "properties": {"objectid": 108, "community_id": 108, "community_name": "Mpwetyerre", "community_aliases": "ABBOTS CAMP,ABBOTTS CAMP,BP CAMP,MBUTJARA,MISSION BLOCK", "community_type": "Town Camp", "main_language": "Not recorded", "local_govt_council": "ALICE SPRINGS", "land_council": "CENTRAL LAND COUNCIL", "ntg_region": "CENTRAL AUSTRALIA", "bushtel_url": "https://bushtel.nt.gov.au/profile/108", "population_count": 13, "population_used_in_index": 13, "population_basis": "risk_dataset", "longitude": 133.874125, "latitude": -23.716792, "risk_rating": "Moderate", "fire_plan": "No", "firebreak": "Yes", "fuel_reduction": "Yes", "has_coverage": true, "coverage_status": "Inside predicted coverage", "nearest_tower_km": 0.8, "nearby_carriers": 3, "carrier_names": "Optus, TPG, Telstra", "hazard_H": 0.6, "unreachability_U": 0.0053, "exposure_E": 0.3338, "wbi_score": 10.2, "wbi_tier": "Low", "wbi_rank": 746, "strict_blackspot": false}, "geometry": {"type": "Point", "coordinates": [133.874125, -23.716792]}}, {"type": "Feature", "properties": {"objectid": 17, "community_id": 17, "community_name": "Anthepe", "community_aliases": "DRIVE IN,NTAPA", "community_type": "Town Camp", "main_language": "Not recorded", "local_govt_council": "ALICE SPRINGS", "land_council": "CENTRAL LAND COUNCIL", "ntg_region": "CENTRAL AUSTRALIA", "bushtel_url": "https://bushtel.nt.gov.au/profile/17", "population_count": 60, "population_used_in_index": 60, "population_basis": "risk_dataset", "longitude": 133.8655, "latitude": -23.7575, "risk_rating": "Low", "fire_plan": "Yes", "firebreak": "Yes", "fuel_reduction": "Yes", "has_coverage": true, "coverage_status": "Inside predicted coverage", "nearest_tower_km": 1.0, "nearby_carriers": 3, "carrier_names": "Optus, TPG, Telstra", "hazard_H": 0.3, "unreachability_U": 0.0067, "exposure_E": 0.52, "wbi_score": 10.1, "wbi_tier": "Low", "wbi_rank": 747, "strict_blackspot": false}, "geometry": {"type": "Point", "coordinates": [133.8655, -23.7575]}}, {"type": "Feature", "properties": {"objectid": 675, "community_id": 675, "community_name": "Hoppys Camp", "community_aliases": "ALICE SPRINGS TOWN CAMP,ARMITJIRA CAMP,HOPPY'S CAMP,LHENPA-ARTNE,LHENPA-ARTNETA,NTALKA ULPAYA", "community_type": "Town Camp", "main_language": "Not recorded", "local_govt_council": "ALICE SPRINGS", "land_council": "CENTRAL LAND COUNCIL", "ntg_region": "CENTRAL AUSTRALIA", "bushtel_url": "https://bushtel.nt.gov.au/profile/675", "population_count": 60, "population_used_in_index": 60, "population_basis": "risk_dataset", "longitude": 133.876575, "latitude": -23.684046, "risk_rating": "Low", "fire_plan": "Yes", "firebreak": "Yes", "fuel_reduction": "Yes", "has_coverage": true, "coverage_status": "Inside predicted coverage", "nearest_tower_km": 1.0, "nearby_carriers": 3, "carrier_names": "Optus, TPG, Telstra", "hazard_H": 0.3, "unreachability_U": 0.0067, "exposure_E": 0.52, "wbi_score": 10.1, "wbi_tier": "Low", "wbi_rank": 747, "strict_blackspot": false}, "geometry": {"type": "Point", "coordinates": [133.876575, -23.684046]}}, {"type": "Feature", "properties": {"objectid": 113, "community_id": 113, "community_name": "Mount Nancy", "community_aliases": "NYEWENTE", "community_type": "Town Camp", "main_language": "Not recorded", "local_govt_council": "ALICE SPRINGS", "land_council": "CENTRAL LAND COUNCIL", "ntg_region": "CENTRAL AUSTRALIA", "bushtel_url": "https://bushtel.nt.gov.au/profile/113", "population_count": 24, "population_used_in_index": 24, "population_basis": "risk_dataset", "longitude": 133.870014, "latitude": -23.667514, "risk_rating": "Moderate", "fire_plan": "No", "firebreak": "Yes", "fuel_reduction": "Yes", "has_coverage": true, "coverage_status": "Inside predicted coverage", "nearest_tower_km": 0.6, "nearby_carriers": 3, "carrier_names": "Optus, TPG, Telstra", "hazard_H": 0.6, "unreachability_U": 0.004, "exposure_E": 0.4072, "wbi_score": 9.9, "wbi_tier": "Low", "wbi_rank": 749, "strict_blackspot": false}, "geometry": {"type": "Point", "coordinates": [133.870014, -23.667514]}}, {"type": "Feature", "properties": {"objectid": 50, "community_id": 50, "community_name": "Ilyiperenye", "community_aliases": "ALICE SPRINGS TOWN CAMP,ILPERENTYE,ILYPERENYE,OLD TIMERS CAMP", "community_type": "Town Camp", "main_language": "Not recorded", "local_govt_council": "ALICE SPRINGS", "land_council": "CENTRAL LAND COUNCIL", "ntg_region": "CENTRAL AUSTRALIA", "bushtel_url": "https://bushtel.nt.gov.au/profile/50", "population_count": 40, "population_used_in_index": 40, "population_basis": "risk_dataset", "longitude": 133.870792, "latitude": -23.743819, "risk_rating": "Low", "fire_plan": "Yes", "firebreak": "Yes", "fuel_reduction": "Yes", "has_coverage": true, "coverage_status": "Inside predicted coverage", "nearest_tower_km": 1.0, "nearby_carriers": 3, "carrier_names": "Optus, TPG, Telstra", "hazard_H": 0.3, "unreachability_U": 0.0067, "exposure_E": 0.4697, "wbi_score": 9.8, "wbi_tier": "Low", "wbi_rank": 750, "strict_blackspot": false}, "geometry": {"type": "Point", "coordinates": [133.870792, -23.743819]}}, {"type": "Feature", "properties": {"objectid": 427, "community_id": 427, "community_name": "Amangal Indigenous Village", "community_aliases": "ADELAIDE RIVER COMMUNITY,ADELAIDE RIVER TOWN CAMP,WAIRIA ASSOC", "community_type": "Town Camp", "main_language": "Not recorded", "local_govt_council": "COOMALIE", "land_council": "NORTHERN LAND COUNCIL", "ntg_region": "TOP END", "bushtel_url": "https://bushtel.nt.gov.au/profile/427", "population_count": 32, "population_used_in_index": 32, "population_basis": "risk_dataset", "longitude": 131.1041, "latitude": -13.2445, "risk_rating": "Moderate", "fire_plan": "No", "firebreak": "Yes", "fuel_reduction": "Yes", "has_coverage": true, "coverage_status": "Inside predicted coverage", "nearest_tower_km": 0.5, "nearby_carriers": 3, "carrier_names": "Optus, TPG, Telstra", "hazard_H": 0.6, "unreachability_U": 0.0033, "exposure_E": 0.4423, "wbi_score": 9.6, "wbi_tier": "Low", "wbi_rank": 751, "strict_blackspot": false}, "geometry": {"type": "Point", "coordinates": [131.1041, -13.2445]}}, {"type": "Feature", "properties": {"objectid": 294, "community_id": 294, "community_name": "Belyuen", "community_aliases": "DELISAVILLE,DELISSAVILLE", "community_type": "Major", "main_language": "Kriol", "local_govt_council": "BELYUEN", "land_council": "NORTHERN LAND COUNCIL", "ntg_region": "TOP END", "bushtel_url": "https://bushtel.nt.gov.au/profile/294", "population_count": 193, "population_used_in_index": 193, "population_basis": "risk_dataset", "longitude": 130.6999, "latitude": -12.5386, "risk_rating": "High", "fire_plan": "No", "firebreak": "Yes", "fuel_reduction": "Yes", "has_coverage": true, "coverage_status": "Inside predicted coverage", "nearest_tower_km": 0.2, "nearby_carriers": 3, "carrier_names": "Optus, TPG, Telstra", "hazard_H": 1.0, "unreachability_U": 0.0013, "exposure_E": 0.6663, "wbi_score": 9.5, "wbi_tier": "Low", "wbi_rank": 752, "strict_blackspot": false}, "geometry": {"type": "Point", "coordinates": [130.6999, -12.5386]}}, {"type": "Feature", "properties": {"objectid": 3, "community_id": 3, "community_name": "Akngwertnarre", "community_aliases": "MORRIS SOAK", "community_type": "Town Camp", "main_language": "Not recorded", "local_govt_council": "ALICE SPRINGS", "land_council": "CENTRAL LAND COUNCIL", "ntg_region": "CENTRAL AUSTRALIA", "bushtel_url": "https://bushtel.nt.gov.au/profile/3", "population_count": 44, "population_used_in_index": 44, "population_basis": "risk_dataset", "longitude": 133.8612, "latitude": -23.6928, "risk_rating": "Low", "fire_plan": "Yes", "firebreak": "Yes", "fuel_reduction": "Yes", "has_coverage": true, "coverage_status": "Inside predicted coverage", "nearest_tower_km": 0.9, "nearby_carriers": 3, "carrier_names": "Optus, TPG, Telstra", "hazard_H": 0.3, "unreachability_U": 0.006, "exposure_E": 0.4815, "wbi_score": 9.5, "wbi_tier": "Low", "wbi_rank": 752, "strict_blackspot": false}, "geometry": {"type": "Point", "coordinates": [133.8612, -23.6928]}}, {"type": "Feature", "properties": {"objectid": 347, "community_id": 347, "community_name": "Kulaluk", "community_aliases": "GWALWA DARANIEI ASSOC,GWALWA DARANIKI ASSOCIATION,MINMIRAMA", "community_type": "Town Camp", "main_language": "Not recorded", "local_govt_council": "DARWIN", "land_council": "NORTHERN LAND COUNCIL", "ntg_region": "DARWIN, PALMERSTON, LITCHFIELD", "bushtel_url": "https://bushtel.nt.gov.au/profile/347", "population_count": null, "population_used_in_index": 58, "population_basis": "imputed_type_median", "longitude": 130.848903, "latitude": -12.392792, "risk_rating": "Moderate", "fire_plan": "No", "firebreak": "Yes", "fuel_reduction": "Yes", "has_coverage": true, "coverage_status": "Inside predicted coverage", "nearest_tower_km": 0.4, "nearby_carriers": 3, "carrier_names": "Optus, TPG, Telstra", "hazard_H": 0.6, "unreachability_U": 0.0027, "exposure_E": 0.5158, "wbi_score": 9.4, "wbi_tier": "Low", "wbi_rank": 754, "strict_blackspot": false}, "geometry": {"type": "Point", "coordinates": [130.848903, -12.392792]}}, {"type": "Feature", "properties": {"objectid": 64, "community_id": 64, "community_name": "Itwiyethwenge", "community_aliases": "ALICE SPRINGS TOWN CAMP,BASSO'S FARM,BAZZO'S FARM", "community_type": "Town Camp", "main_language": "Not recorded", "local_govt_council": "ALICE SPRINGS", "land_council": "CENTRAL LAND COUNCIL", "ntg_region": "CENTRAL AUSTRALIA", "bushtel_url": "https://bushtel.nt.gov.au/profile/64", "population_count": 4, "population_used_in_index": 4, "population_basis": "risk_dataset", "longitude": 133.871681, "latitude": -23.663625, "risk_rating": "Moderate", "fire_plan": "No", "firebreak": "Yes", "fuel_reduction": "Yes", "has_coverage": true, "coverage_status": "Inside predicted coverage", "nearest_tower_km": 1.0, "nearby_carriers": 3, "carrier_names": "Optus, TPG, Telstra", "hazard_H": 0.6, "unreachability_U": 0.0067, "exposure_E": 0.2036, "wbi_score": 9.4, "wbi_tier": "Low", "wbi_rank": 754, "strict_blackspot": false}, "geometry": {"type": "Point", "coordinates": [133.871681, -23.663625]}}, {"type": "Feature", "properties": {"objectid": 16, "community_id": 16, "community_name": "Anthelk Ewlpaye", "community_aliases": "ANTHE EWLPAYE,CHARLES CREEK,CHARLES RIVER", "community_type": "Town Camp", "main_language": "Not recorded", "local_govt_council": "ALICE SPRINGS", "land_council": "CENTRAL LAND COUNCIL", "ntg_region": "CENTRAL AUSTRALIA", "bushtel_url": "https://bushtel.nt.gov.au/profile/16", "population_count": 68, "population_used_in_index": 68, "population_basis": "risk_dataset", "longitude": 133.879319, "latitude": -23.689792, "risk_rating": "Low", "fire_plan": "Yes", "firebreak": "Yes", "fuel_reduction": "Yes", "has_coverage": true, "coverage_status": "Inside predicted coverage", "nearest_tower_km": 0.7, "nearby_carriers": 3, "carrier_names": "Optus, TPG, Telstra", "hazard_H": 0.3, "unreachability_U": 0.0047, "exposure_E": 0.5356, "wbi_score": 9.1, "wbi_tier": "Low", "wbi_rank": 756, "strict_blackspot": false}, "geometry": {"type": "Point", "coordinates": [133.879319, -23.689792]}}, {"type": "Feature", "properties": {"objectid": 19, "community_id": 19, "community_name": "Aper Alwerrknge", "community_aliases": "APER ALNERRKNGE,APER ALWERRNGE,PALMERS CAMP", "community_type": "Town Camp", "main_language": "Not recorded", "local_govt_council": "ALICE SPRINGS", "land_council": "CENTRAL LAND COUNCIL", "ntg_region": "CENTRAL AUSTRALIA", "bushtel_url": "https://bushtel.nt.gov.au/profile/19", "population_count": 19, "population_used_in_index": 19, "population_basis": "risk_dataset", "longitude": 133.870847, "latitude": -23.668347, "risk_rating": "Moderate", "fire_plan": "No", "firebreak": "Yes", "fuel_reduction": "Yes", "has_coverage": true, "coverage_status": "Inside predicted coverage", "nearest_tower_km": 0.5, "nearby_carriers": 3, "carrier_names": "Optus, TPG, Telstra", "hazard_H": 0.6, "unreachability_U": 0.0033, "exposure_E": 0.3789, "wbi_score": 9.1, "wbi_tier": "Low", "wbi_rank": 756, "strict_blackspot": false}, "geometry": {"type": "Point", "coordinates": [133.870847, -23.668347]}}, {"type": "Feature", "properties": {"objectid": 90, "community_id": 90, "community_name": "Inarlenge", "community_aliases": "LITTLE SISTERS", "community_type": "Town Camp", "main_language": "Not recorded", "local_govt_council": "ALICE SPRINGS", "land_council": "CENTRAL LAND COUNCIL", "ntg_region": "CENTRAL AUSTRALIA", "bushtel_url": "https://bushtel.nt.gov.au/profile/90", "population_count": 64, "population_used_in_index": 64, "population_basis": "risk_dataset", "longitude": 133.858958, "latitude": -23.728819, "risk_rating": "Low", "fire_plan": "Yes", "firebreak": "Yes", "fuel_reduction": "Yes", "has_coverage": true, "coverage_status": "Inside predicted coverage", "nearest_tower_km": 0.7, "nearby_carriers": 3, "carrier_names": "Optus, TPG, Telstra", "hazard_H": 0.3, "unreachability_U": 0.0047, "exposure_E": 0.528, "wbi_score": 9.1, "wbi_tier": "Low", "wbi_rank": 756, "strict_blackspot": false}, "geometry": {"type": "Point", "coordinates": [133.858958, -23.728819]}}, {"type": "Feature", "properties": {"objectid": 271, "community_id": 271, "community_name": "Village Camp", "community_aliases": "NYINKKANYUNU,NYINKKANYUNY,SORRY CAMP,VILLAGE TOWN CAMP", "community_type": "Town Camp", "main_language": "Not recorded", "local_govt_council": "BARKLY", "land_council": "CENTRAL LAND COUNCIL", "ntg_region": "BARKLY", "bushtel_url": "https://bushtel.nt.gov.au/profile/271", "population_count": 58, "population_used_in_index": 58, "population_basis": "risk_dataset", "longitude": 134.1842, "latitude": -19.656, "risk_rating": "Low", "fire_plan": "No", "firebreak": "Yes", "fuel_reduction": "Yes", "has_coverage": true, "coverage_status": "Inside predicted coverage", "nearest_tower_km": 0.6, "nearby_carriers": 3, "carrier_names": "Optus, TPG, Telstra", "hazard_H": 0.3, "unreachability_U": 0.004, "exposure_E": 0.5158, "wbi_score": 8.5, "wbi_tier": "Low", "wbi_rank": 759, "strict_blackspot": false}, "geometry": {"type": "Point", "coordinates": [134.1842, -19.656]}}, {"type": "Feature", "properties": {"objectid": 412, "community_id": 412, "community_name": "Railway Dam", "community_aliases": "ONE MILE DAM", "community_type": "Town Camp", "main_language": "Not recorded", "local_govt_council": "DARWIN", "land_council": "NORTHERN LAND COUNCIL", "ntg_region": "DARWIN, PALMERSTON, LITCHFIELD", "bushtel_url": "https://bushtel.nt.gov.au/profile/412", "population_count": 11, "population_used_in_index": 11, "population_basis": "risk_dataset", "longitude": 130.843903, "latitude": -12.454042, "risk_rating": "Moderate", "fire_plan": "No", "firebreak": "Yes", "fuel_reduction": "Yes", "has_coverage": true, "coverage_status": "Inside predicted coverage", "nearest_tower_km": 0.5, "nearby_carriers": 3, "carrier_names": "Optus, TPG, Telstra", "hazard_H": 0.6, "unreachability_U": 0.0033, "exposure_E": 0.3143, "wbi_score": 8.5, "wbi_tier": "Low", "wbi_rank": 759, "strict_blackspot": false}, "geometry": {"type": "Point", "coordinates": [130.843903, -12.454042]}}, {"type": "Feature", "properties": {"objectid": 1029, "community_id": 79, "community_name": "Kunoth", "community_aliases": "ARMSTRONG'S CAMP,KUNOTH,KUNOTHS,KUNOTHS' CAMP", "community_type": "Town Camp", "main_language": "Not recorded", "local_govt_council": "MACDONNELL", "land_council": "CENTRAL LAND COUNCIL", "ntg_region": "CENTRAL AUSTRALIA", "bushtel_url": "https://bushtel.nt.gov.au/profile/79", "population_count": 16, "population_used_in_index": 16, "population_basis": "risk_dataset", "longitude": 133.880258, "latitude": -23.69054, "risk_rating": "Low", "fire_plan": "Yes", "firebreak": "Yes", "fuel_reduction": "Yes", "has_coverage": true, "coverage_status": "Inside predicted coverage", "nearest_tower_km": 0.8, "nearby_carriers": 3, "carrier_names": "Optus, TPG, Telstra", "hazard_H": 0.3, "unreachability_U": 0.0053, "exposure_E": 0.3584, "wbi_score": 8.3, "wbi_tier": "Low", "wbi_rank": 761, "strict_blackspot": false}, "geometry": {"type": "Point", "coordinates": [133.880258, -23.69054]}}, {"type": "Feature", "properties": {"objectid": 223, "community_id": 223, "community_name": "Marla Marla", "community_aliases": "DUMP CAMP,KAITEJ,LUMIN CHRISTIE,LUMIN CHRISTIE VILLAGE", "community_type": "Town Camp", "main_language": "Not recorded", "local_govt_council": "BARKLY", "land_council": "CENTRAL LAND COUNCIL", "ntg_region": "BARKLY", "bushtel_url": "https://bushtel.nt.gov.au/profile/223", "population_count": 25, "population_used_in_index": 25, "population_basis": "risk_dataset", "longitude": 134.179, "latitude": -19.655, "risk_rating": "Low", "fire_plan": "No", "firebreak": "Yes", "fuel_reduction": "Yes", "has_coverage": true, "coverage_status": "Inside predicted coverage", "nearest_tower_km": 0.7, "nearby_carriers": 3, "carrier_names": "Optus, TPG, Telstra", "hazard_H": 0.3, "unreachability_U": 0.0047, "exposure_E": 0.4121, "wbi_score": 8.3, "wbi_tier": "Low", "wbi_rank": 761, "strict_blackspot": false}, "geometry": {"type": "Point", "coordinates": [134.179, -19.655]}}, {"type": "Feature", "properties": {"objectid": 495, "community_id": 495, "community_name": "Galupa", "community_aliases": "KINGS VILLAGE,WARDJUK", "community_type": "Family Outstation", "main_language": "Not recorded", "local_govt_council": "EAST ARNHEM", "land_council": "NORTHERN LAND COUNCIL", "ntg_region": "EAST ARNHEM", "bushtel_url": "https://bushtel.nt.gov.au/profile/495", "population_count": null, "population_used_in_index": 8, "population_basis": "imputed_type_median", "longitude": 136.6892, "latitude": -12.1925, "risk_rating": "High", "fire_plan": "No", "firebreak": "No", "fuel_reduction": "No", "has_coverage": true, "coverage_status": "Inside predicted coverage", "nearest_tower_km": 0.3, "nearby_carriers": 3, "carrier_names": "Optus, TPG, Telstra", "hazard_H": 1.0, "unreachability_U": 0.002, "exposure_E": 0.2779, "wbi_score": 8.2, "wbi_tier": "Low", "wbi_rank": 763, "strict_blackspot": false}, "geometry": {"type": "Point", "coordinates": [136.6892, -12.1925]}}, {"type": "Feature", "properties": {"objectid": 48, "community_id": 48, "community_name": "Ilperle-Tyathe", "community_aliases": "LLBILI TJATJA,MOTOR REGISTRY,WALPIRI,WARLPIRI CAMP", "community_type": "Town Camp", "main_language": "Not recorded", "local_govt_council": "ALICE SPRINGS", "land_council": "CENTRAL LAND COUNCIL", "ntg_region": "CENTRAL AUSTRALIA", "bushtel_url": "https://bushtel.nt.gov.au/profile/48", "population_count": 40, "population_used_in_index": 40, "population_basis": "risk_dataset", "longitude": 133.8611, "latitude": -23.6656, "risk_rating": "Low", "fire_plan": "Yes", "firebreak": "Yes", "fuel_reduction": "Yes", "has_coverage": true, "coverage_status": "Inside predicted coverage", "nearest_tower_km": 0.5, "nearby_carriers": 3, "carrier_names": "Optus, TPG, Telstra", "hazard_H": 0.3, "unreachability_U": 0.0033, "exposure_E": 0.4697, "wbi_score": 7.7, "wbi_tier": "Low", "wbi_rank": 764, "strict_blackspot": false}, "geometry": {"type": "Point", "coordinates": [133.8611, -23.6656]}}, {"type": "Feature", "properties": {"objectid": 215, "community_id": 215, "community_name": "Munji-Marla", "community_aliases": "BLUEBERRY HILL,MUNJI MALA", "community_type": "Town Camp", "main_language": "Not recorded", "local_govt_council": "BARKLY", "land_council": "CENTRAL LAND COUNCIL", "ntg_region": "BARKLY", "bushtel_url": "https://bushtel.nt.gov.au/profile/215", "population_count": 7, "population_used_in_index": 7, "population_basis": "risk_dataset", "longitude": 134.182792, "latitude": -19.647653, "risk_rating": "Low", "fire_plan": "No", "firebreak": "Yes", "fuel_reduction": "Yes", "has_coverage": true, "coverage_status": "Inside predicted coverage", "nearest_tower_km": 0.3, "nearby_carriers": 3, "carrier_names": "Optus, TPG, Telstra", "hazard_H": 0.3, "unreachability_U": 0.002, "exposure_E": 0.263, "wbi_score": 5.4, "wbi_tier": "Low", "wbi_rank": 765, "strict_blackspot": false}, "geometry": {"type": "Point", "coordinates": [134.182792, -19.647653]}}]}