{"type":"FeatureCollection","name":"ACCC MIR 2026 tower sites, NT region (lon 125-142, lat -30 to -8)","features":[{"type":"Feature","properties":{"MNO/Optus-TPG MOCN":"TPG","RFNSA ID":800002,"Latitude":-12.465,"Longitude":null,"New in 2026":"N","3G":"N","4G":"Y","5G":"Y","Co-funded":"N","ABS Remoteness Area":"Outer Regional Australia"},"geometry":{"type":"Point","coordinates":[130.8425,-12.465]}},{"type":"Feature","properties":{"MNO/Optus-TPG MOCN":"TPG","RFNSA ID":800003,"Latitude":-12.46072,"Longitude":null,"New in 2026":"N","3G":"N","4G":"Y","5G":"Y","Co-funded":"N","ABS Remoteness Area":"Outer Regional Australia"},"geometry":{"type":"Point","coordinates":[130.83859,-12.46072]}},{"type":"Feature","properties":{"MNO/Optus-TPG MOCN":"TPG","RFNSA ID":800006,"Latitude":-12.45896,"Longitude":null,"New in 2026":"N","3G":"N","4G":"Y","5G":"Y","Co-funded":"N","ABS Remoteness Area":"Outer Regional Australia"},"geometry":{"type":"Point","coordinates":[130.83693,-12.45896]}},{"type":"Feature","properties":{"MNO/Optus-TPG MOCN":"TPG","RFNSA ID":800007,"Latitude":-12.46352,"Longitude":null,"New in 2026":"N","3G":"N","4G":"Y","5G":"Y","Co-funded":"N","ABS Remoteness Area":"Outer Regional Australia"},"geometry":{"type":"Point","coordinates":[130.8437,-12.46352]}},{"type":"Feature","properties":{"MNO/Optus-TPG MOCN":"TPG","RFNSA ID":800020,"Latitude":-12.4654,"Longitude":null,"New in 2026":"N","3G":"N","4G":"Y","5G":"N","Co-funded":"N","ABS Remoteness Area":"Outer Regional Australia"},"geometry":{"type":"Point","coordinates":[130.84713,-12.4654]}},{"type":"Feature","properties":{"MNO/Optus-TPG MOCN":"TPG","RFNSA ID":810001,"Latitude":-12.38376,"Longitude":null,"New in 2026":"N","3G":"N","4G":"Y","5G":"N","Co-funded":"N","ABS Remoteness Area":"Outer Regional Australia"},"geometry":{"type":"Point","coordinates":[130.85708,-12.38376]}},{"type":"Feature","properties":{"MNO/Optus-TPG MOCN":"TPG","RFNSA ID":810002,"Latitude":-12.35583,"Longitude":null,"New in 2026":"N","3G":"N","4G":"Y","5G":"Y","Co-funded":"N","ABS Remoteness Area":"Outer Regional Australia"},"geometry":{"type":"Point","coordinates":[130.88167,-12.35583]}},{"type":"Feature","properties":{"MNO/Optus-TPG MOCN":"TPG","RFNSA ID":810003,"Latitude":-12.372949,"Longitude":null,"New in 2026":"N","3G":"N","4G":"Y","5G":"Y","Co-funded":"N","ABS Remoteness Area":"Outer Regional Australia"},"geometry":{"type":"Point","coordinates":[130.881831,-12.372949]}},{"type":"Feature","properties":{"MNO/Optus-TPG MOCN":"TPG","RFNSA ID":810003,"Latitude":-12.37569,"Longitude":null,"New in 2026":"N","3G":"N","4G":"Y","5G":"Y","Co-funded":"N","ABS Remoteness Area":"Outer Regional Australia"},"geometry":{"type":"Point","coordinates":[130.88187,-12.37569]}},{"type":"Feature","properties":{"MNO/Optus-TPG MOCN":"TPG","RFNSA ID":810005,"Latitude":-12.38933,"Longitude":null,"New in 2026":"N","3G":"N","4G":"Y","5G":"N","Co-funded":"N","ABS Remoteness Area":"Outer Regional Australia"},"geometry":{"type":"Point","coordinates":[130.849,-12.38933]}},{"type":"Feature","properties":{"MNO/Optus-TPG MOCN":"TPG","RFNSA ID":810006,"Latitude":-12.3739,"Longitude":null,"New in 2026":"N","3G":"N","4G":"Y","5G":"N","Co-funded":"N","ABS Remoteness Area":"Outer Regional Australia"},"geometry":{"type":"Point","coordinates":[130.86738,-12.3739]}},{"type":"Feature","properties":{"MNO/Optus-TPG MOCN":"TPG","RFNSA ID":810007,"Latitude":-12.3867,"Longitude":null,"New in 2026":"N","3G":"N","4G":"Y","5G":"Y","Co-funded":"N","ABS Remoteness Area":"Outer Regional Australia"},"geometry":{"type":"Point","coordinates":[130.885,-12.3867]}},{"type":"Feature","properties":{"MNO/Optus-TPG MOCN":"TPG","RFNSA ID":810012,"Latitude":-12.39311,"Longitude":null,"New in 2026":"N","3G":"N","4G":"Y","5G":"N","Co-funded":"N","ABS Remoteness Area":"Outer Regional Australia"},"geometry":{"type":"Point","coordinates":[130.8694,-12.39311]}},{"type":"Feature","properties":{"MNO/Optus-TPG MOCN":"TPG","RFNSA ID":810013,"Latitude":-12.40055,"Longitude":null,"New in 2026":"N","3G":"N","4G":"Y","5G":"Y","Co-funded":"N","ABS Remoteness Area":"Outer Regional Australia"},"geometry":{"type":"Point","coordinates":[130.85414,-12.40055]}},{"type":"Feature","properties":{"MNO/Optus-TPG MOCN":"TPG","RFNSA ID":812001,"Latitude":-12.39844,"Longitude":null,"New in 2026":"N","3G":"N","4G":"Y","5G":"Y","Co-funded":"N","ABS Remoteness Area":"Outer Regional Australia"},"geometry":{"type":"Point","coordinates":[130.88957,-12.39844]}},{"type":"Feature","properties":{"MNO/Optus-TPG MOCN":"TPG","RFNSA ID":812002,"Latitude":-12.38594,"Longitude":null,"New in 2026":"N","3G":"N","4G":"Y","5G":"Y","Co-funded":"N","ABS Remoteness Area":"Outer Regional Australia"},"geometry":{"type":"Point","coordinates":[130.91213,-12.38594]}},{"type":"Feature","properties":{"MNO/Optus-TPG MOCN":"TPG","RFNSA ID":812004,"Latitude":-12.4152,"Longitude":null,"New in 2026":"N","3G":"N","4G":"Y","5G":"N","Co-funded":"N","ABS Remoteness Area":"Outer Regional Australia"},"geometry":{"type":"Point","coordinates":[130.91917,-12.4152]}},{"type":"Feature","properties":{"MNO/Optus-TPG MOCN":"TPG","RFNSA ID":812006,"Latitude":-12.40528,"Longitude":null,"New in 2026":"N","3G":"N","4G":"Y","5G":"N","Co-funded":"N","ABS Remoteness Area":"Outer Regional Australia"},"geometry":{"type":"Point","coordinates":[130.87929,-12.40528]}},{"type":"Feature","properties":{"MNO/Optus-TPG MOCN":"TPG","RFNSA ID":812007,"Latitude":-12.37106,"Longitude":null,"New in 2026":"N","3G":"N","4G":"Y","5G":"N","Co-funded":"N","ABS Remoteness Area":"Outer Regional Australia"},"geometry":{"type":"Point","coordinates":[130.90663,-12.37106]}},{"type":"Feature","properties":{"MNO/Optus-TPG MOCN":"TPG","RFNSA ID":812008,"Latitude":-12.40377,"Longitude":null,"New in 2026":"N","3G":"N","4G":"Y","5G":"Y","Co-funded":"N","ABS Remoteness Area":"Outer Regional Australia"},"geometry":{"type":"Point","coordinates":[130.90959,-12.40377]}},{"type":"Feature","properties":{"MNO/Optus-TPG MOCN":"TPG","RFNSA ID":820004,"Latitude":-12.43401,"Longitude":null,"New in 2026":"N","3G":"N","4G":"Y","5G":"Y","Co-funded":"N","ABS Remoteness Area":"Outer Regional Australia"},"geometry":{"type":"Point","coordinates":[130.85272,-12.43401]}},{"type":"Feature","properties":{"MNO/Optus-TPG MOCN":"TPG","RFNSA ID":820009,"Latitude":-12.45105,"Longitude":null,"New in 2026":"N","3G":"N","4G":"Y","5G":"N","Co-funded":"N","ABS Remoteness Area":"Outer Regional Australia"},"geometry":{"type":"Point","coordinates":[130.82709,-12.45105]}},{"type":"Feature","properties":{"MNO/Optus-TPG MOCN":"TPG","RFNSA ID":820010,"Latitude":-12.43518,"Longitude":null,"New in 2026":"N","3G":"N","4G":"Y","5G":"N","Co-funded":"N","ABS Remoteness Area":"Outer Regional Australia"},"geometry":{"type":"Point","coordinates":[130.84184,-12.43518]}},{"type":"Feature","properties":{"MNO/Optus-TPG MOCN":"TPG","RFNSA ID":820011,"Latitude":-12.42414,"Longitude":null,"New in 2026":"N","3G":"N","4G":"Y","5G":"N","Co-funded":"N","ABS Remoteness Area":"Outer Regional Australia"},"geometry":{"type":"Point","coordinates":[130.8526,-12.42414]}},{"type":"Feature","properties":{"MNO/Optus-TPG MOCN":"TPG","RFNSA ID":820012,"Latitude":-12.44799,"Longitude":null,"New in 2026":"N","3G":"N","4G":"Y","5G":"N","Co-funded":"N","ABS Remoteness Area":"Outer Regional Australia"},"geometry":{"type":"Point","coordinates":[130.83986,-12.44799]}},{"type":"Feature","properties":{"MNO/Optus-TPG MOCN":"TPG","RFNSA ID":820014,"Latitude":-12.42697,"Longitude":null,"New in 2026":"N","3G":"N","4G":"Y","5G":"N","Co-funded":"N","ABS Remoteness Area":"Outer Regional Australia"},"geometry":{"type":"Point","coordinates":[130.89951,-12.42697]}},{"type":"Feature","properties":{"MNO/Optus-TPG MOCN":"TPG","RFNSA ID":820017,"Latitude":-12.42609,"Longitude":null,"New in 2026":"N","3G":"N","4G":"Y","5G":"Y","Co-funded":"N","ABS Remoteness Area":"Outer Regional Australia"},"geometry":{"type":"Point","coordinates":[130.87734,-12.42609]}},{"type":"Feature","properties":{"MNO/Optus-TPG MOCN":"TPG","RFNSA ID":828003,"Latitude":-12.47615,"Longitude":null,"New in 2026":"N","3G":"N","4G":"Y","5G":"N","Co-funded":"N","ABS Remoteness Area":"Outer Regional Australia"},"geometry":{"type":"Point","coordinates":[130.9183,-12.47615]}},{"type":"Feature","properties":{"MNO/Optus-TPG MOCN":"TPG","RFNSA ID":828004,"Latitude":-12.43342,"Longitude":null,"New in 2026":"N","3G":"N","4G":"Y","5G":"Y","Co-funded":"N","ABS Remoteness Area":"Outer Regional Australia"},"geometry":{"type":"Point","coordinates":[130.91819,-12.43342]}},{"type":"Feature","properties":{"MNO/Optus-TPG MOCN":"TPG","RFNSA ID":828006,"Latitude":-12.43801,"Longitude":null,"New in 2026":"N","3G":"N","4G":"Y","5G":"N","Co-funded":"N","ABS Remoteness Area":"Outer Regional Australia"},"geometry":{"type":"Point","coordinates":[130.949,-12.43801]}},{"type":"Feature","properties":{"MNO/Optus-TPG MOCN":"TPG","RFNSA ID":829002,"Latitude":-12.43633,"Longitude":null,"New in 2026":"N","3G":"N","4G":"Y","5G":"N","Co-funded":"N","ABS Remoteness Area":"Outer Regional Australia"},"geometry":{"type":"Point","coordinates":[130.97487,-12.43633]}},{"type":"Feature","properties":{"MNO/Optus-TPG MOCN":"TPG","RFNSA ID":829003,"Latitude":-12.476,"Longitude":null,"New in 2026":"N","3G":"N","4G":"Y","5G":"Y","Co-funded":"N","ABS Remoteness Area":"Outer Regional Australia"},"geometry":{"type":"Point","coordinates":[131.00366,-12.476]}},{"type":"Feature","properties":{"MNO/Optus-TPG MOCN":"TPG","RFNSA ID":830001,"Latitude":-12.49347,"Longitude":null,"New in 2026":"N","3G":"N","4G":"Y","5G":"N","Co-funded":"N","ABS Remoteness Area":"Outer Regional Australia"},"geometry":{"type":"Point","coordinates":[130.98685,-12.49347]}},{"type":"Feature","properties":{"MNO/Optus-TPG MOCN":"TPG","RFNSA ID":830004,"Latitude":-12.51044,"Longitude":null,"New in 2026":"N","3G":"N","4G":"Y","5G":"N","Co-funded":"N","ABS Remoteness Area":"Outer Regional Australia"},"geometry":{"type":"Point","coordinates":[130.96465,-12.51044]}},{"type":"Feature","properties":{"MNO/Optus-TPG MOCN":"TPG","RFNSA ID":830010,"Latitude":-12.47197,"Longitude":null,"New in 2026":"N","3G":"N","4G":"Y","5G":"Y","Co-funded":"N","ABS Remoteness Area":"Outer Regional Australia"},"geometry":{"type":"Point","coordinates":[130.98297,-12.47197]}},{"type":"Feature","properties":{"MNO/Optus-TPG MOCN":"TPG","RFNSA ID":830013,"Latitude":-12.47825,"Longitude":null,"New in 2026":"N","3G":"N","4G":"Y","5G":"Y","Co-funded":"N","ABS Remoteness Area":"Outer Regional Australia"},"geometry":{"type":"Point","coordinates":[130.98536,-12.47825]}},{"type":"Feature","properties":{"MNO/Optus-TPG MOCN":"TPG","RFNSA ID":832001,"Latitude":-12.5153,"Longitude":null,"New in 2026":"N","3G":"N","4G":"Y","5G":"N","Co-funded":"N","ABS Remoteness Area":"Outer Regional Australia"},"geometry":{"type":"Point","coordinates":[130.9911,-12.5153]}},{"type":"Feature","properties":{"MNO/Optus-TPG MOCN":"TPG","RFNSA ID":832002,"Latitude":-12.4906,"Longitude":null,"New in 2026":"N","3G":"N","4G":"Y","5G":"N","Co-funded":"N","ABS Remoteness Area":"Outer Regional Australia"},"geometry":{"type":"Point","coordinates":[131.0001,-12.4906]}},{"type":"Feature","properties":{"MNO/Optus-TPG MOCN":"TPG","RFNSA ID":835001,"Latitude":-12.48255,"Longitude":null,"New in 2026":"N","3G":"N","4G":"Y","5G":"Y","Co-funded":"N","ABS Remoteness Area":"Outer Regional Australia"},"geometry":{"type":"Point","coordinates":[131.07384,-12.48255]}},{"type":"Feature","properties":{"MNO/Optus-TPG MOCN":"TPG","RFNSA ID":835002,"Latitude":-12.50011,"Longitude":null,"New in 2026":"N","3G":"N","4G":"Y","5G":"N","Co-funded":"N","ABS Remoteness Area":"Outer Regional Australia"},"geometry":{"type":"Point","coordinates":[131.03237,-12.50011]}},{"type":"Feature","properties":{"MNO/Optus-TPG MOCN":"TPG","RFNSA ID":835006,"Latitude":-12.52927,"Longitude":null,"New in 2026":"N","3G":"N","4G":"Y","5G":"N","Co-funded":"N","ABS Remoteness Area":"Outer Regional Australia"},"geometry":{"type":"Point","coordinates":[131.04806,-12.52927]}},{"type":"Feature","properties":{"MNO/Optus-TPG MOCN":"TPG","RFNSA ID":835007,"Latitude":-12.49556,"Longitude":null,"New in 2026":"N","3G":"N","4G":"Y","5G":"N","Co-funded":"N","ABS Remoteness Area":"Outer Regional Australia"},"geometry":{"type":"Point","coordinates":[131.0167,-12.49556]}},{"type":"Feature","properties":{"MNO/Optus-TPG MOCN":"TPG","RFNSA ID":836001,"Latitude":-12.56944,"Longitude":null,"New in 2026":"N","3G":"N","4G":"Y","5G":"Y","Co-funded":"N","ABS Remoteness Area":"Outer Regional Australia"},"geometry":{"type":"Point","coordinates":[131.09889,-12.56944]}},{"type":"Feature","properties":{"MNO/Optus-TPG MOCN":"TPG","RFNSA ID":836002,"Latitude":-12.55419,"Longitude":null,"New in 2026":"N","3G":"N","4G":"Y","5G":"N","Co-funded":"N","ABS Remoteness Area":"Outer Regional Australia"},"geometry":{"type":"Point","coordinates":[131.15106,-12.55419]}},{"type":"Feature","properties":{"MNO/Optus-TPG MOCN":"TPG","RFNSA ID":836004,"Latitude":-12.61324,"Longitude":null,"New in 2026":"N","3G":"N","4G":"Y","5G":"N","Co-funded":"N","ABS Remoteness Area":"Outer Regional Australia"},"geometry":{"type":"Point","coordinates":[131.15175,-12.61324]}},{"type":"Feature","properties":{"MNO/Optus-TPG MOCN":"Optus-TPG MOCN","RFNSA ID":822055,"Latitude":-12.440421,"Longitude":null,"New in 2026":"n/a","3G":"N","4G":"Y","5G":"N","Co-funded":"N","ABS Remoteness Area":"Remote Australia"},"geometry":{"type":"Point","coordinates":[130.746358,-12.440421]}},{"type":"Feature","properties":{"MNO/Optus-TPG MOCN":"Optus-TPG MOCN","RFNSA ID":822056,"Latitude":-12.813438,"Longitude":null,"New in 2026":"n/a","3G":"N","4G":"Y","5G":"N","Co-funded":"N","ABS Remoteness Area":"Outer Regional Australia"},"geometry":{"type":"Point","coordinates":[130.986967,-12.813438]}},{"type":"Feature","properties":{"MNO/Optus-TPG MOCN":"Optus-TPG MOCN","RFNSA ID":822057,"Latitude":-12.583952,"Longitude":null,"New in 2026":"n/a","3G":"N","4G":"Y","5G":"N","Co-funded":"N","ABS Remoteness Area":"Outer Regional Australia"},"geometry":{"type":"Point","coordinates":[131.244139,-12.583952]}},{"type":"Feature","properties":{"MNO/Optus-TPG MOCN":"Optus-TPG MOCN","RFNSA ID":822087,"Latitude":-12.985684,"Longitude":null,"New in 2026":"n/a","3G":"N","4G":"Y","5G":"N","Co-funded":"N","ABS Remoteness Area":"Remote Australia"},"geometry":{"type":"Point","coordinates":[131.143492,-12.985684]}},{"type":"Feature","properties":{"MNO/Optus-TPG MOCN":"Optus-TPG MOCN","RFNSA ID":822093,"Latitude":-13.12293,"Longitude":null,"New in 2026":"n/a","3G":"N","4G":"Y","5G":"Y","Co-funded":"N","ABS Remoteness Area":"Remote Australia"},"geometry":{"type":"Point","coordinates":[130.69571,-13.12293]}},{"type":"Feature","properties":{"MNO/Optus-TPG MOCN":"Optus-TPG MOCN","RFNSA ID":822104,"Latitude":-12.27084,"Longitude":null,"New in 2026":"n/a","3G":"N","4G":"Y","5G":"Y","Co-funded":"N","ABS Remoteness Area":"Outer Regional Australia"},"geometry":{"type":"Point","coordinates":[131.06841,-12.27084]}},{"type":"Feature","properties":{"MNO/Optus-TPG MOCN":"Optus-TPG MOCN","RFNSA ID":837006,"Latitude":-12.64239,"Longitude":null,"New in 2026":"n/a","3G":"N","4G":"Y","5G":"N","Co-funded":"N","ABS Remoteness Area":"Outer Regional Australia"},"geometry":{"type":"Point","coordinates":[131.099634,-12.64239]}},{"type":"Feature","properties":{"MNO/Optus-TPG MOCN":"Optus-TPG MOCN","RFNSA ID":838003,"Latitude":-12.69951362,"Longitude":null,"New in 2026":"n/a","3G":"N","4G":"Y","5G":"N","Co-funded":"N","ABS Remoteness Area":"Outer Regional Australia"},"geometry":{"type":"Point","coordinates":[131.0135755,-12.69951362]}},{"type":"Feature","properties":{"MNO/Optus-TPG MOCN":"Optus-TPG MOCN","RFNSA ID":845003,"Latitude":-13.049667,"Longitude":null,"New in 2026":"n/a","3G":"N","4G":"Y","5G":"N","Co-funded":"N","ABS Remoteness Area":"Remote Australia"},"geometry":{"type":"Point","coordinates":[131.04488,-13.049667]}},{"type":"Feature","properties":{"MNO/Optus-TPG MOCN":"Optus-TPG MOCN","RFNSA ID":846002,"Latitude":-13.2445411,"Longitude":null,"New in 2026":"n/a","3G":"N","4G":"Y","5G":"N","Co-funded":"N","ABS Remoteness Area":"Remote Australia"},"geometry":{"type":"Point","coordinates":[131.1091369,-13.2445411]}},{"type":"Feature","properties":{"MNO/Optus-TPG MOCN":"Optus-TPG MOCN","RFNSA ID":850003,"Latitude":-14.44632,"Longitude":null,"New in 2026":"n/a","3G":"N","4G":"Y","5G":"Y","Co-funded":"N","ABS Remoteness Area":"Remote Australia"},"geometry":{"type":"Point","coordinates":[132.2954,-14.44632]}},{"type":"Feature","properties":{"MNO/Optus-TPG MOCN":"Optus-TPG MOCN","RFNSA ID":850012,"Latitude":-14.465153,"Longitude":null,"New in 2026":"n/a","3G":"N","4G":"Y","5G":"N","Co-funded":"N","ABS Remoteness Area":"Remote Australia"},"geometry":{"type":"Point","coordinates":[132.262424,-14.465153]}},{"type":"Feature","properties":{"MNO/Optus-TPG MOCN":"Optus-TPG MOCN","RFNSA ID":850018,"Latitude":-14.52033,"Longitude":null,"New in 2026":"n/a","3G":"N","4G":"Y","5G":"N","Co-funded":"N","ABS Remoteness Area":"Remote Australia"},"geometry":{"type":"Point","coordinates":[132.16011,-14.52033]}},{"type":"Feature","properties":{"MNO/Optus-TPG MOCN":"Optus-TPG MOCN","RFNSA ID":852087,"Latitude":-14.342,"Longitude":null,"New in 2026":"n/a","3G":"N","4G":"Y","5G":"Y","Co-funded":"N","ABS Remoteness Area":"Remote Australia"},"geometry":{"type":"Point","coordinates":[132.12761,-14.342]}},{"type":"Feature","properties":{"MNO/Optus-TPG MOCN":"Optus-TPG MOCN","RFNSA ID":860007,"Latitude":-19.64497,"Longitude":null,"New in 2026":"n/a","3G":"N","4G":"Y","5G":"N","Co-funded":"N","ABS Remoteness Area":"Very Remote Australia"},"geometry":{"type":"Point","coordinates":[134.183655,-19.64497]}},{"type":"Feature","properties":{"MNO/Optus-TPG MOCN":"Optus-TPG MOCN","RFNSA ID":870025,"Latitude":-23.801829,"Longitude":null,"New in 2026":"n/a","3G":"N","4G":"Y","5G":"N","Co-funded":"N","ABS Remoteness Area":"Remote Australia"},"geometry":{"type":"Point","coordinates":[133.903038,-23.801829]}},{"type":"Feature","properties":{"MNO/Optus-TPG MOCN":"Optus-TPG MOCN","RFNSA ID":870028,"Latitude":-23.69993,"Longitude":null,"New in 2026":"n/a","3G":"N","4G":"Y","5G":"Y","Co-funded":"N","ABS Remoteness Area":"Remote Australia"},"geometry":{"type":"Point","coordinates":[133.87918,-23.69993]}},{"type":"Feature","properties":{"MNO/Optus-TPG MOCN":"Optus-TPG MOCN","RFNSA ID":870030,"Latitude":-23.722549,"Longitude":null,"New in 2026":"n/a","3G":"N","4G":"Y","5G":"Y","Co-funded":"N","ABS Remoteness Area":"Remote Australia"},"geometry":{"type":"Point","coordinates":[133.857596,-23.722549]}},{"type":"Feature","properties":{"MNO/Optus-TPG MOCN":"Optus-TPG MOCN","RFNSA ID":870052,"Latitude":-23.66924,"Longitude":null,"New in 2026":"n/a","3G":"N","4G":"Y","5G":"Y","Co-funded":"N","ABS Remoteness Area":"Remote Australia"},"geometry":{"type":"Point","coordinates":[133.864338,-23.66924]}},{"type":"Feature","properties":{"MNO/Optus-TPG MOCN":"Optus-TPG MOCN","RFNSA ID":870061,"Latitude":-23.700055,"Longitude":null,"New in 2026":"n/a","3G":"N","4G":"Y","5G":"N","Co-funded":"N","ABS Remoteness Area":"Remote Australia"},"geometry":{"type":"Point","coordinates":[133.894595,-23.700055]}},{"type":"Feature","properties":{"MNO/Optus-TPG MOCN":"Optus-TPG MOCN","RFNSA ID":870064,"Latitude":-23.69695,"Longitude":null,"New in 2026":"n/a","3G":"N","4G":"Y","5G":"Y","Co-funded":"N","ABS Remoteness Area":"Remote Australia"},"geometry":{"type":"Point","coordinates":[133.84078,-23.69695]}},{"type":"Feature","properties":{"MNO/Optus-TPG MOCN":"Optus-TPG MOCN","RFNSA ID":872003,"Latitude":-25.242591,"Longitude":null,"New in 2026":"n/a","3G":"N","4G":"Y","5G":"Y","Co-funded":"N","ABS Remoteness Area":"Very Remote Australia"},"geometry":{"type":"Point","coordinates":[130.984035,-25.242591]}},{"type":"Feature","properties":{"MNO/Optus-TPG MOCN":"Optus-TPG MOCN","RFNSA ID":872155,"Latitude":-25.191336,"Longitude":null,"New in 2026":"n/a","3G":"N","4G":"Y","5G":"Y","Co-funded":"N","ABS Remoteness Area":"Very Remote Australia"},"geometry":{"type":"Point","coordinates":[130.976089,-25.191336]}},{"type":"Feature","properties":{"MNO/Optus-TPG MOCN":"Optus-TPG MOCN","RFNSA ID":880003,"Latitude":-12.181375,"Longitude":null,"New in 2026":"n/a","3G":"N","4G":"Y","5G":"N","Co-funded":"N","ABS Remoteness Area":"Very Remote Australia"},"geometry":{"type":"Point","coordinates":[136.776877,-12.181375]}},{"type":"Feature","properties":{"MNO/Optus-TPG MOCN":"Optus-TPG MOCN","RFNSA ID":886001,"Latitude":-12.669492,"Longitude":null,"New in 2026":"n/a","3G":"N","4G":"Y","5G":"N","Co-funded":"N","ABS Remoteness Area":"Remote Australia"},"geometry":{"type":"Point","coordinates":[132.834471,-12.669492]}},{"type":"Feature","properties":{"MNO/Optus-TPG MOCN":"Optus-TPG MOCN","RFNSA ID":4482006,"Latitude":-25.89663853,"Longitude":null,"New in 2026":"n/a","3G":"N","4G":"Y","5G":"Y","Co-funded":"N","ABS Remoteness Area":"Very Remote Australia"},"geometry":{"type":"Point","coordinates":[139.3522697,-25.89663853]}},{"type":"Feature","properties":{"MNO/Optus-TPG MOCN":"Optus-TPG MOCN","RFNSA ID":4823004,"Latitude":-20.65237,"Longitude":null,"New in 2026":"n/a","3G":"N","4G":"Y","5G":"N","Co-funded":"N","ABS Remoteness Area":"Very Remote Australia"},"geometry":{"type":"Point","coordinates":[141.73946,-20.65237]}},{"type":"Feature","properties":{"MNO/Optus-TPG MOCN":"Optus-TPG MOCN","RFNSA ID":4824002,"Latitude":-20.503372,"Longitude":null,"New in 2026":"n/a","3G":"N","4G":"Y","5G":"N","Co-funded":"N","ABS Remoteness Area":"Very Remote Australia"},"geometry":{"type":"Point","coordinates":[140.656207,-20.503372]}},{"type":"Feature","properties":{"MNO/Optus-TPG MOCN":"Optus-TPG MOCN","RFNSA ID":4824005,"Latitude":-20.63505,"Longitude":null,"New in 2026":"n/a","3G":"N","4G":"Y","5G":"N","Co-funded":"N","ABS Remoteness Area":"Very Remote Australia"},"geometry":{"type":"Point","coordinates":[141.00624,-20.63505]}},{"type":"Feature","properties":{"MNO/Optus-TPG MOCN":"Optus-TPG MOCN","RFNSA ID":4824023,"Latitude":-20.72176,"Longitude":null,"New in 2026":"n/a","3G":"N","4G":"Y","5G":"Y","Co-funded":"N","ABS Remoteness Area":"Very Remote Australia"},"geometry":{"type":"Point","coordinates":[140.537957,-20.72176]}},{"type":"Feature","properties":{"MNO/Optus-TPG MOCN":"Optus-TPG MOCN","RFNSA ID":4824024,"Latitude":-20.44265,"Longitude":null,"New in 2026":"n/a","3G":"N","4G":"Y","5G":"N","Co-funded":"N","ABS Remoteness Area":"Very Remote Australia"},"geometry":{"type":"Point","coordinates":[140.71727,-20.44265]}},{"type":"Feature","properties":{"MNO/Optus-TPG MOCN":"Optus-TPG MOCN","RFNSA ID":4825005,"Latitude":-20.707895,"Longitude":null,"New in 2026":"n/a","3G":"N","4G":"Y","5G":"Y","Co-funded":"N","ABS Remoteness Area":"Remote Australia"},"geometry":{"type":"Point","coordinates":[139.517134,-20.707895]}},{"type":"Feature","properties":{"MNO/Optus-TPG MOCN":"Optus-TPG MOCN","RFNSA ID":4825007,"Latitude":-20.567838,"Longitude":null,"New in 2026":"n/a","3G":"N","4G":"Y","5G":"N","Co-funded":"N","ABS Remoteness Area":"Very Remote Australia"},"geometry":{"type":"Point","coordinates":[139.479903,-20.567838]}},{"type":"Feature","properties":{"MNO/Optus-TPG MOCN":"Optus-TPG MOCN","RFNSA ID":4825022,"Latitude":-20.725812,"Longitude":null,"New in 2026":"n/a","3G":"N","4G":"Y","5G":"N","Co-funded":"N","ABS Remoteness Area":"Remote Australia"},"geometry":{"type":"Point","coordinates":[139.481809,-20.725812]}},{"type":"Feature","properties":{"MNO/Optus-TPG MOCN":"Optus-TPG MOCN","RFNSA ID":4825027,"Latitude":-20.73463,"Longitude":null,"New in 2026":"n/a","3G":"N","4G":"Y","5G":"N","Co-funded":"N","ABS Remoteness Area":"Remote Australia"},"geometry":{"type":"Point","coordinates":[139.5125,-20.73463]}},{"type":"Feature","properties":{"MNO/Optus-TPG MOCN":"Optus-TPG MOCN","RFNSA ID":4825033,"Latitude":-20.69814,"Longitude":null,"New in 2026":"n/a","3G":"N","4G":"Y","5G":"Y","Co-funded":"N","ABS Remoteness Area":"Remote Australia"},"geometry":{"type":"Point","coordinates":[139.49585,-20.69814]}},{"type":"Feature","properties":{"MNO/Optus-TPG MOCN":"Optus-TPG MOCN","RFNSA ID":4874014,"Latitude":-12.6644,"Longitude":null,"New in 2026":"n/a","3G":"N","4G":"Y","5G":"N","Co-funded":"N","ABS Remoteness Area":"Very Remote Australia"},"geometry":{"type":"Point","coordinates":[141.869,-12.6644]}},{"type":"Feature","properties":{"MNO/Optus-TPG MOCN":"Optus-TPG MOCN","RFNSA ID":4890012,"Latitude":-17.670574,"Longitude":null,"New in 2026":"n/a","3G":"N","4G":"Y","5G":"N","Co-funded":"N","ABS Remoteness Area":"Very Remote Australia"},"geometry":{"type":"Point","coordinates":[141.076723,-17.670574]}},{"type":"Feature","properties":{"MNO/Optus-TPG MOCN":"Optus-TPG MOCN","RFNSA ID":5723003,"Latitude":-29.01576437,"Longitude":null,"New in 2026":"n/a","3G":"N","4G":"Y","5G":"N","Co-funded":"N","ABS Remoteness Area":"Very Remote Australia"},"geometry":{"type":"Point","coordinates":[134.7541399,-29.01576437]}},{"type":"Feature","properties":{"MNO/Optus-TPG MOCN":"Optus-TPG MOCN","RFNSA ID":6740001,"Latitude":-15.463544,"Longitude":null,"New in 2026":"n/a","3G":"N","4G":"Y","5G":"N","Co-funded":"N","ABS Remoteness Area":"Very Remote Australia"},"geometry":{"type":"Point","coordinates":[128.103836,-15.463544]}},{"type":"Feature","properties":{"MNO/Optus-TPG MOCN":"Optus-TPG MOCN","RFNSA ID":6743002,"Latitude":-15.76315,"Longitude":null,"New in 2026":"n/a","3G":"N","4G":"Y","5G":"N","Co-funded":"N","ABS Remoteness Area":"Very Remote Australia"},"geometry":{"type":"Point","coordinates":[128.740534,-15.76315]}},{"type":"Feature","properties":{"MNO/Optus-TPG MOCN":"Optus","RFNSA ID":800005,"Latitude":-12.459939,"Longitude":null,"New in 2026":"N","3G":"N","4G":"Y","5G":"N","Co-funded":"N","ABS Remoteness Area":"Outer Regional Australia"},"geometry":{"type":"Point","coordinates":[130.840769,-12.459939]}},{"type":"Feature","properties":{"MNO/Optus-TPG MOCN":"Optus","RFNSA ID":800006,"Latitude":-12.459022,"Longitude":null,"New in 2026":"N","3G":"N","4G":"Y","5G":"Y","Co-funded":"N","ABS Remoteness Area":"Outer Regional Australia"},"geometry":{"type":"Point","coordinates":[130.836967,-12.459022]}},{"type":"Feature","properties":{"MNO/Optus-TPG MOCN":"Optus","RFNSA ID":800007,"Latitude":-12.463811,"Longitude":null,"New in 2026":"N","3G":"N","4G":"Y","5G":"Y","Co-funded":"N","ABS Remoteness Area":"Outer Regional Australia"},"geometry":{"type":"Point","coordinates":[130.843664,-12.463811]}},{"type":"Feature","properties":{"MNO/Optus-TPG MOCN":"Optus","RFNSA ID":800020,"Latitude":-12.465479,"Longitude":null,"New in 2026":"N","3G":"N","4G":"Y","5G":"N","Co-funded":"N","ABS Remoteness Area":"Outer Regional Australia"},"geometry":{"type":"Point","coordinates":[130.847157,-12.465479]}},{"type":"Feature","properties":{"MNO/Optus-TPG MOCN":"Optus","RFNSA ID":800023,"Latitude":-12.447816,"Longitude":null,"New in 2026":"N","3G":"N","4G":"Y","5G":"Y","Co-funded":"N","ABS Remoteness Area":"Outer Regional Australia"},"geometry":{"type":"Point","coordinates":[130.830832,-12.447816]}},{"type":"Feature","properties":{"MNO/Optus-TPG MOCN":"Optus","RFNSA ID":801001,"Latitude":-12.46523,"Longitude":null,"New in 2026":"N","3G":"N","4G":"Y","5G":"N","Co-funded":"N","ABS Remoteness Area":"Outer Regional Australia"},"geometry":{"type":"Point","coordinates":[130.84203,-12.46523]}},{"type":"Feature","properties":{"MNO/Optus-TPG MOCN":"Optus","RFNSA ID":810001,"Latitude":-12.383522,"Longitude":null,"New in 2026":"N","3G":"N","4G":"Y","5G":"N","Co-funded":"N","ABS Remoteness Area":"Outer Regional Australia"},"geometry":{"type":"Point","coordinates":[130.856862,-12.383522]}},{"type":"Feature","properties":{"MNO/Optus-TPG MOCN":"Optus","RFNSA ID":810002,"Latitude":-12.355865,"Longitude":null,"New in 2026":"N","3G":"N","4G":"Y","5G":"N","Co-funded":"N","ABS Remoteness Area":"Outer Regional Australia"},"geometry":{"type":"Point","coordinates":[130.882125,-12.355865]}},{"type":"Feature","properties":{"MNO/Optus-TPG MOCN":"Optus","RFNSA ID":810004,"Latitude":-12.372902,"Longitude":null,"New in 2026":"N","3G":"N","4G":"Y","5G":"N","Co-funded":"N","ABS Remoteness Area":"Outer Regional Australia"},"geometry":{"type":"Point","coordinates":[130.881827,-12.372902]}},{"type":"Feature","properties":{"MNO/Optus-TPG MOCN":"Optus","RFNSA ID":810005,"Latitude":-12.38935,"Longitude":null,"New in 2026":"N","3G":"N","4G":"Y","5G":"N","Co-funded":"N","ABS Remoteness Area":"Outer Regional Australia"},"geometry":{"type":"Point","coordinates":[130.848997,-12.38935]}},{"type":"Feature","properties":{"MNO/Optus-TPG MOCN":"Optus","RFNSA ID":810006,"Latitude":-12.373951,"Longitude":null,"New in 2026":"N","3G":"N","4G":"Y","5G":"N","Co-funded":"N","ABS Remoteness Area":"Outer Regional Australia"},"geometry":{"type":"Point","coordinates":[130.867651,-12.373951]}},{"type":"Feature","properties":{"MNO/Optus-TPG MOCN":"Optus","RFNSA ID":810007,"Latitude":-12.386658,"Longitude":null,"New in 2026":"N","3G":"N","4G":"Y","5G":"N","Co-funded":"N","ABS Remoteness Area":"Outer Regional Australia"},"geometry":{"type":"Point","coordinates":[130.885011,-12.386658]}},{"type":"Feature","properties":{"MNO/Optus-TPG MOCN":"Optus","RFNSA ID":810012,"Latitude":-12.393101,"Longitude":null,"New in 2026":"N","3G":"N","4G":"Y","5G":"N","Co-funded":"N","ABS Remoteness Area":"Outer Regional Australia"},"geometry":{"type":"Point","coordinates":[130.869389,-12.393101]}},{"type":"Feature","properties":{"MNO/Optus-TPG MOCN":"Optus","RFNSA ID":810013,"Latitude":-12.400584,"Longitude":null,"New in 2026":"N","3G":"N","4G":"Y","5G":"N","Co-funded":"N","ABS Remoteness Area":"Outer Regional Australia"},"geometry":{"type":"Point","coordinates":[130.854128,-12.400584]}},{"type":"Feature","properties":{"MNO/Optus-TPG MOCN":"Optus","RFNSA ID":810019,"Latitude":-12.377177,"Longitude":null,"New in 2026":"N","3G":"N","4G":"Y","5G":"N","Co-funded":"N","ABS Remoteness Area":"Outer Regional Australia"},"geometry":{"type":"Point","coordinates":[130.85052,-12.377177]}},{"type":"Feature","properties":{"MNO/Optus-TPG MOCN":"Optus","RFNSA ID":812001,"Latitude":-12.398405,"Longitude":null,"New in 2026":"N","3G":"N","4G":"Y","5G":"N","Co-funded":"N","ABS Remoteness Area":"Outer Regional Australia"},"geometry":{"type":"Point","coordinates":[130.889574,-12.398405]}},{"type":"Feature","properties":{"MNO/Optus-TPG MOCN":"Optus","RFNSA ID":812002,"Latitude":-12.385932,"Longitude":null,"New in 2026":"N","3G":"N","4G":"Y","5G":"N","Co-funded":"N","ABS Remoteness Area":"Outer Regional Australia"},"geometry":{"type":"Point","coordinates":[130.912127,-12.385932]}},{"type":"Feature","properties":{"MNO/Optus-TPG MOCN":"Optus","RFNSA ID":812004,"Latitude":-12.41520307,"Longitude":null,"New in 2026":"N","3G":"N","4G":"Y","5G":"N","Co-funded":"N","ABS Remoteness Area":"Outer Regional Australia"},"geometry":{"type":"Point","coordinates":[130.9191596,-12.41520307]}},{"type":"Feature","properties":{"MNO/Optus-TPG MOCN":"Optus","RFNSA ID":812006,"Latitude":-12.405276,"Longitude":null,"New in 2026":"N","3G":"N","4G":"Y","5G":"N","Co-funded":"N","ABS Remoteness Area":"Outer Regional Australia"},"geometry":{"type":"Point","coordinates":[130.879297,-12.405276]}},{"type":"Feature","properties":{"MNO/Optus-TPG MOCN":"Optus","RFNSA ID":812007,"Latitude":-12.37106,"Longitude":null,"New in 2026":"N","3G":"N","4G":"Y","5G":"N","Co-funded":"N","ABS Remoteness Area":"Outer Regional Australia"},"geometry":{"type":"Point","coordinates":[130.90663,-12.37106]}},{"type":"Feature","properties":{"MNO/Optus-TPG MOCN":"Optus","RFNSA ID":812008,"Latitude":-12.4038,"Longitude":null,"New in 2026":"N","3G":"N","4G":"Y","5G":"Y","Co-funded":"N","ABS Remoteness Area":"Outer Regional Australia"},"geometry":{"type":"Point","coordinates":[130.9096,-12.4038]}},{"type":"Feature","properties":{"MNO/Optus-TPG MOCN":"Optus","RFNSA ID":812012,"Latitude":-12.39592,"Longitude":null,"New in 2026":"N","3G":"N","4G":"Y","5G":"N","Co-funded":"N","ABS Remoteness Area":"Outer Regional Australia"},"geometry":{"type":"Point","coordinates":[130.92311,-12.39592]}},{"type":"Feature","properties":{"MNO/Optus-TPG MOCN":"Optus","RFNSA ID":820004,"Latitude":-12.434024,"Longitude":null,"New in 2026":"N","3G":"N","4G":"Y","5G":"N","Co-funded":"N","ABS Remoteness Area":"Outer Regional Australia"},"geometry":{"type":"Point","coordinates":[130.852724,-12.434024]}},{"type":"Feature","properties":{"MNO/Optus-TPG MOCN":"Optus","RFNSA ID":820009,"Latitude":-12.451323,"Longitude":null,"New in 2026":"N","3G":"N","4G":"Y","5G":"N","Co-funded":"N","ABS Remoteness Area":"Outer Regional Australia"},"geometry":{"type":"Point","coordinates":[130.82703,-12.451323]}},{"type":"Feature","properties":{"MNO/Optus-TPG MOCN":"Optus","RFNSA ID":820010,"Latitude":-12.435207,"Longitude":null,"New in 2026":"N","3G":"N","4G":"Y","5G":"N","Co-funded":"N","ABS Remoteness Area":"Outer Regional Australia"},"geometry":{"type":"Point","coordinates":[130.841836,-12.435207]}},{"type":"Feature","properties":{"MNO/Optus-TPG MOCN":"Optus","RFNSA ID":820011,"Latitude":-12.424179,"Longitude":null,"New in 2026":"N","3G":"N","4G":"Y","5G":"N","Co-funded":"N","ABS Remoteness Area":"Outer Regional Australia"},"geometry":{"type":"Point","coordinates":[130.852633,-12.424179]}},{"type":"Feature","properties":{"MNO/Optus-TPG MOCN":"Optus","RFNSA ID":820012,"Latitude":-12.448007,"Longitude":null,"New in 2026":"N","3G":"N","4G":"Y","5G":"N","Co-funded":"N","ABS Remoteness Area":"Outer Regional Australia"},"geometry":{"type":"Point","coordinates":[130.839817,-12.448007]}},{"type":"Feature","properties":{"MNO/Optus-TPG MOCN":"Optus","RFNSA ID":820014,"Latitude":-12.427167,"Longitude":null,"New in 2026":"N","3G":"N","4G":"Y","5G":"N","Co-funded":"N","ABS Remoteness Area":"Outer Regional Australia"},"geometry":{"type":"Point","coordinates":[130.899521,-12.427167]}},{"type":"Feature","properties":{"MNO/Optus-TPG MOCN":"Optus","RFNSA ID":820017,"Latitude":-12.426155,"Longitude":null,"New in 2026":"N","3G":"N","4G":"Y","5G":"Y","Co-funded":"N","ABS Remoteness Area":"Outer Regional Australia"},"geometry":{"type":"Point","coordinates":[130.877261,-12.426155]}},{"type":"Feature","properties":{"MNO/Optus-TPG MOCN":"Optus","RFNSA ID":822055,"Latitude":-12.440421,"Longitude":null,"New in 2026":"N","3G":"N","4G":"Y","5G":"N","Co-funded":"N","ABS Remoteness Area":"Remote Australia"},"geometry":{"type":"Point","coordinates":[130.746358,-12.440421]}},{"type":"Feature","properties":{"MNO/Optus-TPG MOCN":"Optus","RFNSA ID":822056,"Latitude":-12.813438,"Longitude":null,"New in 2026":"N","3G":"N","4G":"Y","5G":"N","Co-funded":"N","ABS Remoteness Area":"Outer Regional Australia"},"geometry":{"type":"Point","coordinates":[130.986967,-12.813438]}},{"type":"Feature","properties":{"MNO/Optus-TPG MOCN":"Optus","RFNSA ID":822057,"Latitude":-12.583952,"Longitude":null,"New in 2026":"N","3G":"N","4G":"Y","5G":"N","Co-funded":"N","ABS Remoteness Area":"Outer Regional Australia"},"geometry":{"type":"Point","coordinates":[131.244139,-12.583952]}},{"type":"Feature","properties":{"MNO/Optus-TPG MOCN":"Optus","RFNSA ID":822072,"Latitude":-12.46142,"Longitude":null,"New in 2026":"N","3G":"N","4G":"Y","5G":"N","Co-funded":"N","ABS Remoteness Area":"Outer Regional Australia"},"geometry":{"type":"Point","coordinates":[130.92699,-12.46142]}},{"type":"Feature","properties":{"MNO/Optus-TPG MOCN":"Optus","RFNSA ID":822087,"Latitude":-12.985684,"Longitude":null,"New in 2026":"N","3G":"N","4G":"Y","5G":"N","Co-funded":"N","ABS Remoteness Area":"Remote Australia"},"geometry":{"type":"Point","coordinates":[131.143492,-12.985684]}},{"type":"Feature","properties":{"MNO/Optus-TPG MOCN":"Optus","RFNSA ID":822089,"Latitude":-13.109367,"Longitude":null,"New in 2026":"N","3G":"Y","4G":"Y","5G":"N","Co-funded":"Y","ABS Remoteness Area":"Remote Australia"},"geometry":{"type":"Point","coordinates":[130.793267,-13.109367]}},{"type":"Feature","properties":{"MNO/Optus-TPG MOCN":"Optus","RFNSA ID":822090,"Latitude":-13.6061,"Longitude":null,"New in 2026":"N","3G":"Y","4G":"N","5G":"N","Co-funded":"Y","ABS Remoteness Area":"Remote Australia"},"geometry":{"type":"Point","coordinates":[132.2201,-13.6061]}},{"type":"Feature","properties":{"MNO/Optus-TPG MOCN":"Optus","RFNSA ID":822091,"Latitude":-13.164608,"Longitude":null,"New in 2026":"N","3G":"Y","4G":"Y","5G":"N","Co-funded":"Y","ABS Remoteness Area":"Remote Australia"},"geometry":{"type":"Point","coordinates":[130.679087,-13.164608]}},{"type":"Feature","properties":{"MNO/Optus-TPG MOCN":"Optus","RFNSA ID":822093,"Latitude":-13.12293,"Longitude":null,"New in 2026":"N","3G":"N","4G":"Y","5G":"Y","Co-funded":"Y","ABS Remoteness Area":"Remote Australia"},"geometry":{"type":"Point","coordinates":[130.69571,-13.12293]}},{"type":"Feature","properties":{"MNO/Optus-TPG MOCN":"Optus","RFNSA ID":822102,"Latitude":-12.899765,"Longitude":null,"New in 2026":"N","3G":"Y","4G":"N","5G":"N","Co-funded":"Y","ABS Remoteness Area":"Remote Australia"},"geometry":{"type":"Point","coordinates":[131.675696,-12.899765]}},{"type":"Feature","properties":{"MNO/Optus-TPG MOCN":"Optus","RFNSA ID":822104,"Latitude":-12.27084,"Longitude":null,"New in 2026":"N","3G":"N","4G":"Y","5G":"Y","Co-funded":"Y","ABS Remoteness Area":"Outer Regional Australia"},"geometry":{"type":"Point","coordinates":[131.06841,-12.27084]}},{"type":"Feature","properties":{"MNO/Optus-TPG MOCN":"Optus","RFNSA ID":822106,"Latitude":-12.42654,"Longitude":null,"New in 2026":"N","3G":"Y","4G":"Y","5G":"N","Co-funded":"Y","ABS Remoteness Area":"Remote Australia"},"geometry":{"type":"Point","coordinates":[132.95842,-12.42654]}},{"type":"Feature","properties":{"MNO/Optus-TPG MOCN":"Optus","RFNSA ID":822107,"Latitude":-12.481606,"Longitude":null,"New in 2026":"N","3G":"Y","4G":"Y","5G":"N","Co-funded":"Y","ABS Remoteness Area":"Remote Australia"},"geometry":{"type":"Point","coordinates":[131.728776,-12.481606]}},{"type":"Feature","properties":{"MNO/Optus-TPG MOCN":"Optus","RFNSA ID":822109,"Latitude":-13.787264,"Longitude":null,"New in 2026":"N","3G":"Y","4G":"Y","5G":"N","Co-funded":"Y","ABS Remoteness Area":"Remote Australia"},"geometry":{"type":"Point","coordinates":[131.351056,-13.787264]}},{"type":"Feature","properties":{"MNO/Optus-TPG MOCN":"Optus","RFNSA ID":822110,"Latitude":-13.247436,"Longitude":null,"New in 2026":"N","3G":"Y","4G":"Y","5G":"N","Co-funded":"Y","ABS Remoteness Area":"Remote Australia"},"geometry":{"type":"Point","coordinates":[130.814953,-13.247436]}},{"type":"Feature","properties":{"MNO/Optus-TPG MOCN":"Optus","RFNSA ID":828003,"Latitude":-12.47615656,"Longitude":null,"New in 2026":"N","3G":"N","4G":"Y","5G":"N","Co-funded":"N","ABS Remoteness Area":"Outer Regional Australia"},"geometry":{"type":"Point","coordinates":[130.918274,-12.47615656]}},{"type":"Feature","properties":{"MNO/Optus-TPG MOCN":"Optus","RFNSA ID":828004,"Latitude":-12.433423,"Longitude":null,"New in 2026":"N","3G":"N","4G":"Y","5G":"N","Co-funded":"N","ABS Remoteness Area":"Outer Regional Australia"},"geometry":{"type":"Point","coordinates":[130.918201,-12.433423]}},{"type":"Feature","properties":{"MNO/Optus-TPG MOCN":"Optus","RFNSA ID":828006,"Latitude":-12.437899,"Longitude":null,"New in 2026":"N","3G":"N","4G":"Y","5G":"N","Co-funded":"N","ABS Remoteness Area":"Outer Regional Australia"},"geometry":{"type":"Point","coordinates":[130.948938,-12.437899]}},{"type":"Feature","properties":{"MNO/Optus-TPG MOCN":"Optus","RFNSA ID":828007,"Latitude":-12.44313,"Longitude":null,"New in 2026":"N","3G":"N","4G":"Y","5G":"N","Co-funded":"N","ABS Remoteness Area":"Outer Regional Australia"},"geometry":{"type":"Point","coordinates":[130.90731,-12.44313]}},{"type":"Feature","properties":{"MNO/Optus-TPG MOCN":"Optus","RFNSA ID":829001,"Latitude":-12.461156,"Longitude":null,"New in 2026":"N","3G":"N","4G":"Y","5G":"N","Co-funded":"N","ABS Remoteness Area":"Outer Regional Australia"},"geometry":{"type":"Point","coordinates":[130.961524,-12.461156]}},{"type":"Feature","properties":{"MNO/Optus-TPG MOCN":"Optus","RFNSA ID":829002,"Latitude":-12.43633,"Longitude":null,"New in 2026":"N","3G":"N","4G":"Y","5G":"N","Co-funded":"N","ABS Remoteness Area":"Outer Regional Australia"},"geometry":{"type":"Point","coordinates":[130.974911,-12.43633]}},{"type":"Feature","properties":{"MNO/Optus-TPG MOCN":"Optus","RFNSA ID":829003,"Latitude":-12.475956,"Longitude":null,"New in 2026":"N","3G":"N","4G":"Y","5G":"N","Co-funded":"N","ABS Remoteness Area":"Outer Regional Australia"},"geometry":{"type":"Point","coordinates":[131.003963,-12.475956]}},{"type":"Feature","properties":{"MNO/Optus-TPG MOCN":"Optus","RFNSA ID":830001,"Latitude":-12.493422,"Longitude":null,"New in 2026":"N","3G":"N","4G":"Y","5G":"N","Co-funded":"N","ABS Remoteness Area":"Outer Regional Australia"},"geometry":{"type":"Point","coordinates":[130.986838,-12.493422]}},{"type":"Feature","properties":{"MNO/Optus-TPG MOCN":"Optus","RFNSA ID":830004,"Latitude":-12.51044,"Longitude":null,"New in 2026":"N","3G":"N","4G":"Y","5G":"N","Co-funded":"N","ABS Remoteness Area":"Outer Regional Australia"},"geometry":{"type":"Point","coordinates":[130.96465,-12.51044]}},{"type":"Feature","properties":{"MNO/Optus-TPG MOCN":"Optus","RFNSA ID":830005,"Latitude":-12.476848,"Longitude":null,"New in 2026":"N","3G":"N","4G":"Y","5G":"N","Co-funded":"N","ABS Remoteness Area":"Outer Regional Australia"},"geometry":{"type":"Point","coordinates":[130.981184,-12.476848]}},{"type":"Feature","properties":{"MNO/Optus-TPG MOCN":"Optus","RFNSA ID":830007,"Latitude":-12.501,"Longitude":null,"New in 2026":"N","3G":"N","4G":"Y","5G":"Y","Co-funded":"N","ABS Remoteness Area":"Outer Regional Australia"},"geometry":{"type":"Point","coordinates":[130.9786,-12.501]}},{"type":"Feature","properties":{"MNO/Optus-TPG MOCN":"Optus","RFNSA ID":830013,"Latitude":-12.47825,"Longitude":null,"New in 2026":"N","3G":"N","4G":"Y","5G":"Y","Co-funded":"N","ABS Remoteness Area":"Outer Regional Australia"},"geometry":{"type":"Point","coordinates":[130.98536,-12.47825]}},{"type":"Feature","properties":{"MNO/Optus-TPG MOCN":"Optus","RFNSA ID":832001,"Latitude":-12.515353,"Longitude":null,"New in 2026":"N","3G":"N","4G":"Y","5G":"N","Co-funded":"N","ABS Remoteness Area":"Outer Regional Australia"},"geometry":{"type":"Point","coordinates":[130.991046,-12.515353]}},{"type":"Feature","properties":{"MNO/Optus-TPG MOCN":"Optus","RFNSA ID":832002,"Latitude":-12.4906003,"Longitude":null,"New in 2026":"N","3G":"N","4G":"Y","5G":"N","Co-funded":"N","ABS Remoteness Area":"Outer Regional Australia"},"geometry":{"type":"Point","coordinates":[131.0000771,-12.4906003]}},{"type":"Feature","properties":{"MNO/Optus-TPG MOCN":"Optus","RFNSA ID":835001,"Latitude":-12.482608,"Longitude":null,"New in 2026":"N","3G":"N","4G":"Y","5G":"N","Co-funded":"N","ABS Remoteness Area":"Outer Regional Australia"},"geometry":{"type":"Point","coordinates":[131.0739,-12.482608]}},{"type":"Feature","properties":{"MNO/Optus-TPG MOCN":"Optus","RFNSA ID":835002,"Latitude":-12.500142,"Longitude":null,"New in 2026":"N","3G":"N","4G":"Y","5G":"N","Co-funded":"N","ABS Remoteness Area":"Outer Regional Australia"},"geometry":{"type":"Point","coordinates":[131.032313,-12.500142]}},{"type":"Feature","properties":{"MNO/Optus-TPG MOCN":"Optus","RFNSA ID":835005,"Latitude":-12.526889,"Longitude":null,"New in 2026":"N","3G":"N","4G":"Y","5G":"N","Co-funded":"N","ABS Remoteness Area":"Outer Regional Australia"},"geometry":{"type":"Point","coordinates":[131.072669,-12.526889]}},{"type":"Feature","properties":{"MNO/Optus-TPG MOCN":"Optus","RFNSA ID":835006,"Latitude":-12.529221,"Longitude":null,"New in 2026":"N","3G":"N","4G":"Y","5G":"N","Co-funded":"N","ABS Remoteness Area":"Outer Regional Australia"},"geometry":{"type":"Point","coordinates":[131.048026,-12.529221]}},{"type":"Feature","properties":{"MNO/Optus-TPG MOCN":"Optus","RFNSA ID":835007,"Latitude":-12.4956,"Longitude":null,"New in 2026":"N","3G":"N","4G":"Y","5G":"N","Co-funded":"N","ABS Remoteness Area":"Outer Regional Australia"},"geometry":{"type":"Point","coordinates":[131.016707,-12.4956]}},{"type":"Feature","properties":{"MNO/Optus-TPG MOCN":"Optus","RFNSA ID":835012,"Latitude":-12.4558,"Longitude":null,"New in 2026":"N","3G":"N","4G":"Y","5G":"N","Co-funded":"N","ABS Remoteness Area":"Outer Regional Australia"},"geometry":{"type":"Point","coordinates":[131.03407,-12.4558]}},{"type":"Feature","properties":{"MNO/Optus-TPG MOCN":"Optus","RFNSA ID":835013,"Latitude":-12.467246,"Longitude":null,"New in 2026":"N","3G":"N","4G":"Y","5G":"Y","Co-funded":"N","ABS Remoteness Area":"Outer Regional Australia"},"geometry":{"type":"Point","coordinates":[131.081784,-12.467246]}},{"type":"Feature","properties":{"MNO/Optus-TPG MOCN":"Optus","RFNSA ID":836001,"Latitude":-12.569443,"Longitude":null,"New in 2026":"N","3G":"N","4G":"Y","5G":"N","Co-funded":"N","ABS Remoteness Area":"Outer Regional Australia"},"geometry":{"type":"Point","coordinates":[131.098912,-12.569443]}},{"type":"Feature","properties":{"MNO/Optus-TPG MOCN":"Optus","RFNSA ID":836002,"Latitude":-12.55416,"Longitude":null,"New in 2026":"N","3G":"N","4G":"Y","5G":"N","Co-funded":"N","ABS Remoteness Area":"Outer Regional Australia"},"geometry":{"type":"Point","coordinates":[131.151074,-12.55416]}},{"type":"Feature","properties":{"MNO/Optus-TPG MOCN":"Optus","RFNSA ID":836004,"Latitude":-12.613242,"Longitude":null,"New in 2026":"N","3G":"N","4G":"Y","5G":"N","Co-funded":"N","ABS Remoteness Area":"Outer Regional Australia"},"geometry":{"type":"Point","coordinates":[131.151753,-12.613242]}},{"type":"Feature","properties":{"MNO/Optus-TPG MOCN":"Optus","RFNSA ID":836005,"Latitude":-12.5922,"Longitude":null,"New in 2026":"N","3G":"N","4G":"Y","5G":"Y","Co-funded":"N","ABS Remoteness Area":"Outer Regional Australia"},"geometry":{"type":"Point","coordinates":[131.146,-12.5922]}},{"type":"Feature","properties":{"MNO/Optus-TPG MOCN":"Optus","RFNSA ID":836007,"Latitude":-12.52854,"Longitude":null,"New in 2026":"N","3G":"N","4G":"Y","5G":"Y","Co-funded":"N","ABS Remoteness Area":"Outer Regional Australia"},"geometry":{"type":"Point","coordinates":[131.15516,-12.52854]}},{"type":"Feature","properties":{"MNO/Optus-TPG MOCN":"Optus","RFNSA ID":837006,"Latitude":-12.64239,"Longitude":null,"New in 2026":"N","3G":"N","4G":"Y","5G":"N","Co-funded":"N","ABS Remoteness Area":"Outer Regional Australia"},"geometry":{"type":"Point","coordinates":[131.099634,-12.64239]}},{"type":"Feature","properties":{"MNO/Optus-TPG MOCN":"Optus","RFNSA ID":838003,"Latitude":-12.69951362,"Longitude":null,"New in 2026":"N","3G":"N","4G":"Y","5G":"N","Co-funded":"N","ABS Remoteness Area":"Outer Regional Australia"},"geometry":{"type":"Point","coordinates":[131.0135755,-12.69951362]}},{"type":"Feature","properties":{"MNO/Optus-TPG MOCN":"Optus","RFNSA ID":845003,"Latitude":-13.049667,"Longitude":null,"New in 2026":"N","3G":"N","4G":"Y","5G":"N","Co-funded":"N","ABS Remoteness Area":"Remote Australia"},"geometry":{"type":"Point","coordinates":[131.04488,-13.049667]}},{"type":"Feature","properties":{"MNO/Optus-TPG MOCN":"Optus","RFNSA ID":846002,"Latitude":-13.2445411,"Longitude":null,"New in 2026":"N","3G":"N","4G":"Y","5G":"N","Co-funded":"N","ABS Remoteness Area":"Remote Australia"},"geometry":{"type":"Point","coordinates":[131.1091369,-13.2445411]}},{"type":"Feature","properties":{"MNO/Optus-TPG MOCN":"Optus","RFNSA ID":850003,"Latitude":-14.44632,"Longitude":null,"New in 2026":"N","3G":"N","4G":"Y","5G":"Y","Co-funded":"N","ABS Remoteness Area":"Remote Australia"},"geometry":{"type":"Point","coordinates":[132.2954,-14.44632]}},{"type":"Feature","properties":{"MNO/Optus-TPG MOCN":"Optus","RFNSA ID":850012,"Latitude":-14.465153,"Longitude":null,"New in 2026":"N","3G":"N","4G":"Y","5G":"N","Co-funded":"N","ABS Remoteness Area":"Remote Australia"},"geometry":{"type":"Point","coordinates":[132.262424,-14.465153]}},{"type":"Feature","properties":{"MNO/Optus-TPG MOCN":"Optus","RFNSA ID":850018,"Latitude":-14.52033,"Longitude":null,"New in 2026":"N","3G":"N","4G":"Y","5G":"N","Co-funded":"N","ABS Remoteness Area":"Remote Australia"},"geometry":{"type":"Point","coordinates":[132.16011,-14.52033]}},{"type":"Feature","properties":{"MNO/Optus-TPG MOCN":"Optus","RFNSA ID":852087,"Latitude":-14.342,"Longitude":null,"New in 2026":"N","3G":"N","4G":"Y","5G":"Y","Co-funded":"N","ABS Remoteness Area":"Remote Australia"},"geometry":{"type":"Point","coordinates":[132.12761,-14.342]}},{"type":"Feature","properties":{"MNO/Optus-TPG MOCN":"Optus","RFNSA ID":852089,"Latitude":-16.6834,"Longitude":null,"New in 2026":"N","3G":"Y","4G":"N","5G":"N","Co-funded":"Y","ABS Remoteness Area":"Very Remote Australia"},"geometry":{"type":"Point","coordinates":[135.7265,-16.6834]}},{"type":"Feature","properties":{"MNO/Optus-TPG MOCN":"Optus","RFNSA ID":852094,"Latitude":-16.30749,"Longitude":null,"New in 2026":"N","3G":"Y","4G":"N","5G":"N","Co-funded":"N","ABS Remoteness Area":"Very Remote Australia"},"geometry":{"type":"Point","coordinates":[133.38556,-16.30749]}},{"type":"Feature","properties":{"MNO/Optus-TPG MOCN":"Optus","RFNSA ID":852095,"Latitude":-19.4368,"Longitude":null,"New in 2026":"N","3G":"Y","4G":"Y","5G":"N","Co-funded":"N","ABS Remoteness Area":"Very Remote Australia"},"geometry":{"type":"Point","coordinates":[134.20825,-19.4368]}},{"type":"Feature","properties":{"MNO/Optus-TPG MOCN":"Optus","RFNSA ID":852096,"Latitude":-14.91826,"Longitude":null,"New in 2026":"N","3G":"Y","4G":"N","5G":"N","Co-funded":"N","ABS Remoteness Area":"Very Remote Australia"},"geometry":{"type":"Point","coordinates":[133.06918,-14.91826]}},{"type":"Feature","properties":{"MNO/Optus-TPG MOCN":"Optus","RFNSA ID":852099,"Latitude":-15.6176,"Longitude":null,"New in 2026":"N","3G":"Y","4G":"N","5G":"N","Co-funded":"Y","ABS Remoteness Area":"Very Remote Australia"},"geometry":{"type":"Point","coordinates":[131.1289,-15.6176]}},{"type":"Feature","properties":{"MNO/Optus-TPG MOCN":"Optus","RFNSA ID":852100,"Latitude":-16.543287,"Longitude":null,"New in 2026":"N","3G":"Y","4G":"N","5G":"N","Co-funded":"N","ABS Remoteness Area":"Very Remote Australia"},"geometry":{"type":"Point","coordinates":[131.796673,-16.543287]}},{"type":"Feature","properties":{"MNO/Optus-TPG MOCN":"Optus","RFNSA ID":852103,"Latitude":-15.5742,"Longitude":null,"New in 2026":"N","3G":"Y","4G":"Y","5G":"N","Co-funded":"Y","ABS Remoteness Area":"Very Remote Australia"},"geometry":{"type":"Point","coordinates":[133.2149,-15.5742]}},{"type":"Feature","properties":{"MNO/Optus-TPG MOCN":"Optus","RFNSA ID":852104,"Latitude":-16.679644,"Longitude":null,"New in 2026":"N","3G":"Y","4G":"Y","5G":"N","Co-funded":"Y","ABS Remoteness Area":"Very Remote Australia"},"geometry":{"type":"Point","coordinates":[133.412643,-16.679644]}},{"type":"Feature","properties":{"MNO/Optus-TPG MOCN":"Optus","RFNSA ID":852107,"Latitude":-16.486946,"Longitude":null,"New in 2026":"N","3G":"Y","4G":"Y","5G":"N","Co-funded":"Y","ABS Remoteness Area":"Very Remote Australia"},"geometry":{"type":"Point","coordinates":[130.643636,-16.486946]}},{"type":"Feature","properties":{"MNO/Optus-TPG MOCN":"Optus","RFNSA ID":852111,"Latitude":-14.178461,"Longitude":null,"New in 2026":"N","3G":"Y","4G":"Y","5G":"N","Co-funded":"Y","ABS Remoteness Area":"Very Remote Australia"},"geometry":{"type":"Point","coordinates":[132.186257,-14.178461]}},{"type":"Feature","properties":{"MNO/Optus-TPG MOCN":"Optus","RFNSA ID":852112,"Latitude":-15.891071,"Longitude":null,"New in 2026":"N","3G":"Y","4G":"Y","5G":"N","Co-funded":"Y","ABS Remoteness Area":"Very Remote Australia"},"geometry":{"type":"Point","coordinates":[129.07229,-15.891071]}},{"type":"Feature","properties":{"MNO/Optus-TPG MOCN":"Optus","RFNSA ID":852113,"Latitude":-14.9541,"Longitude":null,"New in 2026":"N","3G":"Y","4G":"Y","5G":"N","Co-funded":"Y","ABS Remoteness Area":"Very Remote Australia"},"geometry":{"type":"Point","coordinates":[133.2204,-14.9541]}},{"type":"Feature","properties":{"MNO/Optus-TPG MOCN":"Optus","RFNSA ID":852121,"Latitude":-15.762983,"Longitude":null,"New in 2026":"N","3G":"Y","4G":"Y","5G":"N","Co-funded":"Y","ABS Remoteness Area":"Very Remote Australia"},"geometry":{"type":"Point","coordinates":[129.106028,-15.762983]}},{"type":"Feature","properties":{"MNO/Optus-TPG MOCN":"Optus","RFNSA ID":860007,"Latitude":-19.64497,"Longitude":null,"New in 2026":"N","3G":"N","4G":"Y","5G":"N","Co-funded":"N","ABS Remoteness Area":"Very Remote Australia"},"geometry":{"type":"Point","coordinates":[134.183655,-19.64497]}},{"type":"Feature","properties":{"MNO/Optus-TPG MOCN":"Optus","RFNSA ID":862040,"Latitude":-18.318584,"Longitude":null,"New in 2026":"N","3G":"Y","4G":"Y","5G":"N","Co-funded":"N","ABS Remoteness Area":"Very Remote Australia"},"geometry":{"type":"Point","coordinates":[133.795264,-18.318584]}},{"type":"Feature","properties":{"MNO/Optus-TPG MOCN":"Optus","RFNSA ID":862041,"Latitude":-19.71095,"Longitude":null,"New in 2026":"N","3G":"Y","4G":"N","5G":"N","Co-funded":"N","ABS Remoteness Area":"Very Remote Australia"},"geometry":{"type":"Point","coordinates":[135.82742,-19.71095]}},{"type":"Feature","properties":{"MNO/Optus-TPG MOCN":"Optus","RFNSA ID":862042,"Latitude":-17.55584,"Longitude":null,"New in 2026":"N","3G":"Y","4G":"N","5G":"N","Co-funded":"N","ABS Remoteness Area":"Very Remote Australia"},"geometry":{"type":"Point","coordinates":[133.54782,-17.55584]}},{"type":"Feature","properties":{"MNO/Optus-TPG MOCN":"Optus","RFNSA ID":870011,"Latitude":-22.64468,"Longitude":null,"New in 2026":"N","3G":"Y","4G":"N","5G":"N","Co-funded":"N","ABS Remoteness Area":"Very Remote Australia"},"geometry":{"type":"Point","coordinates":[133.34561,-22.64468]}},{"type":"Feature","properties":{"MNO/Optus-TPG MOCN":"Optus","RFNSA ID":870025,"Latitude":-23.801829,"Longitude":null,"New in 2026":"N","3G":"N","4G":"Y","5G":"N","Co-funded":"N","ABS Remoteness Area":"Remote Australia"},"geometry":{"type":"Point","coordinates":[133.903038,-23.801829]}},{"type":"Feature","properties":{"MNO/Optus-TPG MOCN":"Optus","RFNSA ID":870028,"Latitude":-23.69993,"Longitude":null,"New in 2026":"N","3G":"N","4G":"Y","5G":"Y","Co-funded":"N","ABS Remoteness Area":"Remote Australia"},"geometry":{"type":"Point","coordinates":[133.87918,-23.69993]}},{"type":"Feature","properties":{"MNO/Optus-TPG MOCN":"Optus","RFNSA ID":870030,"Latitude":-23.722549,"Longitude":null,"New in 2026":"N","3G":"N","4G":"Y","5G":"Y","Co-funded":"N","ABS Remoteness Area":"Remote Australia"},"geometry":{"type":"Point","coordinates":[133.857596,-23.722549]}},{"type":"Feature","properties":{"MNO/Optus-TPG MOCN":"Optus","RFNSA ID":870052,"Latitude":-23.66924,"Longitude":null,"New in 2026":"N","3G":"N","4G":"Y","5G":"Y","Co-funded":"N","ABS Remoteness Area":"Remote Australia"},"geometry":{"type":"Point","coordinates":[133.864338,-23.66924]}},{"type":"Feature","properties":{"MNO/Optus-TPG MOCN":"Optus","RFNSA ID":870061,"Latitude":-23.700055,"Longitude":null,"New in 2026":"N","3G":"N","4G":"Y","5G":"N","Co-funded":"N","ABS Remoteness Area":"Remote Australia"},"geometry":{"type":"Point","coordinates":[133.894595,-23.700055]}},{"type":"Feature","properties":{"MNO/Optus-TPG MOCN":"Optus","RFNSA ID":870064,"Latitude":-23.69695,"Longitude":null,"New in 2026":"N","3G":"N","4G":"Y","5G":"Y","Co-funded":"N","ABS Remoteness Area":"Remote Australia"},"geometry":{"type":"Point","coordinates":[133.84078,-23.69695]}},{"type":"Feature","properties":{"MNO/Optus-TPG MOCN":"Optus","RFNSA ID":872003,"Latitude":-25.242591,"Longitude":null,"New in 2026":"N","3G":"N","4G":"Y","5G":"Y","Co-funded":"N","ABS Remoteness Area":"Very Remote Australia"},"geometry":{"type":"Point","coordinates":[130.984035,-25.242591]}},{"type":"Feature","properties":{"MNO/Optus-TPG MOCN":"Optus","RFNSA ID":872132,"Latitude":-21.53135,"Longitude":null,"New in 2026":"N","3G":"Y","4G":"N","5G":"N","Co-funded":"N","ABS Remoteness Area":"Very Remote Australia"},"geometry":{"type":"Point","coordinates":[133.88937,-21.53135]}},{"type":"Feature","properties":{"MNO/Optus-TPG MOCN":"Optus","RFNSA ID":872133,"Latitude":-23.6322,"Longitude":null,"New in 2026":"N","3G":"Y","4G":"Y","5G":"N","Co-funded":"N","ABS Remoteness Area":"Very Remote Australia"},"geometry":{"type":"Point","coordinates":[132.7268,-23.6322]}},{"type":"Feature","properties":{"MNO/Optus-TPG MOCN":"Optus","RFNSA ID":872135,"Latitude":-22.13295,"Longitude":null,"New in 2026":"N","3G":"Y","4G":"Y","5G":"N","Co-funded":"N","ABS Remoteness Area":"Very Remote Australia"},"geometry":{"type":"Point","coordinates":[133.4167,-22.13295]}},{"type":"Feature","properties":{"MNO/Optus-TPG MOCN":"Optus","RFNSA ID":872136,"Latitude":-25.19756,"Longitude":null,"New in 2026":"N","3G":"Y","4G":"Y","5G":"N","Co-funded":"N","ABS Remoteness Area":"Very Remote Australia"},"geometry":{"type":"Point","coordinates":[133.20079,-25.19756]}},{"type":"Feature","properties":{"MNO/Optus-TPG MOCN":"Optus","RFNSA ID":872137,"Latitude":-25.31398,"Longitude":null,"New in 2026":"N","3G":"Y","4G":"Y","5G":"N","Co-funded":"N","ABS Remoteness Area":"Very Remote Australia"},"geometry":{"type":"Point","coordinates":[131.756811,-25.31398]}},{"type":"Feature","properties":{"MNO/Optus-TPG MOCN":"Optus","RFNSA ID":872140,"Latitude":-25.8395,"Longitude":null,"New in 2026":"N","3G":"Y","4G":"N","5G":"N","Co-funded":"N","ABS Remoteness Area":"Very Remote Australia"},"geometry":{"type":"Point","coordinates":[133.2997,-25.8395]}},{"type":"Feature","properties":{"MNO/Optus-TPG MOCN":"Optus","RFNSA ID":872142,"Latitude":-23.6852,"Longitude":null,"New in 2026":"N","3G":"Y","4G":"Y","5G":"N","Co-funded":"N","ABS Remoteness Area":"Very Remote Australia"},"geometry":{"type":"Point","coordinates":[132.6726,-23.6852]}},{"type":"Feature","properties":{"MNO/Optus-TPG MOCN":"Optus","RFNSA ID":872143,"Latitude":-20.6409,"Longitude":null,"New in 2026":"N","3G":"Y","4G":"N","5G":"N","Co-funded":"Y","ABS Remoteness Area":"Very Remote Australia"},"geometry":{"type":"Point","coordinates":[134.2227,-20.6409]}},{"type":"Feature","properties":{"MNO/Optus-TPG MOCN":"Optus","RFNSA ID":872144,"Latitude":-24.4053,"Longitude":null,"New in 2026":"N","3G":"Y","4G":"Y","5G":"N","Co-funded":"Y","ABS Remoteness Area":"Very Remote Australia"},"geometry":{"type":"Point","coordinates":[131.8179,-24.4053]}},{"type":"Feature","properties":{"MNO/Optus-TPG MOCN":"Optus","RFNSA ID":872145,"Latitude":-24.34009,"Longitude":null,"New in 2026":"N","3G":"Y","4G":"N","5G":"N","Co-funded":"Y","ABS Remoteness Area":"Remote Australia"},"geometry":{"type":"Point","coordinates":[133.45876,-24.34009]}},{"type":"Feature","properties":{"MNO/Optus-TPG MOCN":"Optus","RFNSA ID":872146,"Latitude":-24.251,"Longitude":null,"New in 2026":"N","3G":"Y","4G":"Y","5G":"N","Co-funded":"Y","ABS Remoteness Area":"Very Remote Australia"},"geometry":{"type":"Point","coordinates":[131.5116,-24.251]}},{"type":"Feature","properties":{"MNO/Optus-TPG MOCN":"Optus","RFNSA ID":872147,"Latitude":-22.96838,"Longitude":null,"New in 2026":"N","3G":"Y","4G":"N","5G":"N","Co-funded":"Y","ABS Remoteness Area":"Very Remote Australia"},"geometry":{"type":"Point","coordinates":[134.24121,-22.96838]}},{"type":"Feature","properties":{"MNO/Optus-TPG MOCN":"Optus","RFNSA ID":872149,"Latitude":-23.5959,"Longitude":null,"New in 2026":"N","3G":"Y","4G":"N","5G":"N","Co-funded":"N","ABS Remoteness Area":"Remote Australia"},"geometry":{"type":"Point","coordinates":[134.4883,-23.5959]}},{"type":"Feature","properties":{"MNO/Optus-TPG MOCN":"Optus","RFNSA ID":872155,"Latitude":-25.191336,"Longitude":null,"New in 2026":"N","3G":"N","4G":"Y","5G":"Y","Co-funded":"N","ABS Remoteness Area":"Very Remote Australia"},"geometry":{"type":"Point","coordinates":[130.976089,-25.191336]}},{"type":"Feature","properties":{"MNO/Optus-TPG MOCN":"Optus","RFNSA ID":872161,"Latitude":-22.2742,"Longitude":null,"New in 2026":"N","3G":"Y","4G":"Y","5G":"N","Co-funded":"Y","ABS Remoteness Area":"Very Remote Australia"},"geometry":{"type":"Point","coordinates":[137.97409,-22.2742]}},{"type":"Feature","properties":{"MNO/Optus-TPG MOCN":"Optus","RFNSA ID":872169,"Latitude":-23.7882,"Longitude":null,"New in 2026":"N","3G":"Y","4G":"Y","5G":"N","Co-funded":"Y","ABS Remoteness Area":"Very Remote Australia"},"geometry":{"type":"Point","coordinates":[133.0742,-23.7882]}},{"type":"Feature","properties":{"MNO/Optus-TPG MOCN":"Optus","RFNSA ID":872185,"Latitude":-23.5224,"Longitude":null,"New in 2026":"N","3G":"Y","4G":"Y","5G":"N","Co-funded":"Y","ABS Remoteness Area":"Very Remote Australia"},"geometry":{"type":"Point","coordinates":[134.39741,-23.5224]}},{"type":"Feature","properties":{"MNO/Optus-TPG MOCN":"Optus","RFNSA ID":872186,"Latitude":-24.862581,"Longitude":null,"New in 2026":"N","3G":"Y","4G":"Y","5G":"N","Co-funded":"Y","ABS Remoteness Area":"Remote Australia"},"geometry":{"type":"Point","coordinates":[133.81455,-24.862581]}},{"type":"Feature","properties":{"MNO/Optus-TPG MOCN":"Optus","RFNSA ID":872187,"Latitude":-20.5558,"Longitude":null,"New in 2026":"N","3G":"Y","4G":"Y","5G":"N","Co-funded":"Y","ABS Remoteness Area":"Very Remote Australia"},"geometry":{"type":"Point","coordinates":[134.2694,-20.5558]}},{"type":"Feature","properties":{"MNO/Optus-TPG MOCN":"Optus","RFNSA ID":872188,"Latitude":-23.45604,"Longitude":null,"New in 2026":"N","3G":"Y","4G":"Y","5G":"N","Co-funded":"Y","ABS Remoteness Area":"Very Remote Australia"},"geometry":{"type":"Point","coordinates":[134.68709,-23.45604]}},{"type":"Feature","properties":{"MNO/Optus-TPG MOCN":"Optus","RFNSA ID":872189,"Latitude":-24.056241,"Longitude":null,"New in 2026":"N","3G":"Y","4G":"Y","5G":"N","Co-funded":"Y","ABS Remoteness Area":"Very Remote Australia"},"geometry":{"type":"Point","coordinates":[132.739943,-24.056241]}},{"type":"Feature","properties":{"MNO/Optus-TPG MOCN":"Optus","RFNSA ID":872191,"Latitude":-23.5863,"Longitude":null,"New in 2026":"N","3G":"Y","4G":"Y","5G":"N","Co-funded":"Y","ABS Remoteness Area":"Very Remote Australia"},"geometry":{"type":"Point","coordinates":[132.51367,-23.5863]}},{"type":"Feature","properties":{"MNO/Optus-TPG MOCN":"Optus","RFNSA ID":872192,"Latitude":-24.321417,"Longitude":null,"New in 2026":"N","3G":"Y","4G":"Y","5G":"N","Co-funded":"Y","ABS Remoteness Area":"Remote Australia"},"geometry":{"type":"Point","coordinates":[133.633583,-24.321417]}},{"type":"Feature","properties":{"MNO/Optus-TPG MOCN":"Optus","RFNSA ID":880003,"Latitude":-12.181375,"Longitude":null,"New in 2026":"N","3G":"N","4G":"Y","5G":"N","Co-funded":"N","ABS Remoteness Area":"Very Remote Australia"},"geometry":{"type":"Point","coordinates":[136.776877,-12.181375]}},{"type":"Feature","properties":{"MNO/Optus-TPG MOCN":"Optus","RFNSA ID":886001,"Latitude":-12.669492,"Longitude":null,"New in 2026":"N","3G":"N","4G":"Y","5G":"N","Co-funded":"N","ABS Remoteness Area":"Remote Australia"},"geometry":{"type":"Point","coordinates":[132.834471,-12.669492]}},{"type":"Feature","properties":{"MNO/Optus-TPG MOCN":"Optus","RFNSA ID":4482006,"Latitude":-25.89663853,"Longitude":null,"New in 2026":"N","3G":"N","4G":"Y","5G":"Y","Co-funded":"N","ABS Remoteness Area":"Very Remote Australia"},"geometry":{"type":"Point","coordinates":[139.3522697,-25.89663853]}},{"type":"Feature","properties":{"MNO/Optus-TPG MOCN":"Optus","RFNSA ID":4823004,"Latitude":-20.65237,"Longitude":null,"New in 2026":"N","3G":"N","4G":"Y","5G":"N","Co-funded":"N","ABS Remoteness Area":"Very Remote Australia"},"geometry":{"type":"Point","coordinates":[141.73946,-20.65237]}},{"type":"Feature","properties":{"MNO/Optus-TPG MOCN":"Optus","RFNSA ID":4824002,"Latitude":-20.503372,"Longitude":null,"New in 2026":"N","3G":"N","4G":"Y","5G":"N","Co-funded":"N","ABS Remoteness Area":"Very Remote Australia"},"geometry":{"type":"Point","coordinates":[140.656207,-20.503372]}},{"type":"Feature","properties":{"MNO/Optus-TPG MOCN":"Optus","RFNSA ID":4824005,"Latitude":-20.63505,"Longitude":null,"New in 2026":"N","3G":"N","4G":"Y","5G":"N","Co-funded":"N","ABS Remoteness Area":"Very Remote Australia"},"geometry":{"type":"Point","coordinates":[141.00624,-20.63505]}},{"type":"Feature","properties":{"MNO/Optus-TPG MOCN":"Optus","RFNSA ID":4824023,"Latitude":-20.72176,"Longitude":null,"New in 2026":"N","3G":"N","4G":"Y","5G":"Y","Co-funded":"N","ABS Remoteness Area":"Very Remote Australia"},"geometry":{"type":"Point","coordinates":[140.537957,-20.72176]}},{"type":"Feature","properties":{"MNO/Optus-TPG MOCN":"Optus","RFNSA ID":4824024,"Latitude":-20.44265,"Longitude":null,"New in 2026":"N","3G":"N","4G":"Y","5G":"N","Co-funded":"N","ABS Remoteness Area":"Very Remote Australia"},"geometry":{"type":"Point","coordinates":[140.71727,-20.44265]}},{"type":"Feature","properties":{"MNO/Optus-TPG MOCN":"Optus","RFNSA ID":4825005,"Latitude":-20.707895,"Longitude":null,"New in 2026":"N","3G":"N","4G":"Y","5G":"Y","Co-funded":"N","ABS Remoteness Area":"Remote Australia"},"geometry":{"type":"Point","coordinates":[139.517134,-20.707895]}},{"type":"Feature","properties":{"MNO/Optus-TPG MOCN":"Optus","RFNSA ID":4825007,"Latitude":-20.567838,"Longitude":null,"New in 2026":"N","3G":"N","4G":"Y","5G":"N","Co-funded":"N","ABS Remoteness Area":"Very Remote Australia"},"geometry":{"type":"Point","coordinates":[139.479903,-20.567838]}},{"type":"Feature","properties":{"MNO/Optus-TPG MOCN":"Optus","RFNSA ID":4825022,"Latitude":-20.725812,"Longitude":null,"New in 2026":"N","3G":"N","4G":"Y","5G":"N","Co-funded":"N","ABS Remoteness Area":"Remote Australia"},"geometry":{"type":"Point","coordinates":[139.481809,-20.725812]}},{"type":"Feature","properties":{"MNO/Optus-TPG MOCN":"Optus","RFNSA ID":4825027,"Latitude":-20.73463,"Longitude":null,"New in 2026":"N","3G":"N","4G":"Y","5G":"N","Co-funded":"N","ABS Remoteness Area":"Remote Australia"},"geometry":{"type":"Point","coordinates":[139.5125,-20.73463]}},{"type":"Feature","properties":{"MNO/Optus-TPG MOCN":"Optus","RFNSA ID":4825033,"Latitude":-20.69814,"Longitude":null,"New in 2026":"N","3G":"N","4G":"Y","5G":"Y","Co-funded":"N","ABS Remoteness Area":"Remote Australia"},"geometry":{"type":"Point","coordinates":[139.49585,-20.69814]}},{"type":"Feature","properties":{"MNO/Optus-TPG MOCN":"Optus","RFNSA ID":4825035,"Latitude":-18.69084,"Longitude":null,"New in 2026":"N","3G":"Y","4G":"N","5G":"N","Co-funded":"Y","ABS Remoteness Area":"Very Remote Australia"},"geometry":{"type":"Point","coordinates":[138.53096,-18.69084]}},{"type":"Feature","properties":{"MNO/Optus-TPG MOCN":"Optus","RFNSA ID":4828012,"Latitude":-19.9217,"Longitude":null,"New in 2026":"N","3G":"Y","4G":"N","5G":"N","Co-funded":"N","ABS Remoteness Area":"Very Remote Australia"},"geometry":{"type":"Point","coordinates":[138.1195,-19.9217]}},{"type":"Feature","properties":{"MNO/Optus-TPG MOCN":"Optus","RFNSA ID":4874014,"Latitude":-12.6644,"Longitude":null,"New in 2026":"N","3G":"N","4G":"Y","5G":"N","Co-funded":"N","ABS Remoteness Area":"Very Remote Australia"},"geometry":{"type":"Point","coordinates":[141.869,-12.6644]}},{"type":"Feature","properties":{"MNO/Optus-TPG MOCN":"Optus","RFNSA ID":4890012,"Latitude":-17.670574,"Longitude":null,"New in 2026":"N","3G":"N","4G":"Y","5G":"N","Co-funded":"N","ABS Remoteness Area":"Very Remote Australia"},"geometry":{"type":"Point","coordinates":[141.076723,-17.670574]}},{"type":"Feature","properties":{"MNO/Optus-TPG MOCN":"Optus","RFNSA ID":5690027,"Latitude":-29.40295,"Longitude":null,"New in 2026":"N","3G":"Y","4G":"N","5G":"N","Co-funded":"N","ABS Remoteness Area":"Very Remote Australia"},"geometry":{"type":"Point","coordinates":[130.73882,-29.40295]}},{"type":"Feature","properties":{"MNO/Optus-TPG MOCN":"Optus","RFNSA ID":5720007,"Latitude":-29.4,"Longitude":null,"New in 2026":"N","3G":"Y","4G":"N","5G":"N","Co-funded":"Y","ABS Remoteness Area":"Very Remote Australia"},"geometry":{"type":"Point","coordinates":[136.8119,-29.4]}},{"type":"Feature","properties":{"MNO/Optus-TPG MOCN":"Optus","RFNSA ID":5723003,"Latitude":-29.01576437,"Longitude":null,"New in 2026":"N","3G":"N","4G":"Y","5G":"N","Co-funded":"N","ABS Remoteness Area":"Very Remote Australia"},"geometry":{"type":"Point","coordinates":[134.7541399,-29.01576437]}},{"type":"Feature","properties":{"MNO/Optus-TPG MOCN":"Optus","RFNSA ID":5723008,"Latitude":-28.90743,"Longitude":null,"New in 2026":"N","3G":"Y","4G":"Y","5G":"N","Co-funded":"Y","ABS Remoteness Area":"Very Remote Australia"},"geometry":{"type":"Point","coordinates":[136.33997,-28.90743]}},{"type":"Feature","properties":{"MNO/Optus-TPG MOCN":"Optus","RFNSA ID":5723009,"Latitude":-27.9047,"Longitude":null,"New in 2026":"N","3G":"Y","4G":"Y","5G":"N","Co-funded":"N","ABS Remoteness Area":"Very Remote Australia"},"geometry":{"type":"Point","coordinates":[134.0564,-27.9047]}},{"type":"Feature","properties":{"MNO/Optus-TPG MOCN":"Optus","RFNSA ID":5724016,"Latitude":-27.3018,"Longitude":null,"New in 2026":"N","3G":"Y","4G":"N","5G":"N","Co-funded":"N","ABS Remoteness Area":"Very Remote Australia"},"geometry":{"type":"Point","coordinates":[133.6228,-27.3018]}},{"type":"Feature","properties":{"MNO/Optus-TPG MOCN":"Optus","RFNSA ID":5731017,"Latitude":-27.74691,"Longitude":null,"New in 2026":"N","3G":"Y","4G":"N","5G":"N","Co-funded":"Y","ABS Remoteness Area":"Very Remote Australia"},"geometry":{"type":"Point","coordinates":[140.73775,-27.74691]}},{"type":"Feature","properties":{"MNO/Optus-TPG MOCN":"Optus","RFNSA ID":5733014,"Latitude":-28.01929,"Longitude":null,"New in 2026":"N","3G":"Y","4G":"N","5G":"N","Co-funded":"N","ABS Remoteness Area":"Very Remote Australia"},"geometry":{"type":"Point","coordinates":[138.66388,-28.01929]}},{"type":"Feature","properties":{"MNO/Optus-TPG MOCN":"Optus","RFNSA ID":5733015,"Latitude":-29.6487,"Longitude":null,"New in 2026":"N","3G":"Y","4G":"Y","5G":"N","Co-funded":"Y","ABS Remoteness Area":"Very Remote Australia"},"geometry":{"type":"Point","coordinates":[138.063,-29.6487]}},{"type":"Feature","properties":{"MNO/Optus-TPG MOCN":"Optus","RFNSA ID":5734007,"Latitude":-27.54901,"Longitude":null,"New in 2026":"N","3G":"Y","4G":"Y","5G":"N","Co-funded":"N","ABS Remoteness Area":"Very Remote Australia"},"geometry":{"type":"Point","coordinates":[135.44798,-27.54901]}},{"type":"Feature","properties":{"MNO/Optus-TPG MOCN":"Optus","RFNSA ID":6431009,"Latitude":-29.33977,"Longitude":null,"New in 2026":"N","3G":"Y","4G":"Y","5G":"N","Co-funded":"Y","ABS Remoteness Area":"Very Remote Australia"},"geometry":{"type":"Point","coordinates":[127.09705,-29.33977]}},{"type":"Feature","properties":{"MNO/Optus-TPG MOCN":"Optus","RFNSA ID":6440022,"Latitude":-28.3513,"Longitude":null,"New in 2026":"N","3G":"Y","4G":"Y","5G":"N","Co-funded":"Y","ABS Remoteness Area":"Very Remote Australia"},"geometry":{"type":"Point","coordinates":[127.5162,-28.3513]}},{"type":"Feature","properties":{"MNO/Optus-TPG MOCN":"Optus","RFNSA ID":6728030,"Latitude":-17.1497,"Longitude":null,"New in 2026":"N","3G":"Y","4G":"Y","5G":"N","Co-funded":"Y","ABS Remoteness Area":"Very Remote Australia"},"geometry":{"type":"Point","coordinates":[125.4603,-17.1497]}},{"type":"Feature","properties":{"MNO/Optus-TPG MOCN":"Optus","RFNSA ID":6728040,"Latitude":-17.066713,"Longitude":null,"New in 2026":"N","3G":"Y","4G":"Y","5G":"N","Co-funded":"Y","ABS Remoteness Area":"Very Remote Australia"},"geometry":{"type":"Point","coordinates":[125.24912,-17.066713]}},{"type":"Feature","properties":{"MNO/Optus-TPG MOCN":"Optus","RFNSA ID":6740001,"Latitude":-15.463544,"Longitude":null,"New in 2026":"N","3G":"N","4G":"Y","5G":"N","Co-funded":"N","ABS Remoteness Area":"Very Remote Australia"},"geometry":{"type":"Point","coordinates":[128.103836,-15.463544]}},{"type":"Feature","properties":{"MNO/Optus-TPG MOCN":"Optus","RFNSA ID":6740016,"Latitude":-14.2929,"Longitude":null,"New in 2026":"N","3G":"Y","4G":"Y","5G":"N","Co-funded":"Y","ABS Remoteness Area":"Very Remote Australia"},"geometry":{"type":"Point","coordinates":[126.6445,-14.2929]}},{"type":"Feature","properties":{"MNO/Optus-TPG MOCN":"Optus","RFNSA ID":6743002,"Latitude":-15.76315,"Longitude":null,"New in 2026":"N","3G":"N","4G":"Y","5G":"N","Co-funded":"N","ABS Remoteness Area":"Very Remote Australia"},"geometry":{"type":"Point","coordinates":[128.740534,-15.76315]}},{"type":"Feature","properties":{"MNO/Optus-TPG MOCN":"Optus","RFNSA ID":6743036,"Latitude":-16.008104,"Longitude":null,"New in 2026":"N","3G":"Y","4G":"Y","5G":"N","Co-funded":"Y","ABS Remoteness Area":"Very Remote Australia"},"geometry":{"type":"Point","coordinates":[127.980702,-16.008104]}},{"type":"Feature","properties":{"MNO/Optus-TPG MOCN":"Optus","RFNSA ID":6743038,"Latitude":-15.7228,"Longitude":null,"New in 2026":"N","3G":"Y","4G":"Y","5G":"N","Co-funded":"Y","ABS Remoteness Area":"Very Remote Australia"},"geometry":{"type":"Point","coordinates":[127.83,-15.7228]}},{"type":"Feature","properties":{"MNO/Optus-TPG MOCN":"Optus","RFNSA ID":6743039,"Latitude":-15.907333,"Longitude":null,"New in 2026":"N","3G":"Y","4G":"Y","5G":"N","Co-funded":"Y","ABS Remoteness Area":"Very Remote Australia"},"geometry":{"type":"Point","coordinates":[128.128346,-15.907333]}},{"type":"Feature","properties":{"MNO/Optus-TPG MOCN":"Optus","RFNSA ID":6743040,"Latitude":-15.95753,"Longitude":null,"New in 2026":"N","3G":"Y","4G":"Y","5G":"N","Co-funded":"Y","ABS Remoteness Area":"Very Remote Australia"},"geometry":{"type":"Point","coordinates":[127.06277,-15.95753]}},{"type":"Feature","properties":{"MNO/Optus-TPG MOCN":"Optus","RFNSA ID":6743044,"Latitude":-16.42668,"Longitude":null,"New in 2026":"N","3G":"Y","4G":"Y","5G":"N","Co-funded":"Y","ABS Remoteness Area":"Very Remote Australia"},"geometry":{"type":"Point","coordinates":[126.43227,-16.42668]}},{"type":"Feature","properties":{"MNO/Optus-TPG MOCN":"Optus","RFNSA ID":6770027,"Latitude":-17.4207,"Longitude":null,"New in 2026":"N","3G":"Y","4G":"Y","5G":"N","Co-funded":"Y","ABS Remoteness Area":"Very Remote Australia"},"geometry":{"type":"Point","coordinates":[128.299909,-17.4207]}},{"type":"Feature","properties":{"MNO/Optus-TPG MOCN":"Optus","RFNSA ID":6770028,"Latitude":-17.53006,"Longitude":null,"New in 2026":"N","3G":"Y","4G":"Y","5G":"N","Co-funded":"Y","ABS Remoteness Area":"Very Remote Australia"},"geometry":{"type":"Point","coordinates":[128.30727,-17.53006]}},{"type":"Feature","properties":{"MNO/Optus-TPG MOCN":"Optus","RFNSA ID":6770029,"Latitude":-19.55522,"Longitude":null,"New in 2026":"N","3G":"Y","4G":"Y","5G":"N","Co-funded":"Y","ABS Remoteness Area":"Very Remote Australia"},"geometry":{"type":"Point","coordinates":[127.66057,-19.55522]}},{"type":"Feature","properties":{"MNO/Optus-TPG MOCN":"Optus","RFNSA ID":6770030,"Latitude":-17.38659,"Longitude":null,"New in 2026":"N","3G":"Y","4G":"Y","5G":"N","Co-funded":"Y","ABS Remoteness Area":"Very Remote Australia"},"geometry":{"type":"Point","coordinates":[128.33025,-17.38659]}},{"type":"Feature","properties":{"MNO/Optus-TPG MOCN":"Telstra","RFNSA ID":800002,"Latitude":-12.465,"Longitude":null,"New in 2026":"N","3G":"N","4G":"Y","5G":"Y","Co-funded":"N","ABS Remoteness Area":"Outer Regional Australia"},"geometry":{"type":"Point","coordinates":[130.8425,-12.465]}},{"type":"Feature","properties":{"MNO/Optus-TPG MOCN":"Telstra","RFNSA ID":800004,"Latitude":-12.46,"Longitude":null,"New in 2026":"N","3G":"N","4G":"Y","5G":"Y","Co-funded":"N","ABS Remoteness Area":"Outer Regional Australia"},"geometry":{"type":"Point","coordinates":[130.83528,-12.46]}},{"type":"Feature","properties":{"MNO/Optus-TPG MOCN":"Telstra","RFNSA ID":800005,"Latitude":-12.459874,"Longitude":null,"New in 2026":"N","3G":"N","4G":"Y","5G":"Y","Co-funded":"N","ABS Remoteness Area":"Outer Regional Australia"},"geometry":{"type":"Point","coordinates":[130.84065,-12.459874]}},{"type":"Feature","properties":{"MNO/Optus-TPG MOCN":"Telstra","RFNSA ID":800008,"Latitude":-12.4571,"Longitude":null,"New in 2026":"N","3G":"N","4G":"Y","5G":"Y","Co-funded":"N","ABS Remoteness Area":"Outer Regional Australia"},"geometry":{"type":"Point","coordinates":[130.84692,-12.4571]}},{"type":"Feature","properties":{"MNO/Optus-TPG MOCN":"Telstra","RFNSA ID":800018,"Latitude":-12.47093,"Longitude":null,"New in 2026":"N","3G":"N","4G":"Y","5G":"N","Co-funded":"N","ABS Remoteness Area":"Outer Regional Australia"},"geometry":{"type":"Point","coordinates":[130.84805,-12.47093]}},{"type":"Feature","properties":{"MNO/Optus-TPG MOCN":"Telstra","RFNSA ID":800019,"Latitude":-12.45444,"Longitude":null,"New in 2026":"N","3G":"N","4G":"Y","5G":"Y","Co-funded":"N","ABS Remoteness Area":"Outer Regional Australia"},"geometry":{"type":"Point","coordinates":[130.83708,-12.45444]}},{"type":"Feature","properties":{"MNO/Optus-TPG MOCN":"Telstra","RFNSA ID":800022,"Latitude":-12.46271,"Longitude":null,"New in 2026":"N","3G":"N","4G":"Y","5G":"N","Co-funded":"N","ABS Remoteness Area":"Outer Regional Australia"},"geometry":{"type":"Point","coordinates":[130.839056,-12.46271]}},{"type":"Feature","properties":{"MNO/Optus-TPG MOCN":"Telstra","RFNSA ID":800023,"Latitude":-12.44786,"Longitude":null,"New in 2026":"N","3G":"N","4G":"Y","5G":"N","Co-funded":"N","ABS Remoteness Area":"Outer Regional Australia"},"geometry":{"type":"Point","coordinates":[130.82997,-12.44786]}},{"type":"Feature","properties":{"MNO/Optus-TPG MOCN":"Telstra","RFNSA ID":800024,"Latitude":-12.466587,"Longitude":null,"New in 2026":"N","3G":"N","4G":"Y","5G":"N","Co-funded":"N","ABS Remoteness Area":"Outer Regional Australia"},"geometry":{"type":"Point","coordinates":[130.842861,-12.466587]}},{"type":"Feature","properties":{"MNO/Optus-TPG MOCN":"Telstra","RFNSA ID":800025,"Latitude":-12.46282,"Longitude":null,"New in 2026":"N","3G":"N","4G":"Y","5G":"Y","Co-funded":"N","ABS Remoteness Area":"Outer Regional Australia"},"geometry":{"type":"Point","coordinates":[130.843643,-12.46282]}},{"type":"Feature","properties":{"MNO/Optus-TPG MOCN":"Telstra","RFNSA ID":801003,"Latitude":-12.49862,"Longitude":null,"New in 2026":"N","3G":"N","4G":"Y","5G":"Y","Co-funded":"N","ABS Remoteness Area":"Outer Regional Australia"},"geometry":{"type":"Point","coordinates":[131.00359,-12.49862]}},{"type":"Feature","properties":{"MNO/Optus-TPG MOCN":"Telstra","RFNSA ID":810002,"Latitude":-12.35583,"Longitude":null,"New in 2026":"N","3G":"N","4G":"Y","5G":"Y","Co-funded":"N","ABS Remoteness Area":"Outer Regional Australia"},"geometry":{"type":"Point","coordinates":[130.88167,-12.35583]}},{"type":"Feature","properties":{"MNO/Optus-TPG MOCN":"Telstra","RFNSA ID":810004,"Latitude":-12.37306,"Longitude":null,"New in 2026":"N","3G":"N","4G":"Y","5G":"Y","Co-funded":"N","ABS Remoteness Area":"Outer Regional Australia"},"geometry":{"type":"Point","coordinates":[130.88194,-12.37306]}},{"type":"Feature","properties":{"MNO/Optus-TPG MOCN":"Telstra","RFNSA ID":810005,"Latitude":-12.38917,"Longitude":null,"New in 2026":"N","3G":"N","4G":"Y","5G":"Y","Co-funded":"N","ABS Remoteness Area":"Outer Regional Australia"},"geometry":{"type":"Point","coordinates":[130.84889,-12.38917]}},{"type":"Feature","properties":{"MNO/Optus-TPG MOCN":"Telstra","RFNSA ID":810006,"Latitude":-12.37389,"Longitude":null,"New in 2026":"N","3G":"N","4G":"Y","5G":"Y","Co-funded":"N","ABS Remoteness Area":"Outer Regional Australia"},"geometry":{"type":"Point","coordinates":[130.8675,-12.37389]}},{"type":"Feature","properties":{"MNO/Optus-TPG MOCN":"Telstra","RFNSA ID":810007,"Latitude":-12.3867,"Longitude":null,"New in 2026":"N","3G":"N","4G":"Y","5G":"Y","Co-funded":"N","ABS Remoteness Area":"Outer Regional Australia"},"geometry":{"type":"Point","coordinates":[130.885,-12.3867]}},{"type":"Feature","properties":{"MNO/Optus-TPG MOCN":"Telstra","RFNSA ID":810012,"Latitude":-12.3931063,"Longitude":null,"New in 2026":"N","3G":"N","4G":"Y","5G":"Y","Co-funded":"N","ABS Remoteness Area":"Outer Regional Australia"},"geometry":{"type":"Point","coordinates":[130.8693437,-12.3931063]}},{"type":"Feature","properties":{"MNO/Optus-TPG MOCN":"Telstra","RFNSA ID":810015,"Latitude":-12.34619,"Longitude":null,"New in 2026":"N","3G":"N","4G":"Y","5G":"N","Co-funded":"N","ABS Remoteness Area":"Outer Regional Australia"},"geometry":{"type":"Point","coordinates":[130.89142,-12.34619]}},{"type":"Feature","properties":{"MNO/Optus-TPG MOCN":"Telstra","RFNSA ID":810021,"Latitude":-12.39966,"Longitude":null,"New in 2026":"N","3G":"N","4G":"Y","5G":"Y","Co-funded":"N","ABS Remoteness Area":"Outer Regional Australia"},"geometry":{"type":"Point","coordinates":[130.85546,-12.39966]}},{"type":"Feature","properties":{"MNO/Optus-TPG MOCN":"Telstra","RFNSA ID":810023,"Latitude":-12.38696,"Longitude":null,"New in 2026":"N","3G":"N","4G":"Y","5G":"N","Co-funded":"N","ABS Remoteness Area":"Outer Regional Australia"},"geometry":{"type":"Point","coordinates":[130.86258,-12.38696]}},{"type":"Feature","properties":{"MNO/Optus-TPG MOCN":"Telstra","RFNSA ID":812002,"Latitude":-12.38594,"Longitude":null,"New in 2026":"N","3G":"N","4G":"Y","5G":"N","Co-funded":"N","ABS Remoteness Area":"Outer Regional Australia"},"geometry":{"type":"Point","coordinates":[130.912128,-12.38594]}},{"type":"Feature","properties":{"MNO/Optus-TPG MOCN":"Telstra","RFNSA ID":812003,"Latitude":-12.40139,"Longitude":null,"New in 2026":"N","3G":"N","4G":"Y","5G":"Y","Co-funded":"N","ABS Remoteness Area":"Outer Regional Australia"},"geometry":{"type":"Point","coordinates":[130.88639,-12.40139]}},{"type":"Feature","properties":{"MNO/Optus-TPG MOCN":"Telstra","RFNSA ID":812004,"Latitude":-12.415,"Longitude":null,"New in 2026":"N","3G":"N","4G":"Y","5G":"Y","Co-funded":"N","ABS Remoteness Area":"Outer Regional Australia"},"geometry":{"type":"Point","coordinates":[130.91917,-12.415]}},{"type":"Feature","properties":{"MNO/Optus-TPG MOCN":"Telstra","RFNSA ID":812005,"Latitude":-12.36998,"Longitude":null,"New in 2026":"N","3G":"N","4G":"Y","5G":"N","Co-funded":"N","ABS Remoteness Area":"Outer Regional Australia"},"geometry":{"type":"Point","coordinates":[130.90594,-12.36998]}},{"type":"Feature","properties":{"MNO/Optus-TPG MOCN":"Telstra","RFNSA ID":812009,"Latitude":-12.40046,"Longitude":null,"New in 2026":"N","3G":"N","4G":"Y","5G":"Y","Co-funded":"N","ABS Remoteness Area":"Outer Regional Australia"},"geometry":{"type":"Point","coordinates":[130.91551,-12.40046]}},{"type":"Feature","properties":{"MNO/Optus-TPG MOCN":"Telstra","RFNSA ID":812010,"Latitude":-12.38811,"Longitude":null,"New in 2026":"N","3G":"N","4G":"Y","5G":"N","Co-funded":"N","ABS Remoteness Area":"Outer Regional Australia"},"geometry":{"type":"Point","coordinates":[130.90257,-12.38811]}},{"type":"Feature","properties":{"MNO/Optus-TPG MOCN":"Telstra","RFNSA ID":812011,"Latitude":-12.37829,"Longitude":null,"New in 2026":"N","3G":"N","4G":"Y","5G":"N","Co-funded":"N","ABS Remoteness Area":"Outer Regional Australia"},"geometry":{"type":"Point","coordinates":[130.89615,-12.37829]}},{"type":"Feature","properties":{"MNO/Optus-TPG MOCN":"Telstra","RFNSA ID":820001,"Latitude":-12.42694,"Longitude":null,"New in 2026":"N","3G":"N","4G":"Y","5G":"N","Co-funded":"N","ABS Remoteness Area":"Outer Regional Australia"},"geometry":{"type":"Point","coordinates":[130.90139,-12.42694]}},{"type":"Feature","properties":{"MNO/Optus-TPG MOCN":"Telstra","RFNSA ID":820002,"Latitude":-12.4215,"Longitude":null,"New in 2026":"N","3G":"N","4G":"Y","5G":"Y","Co-funded":"N","ABS Remoteness Area":"Outer Regional Australia"},"geometry":{"type":"Point","coordinates":[130.84628,-12.4215]}},{"type":"Feature","properties":{"MNO/Optus-TPG MOCN":"Telstra","RFNSA ID":820003,"Latitude":-12.43333,"Longitude":null,"New in 2026":"N","3G":"N","4G":"Y","5G":"N","Co-funded":"N","ABS Remoteness Area":"Outer Regional Australia"},"geometry":{"type":"Point","coordinates":[130.85583,-12.43333]}},{"type":"Feature","properties":{"MNO/Optus-TPG MOCN":"Telstra","RFNSA ID":820006,"Latitude":-12.42583,"Longitude":null,"New in 2026":"N","3G":"N","4G":"Y","5G":"Y","Co-funded":"N","ABS Remoteness Area":"Outer Regional Australia"},"geometry":{"type":"Point","coordinates":[130.88194,-12.42583]}},{"type":"Feature","properties":{"MNO/Optus-TPG MOCN":"Telstra","RFNSA ID":820007,"Latitude":-12.43241,"Longitude":null,"New in 2026":"N","3G":"N","4G":"Y","5G":"N","Co-funded":"N","ABS Remoteness Area":"Outer Regional Australia"},"geometry":{"type":"Point","coordinates":[130.8417,-12.43241]}},{"type":"Feature","properties":{"MNO/Optus-TPG MOCN":"Telstra","RFNSA ID":820008,"Latitude":-12.45009,"Longitude":null,"New in 2026":"N","3G":"N","4G":"Y","5G":"N","Co-funded":"N","ABS Remoteness Area":"Outer Regional Australia"},"geometry":{"type":"Point","coordinates":[130.82535,-12.45009]}},{"type":"Feature","properties":{"MNO/Optus-TPG MOCN":"Telstra","RFNSA ID":820012,"Latitude":-12.44799,"Longitude":null,"New in 2026":"N","3G":"N","4G":"Y","5G":"Y","Co-funded":"N","ABS Remoteness Area":"Outer Regional Australia"},"geometry":{"type":"Point","coordinates":[130.83986,-12.44799]}},{"type":"Feature","properties":{"MNO/Optus-TPG MOCN":"Telstra","RFNSA ID":820016,"Latitude":-12.42757,"Longitude":null,"New in 2026":"N","3G":"N","4G":"Y","5G":"Y","Co-funded":"N","ABS Remoteness Area":"Outer Regional Australia"},"geometry":{"type":"Point","coordinates":[130.86289,-12.42757]}},{"type":"Feature","properties":{"MNO/Optus-TPG MOCN":"Telstra","RFNSA ID":820028,"Latitude":-12.43694,"Longitude":null,"New in 2026":"Y","3G":"N","4G":"Y","5G":"N","Co-funded":"N","ABS Remoteness Area":"Outer Regional Australia"},"geometry":{"type":"Point","coordinates":[130.84528,-12.43694]}},{"type":"Feature","properties":{"MNO/Optus-TPG MOCN":"Telstra","RFNSA ID":822001,"Latitude":-12.75917,"Longitude":null,"New in 2026":"N","3G":"N","4G":"Y","5G":"N","Co-funded":"N","ABS Remoteness Area":"Remote Australia"},"geometry":{"type":"Point","coordinates":[131.4675,-12.75917]}},{"type":"Feature","properties":{"MNO/Optus-TPG MOCN":"Telstra","RFNSA ID":822002,"Latitude":-12.32389,"Longitude":null,"New in 2026":"N","3G":"N","4G":"Y","5G":"Y","Co-funded":"N","ABS Remoteness Area":"Remote Australia"},"geometry":{"type":"Point","coordinates":[133.05667,-12.32389]}},{"type":"Feature","properties":{"MNO/Optus-TPG MOCN":"Telstra","RFNSA ID":822003,"Latitude":-12.32833,"Longitude":null,"New in 2026":"N","3G":"N","4G":"Y","5G":"Y","Co-funded":"N","ABS Remoteness Area":"Very Remote Australia"},"geometry":{"type":"Point","coordinates":[134.92639,-12.32833]}},{"type":"Feature","properties":{"MNO/Optus-TPG MOCN":"Telstra","RFNSA ID":822004,"Latitude":-12.43504,"Longitude":null,"New in 2026":"N","3G":"N","4G":"Y","5G":"N","Co-funded":"N","ABS Remoteness Area":"Remote Australia"},"geometry":{"type":"Point","coordinates":[130.7468,-12.43504]}},{"type":"Feature","properties":{"MNO/Optus-TPG MOCN":"Telstra","RFNSA ID":822005,"Latitude":-12.02483,"Longitude":null,"New in 2026":"N","3G":"N","4G":"Y","5G":"Y","Co-funded":"N","ABS Remoteness Area":"Very Remote Australia"},"geometry":{"type":"Point","coordinates":[135.56501,-12.02483]}},{"type":"Feature","properties":{"MNO/Optus-TPG MOCN":"Telstra","RFNSA ID":822006,"Latitude":-11.64806,"Longitude":null,"New in 2026":"N","3G":"N","4G":"Y","5G":"N","Co-funded":"N","ABS Remoteness Area":"Very Remote Australia"},"geometry":{"type":"Point","coordinates":[133.38472,-11.64806]}},{"type":"Feature","properties":{"MNO/Optus-TPG MOCN":"Telstra","RFNSA ID":822007,"Latitude":-13.75083,"Longitude":null,"New in 2026":"N","3G":"N","4G":"Y","5G":"Y","Co-funded":"N","ABS Remoteness Area":"Very Remote Australia"},"geometry":{"type":"Point","coordinates":[130.68917,-13.75083]}},{"type":"Feature","properties":{"MNO/Optus-TPG MOCN":"Telstra","RFNSA ID":822008,"Latitude":-12.05532,"Longitude":null,"New in 2026":"N","3G":"N","4G":"Y","5G":"Y","Co-funded":"N","ABS Remoteness Area":"Very Remote Australia"},"geometry":{"type":"Point","coordinates":[134.23091,-12.05532]}},{"type":"Feature","properties":{"MNO/Optus-TPG MOCN":"Telstra","RFNSA ID":822009,"Latitude":-11.40222,"Longitude":null,"New in 2026":"N","3G":"N","4G":"Y","5G":"N","Co-funded":"N","ABS Remoteness Area":"Very Remote Australia"},"geometry":{"type":"Point","coordinates":[130.4175,-11.40222]}},{"type":"Feature","properties":{"MNO/Optus-TPG MOCN":"Telstra","RFNSA ID":822010,"Latitude":-12.12233,"Longitude":null,"New in 2026":"N","3G":"N","4G":"Y","5G":"Y","Co-funded":"N","ABS Remoteness Area":"Very Remote Australia"},"geometry":{"type":"Point","coordinates":[134.90971,-12.12233]}},{"type":"Feature","properties":{"MNO/Optus-TPG MOCN":"Telstra","RFNSA ID":822011,"Latitude":-11.42944,"Longitude":null,"New in 2026":"N","3G":"N","4G":"Y","5G":"Y","Co-funded":"N","ABS Remoteness Area":"Very Remote Australia"},"geometry":{"type":"Point","coordinates":[130.67139,-11.42944]}},{"type":"Feature","properties":{"MNO/Optus-TPG MOCN":"Telstra","RFNSA ID":822012,"Latitude":-12.55417,"Longitude":null,"New in 2026":"N","3G":"N","4G":"Y","5G":"N","Co-funded":"N","ABS Remoteness Area":"Outer Regional Australia"},"geometry":{"type":"Point","coordinates":[131.06417,-12.55417]}},{"type":"Feature","properties":{"MNO/Optus-TPG MOCN":"Telstra","RFNSA ID":822013,"Latitude":-13.16703,"Longitude":null,"New in 2026":"N","3G":"N","4G":"Y","5G":"N","Co-funded":"N","ABS Remoteness Area":"Remote Australia"},"geometry":{"type":"Point","coordinates":[130.12308,-13.16703]}},{"type":"Feature","properties":{"MNO/Optus-TPG MOCN":"Telstra","RFNSA ID":822022,"Latitude":-13.98229,"Longitude":null,"New in 2026":"N","3G":"N","4G":"Y","5G":"Y","Co-funded":"N","ABS Remoteness Area":"Very Remote Australia"},"geometry":{"type":"Point","coordinates":[136.44116,-13.98229]}},{"type":"Feature","properties":{"MNO/Optus-TPG MOCN":"Telstra","RFNSA ID":822024,"Latitude":-13.54028,"Longitude":null,"New in 2026":"N","3G":"N","4G":"Y","5G":"N","Co-funded":"N","ABS Remoteness Area":"Remote Australia"},"geometry":{"type":"Point","coordinates":[131.370856,-13.54028]}},{"type":"Feature","properties":{"MNO/Optus-TPG MOCN":"Telstra","RFNSA ID":822025,"Latitude":-11.75639,"Longitude":null,"New in 2026":"N","3G":"N","4G":"Y","5G":"N","Co-funded":"N","ABS Remoteness Area":"Remote Australia"},"geometry":{"type":"Point","coordinates":[130.63694,-11.75639]}},{"type":"Feature","properties":{"MNO/Optus-TPG MOCN":"Telstra","RFNSA ID":822032,"Latitude":-11.1479,"Longitude":null,"New in 2026":"N","3G":"N","4G":"Y","5G":"Y","Co-funded":"Y","ABS Remoteness Area":"Very Remote Australia"},"geometry":{"type":"Point","coordinates":[132.57398,-11.1479]}},{"type":"Feature","properties":{"MNO/Optus-TPG MOCN":"Telstra","RFNSA ID":822038,"Latitude":-14.24033,"Longitude":null,"New in 2026":"N","3G":"N","4G":"Y","5G":"Y","Co-funded":"N","ABS Remoteness Area":"Remote Australia"},"geometry":{"type":"Point","coordinates":[129.52,-14.24033]}},{"type":"Feature","properties":{"MNO/Optus-TPG MOCN":"Telstra","RFNSA ID":822043,"Latitude":-14.351052,"Longitude":null,"New in 2026":"N","3G":"N","4G":"Y","5G":"N","Co-funded":"N","ABS Remoteness Area":"Very Remote Australia"},"geometry":{"type":"Point","coordinates":[129.882057,-14.351052]}},{"type":"Feature","properties":{"MNO/Optus-TPG MOCN":"Telstra","RFNSA ID":822052,"Latitude":-12.98568,"Longitude":null,"New in 2026":"N","3G":"N","4G":"Y","5G":"N","Co-funded":"Y","ABS Remoteness Area":"Remote Australia"},"geometry":{"type":"Point","coordinates":[131.14354,-12.98568]}},{"type":"Feature","properties":{"MNO/Optus-TPG MOCN":"Telstra","RFNSA ID":822060,"Latitude":-12.58457,"Longitude":null,"New in 2026":"N","3G":"N","4G":"Y","5G":"N","Co-funded":"N","ABS Remoteness Area":"Outer Regional Australia"},"geometry":{"type":"Point","coordinates":[131.24761,-12.58457]}},{"type":"Feature","properties":{"MNO/Optus-TPG MOCN":"Telstra","RFNSA ID":822062,"Latitude":-12.445702,"Longitude":null,"New in 2026":"N","3G":"N","4G":"Y","5G":"N","Co-funded":"N","ABS Remoteness Area":"Outer Regional Australia"},"geometry":{"type":"Point","coordinates":[130.90421,-12.445702]}},{"type":"Feature","properties":{"MNO/Optus-TPG MOCN":"Telstra","RFNSA ID":822063,"Latitude":-12.85584,"Longitude":null,"New in 2026":"N","3G":"N","4G":"Y","5G":"N","Co-funded":"N","ABS Remoteness Area":"Remote Australia"},"geometry":{"type":"Point","coordinates":[131.81343,-12.85584]}},{"type":"Feature","properties":{"MNO/Optus-TPG MOCN":"Telstra","RFNSA ID":822068,"Latitude":-14.15629,"Longitude":null,"New in 2026":"N","3G":"N","4G":"Y","5G":"N","Co-funded":"N","ABS Remoteness Area":"Very Remote Australia"},"geometry":{"type":"Point","coordinates":[130.082,-14.15629]}},{"type":"Feature","properties":{"MNO/Optus-TPG MOCN":"Telstra","RFNSA ID":822069,"Latitude":-12.26796,"Longitude":null,"New in 2026":"N","3G":"N","4G":"Y","5G":"N","Co-funded":"N","ABS Remoteness Area":"Very Remote Australia"},"geometry":{"type":"Point","coordinates":[136.82388,-12.26796]}},{"type":"Feature","properties":{"MNO/Optus-TPG MOCN":"Telstra","RFNSA ID":822076,"Latitude":-12.73084,"Longitude":null,"New in 2026":"N","3G":"N","4G":"Y","5G":"N","Co-funded":"N","ABS Remoteness Area":"Outer Regional Australia"},"geometry":{"type":"Point","coordinates":[130.94982,-12.73084]}},{"type":"Feature","properties":{"MNO/Optus-TPG MOCN":"Telstra","RFNSA ID":822081,"Latitude":-13.734073,"Longitude":null,"New in 2026":"N","3G":"N","4G":"Y","5G":"N","Co-funded":"N","ABS Remoteness Area":"Very Remote Australia"},"geometry":{"type":"Point","coordinates":[131.041466,-13.734073]}},{"type":"Feature","properties":{"MNO/Optus-TPG MOCN":"Telstra","RFNSA ID":822082,"Latitude":-13.58231,"Longitude":null,"New in 2026":"N","3G":"N","4G":"Y","5G":"N","Co-funded":"N","ABS Remoteness Area":"Remote Australia"},"geometry":{"type":"Point","coordinates":[131.45755,-13.58231]}},{"type":"Feature","properties":{"MNO/Optus-TPG MOCN":"Telstra","RFNSA ID":822084,"Latitude":-12.56915,"Longitude":null,"New in 2026":"N","3G":"N","4G":"Y","5G":"N","Co-funded":"N","ABS Remoteness Area":"Outer Regional Australia"},"geometry":{"type":"Point","coordinates":[130.91796,-12.56915]}},{"type":"Feature","properties":{"MNO/Optus-TPG MOCN":"Telstra","RFNSA ID":822084,"Latitude":-12.569423,"Longitude":null,"New in 2026":"N","3G":"N","4G":"Y","5G":"N","Co-funded":"N","ABS Remoteness Area":"Outer Regional Australia"},"geometry":{"type":"Point","coordinates":[130.919963,-12.569423]}},{"type":"Feature","properties":{"MNO/Optus-TPG MOCN":"Telstra","RFNSA ID":822090,"Latitude":-13.60602,"Longitude":null,"New in 2026":"N","3G":"N","4G":"Y","5G":"N","Co-funded":"N","ABS Remoteness Area":"Remote Australia"},"geometry":{"type":"Point","coordinates":[132.22046,-13.60602]}},{"type":"Feature","properties":{"MNO/Optus-TPG MOCN":"Telstra","RFNSA ID":822092,"Latitude":-12.81834,"Longitude":null,"New in 2026":"N","3G":"N","4G":"Y","5G":"Y","Co-funded":"Y","ABS Remoteness Area":"Remote Australia"},"geometry":{"type":"Point","coordinates":[130.62004,-12.81834]}},{"type":"Feature","properties":{"MNO/Optus-TPG MOCN":"Telstra","RFNSA ID":822095,"Latitude":-11.22439,"Longitude":null,"New in 2026":"N","3G":"N","4G":"Y","5G":"N","Co-funded":"N","ABS Remoteness Area":"Very Remote Australia"},"geometry":{"type":"Point","coordinates":[130.36939,-11.22439]}},{"type":"Feature","properties":{"MNO/Optus-TPG MOCN":"Telstra","RFNSA ID":822097,"Latitude":-12.53667,"Longitude":null,"New in 2026":"N","3G":"N","4G":"Y","5G":"N","Co-funded":"N","ABS Remoteness Area":"Remote Australia"},"geometry":{"type":"Point","coordinates":[130.69887,-12.53667]}},{"type":"Feature","properties":{"MNO/Optus-TPG MOCN":"Telstra","RFNSA ID":822100,"Latitude":-11.76948,"Longitude":null,"New in 2026":"N","3G":"N","4G":"Y","5G":"N","Co-funded":"N","ABS Remoteness Area":"Very Remote Australia"},"geometry":{"type":"Point","coordinates":[130.891187,-11.76948]}},{"type":"Feature","properties":{"MNO/Optus-TPG MOCN":"Telstra","RFNSA ID":822101,"Latitude":-12.567236,"Longitude":null,"New in 2026":"N","3G":"N","4G":"Y","5G":"N","Co-funded":"N","ABS Remoteness Area":"Outer Regional Australia"},"geometry":{"type":"Point","coordinates":[130.91626,-12.567236]}},{"type":"Feature","properties":{"MNO/Optus-TPG MOCN":"Telstra","RFNSA ID":822102,"Latitude":-12.89983,"Longitude":null,"New in 2026":"Y","3G":"N","4G":"Y","5G":"N","Co-funded":"N","ABS Remoteness Area":"Remote Australia"},"geometry":{"type":"Point","coordinates":[131.6758,-12.89983]}},{"type":"Feature","properties":{"MNO/Optus-TPG MOCN":"Telstra","RFNSA ID":822103,"Latitude":-12.432888,"Longitude":null,"New in 2026":"N","3G":"N","4G":"Y","5G":"N","Co-funded":"Y","ABS Remoteness Area":"Remote Australia"},"geometry":{"type":"Point","coordinates":[132.9515,-12.432888]}},{"type":"Feature","properties":{"MNO/Optus-TPG MOCN":"Telstra","RFNSA ID":822105,"Latitude":-13.02534,"Longitude":null,"New in 2026":"N","3G":"N","4G":"Y","5G":"N","Co-funded":"N","ABS Remoteness Area":"Remote Australia"},"geometry":{"type":"Point","coordinates":[130.95447,-13.02534]}},{"type":"Feature","properties":{"MNO/Optus-TPG MOCN":"Telstra","RFNSA ID":822108,"Latitude":-13.8341,"Longitude":null,"New in 2026":"N","3G":"N","4G":"Y","5G":"N","Co-funded":"N","ABS Remoteness Area":"Remote Australia"},"geometry":{"type":"Point","coordinates":[131.1865,-13.8341]}},{"type":"Feature","properties":{"MNO/Optus-TPG MOCN":"Telstra","RFNSA ID":822113,"Latitude":-12.88988,"Longitude":null,"New in 2026":"Y","3G":"N","4G":"Y","5G":"N","Co-funded":"Y","ABS Remoteness Area":"Very Remote Australia"},"geometry":{"type":"Point","coordinates":[135.46962,-12.88988]}},{"type":"Feature","properties":{"MNO/Optus-TPG MOCN":"Telstra","RFNSA ID":822114,"Latitude":-12.27387,"Longitude":null,"New in 2026":"Y","3G":"N","4G":"Y","5G":"N","Co-funded":"Y","ABS Remoteness Area":"Very Remote Australia"},"geometry":{"type":"Point","coordinates":[134.68387,-12.27387]}},{"type":"Feature","properties":{"MNO/Optus-TPG MOCN":"Telstra","RFNSA ID":822115,"Latitude":-12.76229,"Longitude":null,"New in 2026":"Y","3G":"N","4G":"Y","5G":"N","Co-funded":"Y","ABS Remoteness Area":"Very Remote Australia"},"geometry":{"type":"Point","coordinates":[136.5703,-12.76229]}},{"type":"Feature","properties":{"MNO/Optus-TPG MOCN":"Telstra","RFNSA ID":822118,"Latitude":-12.2566,"Longitude":null,"New in 2026":"Y","3G":"N","4G":"Y","5G":"N","Co-funded":"Y","ABS Remoteness Area":"Very Remote Australia"},"geometry":{"type":"Point","coordinates":[133.65799,-12.2566]}},{"type":"Feature","properties":{"MNO/Optus-TPG MOCN":"Telstra","RFNSA ID":822119,"Latitude":-12.54139,"Longitude":null,"New in 2026":"Y","3G":"N","4G":"Y","5G":"N","Co-funded":"Y","ABS Remoteness Area":"Very Remote Australia"},"geometry":{"type":"Point","coordinates":[134.11053,-12.54139]}},{"type":"Feature","properties":{"MNO/Optus-TPG MOCN":"Telstra","RFNSA ID":822121,"Latitude":-12.05557,"Longitude":null,"New in 2026":"Y","3G":"N","4G":"Y","5G":"N","Co-funded":"Y","ABS Remoteness Area":"Very Remote Australia"},"geometry":{"type":"Point","coordinates":[134.61476,-12.05557]}},{"type":"Feature","properties":{"MNO/Optus-TPG MOCN":"Telstra","RFNSA ID":822123,"Latitude":-12.2025,"Longitude":null,"New in 2026":"Y","3G":"N","4G":"Y","5G":"N","Co-funded":"Y","ABS Remoteness Area":"Very Remote Australia"},"geometry":{"type":"Point","coordinates":[136.2959,-12.2025]}},{"type":"Feature","properties":{"MNO/Optus-TPG MOCN":"Telstra","RFNSA ID":822126,"Latitude":-14.17049,"Longitude":null,"New in 2026":"N","3G":"N","4G":"Y","5G":"N","Co-funded":"Y","ABS Remoteness Area":"Very Remote Australia"},"geometry":{"type":"Point","coordinates":[130.32755,-14.17049]}},{"type":"Feature","properties":{"MNO/Optus-TPG MOCN":"Telstra","RFNSA ID":822127,"Latitude":-12.58308,"Longitude":null,"New in 2026":"N","3G":"N","4G":"Y","5G":"Y","Co-funded":"Y","ABS Remoteness Area":"Outer Regional Australia"},"geometry":{"type":"Point","coordinates":[131.31306,-12.58308]}},{"type":"Feature","properties":{"MNO/Optus-TPG MOCN":"Telstra","RFNSA ID":822128,"Latitude":-12.79731,"Longitude":null,"New in 2026":"Y","3G":"N","4G":"Y","5G":"Y","Co-funded":"Y","ABS Remoteness Area":"Outer Regional Australia"},"geometry":{"type":"Point","coordinates":[131.11913,-12.79731]}},{"type":"Feature","properties":{"MNO/Optus-TPG MOCN":"Telstra","RFNSA ID":822129,"Latitude":-13.55384,"Longitude":null,"New in 2026":"Y","3G":"N","4G":"Y","5G":"N","Co-funded":"Y","ABS Remoteness Area":"Remote Australia"},"geometry":{"type":"Point","coordinates":[132.27312,-13.55384]}},{"type":"Feature","properties":{"MNO/Optus-TPG MOCN":"Telstra","RFNSA ID":822131,"Latitude":-12.7992,"Longitude":null,"New in 2026":"N","3G":"N","4G":"Y","5G":"N","Co-funded":"Y","ABS Remoteness Area":"Remote Australia"},"geometry":{"type":"Point","coordinates":[132.13145,-12.7992]}},{"type":"Feature","properties":{"MNO/Optus-TPG MOCN":"Telstra","RFNSA ID":822132,"Latitude":-13.29037,"Longitude":null,"New in 2026":"Y","3G":"N","4G":"Y","5G":"N","Co-funded":"Y","ABS Remoteness Area":"Remote Australia"},"geometry":{"type":"Point","coordinates":[132.33508,-13.29037]}},{"type":"Feature","properties":{"MNO/Optus-TPG MOCN":"Telstra","RFNSA ID":822133,"Latitude":-13.51478,"Longitude":null,"New in 2026":"Y","3G":"N","4G":"Y","5G":"N","Co-funded":"Y","ABS Remoteness Area":"Very Remote Australia"},"geometry":{"type":"Point","coordinates":[132.46046,-13.51478]}},{"type":"Feature","properties":{"MNO/Optus-TPG MOCN":"Telstra","RFNSA ID":822134,"Latitude":-13.44092,"Longitude":null,"New in 2026":"N","3G":"N","4G":"Y","5G":"N","Co-funded":"Y","ABS Remoteness Area":"Very Remote Australia"},"geometry":{"type":"Point","coordinates":[132.42287,-13.44092]}},{"type":"Feature","properties":{"MNO/Optus-TPG MOCN":"Telstra","RFNSA ID":822136,"Latitude":-13.81253,"Longitude":null,"New in 2026":"Y","3G":"N","4G":"Y","5G":"N","Co-funded":"N","ABS Remoteness Area":"Very Remote Australia"},"geometry":{"type":"Point","coordinates":[136.67647,-13.81253]}},{"type":"Feature","properties":{"MNO/Optus-TPG MOCN":"Telstra","RFNSA ID":822137,"Latitude":-13.2183,"Longitude":null,"New in 2026":"Y","3G":"N","4G":"Y","5G":"N","Co-funded":"Y","ABS Remoteness Area":"Remote Australia"},"geometry":{"type":"Point","coordinates":[132.81674,-13.2183]}},{"type":"Feature","properties":{"MNO/Optus-TPG MOCN":"Telstra","RFNSA ID":822138,"Latitude":-12.86757,"Longitude":null,"New in 2026":"Y","3G":"N","4G":"Y","5G":"N","Co-funded":"Y","ABS Remoteness Area":"Remote Australia"},"geometry":{"type":"Point","coordinates":[132.80268,-12.86757]}},{"type":"Feature","properties":{"MNO/Optus-TPG MOCN":"Telstra","RFNSA ID":822139,"Latitude":-13.30273,"Longitude":null,"New in 2026":"Y","3G":"N","4G":"Y","5G":"N","Co-funded":"Y","ABS Remoteness Area":"Remote Australia"},"geometry":{"type":"Point","coordinates":[132.4315,-13.30273]}},{"type":"Feature","properties":{"MNO/Optus-TPG MOCN":"Telstra","RFNSA ID":822140,"Latitude":-12.79248,"Longitude":null,"New in 2026":"N","3G":"N","4G":"Y","5G":"Y","Co-funded":"N","ABS Remoteness Area":"Remote Australia"},"geometry":{"type":"Point","coordinates":[130.85137,-12.79248]}},{"type":"Feature","properties":{"MNO/Optus-TPG MOCN":"Telstra","RFNSA ID":822141,"Latitude":-12.68063,"Longitude":null,"New in 2026":"N","3G":"N","4G":"Y","5G":"Y","Co-funded":"N","ABS Remoteness Area":"Remote Australia"},"geometry":{"type":"Point","coordinates":[132.92538,-12.68063]}},{"type":"Feature","properties":{"MNO/Optus-TPG MOCN":"Telstra","RFNSA ID":822144,"Latitude":-13.08279,"Longitude":null,"New in 2026":"N","3G":"N","4G":"Y","5G":"Y","Co-funded":"N","ABS Remoteness Area":"Remote Australia"},"geometry":{"type":"Point","coordinates":[131.94686,-13.08279]}},{"type":"Feature","properties":{"MNO/Optus-TPG MOCN":"Telstra","RFNSA ID":822145,"Latitude":-12.7595,"Longitude":null,"New in 2026":"Y","3G":"N","4G":"Y","5G":"Y","Co-funded":"N","ABS Remoteness Area":"Remote Australia"},"geometry":{"type":"Point","coordinates":[131.46763,-12.7595]}},{"type":"Feature","properties":{"MNO/Optus-TPG MOCN":"Telstra","RFNSA ID":828001,"Latitude":-12.44,"Longitude":null,"New in 2026":"N","3G":"N","4G":"Y","5G":"Y","Co-funded":"N","ABS Remoteness Area":"Outer Regional Australia"},"geometry":{"type":"Point","coordinates":[130.92917,-12.44]}},{"type":"Feature","properties":{"MNO/Optus-TPG MOCN":"Telstra","RFNSA ID":828003,"Latitude":-12.47611,"Longitude":null,"New in 2026":"N","3G":"N","4G":"Y","5G":"N","Co-funded":"N","ABS Remoteness Area":"Outer Regional Australia"},"geometry":{"type":"Point","coordinates":[130.91806,-12.47611]}},{"type":"Feature","properties":{"MNO/Optus-TPG MOCN":"Telstra","RFNSA ID":829001,"Latitude":-12.46105,"Longitude":null,"New in 2026":"N","3G":"N","4G":"Y","5G":"N","Co-funded":"N","ABS Remoteness Area":"Outer Regional Australia"},"geometry":{"type":"Point","coordinates":[130.96154,-12.46105]}},{"type":"Feature","properties":{"MNO/Optus-TPG MOCN":"Telstra","RFNSA ID":829002,"Latitude":-12.43633,"Longitude":null,"New in 2026":"N","3G":"N","4G":"Y","5G":"Y","Co-funded":"N","ABS Remoteness Area":"Outer Regional Australia"},"geometry":{"type":"Point","coordinates":[130.97487,-12.43633]}},{"type":"Feature","properties":{"MNO/Optus-TPG MOCN":"Telstra","RFNSA ID":829003,"Latitude":-12.476,"Longitude":null,"New in 2026":"N","3G":"N","4G":"Y","5G":"N","Co-funded":"Y","ABS Remoteness Area":"Outer Regional Australia"},"geometry":{"type":"Point","coordinates":[131.00366,-12.476]}},{"type":"Feature","properties":{"MNO/Optus-TPG MOCN":"Telstra","RFNSA ID":830001,"Latitude":-12.49333,"Longitude":null,"New in 2026":"N","3G":"N","4G":"Y","5G":"Y","Co-funded":"N","ABS Remoteness Area":"Outer Regional Australia"},"geometry":{"type":"Point","coordinates":[130.98667,-12.49333]}},{"type":"Feature","properties":{"MNO/Optus-TPG MOCN":"Telstra","RFNSA ID":830003,"Latitude":-12.50877,"Longitude":null,"New in 2026":"N","3G":"N","4G":"Y","5G":"N","Co-funded":"N","ABS Remoteness Area":"Outer Regional Australia"},"geometry":{"type":"Point","coordinates":[130.96407,-12.50877]}},{"type":"Feature","properties":{"MNO/Optus-TPG MOCN":"Telstra","RFNSA ID":830006,"Latitude":-12.48552,"Longitude":null,"New in 2026":"N","3G":"N","4G":"Y","5G":"Y","Co-funded":"N","ABS Remoteness Area":"Outer Regional Australia"},"geometry":{"type":"Point","coordinates":[130.96954,-12.48552]}},{"type":"Feature","properties":{"MNO/Optus-TPG MOCN":"Telstra","RFNSA ID":830007,"Latitude":-12.50099,"Longitude":null,"New in 2026":"N","3G":"N","4G":"Y","5G":"Y","Co-funded":"N","ABS Remoteness Area":"Outer Regional Australia"},"geometry":{"type":"Point","coordinates":[130.97858,-12.50099]}},{"type":"Feature","properties":{"MNO/Optus-TPG MOCN":"Telstra","RFNSA ID":830010,"Latitude":-12.4716,"Longitude":null,"New in 2026":"N","3G":"N","4G":"Y","5G":"N","Co-funded":"N","ABS Remoteness Area":"Outer Regional Australia"},"geometry":{"type":"Point","coordinates":[130.982988,-12.4716]}},{"type":"Feature","properties":{"MNO/Optus-TPG MOCN":"Telstra","RFNSA ID":830012,"Latitude":-12.47918,"Longitude":null,"New in 2026":"N","3G":"N","4G":"Y","5G":"Y","Co-funded":"N","ABS Remoteness Area":"Outer Regional Australia"},"geometry":{"type":"Point","coordinates":[130.98633,-12.47918]}},{"type":"Feature","properties":{"MNO/Optus-TPG MOCN":"Telstra","RFNSA ID":831001,"Latitude":-12.45944,"Longitude":null,"New in 2026":"N","3G":"N","4G":"Y","5G":"Y","Co-funded":"N","ABS Remoteness Area":"Outer Regional Australia"},"geometry":{"type":"Point","coordinates":[130.97611,-12.45944]}},{"type":"Feature","properties":{"MNO/Optus-TPG MOCN":"Telstra","RFNSA ID":832001,"Latitude":-12.51533,"Longitude":null,"New in 2026":"N","3G":"N","4G":"Y","5G":"Y","Co-funded":"N","ABS Remoteness Area":"Outer Regional Australia"},"geometry":{"type":"Point","coordinates":[130.9911,-12.51533]}},{"type":"Feature","properties":{"MNO/Optus-TPG MOCN":"Telstra","RFNSA ID":834001,"Latitude":-12.51304,"Longitude":null,"New in 2026":"Y","3G":"N","4G":"Y","5G":"Y","Co-funded":"N","ABS Remoteness Area":"Outer Regional Australia"},"geometry":{"type":"Point","coordinates":[131.01311,-12.51304]}},{"type":"Feature","properties":{"MNO/Optus-TPG MOCN":"Telstra","RFNSA ID":835001,"Latitude":-12.48268,"Longitude":null,"New in 2026":"N","3G":"N","4G":"Y","5G":"N","Co-funded":"N","ABS Remoteness Area":"Outer Regional Australia"},"geometry":{"type":"Point","coordinates":[131.07386,-12.48268]}},{"type":"Feature","properties":{"MNO/Optus-TPG MOCN":"Telstra","RFNSA ID":835003,"Latitude":-12.51478,"Longitude":null,"New in 2026":"N","3G":"N","4G":"Y","5G":"Y","Co-funded":"N","ABS Remoteness Area":"Outer Regional Australia"},"geometry":{"type":"Point","coordinates":[131.02913,-12.51478]}},{"type":"Feature","properties":{"MNO/Optus-TPG MOCN":"Telstra","RFNSA ID":835004,"Latitude":-12.48389,"Longitude":null,"New in 2026":"N","3G":"N","4G":"Y","5G":"Y","Co-funded":"N","ABS Remoteness Area":"Outer Regional Australia"},"geometry":{"type":"Point","coordinates":[131.02556,-12.48389]}},{"type":"Feature","properties":{"MNO/Optus-TPG MOCN":"Telstra","RFNSA ID":835005,"Latitude":-12.52689,"Longitude":null,"New in 2026":"N","3G":"N","4G":"Y","5G":"N","Co-funded":"N","ABS Remoteness Area":"Outer Regional Australia"},"geometry":{"type":"Point","coordinates":[131.07267,-12.52689]}},{"type":"Feature","properties":{"MNO/Optus-TPG MOCN":"Telstra","RFNSA ID":835011,"Latitude":-12.555369,"Longitude":null,"New in 2026":"N","3G":"N","4G":"Y","5G":"N","Co-funded":"N","ABS Remoteness Area":"Outer Regional Australia"},"geometry":{"type":"Point","coordinates":[131.028672,-12.555369]}},{"type":"Feature","properties":{"MNO/Optus-TPG MOCN":"Telstra","RFNSA ID":835015,"Latitude":-12.49707,"Longitude":null,"New in 2026":"Y","3G":"N","4G":"Y","5G":"Y","Co-funded":"N","ABS Remoteness Area":"Outer Regional Australia"},"geometry":{"type":"Point","coordinates":[131.04303,-12.49707]}},{"type":"Feature","properties":{"MNO/Optus-TPG MOCN":"Telstra","RFNSA ID":835016,"Latitude":-12.46806,"Longitude":null,"New in 2026":"Y","3G":"N","4G":"Y","5G":"Y","Co-funded":"N","ABS Remoteness Area":"Outer Regional Australia"},"geometry":{"type":"Point","coordinates":[131.06201,-12.46806]}},{"type":"Feature","properties":{"MNO/Optus-TPG MOCN":"Telstra","RFNSA ID":836001,"Latitude":-12.56944,"Longitude":null,"New in 2026":"N","3G":"N","4G":"Y","5G":"Y","Co-funded":"N","ABS Remoteness Area":"Outer Regional Australia"},"geometry":{"type":"Point","coordinates":[131.09889,-12.56944]}},{"type":"Feature","properties":{"MNO/Optus-TPG MOCN":"Telstra","RFNSA ID":836002,"Latitude":-12.55419,"Longitude":null,"New in 2026":"N","3G":"N","4G":"Y","5G":"Y","Co-funded":"N","ABS Remoteness Area":"Outer Regional Australia"},"geometry":{"type":"Point","coordinates":[131.15106,-12.55419]}},{"type":"Feature","properties":{"MNO/Optus-TPG MOCN":"Telstra","RFNSA ID":836005,"Latitude":-12.59224,"Longitude":null,"New in 2026":"N","3G":"N","4G":"Y","5G":"Y","Co-funded":"N","ABS Remoteness Area":"Outer Regional Australia"},"geometry":{"type":"Point","coordinates":[131.14555,-12.59224]}},{"type":"Feature","properties":{"MNO/Optus-TPG MOCN":"Telstra","RFNSA ID":836006,"Latitude":-12.5268,"Longitude":null,"New in 2026":"N","3G":"N","4G":"Y","5G":"N","Co-funded":"N","ABS Remoteness Area":"Outer Regional Australia"},"geometry":{"type":"Point","coordinates":[131.113,-12.5268]}},{"type":"Feature","properties":{"MNO/Optus-TPG MOCN":"Telstra","RFNSA ID":836009,"Latitude":-12.52627,"Longitude":null,"New in 2026":"N","3G":"N","4G":"Y","5G":"Y","Co-funded":"N","ABS Remoteness Area":"Outer Regional Australia"},"geometry":{"type":"Point","coordinates":[131.16204,-12.52627]}},{"type":"Feature","properties":{"MNO/Optus-TPG MOCN":"Telstra","RFNSA ID":837002,"Latitude":-12.6325,"Longitude":null,"New in 2026":"N","3G":"N","4G":"Y","5G":"N","Co-funded":"N","ABS Remoteness Area":"Outer Regional Australia"},"geometry":{"type":"Point","coordinates":[131.075,-12.6325]}},{"type":"Feature","properties":{"MNO/Optus-TPG MOCN":"Telstra","RFNSA ID":837004,"Latitude":-12.6775,"Longitude":null,"New in 2026":"N","3G":"N","4G":"Y","5G":"Y","Co-funded":"N","ABS Remoteness Area":"Outer Regional Australia"},"geometry":{"type":"Point","coordinates":[131.13639,-12.6775]}},{"type":"Feature","properties":{"MNO/Optus-TPG MOCN":"Telstra","RFNSA ID":838003,"Latitude":-12.69944,"Longitude":null,"New in 2026":"N","3G":"N","4G":"Y","5G":"N","Co-funded":"N","ABS Remoteness Area":"Outer Regional Australia"},"geometry":{"type":"Point","coordinates":[131.01361,-12.69944]}},{"type":"Feature","properties":{"MNO/Optus-TPG MOCN":"Telstra","RFNSA ID":839001,"Latitude":-12.52524,"Longitude":null,"New in 2026":"N","3G":"N","4G":"Y","5G":"N","Co-funded":"N","ABS Remoteness Area":"Outer Regional Australia"},"geometry":{"type":"Point","coordinates":[131.04297,-12.52524]}},{"type":"Feature","properties":{"MNO/Optus-TPG MOCN":"Telstra","RFNSA ID":840003,"Latitude":-12.7588,"Longitude":null,"New in 2026":"N","3G":"N","4G":"Y","5G":"N","Co-funded":"N","ABS Remoteness Area":"Remote Australia"},"geometry":{"type":"Point","coordinates":[130.35935,-12.7588]}},{"type":"Feature","properties":{"MNO/Optus-TPG MOCN":"Telstra","RFNSA ID":841001,"Latitude":-12.81361,"Longitude":null,"New in 2026":"N","3G":"N","4G":"Y","5G":"Y","Co-funded":"N","ABS Remoteness Area":"Outer Regional Australia"},"geometry":{"type":"Point","coordinates":[130.9876,-12.81361]}},{"type":"Feature","properties":{"MNO/Optus-TPG MOCN":"Telstra","RFNSA ID":845001,"Latitude":-13.04612,"Longitude":null,"New in 2026":"N","3G":"N","4G":"Y","5G":"Y","Co-funded":"N","ABS Remoteness Area":"Remote Australia"},"geometry":{"type":"Point","coordinates":[131.02713,-13.04612]}},{"type":"Feature","properties":{"MNO/Optus-TPG MOCN":"Telstra","RFNSA ID":846001,"Latitude":-13.52327,"Longitude":null,"New in 2026":"N","3G":"N","4G":"Y","5G":"N","Co-funded":"N","ABS Remoteness Area":"Remote Australia"},"geometry":{"type":"Point","coordinates":[131.48623,-13.52327]}},{"type":"Feature","properties":{"MNO/Optus-TPG MOCN":"Telstra","RFNSA ID":846002,"Latitude":-13.24444,"Longitude":null,"New in 2026":"N","3G":"N","4G":"Y","5G":"N","Co-funded":"N","ABS Remoteness Area":"Remote Australia"},"geometry":{"type":"Point","coordinates":[131.10889,-13.24444]}},{"type":"Feature","properties":{"MNO/Optus-TPG MOCN":"Telstra","RFNSA ID":847001,"Latitude":-14.08536,"Longitude":null,"New in 2026":"N","3G":"N","4G":"Y","5G":"N","Co-funded":"N","ABS Remoteness Area":"Remote Australia"},"geometry":{"type":"Point","coordinates":[131.98417,-14.08536]}},{"type":"Feature","properties":{"MNO/Optus-TPG MOCN":"Telstra","RFNSA ID":847002,"Latitude":-13.8275,"Longitude":null,"New in 2026":"N","3G":"N","4G":"Y","5G":"N","Co-funded":"N","ABS Remoteness Area":"Remote Australia"},"geometry":{"type":"Point","coordinates":[131.83417,-13.8275]}},{"type":"Feature","properties":{"MNO/Optus-TPG MOCN":"Telstra","RFNSA ID":850002,"Latitude":-14.47222,"Longitude":null,"New in 2026":"N","3G":"N","4G":"Y","5G":"Y","Co-funded":"N","ABS Remoteness Area":"Remote Australia"},"geometry":{"type":"Point","coordinates":[132.27889,-14.47222]}},{"type":"Feature","properties":{"MNO/Optus-TPG MOCN":"Telstra","RFNSA ID":850004,"Latitude":-14.48139,"Longitude":null,"New in 2026":"N","3G":"N","4G":"Y","5G":"Y","Co-funded":"N","ABS Remoteness Area":"Remote Australia"},"geometry":{"type":"Point","coordinates":[132.24472,-14.48139]}},{"type":"Feature","properties":{"MNO/Optus-TPG MOCN":"Telstra","RFNSA ID":850008,"Latitude":-14.32556,"Longitude":null,"New in 2026":"N","3G":"N","4G":"Y","5G":"N","Co-funded":"N","ABS Remoteness Area":"Very Remote Australia"},"geometry":{"type":"Point","coordinates":[132.4175,-14.32556]}},{"type":"Feature","properties":{"MNO/Optus-TPG MOCN":"Telstra","RFNSA ID":850009,"Latitude":-14.43944,"Longitude":null,"New in 2026":"N","3G":"N","4G":"Y","5G":"Y","Co-funded":"N","ABS Remoteness Area":"Remote Australia"},"geometry":{"type":"Point","coordinates":[132.27389,-14.43944]}},{"type":"Feature","properties":{"MNO/Optus-TPG MOCN":"Telstra","RFNSA ID":850016,"Latitude":-14.46234,"Longitude":null,"New in 2026":"N","3G":"N","4G":"Y","5G":"Y","Co-funded":"N","ABS Remoteness Area":"Remote Australia"},"geometry":{"type":"Point","coordinates":[132.26288,-14.46234]}},{"type":"Feature","properties":{"MNO/Optus-TPG MOCN":"Telstra","RFNSA ID":850018,"Latitude":-14.52033,"Longitude":null,"New in 2026":"N","3G":"N","4G":"Y","5G":"Y","Co-funded":"N","ABS Remoteness Area":"Remote Australia"},"geometry":{"type":"Point","coordinates":[132.16011,-14.52033]}},{"type":"Feature","properties":{"MNO/Optus-TPG MOCN":"Telstra","RFNSA ID":850022,"Latitude":-14.46908,"Longitude":null,"New in 2026":"N","3G":"N","4G":"Y","5G":"Y","Co-funded":"N","ABS Remoteness Area":"Remote Australia"},"geometry":{"type":"Point","coordinates":[132.29129,-14.46908]}},{"type":"Feature","properties":{"MNO/Optus-TPG MOCN":"Telstra","RFNSA ID":852001,"Latitude":-18.33139,"Longitude":null,"New in 2026":"N","3G":"N","4G":"Y","5G":"Y","Co-funded":"N","ABS Remoteness Area":"Very Remote Australia"},"geometry":{"type":"Point","coordinates":[130.63417,-18.33139]}},{"type":"Feature","properties":{"MNO/Optus-TPG MOCN":"Telstra","RFNSA ID":852002,"Latitude":-14.73361,"Longitude":null,"New in 2026":"N","3G":"N","4G":"Y","5G":"N","Co-funded":"N","ABS Remoteness Area":"Very Remote Australia"},"geometry":{"type":"Point","coordinates":[134.73278,-14.73361]}},{"type":"Feature","properties":{"MNO/Optus-TPG MOCN":"Telstra","RFNSA ID":852003,"Latitude":-14.27917,"Longitude":null,"New in 2026":"N","3G":"N","4G":"Y","5G":"N","Co-funded":"N","ABS Remoteness Area":"Very Remote Australia"},"geometry":{"type":"Point","coordinates":[135.74,-14.27917]}},{"type":"Feature","properties":{"MNO/Optus-TPG MOCN":"Telstra","RFNSA ID":852004,"Latitude":-15.65639,"Longitude":null,"New in 2026":"N","3G":"N","4G":"Y","5G":"N","Co-funded":"N","ABS Remoteness Area":"Very Remote Australia"},"geometry":{"type":"Point","coordinates":[130.47889,-15.65639]}},{"type":"Feature","properties":{"MNO/Optus-TPG MOCN":"Telstra","RFNSA ID":852005,"Latitude":-14.93528,"Longitude":null,"New in 2026":"N","3G":"N","4G":"Y","5G":"Y","Co-funded":"N","ABS Remoteness Area":"Very Remote Australia"},"geometry":{"type":"Point","coordinates":[133.05944,-14.93528]}},{"type":"Feature","properties":{"MNO/Optus-TPG MOCN":"Telstra","RFNSA ID":852006,"Latitude":-16.30694,"Longitude":null,"New in 2026":"N","3G":"N","4G":"Y","5G":"Y","Co-funded":"N","ABS Remoteness Area":"Very Remote Australia"},"geometry":{"type":"Point","coordinates":[133.38639,-16.30694]}},{"type":"Feature","properties":{"MNO/Optus-TPG MOCN":"Telstra","RFNSA ID":852007,"Latitude":-14.51917,"Longitude":null,"New in 2026":"N","3G":"N","4G":"Y","5G":"Y","Co-funded":"N","ABS Remoteness Area":"Very Remote Australia"},"geometry":{"type":"Point","coordinates":[132.86806,-14.51917]}},{"type":"Feature","properties":{"MNO/Optus-TPG MOCN":"Telstra","RFNSA ID":852008,"Latitude":-14.55307,"Longitude":null,"New in 2026":"N","3G":"N","4G":"Y","5G":"Y","Co-funded":"N","ABS Remoteness Area":"Very Remote Australia"},"geometry":{"type":"Point","coordinates":[133.11544,-14.55307]}},{"type":"Feature","properties":{"MNO/Optus-TPG MOCN":"Telstra","RFNSA ID":852009,"Latitude":-17.44192,"Longitude":null,"New in 2026":"N","3G":"N","4G":"Y","5G":"N","Co-funded":"N","ABS Remoteness Area":"Very Remote Australia"},"geometry":{"type":"Point","coordinates":[130.82986,-17.44192]}},{"type":"Feature","properties":{"MNO/Optus-TPG MOCN":"Telstra","RFNSA ID":852045,"Latitude":-15.5443,"Longitude":null,"New in 2026":"N","3G":"N","4G":"Y","5G":"N","Co-funded":"Y","ABS Remoteness Area":"Very Remote Australia"},"geometry":{"type":"Point","coordinates":[133.187263,-15.5443]}},{"type":"Feature","properties":{"MNO/Optus-TPG MOCN":"Telstra","RFNSA ID":852058,"Latitude":-16.43509,"Longitude":null,"New in 2026":"N","3G":"N","4G":"Y","5G":"N","Co-funded":"N","ABS Remoteness Area":"Very Remote Australia"},"geometry":{"type":"Point","coordinates":[136.09167,-16.43509]}},{"type":"Feature","properties":{"MNO/Optus-TPG MOCN":"Telstra","RFNSA ID":852060,"Latitude":-14.28053,"Longitude":null,"New in 2026":"N","3G":"N","4G":"Y","5G":"N","Co-funded":"N","ABS Remoteness Area":"Very Remote Australia"},"geometry":{"type":"Point","coordinates":[132.83458,-14.28053]}},{"type":"Feature","properties":{"MNO/Optus-TPG MOCN":"Telstra","RFNSA ID":852083,"Latitude":-15.60101,"Longitude":null,"New in 2026":"N","3G":"N","4G":"Y","5G":"Y","Co-funded":"N","ABS Remoteness Area":"Very Remote Australia"},"geometry":{"type":"Point","coordinates":[130.45469,-15.60101]}},{"type":"Feature","properties":{"MNO/Optus-TPG MOCN":"Telstra","RFNSA ID":852084,"Latitude":-17.06557,"Longitude":null,"New in 2026":"N","3G":"N","4G":"Y","5G":"N","Co-funded":"N","ABS Remoteness Area":"Very Remote Australia"},"geometry":{"type":"Point","coordinates":[133.412,-17.06557]}},{"type":"Feature","properties":{"MNO/Optus-TPG MOCN":"Telstra","RFNSA ID":852088,"Latitude":-14.95327,"Longitude":null,"New in 2026":"N","3G":"N","4G":"Y","5G":"N","Co-funded":"N","ABS Remoteness Area":"Very Remote Australia"},"geometry":{"type":"Point","coordinates":[133.300054,-14.95327]}},{"type":"Feature","properties":{"MNO/Optus-TPG MOCN":"Telstra","RFNSA ID":852089,"Latitude":-16.6839,"Longitude":null,"New in 2026":"N","3G":"N","4G":"Y","5G":"N","Co-funded":"N","ABS Remoteness Area":"Very Remote Australia"},"geometry":{"type":"Point","coordinates":[135.7267,-16.6839]}},{"type":"Feature","properties":{"MNO/Optus-TPG MOCN":"Telstra","RFNSA ID":852090,"Latitude":-15.22066,"Longitude":null,"New in 2026":"N","3G":"N","4G":"Y","5G":"Y","Co-funded":"N","ABS Remoteness Area":"Very Remote Australia"},"geometry":{"type":"Point","coordinates":[134.08211,-15.22066]}},{"type":"Feature","properties":{"MNO/Optus-TPG MOCN":"Telstra","RFNSA ID":852091,"Latitude":-16.44813,"Longitude":null,"New in 2026":"N","3G":"N","4G":"Y","5G":"N","Co-funded":"N","ABS Remoteness Area":"Very Remote Australia"},"geometry":{"type":"Point","coordinates":[130.88422,-16.44813]}},{"type":"Feature","properties":{"MNO/Optus-TPG MOCN":"Telstra","RFNSA ID":852092,"Latitude":-13.67225,"Longitude":null,"New in 2026":"N","3G":"N","4G":"Y","5G":"N","Co-funded":"N","ABS Remoteness Area":"Very Remote Australia"},"geometry":{"type":"Point","coordinates":[134.34067,-13.67225]}},{"type":"Feature","properties":{"MNO/Optus-TPG MOCN":"Telstra","RFNSA ID":852100,"Latitude":-16.54332,"Longitude":null,"New in 2026":"N","3G":"N","4G":"Y","5G":"N","Co-funded":"Y","ABS Remoteness Area":"Very Remote Australia"},"geometry":{"type":"Point","coordinates":[131.796776,-16.54332]}},{"type":"Feature","properties":{"MNO/Optus-TPG MOCN":"Telstra","RFNSA ID":852101,"Latitude":-15.766319,"Longitude":null,"New in 2026":"N","3G":"N","4G":"Y","5G":"N","Co-funded":"N","ABS Remoteness Area":"Very Remote Australia"},"geometry":{"type":"Point","coordinates":[131.819881,-15.766319]}},{"type":"Feature","properties":{"MNO/Optus-TPG MOCN":"Telstra","RFNSA ID":852104,"Latitude":-16.679733,"Longitude":null,"New in 2026":"N","3G":"N","4G":"Y","5G":"N","Co-funded":"N","ABS Remoteness Area":"Very Remote Australia"},"geometry":{"type":"Point","coordinates":[133.412916,-16.679733]}},{"type":"Feature","properties":{"MNO/Optus-TPG MOCN":"Telstra","RFNSA ID":852106,"Latitude":-15.76711,"Longitude":null,"New in 2026":"N","3G":"N","4G":"Y","5G":"N","Co-funded":"Y","ABS Remoteness Area":"Very Remote Australia"},"geometry":{"type":"Point","coordinates":[130.040139,-15.76711]}},{"type":"Feature","properties":{"MNO/Optus-TPG MOCN":"Telstra","RFNSA ID":852107,"Latitude":-16.48793,"Longitude":null,"New in 2026":"N","3G":"N","4G":"Y","5G":"N","Co-funded":"N","ABS Remoteness Area":"Very Remote Australia"},"geometry":{"type":"Point","coordinates":[130.64386,-16.48793]}},{"type":"Feature","properties":{"MNO/Optus-TPG MOCN":"Telstra","RFNSA ID":852108,"Latitude":-17.053,"Longitude":null,"New in 2026":"N","3G":"N","4G":"Y","5G":"N","Co-funded":"N","ABS Remoteness Area":"Very Remote Australia"},"geometry":{"type":"Point","coordinates":[129.01027,-17.053]}},{"type":"Feature","properties":{"MNO/Optus-TPG MOCN":"Telstra","RFNSA ID":852109,"Latitude":-16.42911,"Longitude":null,"New in 2026":"N","3G":"N","4G":"Y","5G":"N","Co-funded":"N","ABS Remoteness Area":"Very Remote Australia"},"geometry":{"type":"Point","coordinates":[135.19785,-16.42911]}},{"type":"Feature","properties":{"MNO/Optus-TPG MOCN":"Telstra","RFNSA ID":852114,"Latitude":-15.20843,"Longitude":null,"New in 2026":"N","3G":"N","4G":"Y","5G":"N","Co-funded":"N","ABS Remoteness Area":"Very Remote Australia"},"geometry":{"type":"Point","coordinates":[129.450337,-15.20843]}},{"type":"Feature","properties":{"MNO/Optus-TPG MOCN":"Telstra","RFNSA ID":852115,"Latitude":-15.23523,"Longitude":null,"New in 2026":"N","3G":"N","4G":"Y","5G":"N","Co-funded":"N","ABS Remoteness Area":"Very Remote Australia"},"geometry":{"type":"Point","coordinates":[129.335708,-15.23523]}},{"type":"Feature","properties":{"MNO/Optus-TPG MOCN":"Telstra","RFNSA ID":852118,"Latitude":-16.63386,"Longitude":null,"New in 2026":"N","3G":"N","4G":"Y","5G":"N","Co-funded":"N","ABS Remoteness Area":"Very Remote Australia"},"geometry":{"type":"Point","coordinates":[129.3272,-16.63386]}},{"type":"Feature","properties":{"MNO/Optus-TPG MOCN":"Telstra","RFNSA ID":852119,"Latitude":-15.35672,"Longitude":null,"New in 2026":"Y","3G":"N","4G":"Y","5G":"N","Co-funded":"Y","ABS Remoteness Area":"Very Remote Australia"},"geometry":{"type":"Point","coordinates":[131.27246,-15.35672]}},{"type":"Feature","properties":{"MNO/Optus-TPG MOCN":"Telstra","RFNSA ID":852122,"Latitude":-14.25214,"Longitude":null,"New in 2026":"Y","3G":"N","4G":"Y","5G":"Y","Co-funded":"Y","ABS Remoteness Area":"Remote Australia"},"geometry":{"type":"Point","coordinates":[132.05818,-14.25214]}},{"type":"Feature","properties":{"MNO/Optus-TPG MOCN":"Telstra","RFNSA ID":852123,"Latitude":-15.31228,"Longitude":null,"New in 2026":"N","3G":"N","4G":"Y","5G":"Y","Co-funded":"N","ABS Remoteness Area":"Very Remote Australia"},"geometry":{"type":"Point","coordinates":[130.72147,-15.31228]}},{"type":"Feature","properties":{"MNO/Optus-TPG MOCN":"Telstra","RFNSA ID":852124,"Latitude":-15.34976,"Longitude":null,"New in 2026":"N","3G":"N","4G":"Y","5G":"Y","Co-funded":"N","ABS Remoteness Area":"Very Remote Australia"},"geometry":{"type":"Point","coordinates":[130.27602,-15.34976]}},{"type":"Feature","properties":{"MNO/Optus-TPG MOCN":"Telstra","RFNSA ID":852125,"Latitude":-17.33594,"Longitude":null,"New in 2026":"Y","3G":"N","4G":"Y","5G":"N","Co-funded":"N","ABS Remoteness Area":"Very Remote Australia"},"geometry":{"type":"Point","coordinates":[129.28825,-17.33594]}},{"type":"Feature","properties":{"MNO/Optus-TPG MOCN":"Telstra","RFNSA ID":852126,"Latitude":-15.831,"Longitude":null,"New in 2026":"Y","3G":"N","4G":"Y","5G":"N","Co-funded":"Y","ABS Remoteness Area":"Very Remote Australia"},"geometry":{"type":"Point","coordinates":[133.40009,-15.831]}},{"type":"Feature","properties":{"MNO/Optus-TPG MOCN":"Telstra","RFNSA ID":852127,"Latitude":-15.70744,"Longitude":null,"New in 2026":"Y","3G":"N","4G":"Y","5G":"N","Co-funded":"N","ABS Remoteness Area":"Very Remote Australia"},"geometry":{"type":"Point","coordinates":[130.48279,-15.70744]}},{"type":"Feature","properties":{"MNO/Optus-TPG MOCN":"Telstra","RFNSA ID":852129,"Latitude":-15.56389,"Longitude":null,"New in 2026":"Y","3G":"N","4G":"Y","5G":"N","Co-funded":"N","ABS Remoteness Area":"Very Remote Australia"},"geometry":{"type":"Point","coordinates":[130.93389,-15.56389]}},{"type":"Feature","properties":{"MNO/Optus-TPG MOCN":"Telstra","RFNSA ID":852132,"Latitude":-15.78694,"Longitude":null,"New in 2026":"Y","3G":"N","4G":"Y","5G":"N","Co-funded":"N","ABS Remoteness Area":"Very Remote Australia"},"geometry":{"type":"Point","coordinates":[130.53139,-15.78694]}},{"type":"Feature","properties":{"MNO/Optus-TPG MOCN":"Telstra","RFNSA ID":853001,"Latitude":-14.50944,"Longitude":null,"New in 2026":"N","3G":"N","4G":"Y","5G":"Y","Co-funded":"N","ABS Remoteness Area":"Remote Australia"},"geometry":{"type":"Point","coordinates":[132.39204,-14.50944]}},{"type":"Feature","properties":{"MNO/Optus-TPG MOCN":"Telstra","RFNSA ID":854001,"Latitude":-16.05361,"Longitude":null,"New in 2026":"N","3G":"N","4G":"Y","5G":"N","Co-funded":"N","ABS Remoteness Area":"Very Remote Australia"},"geometry":{"type":"Point","coordinates":[136.30611,-16.05361]}},{"type":"Feature","properties":{"MNO/Optus-TPG MOCN":"Telstra","RFNSA ID":860001,"Latitude":-19.71028,"Longitude":null,"New in 2026":"N","3G":"N","4G":"Y","5G":"N","Co-funded":"N","ABS Remoteness Area":"Very Remote Australia"},"geometry":{"type":"Point","coordinates":[135.82667,-19.71028]}},{"type":"Feature","properties":{"MNO/Optus-TPG MOCN":"Telstra","RFNSA ID":860002,"Latitude":-19.63417,"Longitude":null,"New in 2026":"N","3G":"N","4G":"Y","5G":"Y","Co-funded":"N","ABS Remoteness Area":"Very Remote Australia"},"geometry":{"type":"Point","coordinates":[134.22361,-19.63417]}},{"type":"Feature","properties":{"MNO/Optus-TPG MOCN":"Telstra","RFNSA ID":860009,"Latitude":-19.65103,"Longitude":null,"New in 2026":"N","3G":"N","4G":"Y","5G":"Y","Co-funded":"N","ABS Remoteness Area":"Very Remote Australia"},"geometry":{"type":"Point","coordinates":[134.18377,-19.65103]}},{"type":"Feature","properties":{"MNO/Optus-TPG MOCN":"Telstra","RFNSA ID":860022,"Latitude":-19.64756,"Longitude":null,"New in 2026":"N","3G":"N","4G":"Y","5G":"Y","Co-funded":"N","ABS Remoteness Area":"Very Remote Australia"},"geometry":{"type":"Point","coordinates":[134.19761,-19.64756]}},{"type":"Feature","properties":{"MNO/Optus-TPG MOCN":"Telstra","RFNSA ID":862001,"Latitude":-17.555,"Longitude":null,"New in 2026":"N","3G":"N","4G":"Y","5G":"N","Co-funded":"N","ABS Remoteness Area":"Very Remote Australia"},"geometry":{"type":"Point","coordinates":[133.54444,-17.555]}},{"type":"Feature","properties":{"MNO/Optus-TPG MOCN":"Telstra","RFNSA ID":862019,"Latitude":-16.75799,"Longitude":null,"New in 2026":"N","3G":"N","4G":"Y","5G":"N","Co-funded":"N","ABS Remoteness Area":"Very Remote Australia"},"geometry":{"type":"Point","coordinates":[136.9844,-16.75799]}},{"type":"Feature","properties":{"MNO/Optus-TPG MOCN":"Telstra","RFNSA ID":862038,"Latitude":-17.370545,"Longitude":null,"New in 2026":"N","3G":"N","4G":"Y","5G":"Y","Co-funded":"N","ABS Remoteness Area":"Very Remote Australia"},"geometry":{"type":"Point","coordinates":[133.409182,-17.370545]}},{"type":"Feature","properties":{"MNO/Optus-TPG MOCN":"Telstra","RFNSA ID":862044,"Latitude":-17.21123,"Longitude":null,"New in 2026":"N","3G":"N","4G":"Y","5G":"N","Co-funded":"N","ABS Remoteness Area":"Very Remote Australia"},"geometry":{"type":"Point","coordinates":[137.94643,-17.21123]}},{"type":"Feature","properties":{"MNO/Optus-TPG MOCN":"Telstra","RFNSA ID":862045,"Latitude":-18.36615,"Longitude":null,"New in 2026":"N","3G":"N","4G":"Y","5G":"N","Co-funded":"Y","ABS Remoteness Area":"Very Remote Australia"},"geometry":{"type":"Point","coordinates":[135.8571,-18.36615]}},{"type":"Feature","properties":{"MNO/Optus-TPG MOCN":"Telstra","RFNSA ID":870001,"Latitude":-23.72222,"Longitude":null,"New in 2026":"N","3G":"N","4G":"Y","5G":"Y","Co-funded":"N","ABS Remoteness Area":"Remote Australia"},"geometry":{"type":"Point","coordinates":[133.85639,-23.72222]}},{"type":"Feature","properties":{"MNO/Optus-TPG MOCN":"Telstra","RFNSA ID":870005,"Latitude":-23.69171,"Longitude":null,"New in 2026":"N","3G":"N","4G":"Y","5G":"Y","Co-funded":"N","ABS Remoteness Area":"Remote Australia"},"geometry":{"type":"Point","coordinates":[133.87245,-23.69171]}},{"type":"Feature","properties":{"MNO/Optus-TPG MOCN":"Telstra","RFNSA ID":870010,"Latitude":-23.52395,"Longitude":null,"New in 2026":"N","3G":"N","4G":"Y","5G":"N","Co-funded":"N","ABS Remoteness Area":"Remote Australia"},"geometry":{"type":"Point","coordinates":[133.68087,-23.52395]}},{"type":"Feature","properties":{"MNO/Optus-TPG MOCN":"Telstra","RFNSA ID":870019,"Latitude":-23.69617,"Longitude":null,"New in 2026":"N","3G":"N","4G":"Y","5G":"Y","Co-funded":"N","ABS Remoteness Area":"Remote Australia"},"geometry":{"type":"Point","coordinates":[133.88437,-23.69617]}},{"type":"Feature","properties":{"MNO/Optus-TPG MOCN":"Telstra","RFNSA ID":870021,"Latitude":-23.80028,"Longitude":null,"New in 2026":"N","3G":"N","4G":"Y","5G":"Y","Co-funded":"N","ABS Remoteness Area":"Remote Australia"},"geometry":{"type":"Point","coordinates":[133.90083,-23.80028]}},{"type":"Feature","properties":{"MNO/Optus-TPG MOCN":"Telstra","RFNSA ID":870055,"Latitude":-23.704523,"Longitude":null,"New in 2026":"N","3G":"N","4G":"Y","5G":"Y","Co-funded":"N","ABS Remoteness Area":"Remote Australia"},"geometry":{"type":"Point","coordinates":[133.853341,-23.704523]}},{"type":"Feature","properties":{"MNO/Optus-TPG MOCN":"Telstra","RFNSA ID":870057,"Latitude":-23.700462,"Longitude":null,"New in 2026":"N","3G":"N","4G":"Y","5G":"N","Co-funded":"N","ABS Remoteness Area":"Remote Australia"},"geometry":{"type":"Point","coordinates":[133.861844,-23.700462]}},{"type":"Feature","properties":{"MNO/Optus-TPG MOCN":"Telstra","RFNSA ID":870061,"Latitude":-23.70001,"Longitude":null,"New in 2026":"N","3G":"N","4G":"Y","5G":"N","Co-funded":"N","ABS Remoteness Area":"Remote Australia"},"geometry":{"type":"Point","coordinates":[133.8947,-23.70001]}},{"type":"Feature","properties":{"MNO/Optus-TPG MOCN":"Telstra","RFNSA ID":870062,"Latitude":-23.75359,"Longitude":null,"New in 2026":"N","3G":"N","4G":"Y","5G":"N","Co-funded":"N","ABS Remoteness Area":"Remote Australia"},"geometry":{"type":"Point","coordinates":[133.87394,-23.75359]}},{"type":"Feature","properties":{"MNO/Optus-TPG MOCN":"Telstra","RFNSA ID":870063,"Latitude":-23.73843,"Longitude":null,"New in 2026":"N","3G":"N","4G":"Y","5G":"Y","Co-funded":"N","ABS Remoteness Area":"Remote Australia"},"geometry":{"type":"Point","coordinates":[133.86348,-23.73843]}},{"type":"Feature","properties":{"MNO/Optus-TPG MOCN":"Telstra","RFNSA ID":870065,"Latitude":-23.69496,"Longitude":null,"New in 2026":"N","3G":"N","4G":"Y","5G":"N","Co-funded":"N","ABS Remoteness Area":"Remote Australia"},"geometry":{"type":"Point","coordinates":[133.832879,-23.69496]}},{"type":"Feature","properties":{"MNO/Optus-TPG MOCN":"Telstra","RFNSA ID":870066,"Latitude":-23.71466,"Longitude":null,"New in 2026":"Y","3G":"N","4G":"Y","5G":"Y","Co-funded":"N","ABS Remoteness Area":"Remote Australia"},"geometry":{"type":"Point","coordinates":[133.88137,-23.71466]}},{"type":"Feature","properties":{"MNO/Optus-TPG MOCN":"Telstra","RFNSA ID":871001,"Latitude":-23.67306,"Longitude":null,"New in 2026":"N","3G":"N","4G":"Y","5G":"N","Co-funded":"N","ABS Remoteness Area":"Remote Australia"},"geometry":{"type":"Point","coordinates":[133.86972,-23.67306]}},{"type":"Feature","properties":{"MNO/Optus-TPG MOCN":"Telstra","RFNSA ID":871002,"Latitude":-23.708597,"Longitude":null,"New in 2026":"N","3G":"N","4G":"Y","5G":"Y","Co-funded":"N","ABS Remoteness Area":"Remote Australia"},"geometry":{"type":"Point","coordinates":[133.874288,-23.708597]}},{"type":"Feature","properties":{"MNO/Optus-TPG MOCN":"Telstra","RFNSA ID":872001,"Latitude":-22.20222,"Longitude":null,"New in 2026":"N","3G":"N","4G":"Y","5G":"N","Co-funded":"N","ABS Remoteness Area":"Very Remote Australia"},"geometry":{"type":"Point","coordinates":[133.42083,-22.20222]}},{"type":"Feature","properties":{"MNO/Optus-TPG MOCN":"Telstra","RFNSA ID":872002,"Latitude":-25.19122,"Longitude":null,"New in 2026":"N","3G":"N","4G":"Y","5G":"N","Co-funded":"N","ABS Remoteness Area":"Very Remote Australia"},"geometry":{"type":"Point","coordinates":[130.97542,-25.19122]}},{"type":"Feature","properties":{"MNO/Optus-TPG MOCN":"Telstra","RFNSA ID":872003,"Latitude":-25.24259,"Longitude":null,"New in 2026":"N","3G":"N","4G":"Y","5G":"Y","Co-funded":"N","ABS Remoteness Area":"Very Remote Australia"},"geometry":{"type":"Point","coordinates":[130.984073,-25.24259]}},{"type":"Feature","properties":{"MNO/Optus-TPG MOCN":"Telstra","RFNSA ID":872004,"Latitude":-21.0025,"Longitude":null,"New in 2026":"N","3G":"N","4G":"Y","5G":"N","Co-funded":"N","ABS Remoteness Area":"Very Remote Australia"},"geometry":{"type":"Point","coordinates":[134.40694,-21.0025]}},{"type":"Feature","properties":{"MNO/Optus-TPG MOCN":"Telstra","RFNSA ID":872005,"Latitude":-26.28497,"Longitude":null,"New in 2026":"N","3G":"N","4G":"Y","5G":"N","Co-funded":"N","ABS Remoteness Area":"Very Remote Australia"},"geometry":{"type":"Point","coordinates":[132.13487,-26.28497]}},{"type":"Feature","properties":{"MNO/Optus-TPG MOCN":"Telstra","RFNSA ID":872013,"Latitude":-25.19556,"Longitude":null,"New in 2026":"N","3G":"N","4G":"Y","5G":"N","Co-funded":"N","ABS Remoteness Area":"Very Remote Australia"},"geometry":{"type":"Point","coordinates":[133.20139,-25.19556]}},{"type":"Feature","properties":{"MNO/Optus-TPG MOCN":"Telstra","RFNSA ID":872016,"Latitude":-25.58511,"Longitude":null,"New in 2026":"N","3G":"N","4G":"Y","5G":"N","Co-funded":"Y","ABS Remoteness Area":"Very Remote Australia"},"geometry":{"type":"Point","coordinates":[134.57334,-25.58511]}},{"type":"Feature","properties":{"MNO/Optus-TPG MOCN":"Telstra","RFNSA ID":872021,"Latitude":-22.515106,"Longitude":null,"New in 2026":"N","3G":"N","4G":"Y","5G":"N","Co-funded":"Y","ABS Remoteness Area":"Very Remote Australia"},"geometry":{"type":"Point","coordinates":[132.75377,-22.515106]}},{"type":"Feature","properties":{"MNO/Optus-TPG MOCN":"Telstra","RFNSA ID":872023,"Latitude":-24.13028,"Longitude":null,"New in 2026":"N","3G":"N","4G":"Y","5G":"N","Co-funded":"N","ABS Remoteness Area":"Remote Australia"},"geometry":{"type":"Point","coordinates":[134.37611,-24.13028]}},{"type":"Feature","properties":{"MNO/Optus-TPG MOCN":"Telstra","RFNSA ID":872024,"Latitude":-20.54443,"Longitude":null,"New in 2026":"N","3G":"N","4G":"Y","5G":"N","Co-funded":"N","ABS Remoteness Area":"Very Remote Australia"},"geometry":{"type":"Point","coordinates":[130.31722,-20.54443]}},{"type":"Feature","properties":{"MNO/Optus-TPG MOCN":"Telstra","RFNSA ID":872025,"Latitude":-22.25156,"Longitude":null,"New in 2026":"N","3G":"N","4G":"Y","5G":"N","Co-funded":"N","ABS Remoteness Area":"Very Remote Australia"},"geometry":{"type":"Point","coordinates":[131.79875,-22.25156]}},{"type":"Feature","properties":{"MNO/Optus-TPG MOCN":"Telstra","RFNSA ID":872028,"Latitude":-22.8111,"Longitude":null,"New in 2026":"N","3G":"N","4G":"Y","5G":"N","Co-funded":"Y","ABS Remoteness Area":"Very Remote Australia"},"geometry":{"type":"Point","coordinates":[132.59973,-22.8111]}},{"type":"Feature","properties":{"MNO/Optus-TPG MOCN":"Telstra","RFNSA ID":872032,"Latitude":-24.6772,"Longitude":null,"New in 2026":"N","3G":"N","4G":"Y","5G":"N","Co-funded":"N","ABS Remoteness Area":"Remote Australia"},"geometry":{"type":"Point","coordinates":[134.07694,-24.6772]}},{"type":"Feature","properties":{"MNO/Optus-TPG MOCN":"Telstra","RFNSA ID":872034,"Latitude":-23.94213,"Longitude":null,"New in 2026":"N","3G":"N","4G":"Y","5G":"Y","Co-funded":"N","ABS Remoteness Area":"Very Remote Australia"},"geometry":{"type":"Point","coordinates":[132.77681,-23.94213]}},{"type":"Feature","properties":{"MNO/Optus-TPG MOCN":"Telstra","RFNSA ID":872045,"Latitude":-24.25223,"Longitude":null,"New in 2026":"N","3G":"N","4G":"Y","5G":"N","Co-funded":"N","ABS Remoteness Area":"Very Remote Australia"},"geometry":{"type":"Point","coordinates":[131.510363,-24.25223]}},{"type":"Feature","properties":{"MNO/Optus-TPG MOCN":"Telstra","RFNSA ID":872046,"Latitude":-23.27311,"Longitude":null,"New in 2026":"N","3G":"N","4G":"Y","5G":"N","Co-funded":"N","ABS Remoteness Area":"Very Remote Australia"},"geometry":{"type":"Point","coordinates":[129.386987,-23.27311]}},{"type":"Feature","properties":{"MNO/Optus-TPG MOCN":"Telstra","RFNSA ID":872058,"Latitude":-23.19087,"Longitude":null,"New in 2026":"N","3G":"N","4G":"Y","5G":"N","Co-funded":"N","ABS Remoteness Area":"Very Remote Australia"},"geometry":{"type":"Point","coordinates":[131.92328,-23.19087]}},{"type":"Feature","properties":{"MNO/Optus-TPG MOCN":"Telstra","RFNSA ID":872073,"Latitude":-25.31209,"Longitude":null,"New in 2026":"N","3G":"N","4G":"Y","5G":"N","Co-funded":"N","ABS Remoteness Area":"Very Remote Australia"},"geometry":{"type":"Point","coordinates":[131.75788,-25.31209]}},{"type":"Feature","properties":{"MNO/Optus-TPG MOCN":"Telstra","RFNSA ID":872080,"Latitude":-26.1457,"Longitude":null,"New in 2026":"N","3G":"N","4G":"Y","5G":"N","Co-funded":"Y","ABS Remoteness Area":"Very Remote Australia"},"geometry":{"type":"Point","coordinates":[131.15411,-26.1457]}},{"type":"Feature","properties":{"MNO/Optus-TPG MOCN":"Telstra","RFNSA ID":872081,"Latitude":-25.83843,"Longitude":null,"New in 2026":"N","3G":"N","4G":"Y","5G":"N","Co-funded":"N","ABS Remoteness Area":"Very Remote Australia"},"geometry":{"type":"Point","coordinates":[133.299,-25.83843]}},{"type":"Feature","properties":{"MNO/Optus-TPG MOCN":"Telstra","RFNSA ID":872082,"Latitude":-23.25451,"Longitude":null,"New in 2026":"N","3G":"N","4G":"Y","5G":"N","Co-funded":"Y","ABS Remoteness Area":"Very Remote Australia"},"geometry":{"type":"Point","coordinates":[131.2774,-23.25451]}},{"type":"Feature","properties":{"MNO/Optus-TPG MOCN":"Telstra","RFNSA ID":872085,"Latitude":-25.75336,"Longitude":null,"New in 2026":"N","3G":"N","4G":"Y","5G":"N","Co-funded":"N","ABS Remoteness Area":"Very Remote Australia"},"geometry":{"type":"Point","coordinates":[133.69211,-25.75336]}},{"type":"Feature","properties":{"MNO/Optus-TPG MOCN":"Telstra","RFNSA ID":872102,"Latitude":-24.12447,"Longitude":null,"New in 2026":"N","3G":"N","4G":"Y","5G":"Y","Co-funded":"Y","ABS Remoteness Area":"Very Remote Australia"},"geometry":{"type":"Point","coordinates":[133.087629,-24.12447]}},{"type":"Feature","properties":{"MNO/Optus-TPG MOCN":"Telstra","RFNSA ID":872110,"Latitude":-24.99871,"Longitude":null,"New in 2026":"N","3G":"N","4G":"Y","5G":"N","Co-funded":"N","ABS Remoteness Area":"Very Remote Australia"},"geometry":{"type":"Point","coordinates":[128.288662,-24.99871]}},{"type":"Feature","properties":{"MNO/Optus-TPG MOCN":"Telstra","RFNSA ID":872111,"Latitude":-25.2841,"Longitude":null,"New in 2026":"N","3G":"N","4G":"Y","5G":"N","Co-funded":"N","ABS Remoteness Area":"Very Remote Australia"},"geometry":{"type":"Point","coordinates":[127.5419,-25.2841]}},{"type":"Feature","properties":{"MNO/Optus-TPG MOCN":"Telstra","RFNSA ID":872113,"Latitude":-25.8607,"Longitude":null,"New in 2026":"N","3G":"N","4G":"Y","5G":"N","Co-funded":"N","ABS Remoteness Area":"Very Remote Australia"},"geometry":{"type":"Point","coordinates":[127.6648,-25.8607]}},{"type":"Feature","properties":{"MNO/Optus-TPG MOCN":"Telstra","RFNSA ID":872115,"Latitude":-26.0689,"Longitude":null,"New in 2026":"N","3G":"N","4G":"Y","5G":"N","Co-funded":"N","ABS Remoteness Area":"Very Remote Australia"},"geometry":{"type":"Point","coordinates":[128.9346,-26.0689]}},{"type":"Feature","properties":{"MNO/Optus-TPG MOCN":"Telstra","RFNSA ID":872116,"Latitude":-22.086785,"Longitude":null,"New in 2026":"N","3G":"N","4G":"Y","5G":"Y","Co-funded":"N","ABS Remoteness Area":"Very Remote Australia"},"geometry":{"type":"Point","coordinates":[134.7758417,-22.086785]}},{"type":"Feature","properties":{"MNO/Optus-TPG MOCN":"Telstra","RFNSA ID":872117,"Latitude":-21.654547,"Longitude":null,"New in 2026":"N","3G":"N","4G":"Y","5G":"Y","Co-funded":"N","ABS Remoteness Area":"Very Remote Australia"},"geometry":{"type":"Point","coordinates":[135.226058,-21.654547]}},{"type":"Feature","properties":{"MNO/Optus-TPG MOCN":"Telstra","RFNSA ID":872119,"Latitude":-25.35605,"Longitude":null,"New in 2026":"N","3G":"N","4G":"Y","5G":"N","Co-funded":"N","ABS Remoteness Area":"Very Remote Australia"},"geometry":{"type":"Point","coordinates":[131.06738,-25.35605]}},{"type":"Feature","properties":{"MNO/Optus-TPG MOCN":"Telstra","RFNSA ID":872120,"Latitude":-21.531213,"Longitude":null,"New in 2026":"N","3G":"N","4G":"Y","5G":"Y","Co-funded":"N","ABS Remoteness Area":"Very Remote Australia"},"geometry":{"type":"Point","coordinates":[133.889953,-21.531213]}},{"type":"Feature","properties":{"MNO/Optus-TPG MOCN":"Telstra","RFNSA ID":872121,"Latitude":-20.53334,"Longitude":null,"New in 2026":"N","3G":"N","4G":"Y","5G":"N","Co-funded":"N","ABS Remoteness Area":"Very Remote Australia"},"geometry":{"type":"Point","coordinates":[129.93694,-20.53334]}},{"type":"Feature","properties":{"MNO/Optus-TPG MOCN":"Telstra","RFNSA ID":872122,"Latitude":-20.55027,"Longitude":null,"New in 2026":"N","3G":"N","4G":"Y","5G":"N","Co-funded":"N","ABS Remoteness Area":"Very Remote Australia"},"geometry":{"type":"Point","coordinates":[130.33319,-20.55027]}},{"type":"Feature","properties":{"MNO/Optus-TPG MOCN":"Telstra","RFNSA ID":872123,"Latitude":-27.00701,"Longitude":null,"New in 2026":"N","3G":"N","4G":"Y","5G":"N","Co-funded":"Y","ABS Remoteness Area":"Very Remote Australia"},"geometry":{"type":"Point","coordinates":[132.71204,-27.00701]}},{"type":"Feature","properties":{"MNO/Optus-TPG MOCN":"Telstra","RFNSA ID":872124,"Latitude":-22.64241,"Longitude":null,"New in 2026":"N","3G":"N","4G":"Y","5G":"N","Co-funded":"N","ABS Remoteness Area":"Very Remote Australia"},"geometry":{"type":"Point","coordinates":[133.34469,-22.64241]}},{"type":"Feature","properties":{"MNO/Optus-TPG MOCN":"Telstra","RFNSA ID":872125,"Latitude":-24.87253,"Longitude":null,"New in 2026":"N","3G":"N","4G":"Y","5G":"N","Co-funded":"N","ABS Remoteness Area":"Very Remote Australia"},"geometry":{"type":"Point","coordinates":[129.079969,-24.87253]}},{"type":"Feature","properties":{"MNO/Optus-TPG MOCN":"Telstra","RFNSA ID":872128,"Latitude":-26.96597,"Longitude":null,"New in 2026":"N","3G":"N","4G":"Y","5G":"Y","Co-funded":"Y","ABS Remoteness Area":"Very Remote Australia"},"geometry":{"type":"Point","coordinates":[133.310912,-26.96597]}},{"type":"Feature","properties":{"MNO/Optus-TPG MOCN":"Telstra","RFNSA ID":872129,"Latitude":-26.15862,"Longitude":null,"New in 2026":"N","3G":"N","4G":"Y","5G":"N","Co-funded":"Y","ABS Remoteness Area":"Very Remote Australia"},"geometry":{"type":"Point","coordinates":[129.17393,-26.15862]}},{"type":"Feature","properties":{"MNO/Optus-TPG MOCN":"Telstra","RFNSA ID":872130,"Latitude":-26.76587,"Longitude":null,"New in 2026":"N","3G":"N","4G":"Y","5G":"N","Co-funded":"Y","ABS Remoteness Area":"Very Remote Australia"},"geometry":{"type":"Point","coordinates":[132.033253,-26.76587]}},{"type":"Feature","properties":{"MNO/Optus-TPG MOCN":"Telstra","RFNSA ID":872131,"Latitude":-26.46578,"Longitude":null,"New in 2026":"N","3G":"N","4G":"Y","5G":"N","Co-funded":"Y","ABS Remoteness Area":"Very Remote Australia"},"geometry":{"type":"Point","coordinates":[132.04445,-26.46578]}},{"type":"Feature","properties":{"MNO/Optus-TPG MOCN":"Telstra","RFNSA ID":872138,"Latitude":-25.12908,"Longitude":null,"New in 2026":"N","3G":"N","4G":"Y","5G":"N","Co-funded":"N","ABS Remoteness Area":"Very Remote Australia"},"geometry":{"type":"Point","coordinates":[132.569341,-25.12908]}},{"type":"Feature","properties":{"MNO/Optus-TPG MOCN":"Telstra","RFNSA ID":872143,"Latitude":-20.64109,"Longitude":null,"New in 2026":"N","3G":"N","4G":"Y","5G":"N","Co-funded":"N","ABS Remoteness Area":"Very Remote Australia"},"geometry":{"type":"Point","coordinates":[134.2227,-20.64109]}},{"type":"Feature","properties":{"MNO/Optus-TPG MOCN":"Telstra","RFNSA ID":872150,"Latitude":-22.97021,"Longitude":null,"New in 2026":"N","3G":"N","4G":"Y","5G":"N","Co-funded":"N","ABS Remoteness Area":"Very Remote Australia"},"geometry":{"type":"Point","coordinates":[134.448915,-22.97021]}},{"type":"Feature","properties":{"MNO/Optus-TPG MOCN":"Telstra","RFNSA ID":872152,"Latitude":-22.97496,"Longitude":null,"New in 2026":"N","3G":"N","4G":"Y","5G":"N","Co-funded":"N","ABS Remoteness Area":"Very Remote Australia"},"geometry":{"type":"Point","coordinates":[134.93773,-22.97496]}},{"type":"Feature","properties":{"MNO/Optus-TPG MOCN":"Telstra","RFNSA ID":872156,"Latitude":-20.63975,"Longitude":null,"New in 2026":"Y","3G":"N","4G":"Y","5G":"N","Co-funded":"Y","ABS Remoteness Area":"Very Remote Australia"},"geometry":{"type":"Point","coordinates":[135.57181,-20.63975]}},{"type":"Feature","properties":{"MNO/Optus-TPG MOCN":"Telstra","RFNSA ID":872162,"Latitude":-26.52669,"Longitude":null,"New in 2026":"Y","3G":"N","4G":"Y","5G":"N","Co-funded":"Y","ABS Remoteness Area":"Very Remote Australia"},"geometry":{"type":"Point","coordinates":[125.61519,-26.52669]}},{"type":"Feature","properties":{"MNO/Optus-TPG MOCN":"Telstra","RFNSA ID":872163,"Latitude":-24.61718,"Longitude":null,"New in 2026":"Y","3G":"N","4G":"Y","5G":"N","Co-funded":"Y","ABS Remoteness Area":"Very Remote Australia"},"geometry":{"type":"Point","coordinates":[126.31228,-24.61718]}},{"type":"Feature","properties":{"MNO/Optus-TPG MOCN":"Telstra","RFNSA ID":872164,"Latitude":-21.16637,"Longitude":null,"New in 2026":"N","3G":"N","4G":"Y","5G":"N","Co-funded":"N","ABS Remoteness Area":"Very Remote Australia"},"geometry":{"type":"Point","coordinates":[135.44675,-21.16637]}},{"type":"Feature","properties":{"MNO/Optus-TPG MOCN":"Telstra","RFNSA ID":872166,"Latitude":-20.4463912,"Longitude":null,"New in 2026":"N","3G":"N","4G":"Y","5G":"N","Co-funded":"Y","ABS Remoteness Area":"Very Remote Australia"},"geometry":{"type":"Point","coordinates":[135.2617646,-20.4463912]}},{"type":"Feature","properties":{"MNO/Optus-TPG MOCN":"Telstra","RFNSA ID":872167,"Latitude":-23.7218,"Longitude":null,"New in 2026":"N","3G":"N","4G":"Y","5G":"N","Co-funded":"N","ABS Remoteness Area":"Remote Australia"},"geometry":{"type":"Point","coordinates":[133.4701,-23.7218]}},{"type":"Feature","properties":{"MNO/Optus-TPG MOCN":"Telstra","RFNSA ID":872168,"Latitude":-24.33977,"Longitude":null,"New in 2026":"N","3G":"N","4G":"Y","5G":"N","Co-funded":"N","ABS Remoteness Area":"Remote Australia"},"geometry":{"type":"Point","coordinates":[133.4581,-24.33977]}},{"type":"Feature","properties":{"MNO/Optus-TPG MOCN":"Telstra","RFNSA ID":872170,"Latitude":-20.52398,"Longitude":null,"New in 2026":"N","3G":"N","4G":"Y","5G":"N","Co-funded":"N","ABS Remoteness Area":"Very Remote Australia"},"geometry":{"type":"Point","coordinates":[129.95232,-20.52398]}},{"type":"Feature","properties":{"MNO/Optus-TPG MOCN":"Telstra","RFNSA ID":872171,"Latitude":-19.99025,"Longitude":null,"New in 2026":"N","3G":"N","4G":"Y","5G":"N","Co-funded":"N","ABS Remoteness Area":"Very Remote Australia"},"geometry":{"type":"Point","coordinates":[136.617304,-19.99025]}},{"type":"Feature","properties":{"MNO/Optus-TPG MOCN":"Telstra","RFNSA ID":872175,"Latitude":-22.65143,"Longitude":null,"New in 2026":"N","3G":"N","4G":"Y","5G":"N","Co-funded":"Y","ABS Remoteness Area":"Very Remote Australia"},"geometry":{"type":"Point","coordinates":[130.55136,-22.65143]}},{"type":"Feature","properties":{"MNO/Optus-TPG MOCN":"Telstra","RFNSA ID":872176,"Latitude":-21.24644,"Longitude":null,"New in 2026":"N","3G":"N","4G":"Y","5G":"N","Co-funded":"Y","ABS Remoteness Area":"Very Remote Australia"},"geometry":{"type":"Point","coordinates":[132.61735,-21.24644]}},{"type":"Feature","properties":{"MNO/Optus-TPG MOCN":"Telstra","RFNSA ID":872177,"Latitude":-22.25834811,"Longitude":null,"New in 2026":"N","3G":"N","4G":"Y","5G":"N","Co-funded":"Y","ABS Remoteness Area":"Very Remote Australia"},"geometry":{"type":"Point","coordinates":[132.205041,-22.25834811]}},{"type":"Feature","properties":{"MNO/Optus-TPG MOCN":"Telstra","RFNSA ID":872178,"Latitude":-22.80144,"Longitude":null,"New in 2026":"N","3G":"N","4G":"Y","5G":"N","Co-funded":"N","ABS Remoteness Area":"Very Remote Australia"},"geometry":{"type":"Point","coordinates":[134.45466,-22.80144]}},{"type":"Feature","properties":{"MNO/Optus-TPG MOCN":"Telstra","RFNSA ID":872179,"Latitude":-22.53222,"Longitude":null,"New in 2026":"N","3G":"N","4G":"Y","5G":"N","Co-funded":"N","ABS Remoteness Area":"Very Remote Australia"},"geometry":{"type":"Point","coordinates":[132.75752,-22.53222]}},{"type":"Feature","properties":{"MNO/Optus-TPG MOCN":"Telstra","RFNSA ID":872180,"Latitude":-22.81818,"Longitude":null,"New in 2026":"N","3G":"N","4G":"Y","5G":"N","Co-funded":"Y","ABS Remoteness Area":"Very Remote Australia"},"geometry":{"type":"Point","coordinates":[127.76412,-22.81818]}},{"type":"Feature","properties":{"MNO/Optus-TPG MOCN":"Telstra","RFNSA ID":872181,"Latitude":-24.389032,"Longitude":null,"New in 2026":"N","3G":"N","4G":"Y","5G":"N","Co-funded":"N","ABS Remoteness Area":"Very Remote Australia"},"geometry":{"type":"Point","coordinates":[131.803913,-24.389032]}},{"type":"Feature","properties":{"MNO/Optus-TPG MOCN":"Telstra","RFNSA ID":872190,"Latitude":-26.05923,"Longitude":null,"New in 2026":"N","3G":"N","4G":"Y","5G":"N","Co-funded":"N","ABS Remoteness Area":"Very Remote Australia"},"geometry":{"type":"Point","coordinates":[127.69913,-26.05923]}},{"type":"Feature","properties":{"MNO/Optus-TPG MOCN":"Telstra","RFNSA ID":872193,"Latitude":-26.08108,"Longitude":null,"New in 2026":"N","3G":"N","4G":"Y","5G":"N","Co-funded":"N","ABS Remoteness Area":"Very Remote Australia"},"geometry":{"type":"Point","coordinates":[127.706727,-26.08108]}},{"type":"Feature","properties":{"MNO/Optus-TPG MOCN":"Telstra","RFNSA ID":872198,"Latitude":-21.507794,"Longitude":null,"New in 2026":"N","3G":"N","4G":"Y","5G":"N","Co-funded":"Y","ABS Remoteness Area":"Very Remote Australia"},"geometry":{"type":"Point","coordinates":[133.996754,-21.507794]}},{"type":"Feature","properties":{"MNO/Optus-TPG MOCN":"Telstra","RFNSA ID":872199,"Latitude":-26.11766,"Longitude":null,"New in 2026":"Y","3G":"N","4G":"Y","5G":"N","Co-funded":"Y","ABS Remoteness Area":"Very Remote Australia"},"geometry":{"type":"Point","coordinates":[129.15158,-26.11766]}},{"type":"Feature","properties":{"MNO/Optus-TPG MOCN":"Telstra","RFNSA ID":872200,"Latitude":-26.16708,"Longitude":null,"New in 2026":"Y","3G":"N","4G":"Y","5G":"N","Co-funded":"Y","ABS Remoteness Area":"Very Remote Australia"},"geometry":{"type":"Point","coordinates":[130.11625,-26.16708]}},{"type":"Feature","properties":{"MNO/Optus-TPG MOCN":"Telstra","RFNSA ID":872201,"Latitude":-26.32669,"Longitude":null,"New in 2026":"N","3G":"N","4G":"Y","5G":"N","Co-funded":"Y","ABS Remoteness Area":"Very Remote Australia"},"geometry":{"type":"Point","coordinates":[132.44568,-26.32669]}},{"type":"Feature","properties":{"MNO/Optus-TPG MOCN":"Telstra","RFNSA ID":872202,"Latitude":-26.52289,"Longitude":null,"New in 2026":"N","3G":"N","4G":"Y","5G":"N","Co-funded":"Y","ABS Remoteness Area":"Very Remote Australia"},"geometry":{"type":"Point","coordinates":[131.87925,-26.52289]}},{"type":"Feature","properties":{"MNO/Optus-TPG MOCN":"Telstra","RFNSA ID":872203,"Latitude":-26.16069,"Longitude":null,"New in 2026":"Y","3G":"N","4G":"Y","5G":"N","Co-funded":"Y","ABS Remoteness Area":"Very Remote Australia"},"geometry":{"type":"Point","coordinates":[130.18448,-26.16069]}},{"type":"Feature","properties":{"MNO/Optus-TPG MOCN":"Telstra","RFNSA ID":872204,"Latitude":-26.17415,"Longitude":null,"New in 2026":"N","3G":"N","4G":"Y","5G":"N","Co-funded":"Y","ABS Remoteness Area":"Very Remote Australia"},"geometry":{"type":"Point","coordinates":[130.2212,-26.17415]}},{"type":"Feature","properties":{"MNO/Optus-TPG MOCN":"Telstra","RFNSA ID":872205,"Latitude":-21.73974,"Longitude":null,"New in 2026":"N","3G":"N","4G":"Y","5G":"N","Co-funded":"Y","ABS Remoteness Area":"Very Remote Australia"},"geometry":{"type":"Point","coordinates":[133.73193,-21.73974]}},{"type":"Feature","properties":{"MNO/Optus-TPG MOCN":"Telstra","RFNSA ID":872207,"Latitude":-22.78768,"Longitude":null,"New in 2026":"Y","3G":"N","4G":"Y","5G":"N","Co-funded":"Y","ABS Remoteness Area":"Very Remote Australia"},"geometry":{"type":"Point","coordinates":[136.16776,-22.78768]}},{"type":"Feature","properties":{"MNO/Optus-TPG MOCN":"Telstra","RFNSA ID":872208,"Latitude":-22.49252,"Longitude":null,"New in 2026":"Y","3G":"N","4G":"Y","5G":"N","Co-funded":"Y","ABS Remoteness Area":"Very Remote Australia"},"geometry":{"type":"Point","coordinates":[137.74176,-22.49252]}},{"type":"Feature","properties":{"MNO/Optus-TPG MOCN":"Telstra","RFNSA ID":872209,"Latitude":-22.96586,"Longitude":null,"New in 2026":"N","3G":"N","4G":"Y","5G":"Y","Co-funded":"Y","ABS Remoteness Area":"Very Remote Australia"},"geometry":{"type":"Point","coordinates":[134.24351,-22.96586]}},{"type":"Feature","properties":{"MNO/Optus-TPG MOCN":"Telstra","RFNSA ID":873001,"Latitude":-23.74989,"Longitude":null,"New in 2026":"N","3G":"N","4G":"Y","5G":"Y","Co-funded":"N","ABS Remoteness Area":"Remote Australia"},"geometry":{"type":"Point","coordinates":[133.81526,-23.74989]}},{"type":"Feature","properties":{"MNO/Optus-TPG MOCN":"Telstra","RFNSA ID":880001,"Latitude":-12.19105,"Longitude":null,"New in 2026":"N","3G":"N","4G":"Y","5G":"Y","Co-funded":"N","ABS Remoteness Area":"Very Remote Australia"},"geometry":{"type":"Point","coordinates":[136.69197,-12.19105]}},{"type":"Feature","properties":{"MNO/Optus-TPG MOCN":"Telstra","RFNSA ID":880002,"Latitude":-12.50333,"Longitude":null,"New in 2026":"N","3G":"N","4G":"Y","5G":"N","Co-funded":"N","ABS Remoteness Area":"Very Remote Australia"},"geometry":{"type":"Point","coordinates":[135.80361,-12.50333]}},{"type":"Feature","properties":{"MNO/Optus-TPG MOCN":"Telstra","RFNSA ID":880003,"Latitude":-12.1815,"Longitude":null,"New in 2026":"N","3G":"N","4G":"Y","5G":"N","Co-funded":"N","ABS Remoteness Area":"Very Remote Australia"},"geometry":{"type":"Point","coordinates":[136.77699,-12.1815]}},{"type":"Feature","properties":{"MNO/Optus-TPG MOCN":"Telstra","RFNSA ID":880006,"Latitude":-12.21102,"Longitude":null,"New in 2026":"N","3G":"N","4G":"Y","5G":"Y","Co-funded":"N","ABS Remoteness Area":"Very Remote Australia"},"geometry":{"type":"Point","coordinates":[136.79171,-12.21102]}},{"type":"Feature","properties":{"MNO/Optus-TPG MOCN":"Telstra","RFNSA ID":880012,"Latitude":-12.25052,"Longitude":null,"New in 2026":"N","3G":"N","4G":"Y","5G":"N","Co-funded":"N","ABS Remoteness Area":"Very Remote Australia"},"geometry":{"type":"Point","coordinates":[136.89556,-12.25052]}},{"type":"Feature","properties":{"MNO/Optus-TPG MOCN":"Telstra","RFNSA ID":885001,"Latitude":-13.84722,"Longitude":null,"New in 2026":"N","3G":"N","4G":"Y","5G":"N","Co-funded":"N","ABS Remoteness Area":"Very Remote Australia"},"geometry":{"type":"Point","coordinates":[136.43417,-13.84722]}},{"type":"Feature","properties":{"MNO/Optus-TPG MOCN":"Telstra","RFNSA ID":885002,"Latitude":-13.78362,"Longitude":null,"New in 2026":"N","3G":"N","4G":"Y","5G":"Y","Co-funded":"N","ABS Remoteness Area":"Very Remote Australia"},"geometry":{"type":"Point","coordinates":[136.1992,-13.78362]}},{"type":"Feature","properties":{"MNO/Optus-TPG MOCN":"Telstra","RFNSA ID":885004,"Latitude":-13.85704,"Longitude":null,"New in 2026":"N","3G":"N","4G":"Y","5G":"N","Co-funded":"N","ABS Remoteness Area":"Very Remote Australia"},"geometry":{"type":"Point","coordinates":[136.812557,-13.85704]}},{"type":"Feature","properties":{"MNO/Optus-TPG MOCN":"Telstra","RFNSA ID":885007,"Latitude":-13.84825,"Longitude":null,"New in 2026":"N","3G":"N","4G":"Y","5G":"Y","Co-funded":"Y","ABS Remoteness Area":"Very Remote Australia"},"geometry":{"type":"Point","coordinates":[136.41781,-13.84825]}},{"type":"Feature","properties":{"MNO/Optus-TPG MOCN":"Telstra","RFNSA ID":886001,"Latitude":-12.66944,"Longitude":null,"New in 2026":"N","3G":"N","4G":"Y","5G":"Y","Co-funded":"N","ABS Remoteness Area":"Remote Australia"},"geometry":{"type":"Point","coordinates":[132.83444,-12.66944]}},{"type":"Feature","properties":{"MNO/Optus-TPG MOCN":"Telstra","RFNSA ID":886002,"Latitude":-12.90601,"Longitude":null,"New in 2026":"N","3G":"N","4G":"Y","5G":"Y","Co-funded":"N","ABS Remoteness Area":"Remote Australia"},"geometry":{"type":"Point","coordinates":[132.52255,-12.90601]}},{"type":"Feature","properties":{"MNO/Optus-TPG MOCN":"Telstra","RFNSA ID":886003,"Latitude":-12.67655,"Longitude":null,"New in 2026":"N","3G":"N","4G":"Y","5G":"N","Co-funded":"N","ABS Remoteness Area":"Remote Australia"},"geometry":{"type":"Point","coordinates":[132.480498,-12.67655]}},{"type":"Feature","properties":{"MNO/Optus-TPG MOCN":"Telstra","RFNSA ID":886006,"Latitude":-12.70936,"Longitude":null,"New in 2026":"N","3G":"N","4G":"Y","5G":"N","Co-funded":"Y","ABS Remoteness Area":"Remote Australia"},"geometry":{"type":"Point","coordinates":[132.43274,-12.70936]}},{"type":"Feature","properties":{"MNO/Optus-TPG MOCN":"Telstra","RFNSA ID":886011,"Latitude":-12.93424,"Longitude":null,"New in 2026":"N","3G":"N","4G":"Y","5G":"N","Co-funded":"Y","ABS Remoteness Area":"Remote Australia"},"geometry":{"type":"Point","coordinates":[132.572,-12.93424]}},{"type":"Feature","properties":{"MNO/Optus-TPG MOCN":"Telstra","RFNSA ID":2880008,"Latitude":-29.912407,"Longitude":null,"New in 2026":"N","3G":"N","4G":"Y","5G":"N","Co-funded":"N","ABS Remoteness Area":"Very Remote Australia"},"geometry":{"type":"Point","coordinates":[141.563443,-29.912407]}},{"type":"Feature","properties":{"MNO/Optus-TPG MOCN":"Telstra","RFNSA ID":2880022,"Latitude":-29.81649,"Longitude":null,"New in 2026":"N","3G":"N","4G":"Y","5G":"N","Co-funded":"N","ABS Remoteness Area":"Very Remote Australia"},"geometry":{"type":"Point","coordinates":[141.945368,-29.81649]}},{"type":"Feature","properties":{"MNO/Optus-TPG MOCN":"Telstra","RFNSA ID":2880030,"Latitude":-29.757387,"Longitude":null,"New in 2026":"N","3G":"N","4G":"Y","5G":"N","Co-funded":"N","ABS Remoteness Area":"Very Remote Australia"},"geometry":{"type":"Point","coordinates":[141.116268,-29.757387]}},{"type":"Feature","properties":{"MNO/Optus-TPG MOCN":"Telstra","RFNSA ID":4481007,"Latitude":-25.37998,"Longitude":null,"New in 2026":"N","3G":"N","4G":"Y","5G":"N","Co-funded":"Y","ABS Remoteness Area":"Very Remote Australia"},"geometry":{"type":"Point","coordinates":[141.62454,-25.37998]}},{"type":"Feature","properties":{"MNO/Optus-TPG MOCN":"Telstra","RFNSA ID":4482008,"Latitude":-25.89658338,"Longitude":null,"New in 2026":"N","3G":"N","4G":"Y","5G":"N","Co-funded":"N","ABS Remoteness Area":"Very Remote Australia"},"geometry":{"type":"Point","coordinates":[139.3554166,-25.89658338]}},{"type":"Feature","properties":{"MNO/Optus-TPG MOCN":"Telstra","RFNSA ID":4482009,"Latitude":-25.91513,"Longitude":null,"New in 2026":"N","3G":"N","4G":"Y","5G":"Y","Co-funded":"N","ABS Remoteness Area":"Very Remote Australia"},"geometry":{"type":"Point","coordinates":[139.38483,-25.91513]}},{"type":"Feature","properties":{"MNO/Optus-TPG MOCN":"Telstra","RFNSA ID":4482010,"Latitude":-25.76916,"Longitude":null,"New in 2026":"N","3G":"N","4G":"Y","5G":"N","Co-funded":"Y","ABS Remoteness Area":"Very Remote Australia"},"geometry":{"type":"Point","coordinates":[140.71473,-25.76916]}},{"type":"Feature","properties":{"MNO/Optus-TPG MOCN":"Telstra","RFNSA ID":4482011,"Latitude":-25.23785,"Longitude":null,"New in 2026":"N","3G":"N","4G":"Y","5G":"N","Co-funded":"Y","ABS Remoteness Area":"Very Remote Australia"},"geometry":{"type":"Point","coordinates":[139.56196,-25.23785]}},{"type":"Feature","properties":{"MNO/Optus-TPG MOCN":"Telstra","RFNSA ID":4735022,"Latitude":-22.35286,"Longitude":null,"New in 2026":"N","3G":"N","4G":"Y","5G":"N","Co-funded":"N","ABS Remoteness Area":"Very Remote Australia"},"geometry":{"type":"Point","coordinates":[141.5508,-22.35286]}},{"type":"Feature","properties":{"MNO/Optus-TPG MOCN":"Telstra","RFNSA ID":4823001,"Latitude":-21.83297,"Longitude":null,"New in 2026":"N","3G":"N","4G":"Y","5G":"N","Co-funded":"N","ABS Remoteness Area":"Very Remote Australia"},"geometry":{"type":"Point","coordinates":[140.900572,-21.83297]}},{"type":"Feature","properties":{"MNO/Optus-TPG MOCN":"Telstra","RFNSA ID":4823002,"Latitude":-20.9913,"Longitude":null,"New in 2026":"N","3G":"N","4G":"Y","5G":"N","Co-funded":"N","ABS Remoteness Area":"Very Remote Australia"},"geometry":{"type":"Point","coordinates":[141.012,-20.9913]}},{"type":"Feature","properties":{"MNO/Optus-TPG MOCN":"Telstra","RFNSA ID":4823003,"Latitude":-20.7497,"Longitude":null,"New in 2026":"N","3G":"N","4G":"Y","5G":"Y","Co-funded":"N","ABS Remoteness Area":"Very Remote Australia"},"geometry":{"type":"Point","coordinates":[141.357,-20.7497]}},{"type":"Feature","properties":{"MNO/Optus-TPG MOCN":"Telstra","RFNSA ID":4823004,"Latitude":-20.65237,"Longitude":null,"New in 2026":"N","3G":"N","4G":"Y","5G":"Y","Co-funded":"N","ABS Remoteness Area":"Very Remote Australia"},"geometry":{"type":"Point","coordinates":[141.73946,-20.65237]}},{"type":"Feature","properties":{"MNO/Optus-TPG MOCN":"Telstra","RFNSA ID":4823006,"Latitude":-21.27108,"Longitude":null,"New in 2026":"N","3G":"N","4G":"Y","5G":"Y","Co-funded":"Y","ABS Remoteness Area":"Very Remote Australia"},"geometry":{"type":"Point","coordinates":[141.290072,-21.27108]}},{"type":"Feature","properties":{"MNO/Optus-TPG MOCN":"Telstra","RFNSA ID":4823008,"Latitude":-19.92899,"Longitude":null,"New in 2026":"N","3G":"N","4G":"Y","5G":"N","Co-funded":"N","ABS Remoteness Area":"Very Remote Australia"},"geometry":{"type":"Point","coordinates":[141.3387,-19.92899]}},{"type":"Feature","properties":{"MNO/Optus-TPG MOCN":"Telstra","RFNSA ID":4823014,"Latitude":-20.37057,"Longitude":null,"New in 2026":"N","3G":"N","4G":"Y","5G":"Y","Co-funded":"N","ABS Remoteness Area":"Very Remote Australia"},"geometry":{"type":"Point","coordinates":[141.44987,-20.37057]}},{"type":"Feature","properties":{"MNO/Optus-TPG MOCN":"Telstra","RFNSA ID":4823015,"Latitude":-21.577,"Longitude":null,"New in 2026":"N","3G":"N","4G":"Y","5G":"N","Co-funded":"N","ABS Remoteness Area":"Very Remote Australia"},"geometry":{"type":"Point","coordinates":[141.9198,-21.577]}},{"type":"Feature","properties":{"MNO/Optus-TPG MOCN":"Telstra","RFNSA ID":4823019,"Latitude":-21.86222,"Longitude":null,"New in 2026":"N","3G":"N","4G":"Y","5G":"N","Co-funded":"N","ABS Remoteness Area":"Very Remote Australia"},"geometry":{"type":"Point","coordinates":[140.917745,-21.86222]}},{"type":"Feature","properties":{"MNO/Optus-TPG MOCN":"Telstra","RFNSA ID":4823021,"Latitude":-21.83429,"Longitude":null,"New in 2026":"N","3G":"N","4G":"Y","5G":"N","Co-funded":"N","ABS Remoteness Area":"Very Remote Australia"},"geometry":{"type":"Point","coordinates":[140.91202,-21.83429]}},{"type":"Feature","properties":{"MNO/Optus-TPG MOCN":"Telstra","RFNSA ID":4823024,"Latitude":-18.47021,"Longitude":null,"New in 2026":"N","3G":"N","4G":"Y","5G":"N","Co-funded":"N","ABS Remoteness Area":"Very Remote Australia"},"geometry":{"type":"Point","coordinates":[141.14257,-18.47021]}},{"type":"Feature","properties":{"MNO/Optus-TPG MOCN":"Telstra","RFNSA ID":4823025,"Latitude":-18.4175,"Longitude":null,"New in 2026":"N","3G":"N","4G":"Y","5G":"N","Co-funded":"N","ABS Remoteness Area":"Very Remote Australia"},"geometry":{"type":"Point","coordinates":[140.79472,-18.4175]}},{"type":"Feature","properties":{"MNO/Optus-TPG MOCN":"Telstra","RFNSA ID":4823026,"Latitude":-18.7159,"Longitude":null,"New in 2026":"N","3G":"N","4G":"Y","5G":"N","Co-funded":"N","ABS Remoteness Area":"Very Remote Australia"},"geometry":{"type":"Point","coordinates":[140.5462,-18.7159]}},{"type":"Feature","properties":{"MNO/Optus-TPG MOCN":"Telstra","RFNSA ID":4823027,"Latitude":-18.24395,"Longitude":null,"New in 2026":"N","3G":"N","4G":"Y","5G":"N","Co-funded":"N","ABS Remoteness Area":"Very Remote Australia"},"geometry":{"type":"Point","coordinates":[140.53047,-18.24395]}},{"type":"Feature","properties":{"MNO/Optus-TPG MOCN":"Telstra","RFNSA ID":4823028,"Latitude":-18.54622,"Longitude":null,"New in 2026":"Y","3G":"N","4G":"Y","5G":"N","Co-funded":"N","ABS Remoteness Area":"Very Remote Australia"},"geometry":{"type":"Point","coordinates":[139.87023,-18.54622]}},{"type":"Feature","properties":{"MNO/Optus-TPG MOCN":"Telstra","RFNSA ID":4824001,"Latitude":-20.722677,"Longitude":null,"New in 2026":"N","3G":"N","4G":"Y","5G":"Y","Co-funded":"N","ABS Remoteness Area":"Very Remote Australia"},"geometry":{"type":"Point","coordinates":[140.539187,-20.722677]}},{"type":"Feature","properties":{"MNO/Optus-TPG MOCN":"Telstra","RFNSA ID":4824002,"Latitude":-20.503501,"Longitude":null,"New in 2026":"N","3G":"N","4G":"Y","5G":"N","Co-funded":"N","ABS Remoteness Area":"Very Remote Australia"},"geometry":{"type":"Point","coordinates":[140.656168,-20.503501]}},{"type":"Feature","properties":{"MNO/Optus-TPG MOCN":"Telstra","RFNSA ID":4824005,"Latitude":-20.635,"Longitude":null,"New in 2026":"N","3G":"N","4G":"Y","5G":"Y","Co-funded":"N","ABS Remoteness Area":"Very Remote Australia"},"geometry":{"type":"Point","coordinates":[141.006,-20.635]}},{"type":"Feature","properties":{"MNO/Optus-TPG MOCN":"Telstra","RFNSA ID":4824007,"Latitude":-21.1965,"Longitude":null,"New in 2026":"N","3G":"N","4G":"Y","5G":"Y","Co-funded":"N","ABS Remoteness Area":"Very Remote Australia"},"geometry":{"type":"Point","coordinates":[140.385,-21.1965]}},{"type":"Feature","properties":{"MNO/Optus-TPG MOCN":"Telstra","RFNSA ID":4824009,"Latitude":-19.98572,"Longitude":null,"New in 2026":"N","3G":"N","4G":"Y","5G":"Y","Co-funded":"N","ABS Remoteness Area":"Very Remote Australia"},"geometry":{"type":"Point","coordinates":[140.21507,-19.98572]}},{"type":"Feature","properties":{"MNO/Optus-TPG MOCN":"Telstra","RFNSA ID":4824016,"Latitude":-20.35721,"Longitude":null,"New in 2026":"N","3G":"N","4G":"Y","5G":"Y","Co-funded":"N","ABS Remoteness Area":"Very Remote Australia"},"geometry":{"type":"Point","coordinates":[140.27028,-20.35721]}},{"type":"Feature","properties":{"MNO/Optus-TPG MOCN":"Telstra","RFNSA ID":4824020,"Latitude":-20.474335,"Longitude":null,"New in 2026":"N","3G":"N","4G":"Y","5G":"N","Co-funded":"N","ABS Remoteness Area":"Very Remote Australia"},"geometry":{"type":"Point","coordinates":[140.582784,-20.474335]}},{"type":"Feature","properties":{"MNO/Optus-TPG MOCN":"Telstra","RFNSA ID":4824021,"Latitude":-21.044093,"Longitude":null,"New in 2026":"N","3G":"N","4G":"Y","5G":"N","Co-funded":"N","ABS Remoteness Area":"Very Remote Australia"},"geometry":{"type":"Point","coordinates":[140.821017,-21.044093]}},{"type":"Feature","properties":{"MNO/Optus-TPG MOCN":"Telstra","RFNSA ID":4824024,"Latitude":-20.444743,"Longitude":null,"New in 2026":"N","3G":"N","4G":"Y","5G":"N","Co-funded":"N","ABS Remoteness Area":"Very Remote Australia"},"geometry":{"type":"Point","coordinates":[140.718758,-20.444743]}},{"type":"Feature","properties":{"MNO/Optus-TPG MOCN":"Telstra","RFNSA ID":4824025,"Latitude":-20.70518,"Longitude":null,"New in 2026":"N","3G":"N","4G":"Y","5G":"N","Co-funded":"N","ABS Remoteness Area":"Remote Australia"},"geometry":{"type":"Point","coordinates":[140.50577,-20.70518]}},{"type":"Feature","properties":{"MNO/Optus-TPG MOCN":"Telstra","RFNSA ID":4824026,"Latitude":-20.23146,"Longitude":null,"New in 2026":"N","3G":"N","4G":"Y","5G":"N","Co-funded":"N","ABS Remoteness Area":"Very Remote Australia"},"geometry":{"type":"Point","coordinates":[140.14114,-20.23146]}},{"type":"Feature","properties":{"MNO/Optus-TPG MOCN":"Telstra","RFNSA ID":4824027,"Latitude":-19.22641,"Longitude":null,"New in 2026":"N","3G":"N","4G":"Y","5G":"N","Co-funded":"Y","ABS Remoteness Area":"Very Remote Australia"},"geometry":{"type":"Point","coordinates":[140.34747,-19.22641]}},{"type":"Feature","properties":{"MNO/Optus-TPG MOCN":"Telstra","RFNSA ID":4824029,"Latitude":-20.03005,"Longitude":null,"New in 2026":"N","3G":"N","4G":"Y","5G":"N","Co-funded":"Y","ABS Remoteness Area":"Very Remote Australia"},"geometry":{"type":"Point","coordinates":[140.03569,-20.03005]}},{"type":"Feature","properties":{"MNO/Optus-TPG MOCN":"Telstra","RFNSA ID":4824030,"Latitude":-19.36034,"Longitude":null,"New in 2026":"N","3G":"N","4G":"Y","5G":"N","Co-funded":"N","ABS Remoteness Area":"Very Remote Australia"},"geometry":{"type":"Point","coordinates":[140.0406,-19.36034]}},{"type":"Feature","properties":{"MNO/Optus-TPG MOCN":"Telstra","RFNSA ID":4825001,"Latitude":-21.6924,"Longitude":null,"New in 2026":"N","3G":"N","4G":"Y","5G":"Y","Co-funded":"N","ABS Remoteness Area":"Very Remote Australia"},"geometry":{"type":"Point","coordinates":[139.515,-21.6924]}},{"type":"Feature","properties":{"MNO/Optus-TPG MOCN":"Telstra","RFNSA ID":4825004,"Latitude":-20.7735,"Longitude":null,"New in 2026":"N","3G":"N","4G":"Y","5G":"N","Co-funded":"N","ABS Remoteness Area":"Very Remote Australia"},"geometry":{"type":"Point","coordinates":[140.028,-20.7735]}},{"type":"Feature","properties":{"MNO/Optus-TPG MOCN":"Telstra","RFNSA ID":4825005,"Latitude":-20.7078,"Longitude":null,"New in 2026":"N","3G":"N","4G":"Y","5G":"Y","Co-funded":"N","ABS Remoteness Area":"Remote Australia"},"geometry":{"type":"Point","coordinates":[139.517,-20.7078]}},{"type":"Feature","properties":{"MNO/Optus-TPG MOCN":"Telstra","RFNSA ID":4825006,"Latitude":-20.4499,"Longitude":null,"New in 2026":"N","3G":"N","4G":"Y","5G":"Y","Co-funded":"N","ABS Remoteness Area":"Very Remote Australia"},"geometry":{"type":"Point","coordinates":[139.412,-20.4499]}},{"type":"Feature","properties":{"MNO/Optus-TPG MOCN":"Telstra","RFNSA ID":4825007,"Latitude":-20.56776,"Longitude":null,"New in 2026":"N","3G":"N","4G":"Y","5G":"N","Co-funded":"N","ABS Remoteness Area":"Very Remote Australia"},"geometry":{"type":"Point","coordinates":[139.479932,-20.56776]}},{"type":"Feature","properties":{"MNO/Optus-TPG MOCN":"Telstra","RFNSA ID":4825009,"Latitude":-20.33861,"Longitude":null,"New in 2026":"N","3G":"N","4G":"Y","5G":"N","Co-funded":"Y","ABS Remoteness Area":"Very Remote Australia"},"geometry":{"type":"Point","coordinates":[139.084718,-20.33861]}},{"type":"Feature","properties":{"MNO/Optus-TPG MOCN":"Telstra","RFNSA ID":4825010,"Latitude":-20.728608,"Longitude":null,"New in 2026":"N","3G":"N","4G":"Y","5G":"Y","Co-funded":"N","ABS Remoteness Area":"Remote Australia"},"geometry":{"type":"Point","coordinates":[139.491941,-20.728608]}},{"type":"Feature","properties":{"MNO/Optus-TPG MOCN":"Telstra","RFNSA ID":4825011,"Latitude":-21.882337,"Longitude":null,"New in 2026":"N","3G":"N","4G":"Y","5G":"Y","Co-funded":"N","ABS Remoteness Area":"Very Remote Australia"},"geometry":{"type":"Point","coordinates":[139.972622,-21.882337]}},{"type":"Feature","properties":{"MNO/Optus-TPG MOCN":"Telstra","RFNSA ID":4825012,"Latitude":-21.765272,"Longitude":null,"New in 2026":"N","3G":"N","4G":"Y","5G":"Y","Co-funded":"N","ABS Remoteness Area":"Very Remote Australia"},"geometry":{"type":"Point","coordinates":[139.917112,-21.765272]}},{"type":"Feature","properties":{"MNO/Optus-TPG MOCN":"Telstra","RFNSA ID":4825014,"Latitude":-19.9059,"Longitude":null,"New in 2026":"N","3G":"N","4G":"Y","5G":"Y","Co-funded":"N","ABS Remoteness Area":"Very Remote Australia"},"geometry":{"type":"Point","coordinates":[139.1077,-19.9059]}},{"type":"Feature","properties":{"MNO/Optus-TPG MOCN":"Telstra","RFNSA ID":4825015,"Latitude":-18.68615,"Longitude":null,"New in 2026":"N","3G":"N","4G":"Y","5G":"N","Co-funded":"Y","ABS Remoteness Area":"Very Remote Australia"},"geometry":{"type":"Point","coordinates":[139.32554,-18.68615]}},{"type":"Feature","properties":{"MNO/Optus-TPG MOCN":"Telstra","RFNSA ID":4825020,"Latitude":-18.7307,"Longitude":null,"New in 2026":"N","3G":"N","4G":"Y","5G":"N","Co-funded":"N","ABS Remoteness Area":"Very Remote Australia"},"geometry":{"type":"Point","coordinates":[138.66875,-18.7307]}},{"type":"Feature","properties":{"MNO/Optus-TPG MOCN":"Telstra","RFNSA ID":4825021,"Latitude":-18.73052,"Longitude":null,"New in 2026":"N","3G":"N","4G":"Y","5G":"N","Co-funded":"N","ABS Remoteness Area":"Very Remote Australia"},"geometry":{"type":"Point","coordinates":[138.61706,-18.73052]}},{"type":"Feature","properties":{"MNO/Optus-TPG MOCN":"Telstra","RFNSA ID":4825022,"Latitude":-20.72615,"Longitude":null,"New in 2026":"N","3G":"N","4G":"Y","5G":"N","Co-funded":"N","ABS Remoteness Area":"Remote Australia"},"geometry":{"type":"Point","coordinates":[139.481567,-20.72615]}},{"type":"Feature","properties":{"MNO/Optus-TPG MOCN":"Telstra","RFNSA ID":4825024,"Latitude":-19.77258,"Longitude":null,"New in 2026":"N","3G":"N","4G":"Y","5G":"Y","Co-funded":"N","ABS Remoteness Area":"Very Remote Australia"},"geometry":{"type":"Point","coordinates":[139.06368,-19.77258]}},{"type":"Feature","properties":{"MNO/Optus-TPG MOCN":"Telstra","RFNSA ID":4825027,"Latitude":-20.73453,"Longitude":null,"New in 2026":"N","3G":"N","4G":"Y","5G":"Y","Co-funded":"N","ABS Remoteness Area":"Remote Australia"},"geometry":{"type":"Point","coordinates":[139.51256,-20.73453]}},{"type":"Feature","properties":{"MNO/Optus-TPG MOCN":"Telstra","RFNSA ID":4825028,"Latitude":-20.694352,"Longitude":null,"New in 2026":"N","3G":"N","4G":"Y","5G":"Y","Co-funded":"N","ABS Remoteness Area":"Remote Australia"},"geometry":{"type":"Point","coordinates":[139.488232,-20.694352]}},{"type":"Feature","properties":{"MNO/Optus-TPG MOCN":"Telstra","RFNSA ID":4825029,"Latitude":-21.352477,"Longitude":null,"New in 2026":"N","3G":"N","4G":"Y","5G":"N","Co-funded":"Y","ABS Remoteness Area":"Very Remote Australia"},"geometry":{"type":"Point","coordinates":[139.867435,-21.352477]}},{"type":"Feature","properties":{"MNO/Optus-TPG MOCN":"Telstra","RFNSA ID":4825034,"Latitude":-21.60989,"Longitude":null,"New in 2026":"N","3G":"N","4G":"Y","5G":"N","Co-funded":"Y","ABS Remoteness Area":"Very Remote Australia"},"geometry":{"type":"Point","coordinates":[138.31824,-21.60989]}},{"type":"Feature","properties":{"MNO/Optus-TPG MOCN":"Telstra","RFNSA ID":4825036,"Latitude":-20.9862,"Longitude":null,"New in 2026":"N","3G":"N","4G":"Y","5G":"N","Co-funded":"N","ABS Remoteness Area":"Very Remote Australia"},"geometry":{"type":"Point","coordinates":[137.84982,-20.9862]}},{"type":"Feature","properties":{"MNO/Optus-TPG MOCN":"Telstra","RFNSA ID":4825038,"Latitude":-19.713229,"Longitude":null,"New in 2026":"N","3G":"N","4G":"Y","5G":"N","Co-funded":"Y","ABS Remoteness Area":"Very Remote Australia"},"geometry":{"type":"Point","coordinates":[139.383547,-19.713229]}},{"type":"Feature","properties":{"MNO/Optus-TPG MOCN":"Telstra","RFNSA ID":4825039,"Latitude":-20.02308,"Longitude":null,"New in 2026":"N","3G":"N","4G":"Y","5G":"N","Co-funded":"Y","ABS Remoteness Area":"Very Remote Australia"},"geometry":{"type":"Point","coordinates":[137.48862,-20.02308]}},{"type":"Feature","properties":{"MNO/Optus-TPG MOCN":"Telstra","RFNSA ID":4825041,"Latitude":-20.72347,"Longitude":null,"New in 2026":"N","3G":"N","4G":"Y","5G":"Y","Co-funded":"N","ABS Remoteness Area":"Remote Australia"},"geometry":{"type":"Point","coordinates":[139.49791,-20.72347]}},{"type":"Feature","properties":{"MNO/Optus-TPG MOCN":"Telstra","RFNSA ID":4825042,"Latitude":-20.5846,"Longitude":null,"New in 2026":"N","3G":"N","4G":"Y","5G":"N","Co-funded":"Y","ABS Remoteness Area":"Very Remote Australia"},"geometry":{"type":"Point","coordinates":[139.57656,-20.5846]}},{"type":"Feature","properties":{"MNO/Optus-TPG MOCN":"Telstra","RFNSA ID":4828001,"Latitude":-20.10155,"Longitude":null,"New in 2026":"N","3G":"N","4G":"Y","5G":"N","Co-funded":"N","ABS Remoteness Area":"Very Remote Australia"},"geometry":{"type":"Point","coordinates":[138.86148,-20.10155]}},{"type":"Feature","properties":{"MNO/Optus-TPG MOCN":"Telstra","RFNSA ID":4828002,"Latitude":-19.9207,"Longitude":null,"New in 2026":"N","3G":"N","4G":"Y","5G":"N","Co-funded":"N","ABS Remoteness Area":"Very Remote Australia"},"geometry":{"type":"Point","coordinates":[138.176,-19.9207]}},{"type":"Feature","properties":{"MNO/Optus-TPG MOCN":"Telstra","RFNSA ID":4828013,"Latitude":-19.921755,"Longitude":null,"New in 2026":"N","3G":"N","4G":"Y","5G":"N","Co-funded":"N","ABS Remoteness Area":"Very Remote Australia"},"geometry":{"type":"Point","coordinates":[138.12076,-19.921755]}},{"type":"Feature","properties":{"MNO/Optus-TPG MOCN":"Telstra","RFNSA ID":4829005,"Latitude":-22.90626,"Longitude":null,"New in 2026":"N","3G":"N","4G":"Y","5G":"Y","Co-funded":"N","ABS Remoteness Area":"Very Remote Australia"},"geometry":{"type":"Point","coordinates":[139.91045,-22.90626]}},{"type":"Feature","properties":{"MNO/Optus-TPG MOCN":"Telstra","RFNSA ID":4829008,"Latitude":-24.3584,"Longitude":null,"New in 2026":"N","3G":"N","4G":"Y","5G":"N","Co-funded":"N","ABS Remoteness Area":"Very Remote Australia"},"geometry":{"type":"Point","coordinates":[139.471682,-24.3584]}},{"type":"Feature","properties":{"MNO/Optus-TPG MOCN":"Telstra","RFNSA ID":4829018,"Latitude":-22.773,"Longitude":null,"New in 2026":"N","3G":"N","4G":"Y","5G":"N","Co-funded":"Y","ABS Remoteness Area":"Very Remote Australia"},"geometry":{"type":"Point","coordinates":[140.59808,-22.773]}},{"type":"Feature","properties":{"MNO/Optus-TPG MOCN":"Telstra","RFNSA ID":4829019,"Latitude":-23.43751,"Longitude":null,"New in 2026":"N","3G":"N","4G":"Y","5G":"N","Co-funded":"Y","ABS Remoteness Area":"Very Remote Australia"},"geometry":{"type":"Point","coordinates":[139.62401,-23.43751]}},{"type":"Feature","properties":{"MNO/Optus-TPG MOCN":"Telstra","RFNSA ID":4830002,"Latitude":-17.7308,"Longitude":null,"New in 2026":"N","3G":"N","4G":"Y","5G":"N","Co-funded":"N","ABS Remoteness Area":"Very Remote Australia"},"geometry":{"type":"Point","coordinates":[139.547,-17.7308]}},{"type":"Feature","properties":{"MNO/Optus-TPG MOCN":"Telstra","RFNSA ID":4830006,"Latitude":-17.944601,"Longitude":null,"New in 2026":"N","3G":"N","4G":"Y","5G":"Y","Co-funded":"N","ABS Remoteness Area":"Very Remote Australia"},"geometry":{"type":"Point","coordinates":[138.86642,-17.944601]}},{"type":"Feature","properties":{"MNO/Optus-TPG MOCN":"Telstra","RFNSA ID":4830016,"Latitude":-18.76596,"Longitude":null,"New in 2026":"N","3G":"N","4G":"Y","5G":"N","Co-funded":"N","ABS Remoteness Area":"Very Remote Australia"},"geometry":{"type":"Point","coordinates":[138.63733,-18.76596]}},{"type":"Feature","properties":{"MNO/Optus-TPG MOCN":"Telstra","RFNSA ID":4830020,"Latitude":-17.94205,"Longitude":null,"New in 2026":"N","3G":"N","4G":"Y","5G":"N","Co-funded":"N","ABS Remoteness Area":"Very Remote Australia"},"geometry":{"type":"Point","coordinates":[138.828788,-17.94205]}},{"type":"Feature","properties":{"MNO/Optus-TPG MOCN":"Telstra","RFNSA ID":4830021,"Latitude":-18.22832,"Longitude":null,"New in 2026":"N","3G":"N","4G":"Y","5G":"N","Co-funded":"N","ABS Remoteness Area":"Very Remote Australia"},"geometry":{"type":"Point","coordinates":[139.87372,-18.22832]}},{"type":"Feature","properties":{"MNO/Optus-TPG MOCN":"Telstra","RFNSA ID":4830022,"Latitude":-17.454325,"Longitude":null,"New in 2026":"N","3G":"N","4G":"Y","5G":"N","Co-funded":"N","ABS Remoteness Area":"Very Remote Australia"},"geometry":{"type":"Point","coordinates":[138.35672,-17.454325]}},{"type":"Feature","properties":{"MNO/Optus-TPG MOCN":"Telstra","RFNSA ID":4830023,"Latitude":-17.895805,"Longitude":null,"New in 2026":"N","3G":"N","4G":"Y","5G":"N","Co-funded":"Y","ABS Remoteness Area":"Very Remote Australia"},"geometry":{"type":"Point","coordinates":[139.29652,-17.895805]}},{"type":"Feature","properties":{"MNO/Optus-TPG MOCN":"Telstra","RFNSA ID":4830024,"Latitude":-17.94182,"Longitude":null,"New in 2026":"N","3G":"N","4G":"Y","5G":"Y","Co-funded":"Y","ABS Remoteness Area":"Very Remote Australia"},"geometry":{"type":"Point","coordinates":[138.83149,-17.94182]}},{"type":"Feature","properties":{"MNO/Optus-TPG MOCN":"Telstra","RFNSA ID":4871018,"Latitude":-14.89666,"Longitude":null,"New in 2026":"N","3G":"N","4G":"Y","5G":"Y","Co-funded":"N","ABS Remoteness Area":"Very Remote Australia"},"geometry":{"type":"Point","coordinates":[141.62255,-14.89666]}},{"type":"Feature","properties":{"MNO/Optus-TPG MOCN":"Telstra","RFNSA ID":4871025,"Latitude":-13.354915,"Longitude":null,"New in 2026":"N","3G":"N","4G":"Y","5G":"N","Co-funded":"N","ABS Remoteness Area":"Very Remote Australia"},"geometry":{"type":"Point","coordinates":[141.732735,-13.354915]}},{"type":"Feature","properties":{"MNO/Optus-TPG MOCN":"Telstra","RFNSA ID":4871040,"Latitude":-16.6668,"Longitude":null,"New in 2026":"N","3G":"N","4G":"Y","5G":"N","Co-funded":"N","ABS Remoteness Area":"Very Remote Australia"},"geometry":{"type":"Point","coordinates":[139.182,-16.6668]}},{"type":"Feature","properties":{"MNO/Optus-TPG MOCN":"Telstra","RFNSA ID":4871042,"Latitude":-15.475736,"Longitude":null,"New in 2026":"N","3G":"N","4G":"Y","5G":"Y","Co-funded":"N","ABS Remoteness Area":"Very Remote Australia"},"geometry":{"type":"Point","coordinates":[141.747006,-15.475736]}},{"type":"Feature","properties":{"MNO/Optus-TPG MOCN":"Telstra","RFNSA ID":4871136,"Latitude":-14.900286,"Longitude":null,"New in 2026":"N","3G":"N","4G":"Y","5G":"N","Co-funded":"N","ABS Remoteness Area":"Very Remote Australia"},"geometry":{"type":"Point","coordinates":[141.621745,-14.900286]}},{"type":"Feature","properties":{"MNO/Optus-TPG MOCN":"Telstra","RFNSA ID":4874001,"Latitude":-12.6248,"Longitude":null,"New in 2026":"N","3G":"N","4G":"Y","5G":"Y","Co-funded":"N","ABS Remoteness Area":"Very Remote Australia"},"geometry":{"type":"Point","coordinates":[141.89,-12.6248]}},{"type":"Feature","properties":{"MNO/Optus-TPG MOCN":"Telstra","RFNSA ID":4874006,"Latitude":-12.01964,"Longitude":null,"New in 2026":"N","3G":"N","4G":"Y","5G":"Y","Co-funded":"N","ABS Remoteness Area":"Very Remote Australia"},"geometry":{"type":"Point","coordinates":[141.90602,-12.01964]}},{"type":"Feature","properties":{"MNO/Optus-TPG MOCN":"Telstra","RFNSA ID":4874013,"Latitude":-12.651107,"Longitude":null,"New in 2026":"N","3G":"N","4G":"Y","5G":"Y","Co-funded":"N","ABS Remoteness Area":"Very Remote Australia"},"geometry":{"type":"Point","coordinates":[141.862538,-12.651107]}},{"type":"Feature","properties":{"MNO/Optus-TPG MOCN":"Telstra","RFNSA ID":4874017,"Latitude":-12.74811,"Longitude":null,"New in 2026":"N","3G":"N","4G":"Y","5G":"N","Co-funded":"N","ABS Remoteness Area":"Very Remote Australia"},"geometry":{"type":"Point","coordinates":[141.88922,-12.74811]}},{"type":"Feature","properties":{"MNO/Optus-TPG MOCN":"Telstra","RFNSA ID":4874018,"Latitude":-12.87131,"Longitude":null,"New in 2026":"N","3G":"N","4G":"Y","5G":"N","Co-funded":"N","ABS Remoteness Area":"Very Remote Australia"},"geometry":{"type":"Point","coordinates":[141.84664,-12.87131]}},{"type":"Feature","properties":{"MNO/Optus-TPG MOCN":"Telstra","RFNSA ID":4874019,"Latitude":-12.92859,"Longitude":null,"New in 2026":"N","3G":"N","4G":"Y","5G":"N","Co-funded":"N","ABS Remoteness Area":"Very Remote Australia"},"geometry":{"type":"Point","coordinates":[141.63391,-12.92859]}},{"type":"Feature","properties":{"MNO/Optus-TPG MOCN":"Telstra","RFNSA ID":4874020,"Latitude":-12.88335,"Longitude":null,"New in 2026":"N","3G":"N","4G":"Y","5G":"N","Co-funded":"N","ABS Remoteness Area":"Very Remote Australia"},"geometry":{"type":"Point","coordinates":[141.72163,-12.88335]}},{"type":"Feature","properties":{"MNO/Optus-TPG MOCN":"Telstra","RFNSA ID":4874021,"Latitude":-12.54164,"Longitude":null,"New in 2026":"N","3G":"N","4G":"Y","5G":"N","Co-funded":"N","ABS Remoteness Area":"Very Remote Australia"},"geometry":{"type":"Point","coordinates":[141.8292,-12.54164]}},{"type":"Feature","properties":{"MNO/Optus-TPG MOCN":"Telstra","RFNSA ID":4874023,"Latitude":-12.68122,"Longitude":null,"New in 2026":"N","3G":"N","4G":"Y","5G":"N","Co-funded":"Y","ABS Remoteness Area":"Very Remote Australia"},"geometry":{"type":"Point","coordinates":[141.89109,-12.68122]}},{"type":"Feature","properties":{"MNO/Optus-TPG MOCN":"Telstra","RFNSA ID":4874024,"Latitude":-12.668243,"Longitude":null,"New in 2026":"N","3G":"N","4G":"Y","5G":"N","Co-funded":"N","ABS Remoteness Area":"Very Remote Australia"},"geometry":{"type":"Point","coordinates":[141.868029,-12.668243]}},{"type":"Feature","properties":{"MNO/Optus-TPG MOCN":"Telstra","RFNSA ID":4890002,"Latitude":-17.66897,"Longitude":null,"New in 2026":"N","3G":"N","4G":"Y","5G":"Y","Co-funded":"N","ABS Remoteness Area":"Very Remote Australia"},"geometry":{"type":"Point","coordinates":[141.0791,-17.66897]}},{"type":"Feature","properties":{"MNO/Optus-TPG MOCN":"Telstra","RFNSA ID":4890009,"Latitude":-17.93349,"Longitude":null,"New in 2026":"N","3G":"N","4G":"Y","5G":"N","Co-funded":"N","ABS Remoteness Area":"Very Remote Australia"},"geometry":{"type":"Point","coordinates":[140.91116,-17.93349]}},{"type":"Feature","properties":{"MNO/Optus-TPG MOCN":"Telstra","RFNSA ID":4890010,"Latitude":-17.92984,"Longitude":null,"New in 2026":"N","3G":"N","4G":"Y","5G":"N","Co-funded":"N","ABS Remoteness Area":"Very Remote Australia"},"geometry":{"type":"Point","coordinates":[141.33292,-17.92984]}},{"type":"Feature","properties":{"MNO/Optus-TPG MOCN":"Telstra","RFNSA ID":4890013,"Latitude":-17.8525,"Longitude":null,"New in 2026":"N","3G":"N","4G":"Y","5G":"N","Co-funded":"Y","ABS Remoteness Area":"Very Remote Australia"},"geometry":{"type":"Point","coordinates":[141.12631,-17.8525]}},{"type":"Feature","properties":{"MNO/Optus-TPG MOCN":"Telstra","RFNSA ID":4891001,"Latitude":-17.48646,"Longitude":null,"New in 2026":"N","3G":"N","4G":"Y","5G":"Y","Co-funded":"N","ABS Remoteness Area":"Very Remote Australia"},"geometry":{"type":"Point","coordinates":[140.83867,-17.48646]}},{"type":"Feature","properties":{"MNO/Optus-TPG MOCN":"Telstra","RFNSA ID":4891002,"Latitude":-17.46234,"Longitude":null,"New in 2026":"Y","3G":"N","4G":"Y","5G":"N","Co-funded":"Y","ABS Remoteness Area":"Very Remote Australia"},"geometry":{"type":"Point","coordinates":[140.82885,-17.46234]}},{"type":"Feature","properties":{"MNO/Optus-TPG MOCN":"Telstra","RFNSA ID":5690028,"Latitude":-29.40389,"Longitude":null,"New in 2026":"N","3G":"N","4G":"Y","5G":"N","Co-funded":"N","ABS Remoteness Area":"Very Remote Australia"},"geometry":{"type":"Point","coordinates":[130.733968,-29.40389]}},{"type":"Feature","properties":{"MNO/Optus-TPG MOCN":"Telstra","RFNSA ID":5710051,"Latitude":-28.12002,"Longitude":null,"New in 2026":"N","3G":"N","4G":"Y","5G":"N","Co-funded":"N","ABS Remoteness Area":"Very Remote Australia"},"geometry":{"type":"Point","coordinates":[140.2121,-28.12002]}},{"type":"Feature","properties":{"MNO/Optus-TPG MOCN":"Telstra","RFNSA ID":5710059,"Latitude":-28.90596,"Longitude":null,"New in 2026":"N","3G":"N","4G":"Y","5G":"N","Co-funded":"N","ABS Remoteness Area":"Very Remote Australia"},"geometry":{"type":"Point","coordinates":[136.33874,-28.90596]}},{"type":"Feature","properties":{"MNO/Optus-TPG MOCN":"Telstra","RFNSA ID":5723001,"Latitude":-29.011623,"Longitude":null,"New in 2026":"N","3G":"N","4G":"Y","5G":"Y","Co-funded":"N","ABS Remoteness Area":"Very Remote Australia"},"geometry":{"type":"Point","coordinates":[134.759083,-29.011623]}},{"type":"Feature","properties":{"MNO/Optus-TPG MOCN":"Telstra","RFNSA ID":5723002,"Latitude":-29.71193,"Longitude":null,"New in 2026":"N","3G":"N","4G":"Y","5G":"Y","Co-funded":"N","ABS Remoteness Area":"Very Remote Australia"},"geometry":{"type":"Point","coordinates":[135.53433,-29.71193]}},{"type":"Feature","properties":{"MNO/Optus-TPG MOCN":"Telstra","RFNSA ID":5724001,"Latitude":-27.30139,"Longitude":null,"New in 2026":"N","3G":"N","4G":"Y","5G":"N","Co-funded":"N","ABS Remoteness Area":"Very Remote Australia"},"geometry":{"type":"Point","coordinates":[133.62806,-27.30139]}},{"type":"Feature","properties":{"MNO/Optus-TPG MOCN":"Telstra","RFNSA ID":5724013,"Latitude":-27.90398,"Longitude":null,"New in 2026":"N","3G":"N","4G":"Y","5G":"N","Co-funded":"Y","ABS Remoteness Area":"Very Remote Australia"},"geometry":{"type":"Point","coordinates":[134.051572,-27.90398]}},{"type":"Feature","properties":{"MNO/Optus-TPG MOCN":"Telstra","RFNSA ID":5731005,"Latitude":-27.75004,"Longitude":null,"New in 2026":"N","3G":"N","4G":"Y","5G":"N","Co-funded":"N","ABS Remoteness Area":"Very Remote Australia"},"geometry":{"type":"Point","coordinates":[140.738901,-27.75004]}},{"type":"Feature","properties":{"MNO/Optus-TPG MOCN":"Telstra","RFNSA ID":5733003,"Latitude":-29.64821,"Longitude":null,"New in 2026":"N","3G":"N","4G":"Y","5G":"N","Co-funded":"N","ABS Remoteness Area":"Very Remote Australia"},"geometry":{"type":"Point","coordinates":[138.063378,-29.64821]}},{"type":"Feature","properties":{"MNO/Optus-TPG MOCN":"Telstra","RFNSA ID":5733017,"Latitude":-29.23902,"Longitude":null,"New in 2026":"N","3G":"N","4G":"Y","5G":"N","Co-funded":"N","ABS Remoteness Area":"Very Remote Australia"},"geometry":{"type":"Point","coordinates":[137.90591,-29.23902]}},{"type":"Feature","properties":{"MNO/Optus-TPG MOCN":"Telstra","RFNSA ID":5734006,"Latitude":-27.55306,"Longitude":null,"New in 2026":"N","3G":"N","4G":"Y","5G":"N","Co-funded":"N","ABS Remoteness Area":"Very Remote Australia"},"geometry":{"type":"Point","coordinates":[135.45694,-27.55306]}},{"type":"Feature","properties":{"MNO/Optus-TPG MOCN":"Telstra","RFNSA ID":6440016,"Latitude":-25.99880183,"Longitude":null,"New in 2026":"N","3G":"N","4G":"Y","5G":"Y","Co-funded":"N","ABS Remoteness Area":"Very Remote Australia"},"geometry":{"type":"Point","coordinates":[128.2860042,-25.99880183]}},{"type":"Feature","properties":{"MNO/Optus-TPG MOCN":"Telstra","RFNSA ID":6728036,"Latitude":-16.71724,"Longitude":null,"New in 2026":"N","3G":"N","4G":"Y","5G":"N","Co-funded":"Y","ABS Remoteness Area":"Very Remote Australia"},"geometry":{"type":"Point","coordinates":[125.92689,-16.71724]}},{"type":"Feature","properties":{"MNO/Optus-TPG MOCN":"Telstra","RFNSA ID":6728041,"Latitude":-18.671427,"Longitude":null,"New in 2026":"N","3G":"N","4G":"Y","5G":"N","Co-funded":"Y","ABS Remoteness Area":"Very Remote Australia"},"geometry":{"type":"Point","coordinates":[125.297226,-18.671427]}},{"type":"Feature","properties":{"MNO/Optus-TPG MOCN":"Telstra","RFNSA ID":6728049,"Latitude":-18.29711,"Longitude":null,"New in 2026":"Y","3G":"N","4G":"Y","5G":"N","Co-funded":"Y","ABS Remoteness Area":"Very Remote Australia"},"geometry":{"type":"Point","coordinates":[125.5978,-18.29711]}},{"type":"Feature","properties":{"MNO/Optus-TPG MOCN":"Telstra","RFNSA ID":6740001,"Latitude":-15.46353,"Longitude":null,"New in 2026":"N","3G":"N","4G":"Y","5G":"Y","Co-funded":"N","ABS Remoteness Area":"Very Remote Australia"},"geometry":{"type":"Point","coordinates":[128.10387,-15.46353]}},{"type":"Feature","properties":{"MNO/Optus-TPG MOCN":"Telstra","RFNSA ID":6740002,"Latitude":-17.02735,"Longitude":null,"New in 2026":"N","3G":"N","4G":"Y","5G":"N","Co-funded":"N","ABS Remoteness Area":"Very Remote Australia"},"geometry":{"type":"Point","coordinates":[128.21186,-17.02735]}},{"type":"Feature","properties":{"MNO/Optus-TPG MOCN":"Telstra","RFNSA ID":6740017,"Latitude":-15.7027,"Longitude":null,"New in 2026":"N","3G":"N","4G":"Y","5G":"N","Co-funded":"Y","ABS Remoteness Area":"Very Remote Australia"},"geometry":{"type":"Point","coordinates":[126.37822,-15.7027]}},{"type":"Feature","properties":{"MNO/Optus-TPG MOCN":"Telstra","RFNSA ID":6743001,"Latitude":-15.77507,"Longitude":null,"New in 2026":"N","3G":"N","4G":"Y","5G":"Y","Co-funded":"N","ABS Remoteness Area":"Very Remote Australia"},"geometry":{"type":"Point","coordinates":[128.73921,-15.77507]}},{"type":"Feature","properties":{"MNO/Optus-TPG MOCN":"Telstra","RFNSA ID":6743003,"Latitude":-15.67809,"Longitude":null,"New in 2026":"N","3G":"N","4G":"Y","5G":"Y","Co-funded":"N","ABS Remoteness Area":"Very Remote Australia"},"geometry":{"type":"Point","coordinates":[128.74427,-15.67809]}},{"type":"Feature","properties":{"MNO/Optus-TPG MOCN":"Telstra","RFNSA ID":6743011,"Latitude":-16.905,"Longitude":null,"New in 2026":"N","3G":"N","4G":"Y","5G":"Y","Co-funded":"N","ABS Remoteness Area":"Very Remote Australia"},"geometry":{"type":"Point","coordinates":[128.2804,-16.905]}},{"type":"Feature","properties":{"MNO/Optus-TPG MOCN":"Telstra","RFNSA ID":6743017,"Latitude":-16.11373,"Longitude":null,"New in 2026":"N","3G":"N","4G":"Y","5G":"N","Co-funded":"Y","ABS Remoteness Area":"Very Remote Australia"},"geometry":{"type":"Point","coordinates":[128.73925,-16.11373]}},{"type":"Feature","properties":{"MNO/Optus-TPG MOCN":"Telstra","RFNSA ID":6743020,"Latitude":-16.13025,"Longitude":null,"New in 2026":"N","3G":"N","4G":"Y","5G":"Y","Co-funded":"N","ABS Remoteness Area":"Very Remote Australia"},"geometry":{"type":"Point","coordinates":[128.4481,-16.13025]}},{"type":"Feature","properties":{"MNO/Optus-TPG MOCN":"Telstra","RFNSA ID":6743027,"Latitude":-15.72898,"Longitude":null,"New in 2026":"Y","3G":"N","4G":"Y","5G":"Y","Co-funded":"Y","ABS Remoteness Area":"Very Remote Australia"},"geometry":{"type":"Point","coordinates":[128.67703,-15.72898]}},{"type":"Feature","properties":{"MNO/Optus-TPG MOCN":"Telstra","RFNSA ID":6743029,"Latitude":-16.310313,"Longitude":null,"New in 2026":"N","3G":"N","4G":"Y","5G":"Y","Co-funded":"N","ABS Remoteness Area":"Very Remote Australia"},"geometry":{"type":"Point","coordinates":[128.249317,-16.310313]}},{"type":"Feature","properties":{"MNO/Optus-TPG MOCN":"Telstra","RFNSA ID":6743030,"Latitude":-16.59254,"Longitude":null,"New in 2026":"N","3G":"N","4G":"Y","5G":"N","Co-funded":"N","ABS Remoteness Area":"Very Remote Australia"},"geometry":{"type":"Point","coordinates":[128.19541,-16.59254]}},{"type":"Feature","properties":{"MNO/Optus-TPG MOCN":"Telstra","RFNSA ID":6743032,"Latitude":-15.8803,"Longitude":null,"New in 2026":"N","3G":"N","4G":"Y","5G":"Y","Co-funded":"N","ABS Remoteness Area":"Very Remote Australia"},"geometry":{"type":"Point","coordinates":[128.3779,-15.8803]}},{"type":"Feature","properties":{"MNO/Optus-TPG MOCN":"Telstra","RFNSA ID":6743034,"Latitude":-15.6053,"Longitude":null,"New in 2026":"N","3G":"N","4G":"Y","5G":"N","Co-funded":"Y","ABS Remoteness Area":"Very Remote Australia"},"geometry":{"type":"Point","coordinates":[128.7561,-15.6053]}},{"type":"Feature","properties":{"MNO/Optus-TPG MOCN":"Telstra","RFNSA ID":6743036,"Latitude":-16.00865,"Longitude":null,"New in 2026":"N","3G":"N","4G":"Y","5G":"N","Co-funded":"N","ABS Remoteness Area":"Very Remote Australia"},"geometry":{"type":"Point","coordinates":[127.98059,-16.00865]}},{"type":"Feature","properties":{"MNO/Optus-TPG MOCN":"Telstra","RFNSA ID":6743038,"Latitude":-15.72282,"Longitude":null,"New in 2026":"N","3G":"N","4G":"Y","5G":"N","Co-funded":"N","ABS Remoteness Area":"Very Remote Australia"},"geometry":{"type":"Point","coordinates":[127.83005,-15.72282]}},{"type":"Feature","properties":{"MNO/Optus-TPG MOCN":"Telstra","RFNSA ID":6743039,"Latitude":-15.90804,"Longitude":null,"New in 2026":"N","3G":"N","4G":"Y","5G":"N","Co-funded":"N","ABS Remoteness Area":"Very Remote Australia"},"geometry":{"type":"Point","coordinates":[128.128757,-15.90804]}},{"type":"Feature","properties":{"MNO/Optus-TPG MOCN":"Telstra","RFNSA ID":6743041,"Latitude":-16.426,"Longitude":null,"New in 2026":"N","3G":"N","4G":"Y","5G":"N","Co-funded":"N","ABS Remoteness Area":"Very Remote Australia"},"geometry":{"type":"Point","coordinates":[126.43072,-16.426]}},{"type":"Feature","properties":{"MNO/Optus-TPG MOCN":"Telstra","RFNSA ID":6743043,"Latitude":-15.98162,"Longitude":null,"New in 2026":"N","3G":"N","4G":"Y","5G":"N","Co-funded":"Y","ABS Remoteness Area":"Very Remote Australia"},"geometry":{"type":"Point","coordinates":[128.99931,-15.98162]}},{"type":"Feature","properties":{"MNO/Optus-TPG MOCN":"Telstra","RFNSA ID":6743045,"Latitude":-15.72196,"Longitude":null,"New in 2026":"N","3G":"N","4G":"Y","5G":"Y","Co-funded":"Y","ABS Remoteness Area":"Very Remote Australia"},"geometry":{"type":"Point","coordinates":[128.73737,-15.72196]}},{"type":"Feature","properties":{"MNO/Optus-TPG MOCN":"Telstra","RFNSA ID":6743046,"Latitude":-15.85391,"Longitude":null,"New in 2026":"Y","3G":"N","4G":"Y","5G":"Y","Co-funded":"Y","ABS Remoteness Area":"Very Remote Australia"},"geometry":{"type":"Point","coordinates":[128.7521,-15.85391]}},{"type":"Feature","properties":{"MNO/Optus-TPG MOCN":"Telstra","RFNSA ID":6743047,"Latitude":-15.65385,"Longitude":null,"New in 2026":"Y","3G":"N","4G":"Y","5G":"N","Co-funded":"Y","ABS Remoteness Area":"Very Remote Australia"},"geometry":{"type":"Point","coordinates":[128.70663,-15.65385]}},{"type":"Feature","properties":{"MNO/Optus-TPG MOCN":"Telstra","RFNSA ID":6743050,"Latitude":-16.68682,"Longitude":null,"New in 2026":"Y","3G":"N","4G":"Y","5G":"N","Co-funded":"N","ABS Remoteness Area":"Very Remote Australia"},"geometry":{"type":"Point","coordinates":[128.42928,-16.68682]}},{"type":"Feature","properties":{"MNO/Optus-TPG MOCN":"Telstra","RFNSA ID":6762011,"Latitude":-26.12957,"Longitude":null,"New in 2026":"N","3G":"N","4G":"Y","5G":"N","Co-funded":"N","ABS Remoteness Area":"Very Remote Australia"},"geometry":{"type":"Point","coordinates":[126.57784,-26.12957]}},{"type":"Feature","properties":{"MNO/Optus-TPG MOCN":"Telstra","RFNSA ID":6765001,"Latitude":-18.18962,"Longitude":null,"New in 2026":"N","3G":"N","4G":"Y","5G":"Y","Co-funded":"N","ABS Remoteness Area":"Very Remote Australia"},"geometry":{"type":"Point","coordinates":[125.56559,-18.18962]}},{"type":"Feature","properties":{"MNO/Optus-TPG MOCN":"Telstra","RFNSA ID":6765005,"Latitude":-18.7046,"Longitude":null,"New in 2026":"N","3G":"N","4G":"Y","5G":"N","Co-funded":"N","ABS Remoteness Area":"Very Remote Australia"},"geometry":{"type":"Point","coordinates":[125.9407,-18.7046]}},{"type":"Feature","properties":{"MNO/Optus-TPG MOCN":"Telstra","RFNSA ID":6770001,"Latitude":-18.2261,"Longitude":null,"New in 2026":"N","3G":"N","4G":"Y","5G":"Y","Co-funded":"N","ABS Remoteness Area":"Very Remote Australia"},"geometry":{"type":"Point","coordinates":[127.66386,-18.2261]}},{"type":"Feature","properties":{"MNO/Optus-TPG MOCN":"Telstra","RFNSA ID":6770002,"Latitude":-20.148278,"Longitude":null,"New in 2026":"N","3G":"N","4G":"Y","5G":"N","Co-funded":"N","ABS Remoteness Area":"Very Remote Australia"},"geometry":{"type":"Point","coordinates":[127.987312,-20.148278]}},{"type":"Feature","properties":{"MNO/Optus-TPG MOCN":"Telstra","RFNSA ID":6770005,"Latitude":-18.08125,"Longitude":null,"New in 2026":"N","3G":"N","4G":"Y","5G":"Y","Co-funded":"N","ABS Remoteness Area":"Very Remote Australia"},"geometry":{"type":"Point","coordinates":[127.79531,-18.08125]}},{"type":"Feature","properties":{"MNO/Optus-TPG MOCN":"Telstra","RFNSA ID":6770008,"Latitude":-18.57947,"Longitude":null,"New in 2026":"N","3G":"N","4G":"Y","5G":"Y","Co-funded":"N","ABS Remoteness Area":"Very Remote Australia"},"geometry":{"type":"Point","coordinates":[127.219364,-18.57947]}},{"type":"Feature","properties":{"MNO/Optus-TPG MOCN":"Telstra","RFNSA ID":6770011,"Latitude":-18.6981,"Longitude":null,"New in 2026":"N","3G":"N","4G":"Y","5G":"Y","Co-funded":"N","ABS Remoteness Area":"Very Remote Australia"},"geometry":{"type":"Point","coordinates":[126.8663,-18.6981]}},{"type":"Feature","properties":{"MNO/Optus-TPG MOCN":"Telstra","RFNSA ID":6770014,"Latitude":-20.10138,"Longitude":null,"New in 2026":"N","3G":"N","4G":"Y","5G":"N","Co-funded":"N","ABS Remoteness Area":"Very Remote Australia"},"geometry":{"type":"Point","coordinates":[127.59558,-20.10138]}},{"type":"Feature","properties":{"MNO/Optus-TPG MOCN":"Telstra","RFNSA ID":6770019,"Latitude":-18.776,"Longitude":null,"New in 2026":"N","3G":"N","4G":"Y","5G":"Y","Co-funded":"N","ABS Remoteness Area":"Very Remote Australia"},"geometry":{"type":"Point","coordinates":[126.5091,-18.776]}},{"type":"Feature","properties":{"MNO/Optus-TPG MOCN":"Telstra","RFNSA ID":6770021,"Latitude":-17.18961,"Longitude":null,"New in 2026":"N","3G":"N","4G":"Y","5G":"Y","Co-funded":"N","ABS Remoteness Area":"Very Remote Australia"},"geometry":{"type":"Point","coordinates":[128.126102,-17.18961]}},{"type":"Feature","properties":{"MNO/Optus-TPG MOCN":"Telstra","RFNSA ID":6770023,"Latitude":-17.34836,"Longitude":null,"New in 2026":"N","3G":"N","4G":"Y","5G":"Y","Co-funded":"N","ABS Remoteness Area":"Very Remote Australia"},"geometry":{"type":"Point","coordinates":[128.06594,-17.34836]}},{"type":"Feature","properties":{"MNO/Optus-TPG MOCN":"Telstra","RFNSA ID":6770024,"Latitude":-17.68466,"Longitude":null,"New in 2026":"N","3G":"N","4G":"Y","5G":"Y","Co-funded":"N","ABS Remoteness Area":"Very Remote Australia"},"geometry":{"type":"Point","coordinates":[127.8234,-17.68466]}},{"type":"Feature","properties":{"MNO/Optus-TPG MOCN":"Telstra","RFNSA ID":6770026,"Latitude":-18.40167,"Longitude":null,"New in 2026":"N","3G":"N","4G":"Y","5G":"N","Co-funded":"N","ABS Remoteness Area":"Very Remote Australia"},"geometry":{"type":"Point","coordinates":[127.466769,-18.40167]}},{"type":"Feature","properties":{"MNO/Optus-TPG MOCN":"Telstra","RFNSA ID":6770031,"Latitude":-18.79337,"Longitude":null,"New in 2026":"N","3G":"N","4G":"Y","5G":"N","Co-funded":"N","ABS Remoteness Area":"Very Remote Australia"},"geometry":{"type":"Point","coordinates":[128.61548,-18.79337]}},{"type":"Feature","properties":{"MNO/Optus-TPG MOCN":"Telstra","RFNSA ID":6770032,"Latitude":-19.55512,"Longitude":null,"New in 2026":"N","3G":"N","4G":"Y","5G":"N","Co-funded":"N","ABS Remoteness Area":"Very Remote Australia"},"geometry":{"type":"Point","coordinates":[127.66548,-19.55512]}},{"type":"Feature","properties":{"MNO/Optus-TPG MOCN":"Telstra","RFNSA ID":6770034,"Latitude":-18.71904,"Longitude":null,"New in 2026":"Y","3G":"N","4G":"Y","5G":"N","Co-funded":"Y","ABS Remoteness Area":"Very Remote Australia"},"geometry":{"type":"Point","coordinates":[126.7543,-18.71904]}},{"type":"Feature","properties":{"MNO/Optus-TPG MOCN":"Telstra","RFNSA ID":6770035,"Latitude":-18.33927,"Longitude":null,"New in 2026":"Y","3G":"N","4G":"Y","5G":"N","Co-funded":"Y","ABS Remoteness Area":"Very Remote Australia"},"geometry":{"type":"Point","coordinates":[127.53506,-18.33927]}}]}